actor/alpha_mean,actor/alpha_mean_loss,actor/alpha_std,actor/alpha_std_loss,actor/kl_mean_loss,actor/kl_std_loss,actor/penalty_temperature,actor/policy_mean_loss,actor/policy_std_loss,actor/temperature,actor/temperature_loss,critic/loss,critic/q,test/action/max,test/action/mean,test/action/min,test/action/size,test/action/std,test/effort/max,test/effort/mean,test/effort/min,test/effort/size,test/effort/std,test/episode_length/max,test/episode_length/mean,test/episode_length/min,test/episode_length/size,test/episode_length/std,test/episode_score/max,test/episode_score/mean,test/episode_score/min,test/episode_score/size,test/episode_score/std,test/rwd_metrics/act_mag/max,test/rwd_metrics/act_mag/mean,test/rwd_metrics/act_mag/min,test/rwd_metrics/act_mag/size,test/rwd_metrics/act_mag/std,test/rwd_metrics/action_smoothness/max,test/rwd_metrics/action_smoothness/mean,test/rwd_metrics/action_smoothness/min,test/rwd_metrics/action_smoothness/size,test/rwd_metrics/action_smoothness/std,test/rwd_metrics/active_muscle_count/max,test/rwd_metrics/active_muscle_count/mean,test/rwd_metrics/active_muscle_count/min,test/rwd_metrics/active_muscle_count/size,test/rwd_metrics/active_muscle_count/std,test/rwd_metrics/ankle_imitation_nonparetic/max,test/rwd_metrics/ankle_imitation_nonparetic/mean,test/rwd_metrics/ankle_imitation_nonparetic/min,test/rwd_metrics/ankle_imitation_nonparetic/size,test/rwd_metrics/ankle_imitation_nonparetic/std,test/rwd_metrics/ankle_imitation_paretic/max,test/rwd_metrics/ankle_imitation_paretic/mean,test/rwd_metrics/ankle_imitation_paretic/min,test/rwd_metrics/ankle_imitation_paretic/size,test/rwd_metrics/ankle_imitation_paretic/std,test/rwd_metrics/cyclic_hip/max,test/rwd_metrics/cyclic_hip/mean,test/rwd_metrics/cyclic_hip/min,test/rwd_metrics/cyclic_hip/size,test/rwd_metrics/cyclic_hip/std,test/rwd_metrics/dense/max,test/rwd_metrics/dense/mean,test/rwd_metrics/dense/min,test/rwd_metrics/dense/size,test/rwd_metrics/dense/std,test/rwd_metrics/done/max,test/rwd_metrics/done/mean,test/rwd_metrics/done/min,test/rwd_metrics/done/size,test/rwd_metrics/done/std,test/rwd_metrics/done_flag/max,test/rwd_metrics/done_flag/mean,test/rwd_metrics/done_flag/min,test/rwd_metrics/done_flag/size,test/rwd_metrics/done_flag/std,test/rwd_metrics/effort_cubed/max,test/rwd_metrics/effort_cubed/mean,test/rwd_metrics/effort_cubed/min,test/rwd_metrics/effort_cubed/size,test/rwd_metrics/effort_cubed/std,test/rwd_metrics/grf_pain/max,test/rwd_metrics/grf_pain/mean,test/rwd_metrics/grf_pain/min,test/rwd_metrics/grf_pain/size,test/rwd_metrics/grf_pain/std,test/rwd_metrics/hip_imitation_nonparetic/max,test/rwd_metrics/hip_imitation_nonparetic/mean,test/rwd_metrics/hip_imitation_nonparetic/min,test/rwd_metrics/hip_imitation_nonparetic/size,test/rwd_metrics/hip_imitation_nonparetic/std,test/rwd_metrics/hip_imitation_paretic/max,test/rwd_metrics/hip_imitation_paretic/mean,test/rwd_metrics/hip_imitation_paretic/min,test/rwd_metrics/hip_imitation_paretic/size,test/rwd_metrics/hip_imitation_paretic/std,test/rwd_metrics/joint_angle_rew/max,test/rwd_metrics/joint_angle_rew/mean,test/rwd_metrics/joint_angle_rew/min,test/rwd_metrics/joint_angle_rew/size,test/rwd_metrics/joint_angle_rew/std,test/rwd_metrics/joint_limit_pain/max,test/rwd_metrics/joint_limit_pain/mean,test/rwd_metrics/joint_limit_pain/min,test/rwd_metrics/joint_limit_pain/size,test/rwd_metrics/joint_limit_pain/std,test/rwd_metrics/knee_imitation_nonparetic/max,test/rwd_metrics/knee_imitation_nonparetic/mean,test/rwd_metrics/knee_imitation_nonparetic/min,test/rwd_metrics/knee_imitation_nonparetic/size,test/rwd_metrics/knee_imitation_nonparetic/std,test/rwd_metrics/knee_imitation_paretic/max,test/rwd_metrics/knee_imitation_paretic/mean,test/rwd_metrics/knee_imitation_paretic/min,test/rwd_metrics/knee_imitation_paretic/size,test/rwd_metrics/knee_imitation_paretic/std,test/rwd_metrics/pelvis_imitation/max,test/rwd_metrics/pelvis_imitation/mean,test/rwd_metrics/pelvis_imitation/min,test/rwd_metrics/pelvis_imitation/size,test/rwd_metrics/pelvis_imitation/std,test/rwd_metrics/ref_rot/max,test/rwd_metrics/ref_rot/mean,test/rwd_metrics/ref_rot/min,test/rwd_metrics/ref_rot/size,test/rwd_metrics/ref_rot/std,test/rwd_metrics/solved/max,test/rwd_metrics/solved/mean,test/rwd_metrics/solved/min,test/rwd_metrics/solved/size,test/rwd_metrics/solved/std,test/rwd_metrics/sparse/max,test/rwd_metrics/sparse/mean,test/rwd_metrics/sparse/min,test/rwd_metrics/sparse/size,test/rwd_metrics/sparse/std,test/rwd_metrics/vel_reward/max,test/rwd_metrics/vel_reward/mean,test/rwd_metrics/vel_reward/min,test/rwd_metrics/vel_reward/size,test/rwd_metrics/vel_reward/std,test/terminated/max,test/terminated/mean,test/terminated/min,test/terminated/size,test/terminated/std,train/action/max,train/action/mean,train/action/min,train/action/size,train/action/std,train/episode_length/max,train/episode_length/mean,train/episode_length/min,train/episode_length/size,train/episode_length/std,train/episode_score/max,train/episode_score/mean,train/episode_score/min,train/episode_score/size,train/episode_score/std,train/episodes,train/epoch_seconds,train/epoch_steps,train/epochs,train/seconds,train/steps,train/steps_per_second,train/worker_steps
,,,,,,,,,,,,,0.07802043,-0.00018894147,-0.12546228,244,0.03294228,0.0058898800444004,0.0057869385121114,0.0057238883310506,10,4.9341984925616814e-05,25,24.4,24,10,0.4898979485566356,257.2295570373535,243.9634207725525,233.31881713867188,10,7.491591167757838,0.0,0.0,0.0,10,0.0,-4.305687204831086e-06,-6.258605505033224e-06,-1.2216376089204976e-05,10,2.244570117457467e-06,0.0,0.0,0.0,10,0.0,9.608486863873711,7.895379509801387,7.111230554865204,10,0.8532885846177359,11.377502156459489,9.387102339333342,7.584671489650505,10,1.2748739945254803,0.0,0.0,0.0,10,0.0,0.0,0.0,0.0,10,0.0,0.0,0.0,0.0,10,0.0,0.0,0.0,0.0,10,0.0,-0.0114505469765827,-0.0118163172901788,-0.0123970436195426,10,0.000298884420727,0.0,-0.0095825994246527,-0.0335594373139731,10,0.0128593658932913,27.94329758458588,14.483379490760871,3.355569603165771,10,8.889822233085056,26.822010227628503,8.104565943662553,2.11584851705511,10,9.005275704403187,0.0,0.0,0.0,10,0.0,-0.3228305522265912,-0.4373133267841887,-0.5419913925311439,10,0.0602765780654924,11.019338696951811,7.872370825902704,1.984597713322914,10,3.7669232630022553,10.508511484494742,4.359677243670707,1.4025391785212782,10,3.8677201113988,74.27630328619529,70.30784697994189,66.71753458642299,10,2.242752203207607,0.0,0.0,0.0,10,0.0,0.0,0.0,0.0,10,0.0,0.0,0.0,0.0,10,0.0,125.0,122.0,120.0,10,2.449489742783178,0.0416666666666666,0.0409999999999999,0.04,10,0.0008164965809277,1.0,-0.03141269,-1.0,1000,0.991054,111,28.20477279222635,12,6998,9.37517503381418,860.9679546356201,232.7353316207176,98.75152778625488,6998,75.29797554941128,6998.0,118.85227179527284,200000.0,1.0,118.85227179527284,200000.0,1682.761271442139,1000.0
0.2110954,0.014126276,14.484914,-0.0035258697,0.0027613533,0.0046846624,4.578455,168.93518,168.96596,4.228929,97.73298,114.419075,102.29516,0.9699353,-0.06044578,-0.99769324,381,0.3784251,0.0608377447663744,0.0572428142852268,0.0521653763117722,10,0.0027807497738912,40,38.1,35,10,1.445683229480096,375.378701210022,359.24106640815734,340.9575753211975,10,10.868723421657885,0.0,0.0,0.0,10,0.0,-0.0022000470729237,-0.0031409380146789,-0.0068938394066479,10,0.001326077969771,-16.1650125,-17.773618749999997,-18.55325,10,0.6866409314838884,10.361759542464291,9.407649276395713,8.16978361966207,10,0.8082926196976332,11.034055163107462,9.857718406784189,8.992002764497908,10,0.7148145014063593,0.0,0.0,0.0,10,0.0,0.0,0.0,0.0,10,0.0,0.0,0.0,0.0,10,0.0,0.0,0.0,0.0,10,0.0,-1.17896806125707,-1.263977533198767,-1.351239676688554,10,0.0522173539902526,-0.0370442589374152,-0.1242477549180408,-0.2362113040163173,10,0.0552153448107496,60.777959936287374,47.54186221435485,26.41317471812096,10,13.334868212470443,48.9278309278848,35.92626861685917,28.083281913186987,10,8.042106797777235,0.0,0.0,0.0,10,0.0,-0.8573344527598544,-1.0237705139460629,-1.2474427326225417,10,0.124405080064064,14.06087644582439,4.411246753797895,0.5258922027342835,10,5.805755094168474,15.824581725173724,9.991434050278906,0.4974984150550419,10,6.267079978375874,108.02024687290684,91.35166473677462,77.86135310546103,10,9.200174534224969,0.0,0.0,0.0,10,0.0,0.0,0.0,0.0,10,0.0,0.0,0.0,0.0,10,0.0,179.0006866197079,169.67800027388745,158.88553737353743,10,6.675956847982562,0.0285714285714285,0.0262860677334361,0.025,10,0.0010377384343205,3.868876,-0.022241153,-4.126751,1000,0.71911836,92,37.68677670271296,19,5271,4.506027252945065,707.4212369918823,286.47091522521663,131.89927577972412,5271,51.36602552832555,12269.0,153.3001208305359,200000.0,2.0,272.1523985862732,400000.0,1304.6304133125116,2000.0
0.004081017,0.00027619838,23.581776,-0.004969045,5.0282964e-05,0.006855587,9.431219,170.11984,170.12979,7.9187045,153.74895,130.22937,147.8375,0.9999122,-0.076631054,-0.9999997,375,0.49819317,0.1094197908476008,0.1027057654055241,0.0918906896139054,10,0.0061476668126009,40,37.5,34,10,2.3769728648009427,330.80542516708374,307.86230545043946,291.1887936592102,10,13.013739481057486,0.0,0.0,0.0,10,0.0,-0.0107352645280576,-0.012929765289482,-0.0160633740862338,10,0.001800797397697,-18.1585,-20.80924625,-23.1520875,10,1.7315548001006376,11.24135158293985,9.71640380807379,7.170679911012592,10,1.502452733704929,12.244895348114156,8.8218480523422,7.088383545903168,10,1.8406723671604783,0.0,0.0,0.0,10,0.0,0.0,0.0,0.0,10,0.0,0.0,0.0,0.0,10,0.0,0.0,0.0,0.0,10,0.0,-2.3210146683845507,-2.704576450829051,-3.1118843182651554,10,0.2533813461450933,0.0,-0.1261768403728206,-0.2702004937976509,10,0.0942796565794017,66.75450869563271,49.25247608427914,25.27552164734832,10,15.337816911374771,46.54270867911365,30.918030226564905,23.531608437533382,10,9.554407129061708,0.0,0.0,0.0,10,0.0,-1.249373069237119,-1.4595573239361712,-1.658852923300919,10,0.1206713938159324,4.971992037993402,1.860852424207857,0.4640120004405699,10,1.882366765060299,5.3664802037722295,3.374289305562068,0.420267380813835,10,1.9504024924639485,86.76335397062356,80.45853231186354,72.54476465992227,10,4.685775688758772,0.0,0.0,0.0,10,0.0,0.0,0.0,0.0,10,0.0,0.0,0.0,0.0,10,0.0,161.8697742417784,145.8677830544528,134.22237273483415,10,8.791014823281486,0.0294117647058823,0.0267764801510931,0.025,10,0.0017341453077619,4.353404,-0.057701416,-4.27197,1000,0.79626566,78,40.61091872071705,24,4909,5.039523050468246,743.5500936508179,371.06875087656834,181.99935960769653,4909,52.60594050946572,17178.0,151.13421201705933,200000.0,3.0,423.2866163253784,600000.0,1323.327109929451,3000.0
0.00021604064,1.4989891e-05,32.042686,-0.005468276,2.29336e-06,0.008031691,10.832905,170.96574,170.96808,8.877398,185.0312,170.45592,177.53992,0.99998647,-0.07748915,-1.0,417,0.5952179,0.1675035116830166,0.1458528783294502,0.1245722496378037,10,0.0162259808213685,46,41.7,37,10,3.034798181098704,374.95086765289307,333.4521161079407,269.61789655685425,10,29.09539528809245,0.0,0.0,0.0,10,0.0,-0.0231043861760313,-0.0304058595519525,-0.0359983195601309,10,0.003774829291312,-23.9810625,-27.1943275,-30.9484,10,2.479171427096412,10.97405351849815,8.564246048296281,6.671034045946439,10,1.7898815417176923,13.469955161808608,10.185335926767868,7.069044856523518,10,2.9909953716526188,0.0,0.0,0.0,10,0.0,0.0,0.0,0.0,10,0.0,0.0,0.0,0.0,10,0.0,0.0,0.0,0.0,10,0.0,-3.528449542421227,-4.62938092233251,-6.047875053440972,10,0.9318413939314464,-0.0806655139867409,-0.2889314681383226,-0.5182312979519097,10,0.121548781281364,101.4839061345743,54.27376432306886,24.815714817155307,10,29.81577277210496,72.01500828563421,42.40490775254818,31.88734524057771,10,12.850298064232843,0.0,0.0,0.0,10,0.0,-1.411554865463902,-1.7757105081695823,-2.155749180554104,10,0.26435017535618,4.916123155896637,2.5569379132461494,0.5791240039101989,10,1.90521482589882,4.015866774373204,2.160644368050692,0.4263292151617294,10,1.588478935124173,108.97392379733012,78.528968111036,57.10824515015044,10,13.799911114530572,0.0,0.0,0.0,10,0.0,0.0,0.0,0.0,10,0.0,0.0,0.0,0.0,10,0.0,176.6663347205756,164.06668771730648,136.0328158217012,10,11.93829863753195,0.027027027027027,0.024109124754799,0.0217391304347826,10,0.0017664220809822,4.2589645,-0.09610852,-4.487086,1000,0.8515742,133,48.38815789473684,24,4104,12.471064603999752,930.0389699935912,467.0048423454921,164.45809412002563,4104,132.22356950342808,21282.0,153.59461188316345,200000.0,4.0,576.8812334537506,800000.0,1302.1290105680025,4000.0
1.3595414e-05,9.464015e-07,39.791664,-0.005540095,1.4123182e-07,0.0087234285,11.247419,171.40062,171.39957,11.0980625,226.84077,269.25482,214.83763,0.99999994,-0.1047858,-1.0,675,0.6458927,0.1830360594065871,0.17181679727374,0.1629700364378452,10,0.0056575372001787,85,67.5,52,10,11.236102527122116,723.4580807685852,575.4893554210663,499.5590867996216,10,79.81601327116115,0.0,0.0,0.0,10,0.0,-0.0512598650925544,-0.0673321677018157,-0.0941940255513217,10,0.0144386449433663,-35.29064999999999,-47.10157,-61.18625,10,9.230185266418683,19.15868391234036,12.197518966641658,7.0186388909410296,10,4.657692795539283,15.655569902398756,13.283769616751778,10.76072078820125,10,1.221699774818746,0.0,0.0,0.0,10,0.0,0.0,0.0,0.0,10,0.0,0.0,0.0,0.0,10,0.0,0.0,0.0,0.0,10,0.0,-6.958245107657555,-8.783007141754728,-10.337046365676375,10,1.231937684540496,-0.4088688633038591,-0.7195012742096129,-0.987632949088579,10,0.2376387460626476,144.7556195290737,82.84210474114329,47.468603071495245,10,33.22989433740631,134.52604111663726,96.8321529399303,64.15006980030662,10,24.39344365483501,0.0,0.0,0.0,10,0.0,-2.122407350481427,-2.599740574718996,-3.345559038161339,10,0.3759713072016268,5.104280684157412,3.308679617671095,1.177457362712225,10,1.6228849253646218,5.056425693744983,3.0508733696919377,0.9613160612689352,10,1.843421592322298,177.57236624060198,125.92621207418316,98.93808817743374,10,24.39793002538235,0.0,0.0,0.0,10,0.0,0.0,0.0,0.0,10,0.0,0.0,0.0,0.0,10,0.0,367.5247936395447,288.53618726736124,227.28152710788143,10,44.25467131552344,0.0192307692307692,0.0152301099930586,0.0117647058823529,10,0.0025167501281412,4.3165607,-0.13392513,-4.630245,1000,0.9178785,127,59.87037593984962,24,3325,14.042311272497374,982.0389614105223,594.2876384679497,162.6693549156189,3325,149.1880842023023,24607.0,150.51976776123047,200000.0,5.0,727.4010071754456,1000000.0,1328.7291295669552,5000.0
1.6612466e-06,1.175444e-07,46.947178,-0.0051331837,1.5355338e-08,0.008888958,11.482365,171.77612,171.7711,11.310334,257.07797,247.69308,244.62975,1.0,-0.1480999,-1.0,679,0.69703966,0.2068789359443555,0.1837179486710802,0.1704132871060166,10,0.0110643127071134,112,67.9,50,10,17.323105957073633,1020.8679900169373,561.5504095077515,390.19779109954834,10,173.10706432736367,0.0,0.0,0.0,10,0.0,-0.0761938040782618,-0.118530178245227,-0.2182110315421227,10,0.0375309926703972,-36.356475,-51.89383499999999,-87.12132499999998,10,13.87249397690872,29.5455501015271,14.551445595074492,8.31877579747541,10,5.802433512883145,23.938088601259548,14.055241549671432,9.730017196898,10,4.079583874799887,0.0,0.0,0.0,10,0.0,0.0,0.0,0.0,10,0.0,0.0,0.0,0.0,10,0.0,0.0,0.0,0.0,10,0.0,-7.35476059953829,-9.470737160123369,-13.99537256241214,10,2.160578376478353,-0.3266416601797432,-0.7237979685279412,-1.0335332569315951,10,0.2356603662853585,160.78623265828455,94.96954387645532,38.366277434475,10,36.47006681889221,145.6742097854976,84.7856346290827,55.66179203640021,10,27.25788563273181,0.0,0.0,0.0,10,0.0,-1.582346638309556,-2.117944747176882,-3.380560202541484,10,0.5210648073354974,5.621902557136897,2.915661858379551,1.0211456170430269,10,1.6074673582418624,6.07200040553109,4.087401587711252,1.0096164003548156,10,1.969861794065973,238.631342648884,109.38520385086048,54.56321632009066,10,54.46489654968772,0.0,0.0,0.0,10,0.0,0.0,0.0,0.0,10,0.0,0.0,0.0,0.0,10,0.0,504.2580664005595,291.65438457621684,208.84849684895823,10,81.23177882094313,0.02,0.0155189619954021,0.0089285714285714,10,0.0032199125729883,4.494624,-0.16779667,-4.4695296,1000,0.96467286,134,69.13155154460257,25,2881,13.444825246770897,1127.3915247917175,701.7643096679499,261.96216011047363,2881,122.21957818984288,27488.0,185.6381585597992,200000.0,6.0,913.0391721725464,1200000.0,1077.3647053581092,6000.0
6.176471e-07,4.390689e-08,53.35722,-0.0047595175,5.5048854e-09,0.009028095,11.619755,172.08128,172.0743,10.121023,282.152,213.6408,273.72177,1.0,-0.17431651,-1.0,789,0.7178555,0.2043952906787949,0.1887475718134199,0.1738044289501936,10,0.0086284747216673,93,78.9,57,10,12.185647295076286,918.7109956741332,722.4756088495254,445.5761036872864,10,135.74488322098222,0.0,0.0,0.0,10,0.0,-0.1012501075367238,-0.1727530341728798,-0.2257478216588153,10,0.037492352560111,-46.97525,-63.58830374999999,-78.71315000000001,10,11.404262083902903,27.472695798570047,18.61103865833459,11.382912832384092,10,5.240902516952179,20.382742098908405,15.108869897830685,10.855683586971086,10,2.62138487373002,0.0,0.0,0.0,10,0.0,0.0,0.0,0.0,10,0.0,0.0,0.0,0.0,10,0.0,0.0,0.0,0.0,10,0.0,-9.001782253830168,-11.176576868031002,-13.519358218956018,10,1.3225306434695088,-0.5340025109042705,-0.7529718925686872,-1.0374581866884045,10,0.1732681098829862,181.88454006568875,140.94826095267936,72.70797066526896,10,36.04255928166434,185.3729650937324,128.22303600032555,64.86315603417766,10,38.88538722357464,0.0,0.0,0.0,10,0.0,-1.563528210054289,-2.29765318838942,-2.991730241222295,10,0.3807773050118827,13.494156435485063,5.490447786036862,1.1802727620809057,10,3.313497019746965,6.674948924453275,3.777541449434982,1.1293521948294667,10,1.9663433589154724,178.4009823404884,130.07443613638833,58.80265771809705,10,42.3998689472986,0.0,0.0,0.0,10,0.0,0.0,0.0,0.0,10,0.0,0.0,0.0,0.0,10,0.0,429.3508448908602,347.053661758905,245.1027507554176,10,55.134478986181065,0.0175438596491228,0.0130120559913369,0.010752688172043,10,0.0022068392466638,4.491419,-0.18542707,-4.833139,1000,0.9928673,186,74.21518518518519,22,2700,14.3952406925114,1235.5270342826843,744.798579279631,171.8380217552185,2700,116.0274947083994,30188.0,149.75934624671936,200000.0,7.0,1062.798523426056,1400000.0,1335.4759152761808,7000.0
3.7300774e-07,2.6618109e-08,59.434383,-0.0045443936,3.2225085e-09,0.009299145,11.713693,172.1949,172.18637,9.293321,303.50998,198.20206,298.11673,1.0,-0.1999649,-1.0,808,0.72808105,0.201174148034884,0.1875571549674934,0.1674375600141373,10,0.0110175309415275,97,80.8,67,10,8.072174428244226,927.908314228058,794.0528955936431,616.7336850166321,10,106.7596758788382,0.0,0.0,0.0,10,0.0,-0.1553958486337,-0.1908886302493437,-0.2264953519804284,10,0.0229988896510089,-51.672775,-63.84094375,-76.7591375,10,6.376252758589018,25.87119826601962,18.606561506187298,12.66761013071374,10,3.6975800700918025,22.269929956857577,15.589416871526092,10.206027446582976,10,3.10212581228316,0.0,0.0,0.0,10,0.0,0.0,0.0,0.0,10,0.0,0.0,0.0,0.0,10,0.0,0.0,0.0,0.0,10,0.0,-10.351608777771244,-11.42951413423962,-13.684755853945052,10,0.9170960325890148,-0.6143507621031418,-0.7838531983618735,-1.0850222970642875,10,0.1366561707044977,181.82988985374715,157.52493609774424,124.88934451583268,10,17.193178740051835,157.8568011283277,123.95426129207416,84.90490484350387,10,24.22877311288452,0.0,0.0,0.0,10,0.0,-1.784145423945655,-2.437221674548013,-2.9203830035549427,10,0.3525668858368257,5.595383908086713,3.34229372210127,1.2010940062386033,10,1.7650256391704562,6.122021512659328,3.531586506014686,1.1332473746985858,10,1.9087213709739048,235.779569715256,165.21791170109654,107.39640654597628,10,43.41432827433561,0.0,0.0,0.0,10,0.0,0.0,0.0,0.0,10,0.0,0.0,0.0,0.0,10,0.0,452.5775297234863,373.5388360519098,308.1972254433921,10,39.1117716529828,0.0149253731343283,0.0125001790471842,0.0103092783505154,10,0.0012504504421691,4.6574335,-0.2175011,-4.8860154,1000,1.0083333,158,77.42412451361868,39,2570,13.851683855557122,1344.246523618698,801.5130343327045,380.1887197494507,2570,105.62582553948268,32758.0,148.23278331756592,200000.0,8.0,1211.0313115119934,1600000.0,1349.229202365652,8000.0
2.680387e-07,1.9211702e-08,65.06114,-0.0041767596,2.2313937e-09,0.009381652,11.78213,172.2552,172.24582,8.3021755,319.66336,161.208,316.90378,1.0,-0.21679762,-1.0,903,0.74835783,0.2076501076083168,0.1947681952319034,0.1831793978656149,10,0.0065187666986877,123,90.3,63,10,16.266837430797665,1187.3983228206637,906.6325847387312,662.8026170730591,10,151.4245031766703,0.0,0.0,0.0,10,0.0,-0.1875259400397839,-0.2254289006706823,-0.2918460148446623,10,0.030023238549639,-52.4820125,-71.85831625,-97.02955,10,12.08765511663404,34.5080848221519,24.31963857448646,14.221961080263638,10,6.399347342623958,28.25615948796385,18.453834621104427,10.799458945047574,10,4.777678557209685,0.0,0.0,0.0,10,0.0,0.0,0.0,0.0,10,0.0,0.0,0.0,0.0,10,0.0,0.0,0.0,0.0,10,0.0,-10.046706124444128,-13.414215937973378,-19.178310608808623,10,2.507177039798072,-0.4290302313619394,-0.8037624189497599,-1.2756253683459486,10,0.2486188326845384,219.7857107667252,178.70824041919963,148.96441877167166,10,18.5715555377312,201.93904614529671,146.3578612053553,96.76828333428824,10,35.2455839025383,0.0,0.0,0.0,10,0.0,-1.631430897571478,-2.4537005515541748,-3.444053791516006,10,0.4973849506809831,12.081455707867065,5.155790540005785,1.3844137769455878,10,3.568842103462955,7.353042821647796,5.850063254926593,3.2137137101357456,10,1.2616194233193772,301.00245461170675,203.55149129544515,116.27871419680471,10,59.76704888458684,0.0,0.0,0.0,10,0.0,0.0,0.0,0.0,10,0.0,0.0,0.0,0.0,10,0.0,486.5494116634507,399.5768723868273,289.30894238008307,10,55.93303613760418,0.0158730158730158,0.0114372592914508,0.008130081300813,10,0.002069930012746,4.5902176,-0.24240538,-4.63573,1000,1.0217594,214,80.98374644453475,42,2461,14.793380547675872,1657.7030272483826,853.053083284592,441.9581971168518,2461,114.29171879144464,35219.0,146.37473511695862,200000.0,9.0,1357.4060525894165,1800000.0,1366.3560165638755,9000.0
2.0983781e-07,1.5084712e-08,70.19653,-0.0037569643,1.7023173e-09,0.009372688,11.841201,172.34343,172.33395,7.537919,333.57632,129.88216,332.435,1.0,-0.23183465,-1.0,869,0.7655898,0.2123995641556864,0.1991584760561361,0.1904406798440174,10,0.0066369763112358,112,86.9,73,10,11.42322196230118,1178.0765624046326,882.0946446657181,711.5427498817444,10,129.433534450048,0.0,0.0,0.0,10,0.0,-0.1521311185534956,-0.2027555372640154,-0.2639044259203238,10,0.0351394960382052,-55.2847375,-66.45418874999999,-78.5355125,10,6.197068655868296,38.7328046965506,25.761563163844706,15.09061284080708,10,8.934495411006528,27.56517138957888,16.309109404898784,10.650633329820446,10,4.8364952573613,0.0,0.0,0.0,10,0.0,0.0,0.0,0.0,10,0.0,0.0,0.0,0.0,10,0.0,0.0,0.0,0.0,10,0.0,-10.675016795557784,-13.496319983212445,-17.270403457775892,10,1.985174597890115,-0.6220728516489342,-0.9197682403986056,-1.3447000649386762,10,0.1929323975811787,214.89335247838304,172.94287951097357,135.8016180160707,10,22.09956548152245,223.9654190699519,155.2183503592319,111.63771614232532,10,30.350632662545536,0.0,0.0,0.0,10,0.0,-1.920878582172671,-2.434758570436582,-2.977662877630924,10,0.3142172368588253,10.940350544110624,7.60786447802132,3.0460475483971763,10,1.910000716883268,6.591862805847751,4.66022437463591,1.371866270634896,10,1.955640864752617,271.66734661323983,189.03716241243689,112.19882619811418,10,50.82383691036114,0.0,0.0,0.0,10,0.0,0.0,0.0,0.0,10,0.0,0.0,0.0,0.0,10,0.0,465.9742648872447,380.5689626775536,312.4390577321477,10,46.07815953150385,0.0136986301369863,0.0116948215733063,0.0089285714285714,10,0.0014386235973549,4.435362,-0.25089353,-4.611185,1000,1.0344244,203,86.02378892733564,45,2312,16.521712824055786,1722.3776638507843,890.8193573086409,434.9531335830689,2312,126.3841513482437,37531.0,148.25359439849854,200000.0,10.0,1505.6596541404724,2000000.0,1349.039804474552,10000.0
1.7295805e-07,1.2423906e-08,74.89544,-0.0033661355,1.4127378e-09,0.00935777,11.8753395,172.47676,172.4665,7.1867723,343.63208,119.9626,343.16974,1.0,-0.22606972,-1.0,886,0.76828414,0.217924687433757,0.2015768975742694,0.1822418791393885,10,0.0088405220410661,115,88.6,68,10,13.610290224679266,1096.1740522384644,872.3881073951721,705.9806871414185,10,113.13342645796467,0.0,0.0,0.0,10,0.0,-0.1675926434173664,-0.2251760191614989,-0.2651578659648616,10,0.0302164758558728,-53.0346625,-69.36941750000001,-89.76615,10,10.505806817064313,47.59462956671051,26.056289217904578,12.13542829288196,10,11.178098175479809,23.479666002871536,15.387766372169049,10.572608896593673,10,3.844235216895926,0.0,0.0,0.0,10,0.0,0.0,0.0,0.0,10,0.0,0.0,0.0,0.0,10,0.0,0.0,0.0,0.0,10,0.0,-9.313322669497726,-13.897994833818196,-18.9984658463018,10,2.469316955119376,-0.8577471624294124,-1.2095686860027288,-1.5575005107513382,10,0.2509679246686528,194.0522913567683,167.46652167190246,135.2657216975786,10,17.7478965294657,189.15854952609104,164.65326896884054,144.79918122524035,10,13.775170730539283,0.0,0.0,0.0,10,0.0,-1.7253875661430838,-2.5230745912466843,-3.277384287667113,10,0.4572712228328163,12.938470965201592,10.052836338992126,6.096282527071817,10,2.425448986955604,6.128656927072568,3.352911071747252,1.234220028264524,10,1.624422573931974,269.19682003008603,178.37907824474493,110.42919090161048,10,41.346391438440506,0.0,0.0,0.0,10,0.0,0.0,0.0,0.0,10,0.0,0.0,0.0,0.0,10,0.0,466.0343308237088,380.366674285549,305.1213067203857,10,54.905415994166496,0.0147058823529411,0.0115505654786314,0.008695652173913,10,0.0017434153197508,4.8723273,-0.24993345,-4.804284,1000,1.0423403,228,91.70096021947874,51,2187,20.63352389140549,1726.495314836502,926.8080830850072,517.7085657119751,2187,145.32238324671047,39718.0,208.52923703193665,200000.0,11.0,1714.1888961791992,2200000.0,959.098123825052,11000.0
1.4748767e-07,1.0621375e-08,79.15536,-0.0029707146,1.1776369e-09,0.009303142,11.908038,172.62561,172.61484,7.123697,351.18457,119.399284,351.24225,1.0,-0.23058364,-1.0,1017,0.76814896,0.2275585031406623,0.202845009572429,0.1858840250403928,10,0.0127662469247553,155,101.7,80,10,21.86343980255624,1539.0514097213745,962.0085926175118,819.887717962265,10,200.91900872111063,0.0,0.0,0.0,10,0.0,-0.1787644986730493,-0.2462515186550877,-0.346195302986721,10,0.0426907142501553,-62.6270875,-78.47037875000001,-113.174825,10,15.191827072519796,47.74895184114621,31.40253061325988,16.44597985024123,10,9.842662320245893,26.229982500224416,18.117049392631937,12.587208571819538,10,4.34084372417975,0.0,0.0,0.0,10,0.0,0.0,0.0,0.0,10,0.0,0.0,0.0,0.0,10,0.0,0.0,0.0,0.0,10,0.0,-11.944411754210307,-15.940478687289408,-22.15120027807612,10,2.892051129654709,-0.8182645555478337,-1.1627650445712625,-1.7239944184585867,10,0.2765304863537186,282.5410801658885,184.77155072597105,134.1836709932459,10,38.50799659559142,267.74291677472854,183.95753169542496,154.45894733205208,10,30.12032522892536,0.0,0.0,0.0,10,0.0,-2.2932315284802054,-3.231238845679392,-4.496949194352212,10,0.6556961162933461,19.2186600536947,12.158748418678938,6.622352518455282,10,4.128814978606838,5.404310661388488,3.88843593208179,1.3387860679085315,10,1.1894167158447322,393.2499903360948,216.8080504990306,148.2631580403201,10,65.07445986769932,0.0,0.0,0.0,10,0.0,0.0,0.0,0.0,10,0.0,0.0,0.0,0.0,10,0.0,618.3412597040137,394.01532873625183,329.3863188446125,10,81.30153888647486,0.0125,0.0102244257556663,0.0064516129032258,10,0.0018671146323354,4.505514,-0.2518801,-4.9070177,1000,1.0468132,213,95.17509541984732,57,2096,21.590908683451808,1751.3032398223877,950.4764873001508,554.3114399909973,2096,150.48471754236436,41814.0,182.9274795055389,200000.0,12.0,1897.1163835525515,2400000.0,1093.3294469513758,12000.0
1.2886457e-07,9.284765e-09,83.00274,-0.0025929932,1.0243992e-09,0.009233213,11.938672,172.78258,172.77173,7.1536922,358.4503,122.69842,358.8495,1.0,-0.22878052,-1.0,989,0.7872906,0.2309644296823482,0.2137849475164202,0.1858562078804421,10,0.0124869823111212,157,98.9,76,10,22.04744883200776,1567.50435256958,969.5039710640908,793.51498234272,10,218.6036855630244,0.0,0.0,0.0,10,0.0,-0.1867103204860052,-0.2588621005363986,-0.3049037520161751,10,0.0320520184625611,-57.9493,-77.50718875,-110.76685,10,13.578004102581971,43.08253419423925,30.50071725378887,16.150040788254344,10,8.387293857371104,26.48408248356369,17.246034201925728,10.853093437593056,10,4.882907968342283,0.0,0.0,0.0,10,0.0,0.0,0.0,0.0,10,0.0,0.0,0.0,0.0,10,0.0,0.0,0.0,0.0,10,0.0,-11.48916973534804,-16.48856021169891,-22.72609168645956,10,2.930292628108674,-0.7517436011004425,-1.2502711018773878,-1.8520728305841148,10,0.3951126929109442,311.47258481398774,190.41571871230423,149.71496376785805,10,42.1348954788184,306.0372905326313,179.92577646121828,153.5227541786193,10,42.80914716005097,0.0,0.0,0.0,10,0.0,-2.168501155826395,-2.909478618136548,-3.760064416057645,10,0.4605960673451037,18.86515393144731,11.271236252879984,5.760972070347113,10,3.618798819100223,5.996470055633203,4.277024368674042,2.0510682821046835,10,1.140066418196733,434.1679593645663,243.1332076304236,158.3462317925387,10,69.51117967527156,0.0,0.0,0.0,10,0.0,0.0,0.0,0.0,10,0.0,0.0,0.0,0.0,10,0.0,545.8826494931307,374.66005720617056,263.5518185299226,10,89.30112606459329,0.0131578947368421,0.0105150883568353,0.0063694267515923,10,0.0018702082887275,4.4651976,-0.24970813,-4.695712,1000,1.0507525,206,97.23701923076923,39,2080,22.84729984802983,1723.6870465278623,959.7302475110852,372.25789165496826,2080,166.2948259539493,43894.0,183.1943790912628,200000.0,13.0,2080.310769081116,2600000.0,1091.7365532288795,13000.0
1.14682685e-07,8.253016e-09,86.50831,-0.0024068675,9.2160046e-10,0.009327534,11.967992,172.91037,172.89948,7.2266254,364.39157,133.25143,364.85907,1.0,-0.2587831,-1.0,1008,0.7878112,0.2215366709063132,0.2051191287834472,0.1785910034445092,10,0.0122823589836745,131,100.8,80,10,16.521501142450706,1355.7593207359314,960.0566161036492,787.611056804657,10,161.95553586601454,0.0,0.0,0.0,10,0.0,-0.1639892885321465,-0.24990489916412,-0.3237152203271329,10,0.052403108643565,-57.7321875,-76.24398875,-94.2860375,10,12.499076193467571,40.81973829129311,29.235841278227987,19.09953334648211,10,7.248008091565639,31.835773221198604,19.206462702828745,11.851581823433204,10,5.385819408171845,0.0,0.0,0.0,10,0.0,0.0,0.0,0.0,10,0.0,0.0,0.0,0.0,10,0.0,0.0,0.0,0.0,10,0.0,-12.655131745818968,-16.369861078950283,-23.75510898111421,10,3.310891968091348,-0.6393712912077859,-1.362266367868344,-2.2820663020361263,10,0.5085260334331091,282.3841571741292,202.1831963479176,159.00070208059515,10,38.4915730505376,212.44094367303148,175.99463471326132,151.48044399462697,10,16.877063740281088,0.0,0.0,0.0,10,0.0,-2.1704961440449804,-3.018279633606573,-3.4678986561082272,10,0.4260944411492101,18.65420922038611,11.833961322473243,7.908818526862335,10,2.9740477941957577,15.418925762661404,5.277107127899216,1.1074957995372434,10,3.74357655693074,331.1444441351887,234.75830704780915,184.4537941621084,10,44.49249994958606,0.0,0.0,0.0,10,0.0,0.0,0.0,0.0,10,0.0,0.0,0.0,0.0,10,0.0,623.7304929284342,362.4415445981766,280.61588276656664,10,104.2423966628596,0.0125,0.0101802914424669,0.0076335877862595,10,0.0016015542142063,4.559303,-0.26049873,-4.6996408,1000,1.0568973,213,101.5159137577002,35,1948,21.277024206233456,1705.8006925582886,1015.6266887015302,360.03850746154785,1948,153.09363394156335,45842.0,183.41589546203613,200000.0,14.0,2263.726674079895,2800000.0,1090.418033269077,14000.0
1.03515795e-07,7.458874e-09,89.776764,-0.0021850935,8.223929e-10,0.009367235,11.9961195,173.00462,172.99345,7.280445,371.49295,141.56488,371.92065,1.0,-0.24815121,-1.0,1041,0.80247885,0.2381310902840865,0.2168922163160642,0.1891539991427089,10,0.0133788548760526,174,104.1,66,10,30.546521896936152,1419.9234011173248,1047.3460912942887,697.9144773483276,10,237.54613181585185,0.0,0.0,0.0,10,0.0,-0.1930562805319311,-0.2385399214132303,-0.3379615824669126,10,0.0385701251836622,-52.2649,-77.92365,-128.7082375,10,21.14035151385038,44.16405726653995,31.17364008400254,13.858509790660811,10,11.085434454408926,31.28731452005678,20.399767481900803,8.505515114345737,10,7.487086009882181,0.0,0.0,0.0,10,0.0,0.0,0.0,0.0,10,0.0,0.0,0.0,0.0,10,0.0,0.0,0.0,0.0,10,0.0,-10.565694507415875,-18.06789729496063,-25.33695910769725,10,4.864241624020069,-0.5697535082329188,-1.4216490788481178,-2.5249735397781405,10,0.6214193520624104,359.60657507983285,218.3636216547362,155.15398611357386,10,60.80460729444747,338.21602898911726,188.15248415882235,114.9181022316086,10,56.99022686040127,0.0,0.0,0.0,10,0.0,-1.849258576275379,-2.987299703068728,-5.4827284318921325,10,0.9509585774833976,13.868778672078612,11.189589862209568,6.406966890384239,10,2.22887354876496,19.54871141937383,6.711387726206223,1.274328300648665,10,5.407229397717298,311.0876271947026,222.81280035565,143.41403692699745,10,49.163891456570205,0.0,0.0,0.0,10,0.0,0.0,0.0,0.0,10,0.0,0.0,0.0,0.0,10,0.0,579.8673933223206,431.1139399381451,284.658161860438,10,109.89022654579844,0.0151515151515151,0.0103954228498132,0.0057471264367816,10,0.0028300451355624,4.465651,-0.27535015,-4.5606112,1000,1.0641583,240,104.39296956977964,28,1906,22.28425379863858,1710.6799619197843,1041.9262672812686,205.9273715019226,1906,170.63638932940967,47748.0,181.46956849098208,200000.0,15.0,2445.1962490081787,3000000.0,1102.1131623506274,15000.0
9.447025e-08,6.829256e-09,92.78578,-0.0020399308,7.2836476e-10,0.009462794,12.029041,173.07214,173.06096,7.256323,376.613,144.3586,377.1705,1.0,-0.27739203,-1.0,885,0.79878014,0.2297569700509434,0.2065421063410979,0.197203350665346,10,0.0095070917112225,123,88.5,63,10,20.35313243704762,1178.5586137771606,880.314427781105,710.5175442695618,10,156.10908840278046,0.0,0.0,0.0,10,0.0,-0.1366614810995711,-0.2247999037529225,-0.3164092266531105,10,0.0626660669982487,-45.4159875,-65.0192725,-87.752925,10,14.326031161800142,38.07886511725901,23.49675997717849,12.137298052594389,10,9.071025336099634,25.794050183943977,15.900766505777522,8.909229511460314,10,5.889299551361123,0.0,0.0,0.0,10,0.0,0.0,0.0,0.0,10,0.0,0.0,0.0,0.0,10,0.0,0.0,0.0,0.0,10,0.0,-10.046558614657863,-14.605143960679408,-19.805501537714328,10,3.4877404957196574,-0.9167908152978188,-1.6046394100463377,-2.603461870149121,10,0.5661224489212969,258.09272215928115,188.9461915325726,149.51162850967685,10,36.35658602474529,206.23806948274407,162.84959006338275,128.19605900620832,10,23.02046866476973,0.0,0.0,0.0,10,0.0,-1.9673844376650187,-2.616407764441799,-3.3134105696165035,10,0.5069020769164819,18.5484397998298,12.937350248044272,6.744847045793723,10,3.172462568516607,7.341457979256284,2.362932056322004,0.9874104701232088,10,1.7992297183785246,322.416668523404,221.64008869118624,159.46948421524922,10,54.35387235887069,0.0,0.0,0.0,10,0.0,0.0,0.0,0.0,10,0.0,0.0,0.0,0.0,10,0.0,491.39464888393934,321.64721309211154,252.71809168798268,10,68.72240904457509,0.0158730158730158,0.0119314672377777,0.008130081300813,10,0.0027868396322501,4.412512,-0.28766957,-4.995001,1000,1.0704707,213,108.26648648648649,53,1850,21.085407047480142,1885.6079630851743,1089.9794109083591,538.187858581543,1850,173.59559920496417,49598.0,219.99941277503967,200000.0,16.0,2665.195668697357,3200000.0,909.0933356468088,16000.0
8.70092e-08,6.2986363e-09,95.614555,-0.0019041239,6.621011e-10,0.009553288,12.051476,173.10931,173.09796,7.33119,384.0868,146.69981,384.81705,1.0,-0.26658356,-1.0,939,0.82208335,0.2356154675981309,0.2209289929386425,0.20089710710064,10,0.0111255983547174,118,93.9,68,10,15.902515524281055,1263.801552772522,931.7739711523056,607.9005670547485,10,201.62065146523665,0.0,0.0,0.0,10,0.0,-0.1405419164329907,-0.2245469144443639,-0.2845635295136494,10,0.0409930507724851,-47.68579999999999,-69.53126499999999,-84.89098749999998,10,11.19893574880946,40.60663101094094,26.59167416211148,10.345417631693676,10,9.150803389278163,30.0792078873325,19.3059964997566,9.73278384273047,10,6.474713603709721,0.0,0.0,0.0,10,0.0,0.0,0.0,0.0,10,0.0,0.0,0.0,0.0,10,0.0,0.0,0.0,0.0,10,0.0,-11.50727763667182,-16.998148079776122,-22.47924144325477,10,3.6662502196783406,-0.6250472201660341,-1.3616292316031724,-2.276348595114662,10,0.5609779185031718,264.57867180371613,201.3402578861811,145.97395869291518,10,36.085869570004654,220.254502074064,174.33486076066023,145.1980431273494,10,20.89514592550494,0.0,0.0,0.0,10,0.0,-1.9100397513625085,-2.746321394915636,-3.786532294323661,10,0.5975521325420968,21.09117511787982,13.037151659231704,9.711396659589742,10,2.9390293572095305,10.781882538725938,4.474126506472621,0.9775767555393295,10,3.4883467043257355,265.0885390603603,201.39822459995244,119.59154160058266,10,49.68565106335985,0.0,0.0,0.0,10,0.0,0.0,0.0,0.0,10,0.0,0.0,0.0,0.0,10,0.0,554.3589004356533,365.15544251439576,179.4777603647168,10,117.0563636360321,0.0147058823529411,0.0109909713389764,0.0084745762711864,10,0.0020444292763391,4.5502067,-0.29040706,-4.7909956,1000,1.074832,211,109.37411636759109,39,1839,21.465586454036465,1830.7354907989504,1106.4351612698165,313.10871744155884,1839,184.06418305797075,51437.0,181.8898105621338,200000.0,17.0,2847.085500240326,3400000.0,1099.566816755135,17000.0
8.0751995e-08,5.851569e-09,98.16645,-0.0016805521,6.085909e-10,0.009533868,12.067041,173.12672,173.11507,7.426862,391.33813,150.7325,392.21735,1.0,-0.28076947,-1.0,1106,0.81003594,0.2309828363250592,0.2166529384142956,0.1696145260335006,10,0.016784117661174,176,110.6,81,10,28.72350953487404,1554.924882888794,1082.7017309069631,811.2179338932037,10,252.629904766434,0.0,0.0,0.0,10,0.0,-0.1616950996057941,-0.2140603739587667,-0.2764739054798491,10,0.0337404302252217,-58.620375,-76.8617725,-102.437625,10,14.69070173253179,44.66748651364061,30.63786683055841,16.48793615333092,10,10.599590979464988,36.9881258108386,21.378211019527008,12.53667321528846,10,8.254477579639143,0.0,0.0,0.0,10,0.0,0.0,0.0,0.0,10,0.0,0.0,0.0,0.0,10,0.0,0.0,0.0,0.0,10,0.0,-14.482807291298633,-19.27569401035468,-24.220446247750587,10,3.727902617015239,-0.6126689390196183,-1.365425193455866,-2.026351932438959,10,0.4774464010175165,324.7677525333039,240.2313178927733,174.8313945604386,10,49.3075544824514,352.0356125057707,193.075353737115,148.97715988237226,10,56.63992912689199,0.0,0.0,0.0,10,0.0,-2.4617109374265804,-3.3405329415042844,-5.2313361013825865,10,0.8672061472819679,26.83125682724189,14.98767219746004,10.649512527380612,10,4.784752640046802,18.791925245203803,4.778135907538493,0.9996096069772034,10,5.340264266427887,295.2306489168451,217.002378351052,151.63771182474792,10,46.875372943104814,0.0,0.0,0.0,10,0.0,0.0,0.0,0.0,10,0.0,0.0,0.0,0.0,10,0.0,608.5828482513778,442.39258524050456,298.19307811401063,10,118.439695412934,0.0123456790123456,0.0095857520542149,0.0056818181818181,10,0.0021525699379191,4.462821,-0.29563284,-4.774101,1000,1.0778905,233,108.89726775956284,50,1830,21.979606622707344,2115.2176275253296,1114.1501086903888,449.4815230369568,1830,198.43480664140824,53267.0,185.202166557312,200000.0,18.0,3032.2876765728,3600000.0,1079.9009737184078,18000.0
7.540098e-08,5.4765072e-09,100.41271,-0.0014644796,5.555724e-10,0.009497496,12.08694,173.15326,173.14192,7.42653,400.3257,146.04059,401.42014,1.0,-0.2664709,-1.0,1011,0.8265054,0.2314917649931354,0.2243475895191486,0.2118130437460837,10,0.0063136142911842,131,101.1,67,10,20.417884317431128,1397.1127800941467,1053.2221950292587,698.4578533172607,10,240.67694407087475,0.0,0.0,0.0,10,0.0,-0.1529998012617679,-0.2104693439051127,-0.2575987621244017,10,0.0400474318677785,-48.6529375,-72.42872999999999,-92.70703749999998,10,13.822195911283869,46.20584201471589,31.6890796508238,13.922490249920584,10,11.421085373970085,31.58126670786505,19.572500111950298,10.115160252799935,10,7.33644284085594,0.0,0.0,0.0,10,0.0,0.0,0.0,0.0,10,0.0,0.0,0.0,0.0,10,0.0,0.0,0.0,0.0,10,0.0,-11.57234124694443,-18.73844038664497,-24.562981577705884,10,4.139249665914171,-0.5077108222055464,-1.005290273924523,-1.89745475979287,10,0.4366402895759923,316.54320453290086,218.65901900750583,125.02885231774924,10,58.85006817448698,202.3814818046142,167.17096188218278,112.06455080198975,10,24.50361341925996,0.0,0.0,0.0,10,0.0,-2.22601818793452,-3.084267247291685,-3.999265243919313,10,0.5834567806451076,14.197663108337222,12.24869907931788,8.94763489976972,10,1.703956346660254,21.764647372472822,7.584959313873244,1.0466911881254437,10,6.37141372589865,281.39940239145403,219.2620647232587,119.50743878917773,10,52.45710718609364,0.0,0.0,0.0,10,0.0,0.0,0.0,0.0,10,0.0,0.0,0.0,0.0,10,0.0,611.5226052753133,453.7749162373117,301.0653100709461,10,111.4372422989024,0.0149253731343283,0.0103289747628612,0.0076335877862595,10,0.0022146253402354,4.8831053,-0.30180806,-4.963779,1000,1.0810839,232,113.25554923164484,51,1757,21.70504215824193,1946.90500831604,1168.1187561959384,522.8162159919739,1757,192.9853497312868,55024.0,183.9081499576569,200000.0,19.0,3216.1958367824554,3800000.0,1087.499385133547,19000.0
7.083503e-08,5.1481828e-09,102.42565,-0.0012942601,5.186202e-10,0.009488311,12.1007395,173.18428,173.17294,7.4804444,409.4311,142.88443,410.60153,1.0,-0.27630004,-1.0,1210,0.8270659,0.2463904350493655,0.2258225297906844,0.1917829409233179,10,0.0149550614558048,208,121.0,90,10,36.34006053930015,2041.8528943061829,1190.2902480125426,865.0140514373779,10,317.5434789241205,0.0,0.0,0.0,10,0.0,-0.1868895751114601,-0.2382135405137709,-0.3966967796816646,10,0.0577870772297649,-64.304775,-85.27586875,-133.938675,10,21.96406568220312,62.80466481743586,37.82369852127342,21.686132245812885,10,10.967066797793162,37.71577750407163,24.07947575928066,13.38021643390952,10,6.878576437018128,0.0,0.0,0.0,10,0.0,0.0,0.0,0.0,10,0.0,0.0,0.0,0.0,10,0.0,0.0,0.0,0.0,10,0.0,-16.473724869268143,-22.38173950979563,-33.438730817570644,10,5.793849279715259,-0.5866916878521373,-1.2188848264150791,-2.0655081636630164,10,0.4960397245012702,439.3726946784876,230.2602803179608,158.02356430981638,10,82.30212970960977,365.4014245964387,206.92935551538235,147.46188815990013,10,64.00351232539465,0.0,0.0,0.0,10,0.0,-2.593580335371964,-3.697867250995903,-6.16247619960901,10,1.0572929085997995,45.80411151470695,18.616220372000534,11.496412019264737,10,9.934055282090506,15.158588135761502,6.317881820120928,1.0930046419162052,10,3.7649218532398208,497.8654936226552,282.60149476765565,221.0512887747955,10,81.39560679653475,0.0,0.0,0.0,10,0.0,0.0,0.0,0.0,10,0.0,0.0,0.0,0.0,10,0.0,749.4751907702374,474.1321589431789,287.7105328391788,10,128.79428927296055,0.0111111111111111,0.0088429758487995,0.0048076923076923,10,0.0019756406722253,4.4607215,-0.30234697,-5.0558124,1000,1.0846951,224,114.2983963344788,39,1746,22.36756282754257,2075.312439441681,1179.2643827159654,375.32916736602783,1746,215.79019166197585,56770.0,182.3017046451569,200000.0,20.0,3398.4975492954254,4000000.0,1097.0824457691836,20000.0
6.683853e-08,4.8646136e-09,104.22662,-0.0011776647,4.824689e-10,0.009515793,12.117978,173.20964,173.19858,7.5764976,417.45642,148.74243,418.63232,1.0,-0.27201715,-1.0,1085,0.83450955,0.266230746359212,0.2257733552507971,0.2023876584752257,10,0.0198431777090677,140,108.5,88,10,17.00735135169495,1313.423813343048,1055.1527186632156,867.7812955379486,10,162.0166945154838,0.0,0.0,0.0,10,0.0,-0.1948807529267394,-0.2409117670053459,-0.2702132664034231,10,0.0207162751252526,-61.7981125,-77.46179249999999,-101.2731125,10,12.780588917466057,47.67485315765381,34.30386943944577,23.11995396611576,10,8.733381044903451,29.06149731230364,21.64380310396508,15.144644943651247,10,5.223220179708504,0.0,0.0,0.0,10,0.0,0.0,0.0,0.0,10,0.0,0.0,0.0,0.0,10,0.0,0.0,0.0,0.0,10,0.0,-14.322136975779262,-20.500656209233043,-32.00217700111447,10,5.243327811897035,-0.6896973937622928,-1.5623416750853245,-2.5143132401553774,10,0.5251797290398098,252.28175038312384,195.15857394265169,141.90213350607357,10,27.66108773700239,266.773391012811,187.6207796019076,145.54081096037734,10,34.876566573951095,0.0,0.0,0.0,10,0.0,-2.664431614005028,-3.390453319396876,-4.887494763279316,10,0.7633741174627698,24.727664076706706,12.862129137295453,8.094383293103746,10,4.428179432550426,14.930739263509976,5.564309816179288,1.0646733965002055,10,4.503075110739951,268.87301713441354,241.73336967499355,175.69253474006666,10,27.35881299750307,0.0,0.0,0.0,10,0.0,0.0,0.0,0.0,10,0.0,0.0,0.0,0.0,10,0.0,654.7334254252346,438.9831222851784,290.8780484645532,10,120.1978834845088,0.0113636363636363,0.0094388067663283,0.0071428571428571,10,0.0014270276925278,4.5542946,-0.3057759,-4.741637,1000,1.0877985,221,122.9250773993808,67,1615,24.291265797283128,2005.593948841095,1254.33726311255,715.3910551071167,1615,217.64241653494804,58385.0,221.6570720672608,200000.0,21.0,3620.154632329941,4200000.0,902.2946939374484,21000.0
6.328906e-08,4.606923e-09,105.87103,-0.0010561391,4.5620185e-10,0.009525823,12.129108,173.25284,173.2418,7.7846575,426.0079,153.41658,427.12466,1.0,-0.2992533,-1.0,999,0.83199406,0.2517377576335159,0.2197423108055989,0.2048407683004861,10,0.0140499893174759,121,99.9,68,10,16.306133815224257,1282.0296387672424,972.5251888990402,655.7204988002777,10,177.50482993351966,0.0,0.0,0.0,10,0.0,-0.1376865545603297,-0.2100941228166225,-0.2473455422236397,10,0.0336320692307039,-43.34354999999999,-69.33981125,-90.358275,10,12.647923215102908,44.44406412383768,28.28703280180258,16.488432290497244,10,9.15475028479752,28.924986354574017,19.479803250141405,10.134070795105725,10,5.66637747700334,0.0,0.0,0.0,10,0.0,0.0,0.0,0.0,10,0.0,0.0,0.0,0.0,10,0.0,0.0,0.0,0.0,10,0.0,-11.558680935108995,-18.23752620068996,-25.62038826981588,10,3.8077539166640726,-0.6296640557953822,-1.5116954083963978,-2.2323814589048574,10,0.4209634520916949,272.96958178260445,209.12080604690445,104.4513187990926,10,45.33611680354908,212.146428224877,183.77720992841392,136.27373231293004,10,20.82427280360884,0.0,0.0,0.0,10,0.0,-1.9912955886652284,-2.985327767243438,-3.864959520749916,10,0.5178331375964513,25.250916218906017,14.5809176527025,9.505660869073443,10,4.933691837280033,12.622649936547168,3.350682649553775,1.0379310658116614,10,3.738250530288002,287.9993062980217,230.1769958885041,158.74090191717352,10,34.34484286940408,0.0,0.0,0.0,10,0.0,0.0,0.0,0.0,10,0.0,0.0,0.0,0.0,10,0.0,567.2634362725056,357.8703676597638,260.2364338942197,10,117.6953127666165,0.0147058823529411,0.0103123353789923,0.0082644628099173,10,0.0018856534427337,4.7094545,-0.30757672,-4.8370876,1000,1.0893629,272,127.08582326764144,52,1573,27.480460767686672,2329.511335849762,1275.5689039286665,515.0906219482422,1573,250.73225470701584,59958.0,184.395605802536,200000.0,22.0,3804.55024600029,4400000.0,1084.6245447636877,22000.0
6.026782e-08,4.38781e-09,107.33371,-0.00091708987,4.3361692e-10,0.009503786,12.138154,173.3108,173.29979,7.994999,436.03534,159.19888,437.12524,1.0,-0.3098103,-1.0,1154,0.8240358,0.233875353408984,0.2144232082789538,0.2001707005778046,10,0.0100902998071278,147,115.4,80,10,22.694492724006853,1550.7358989715576,1085.892814016342,754.8836154937744,10,243.3990356100392,0.0,0.0,0.0,10,0.0,-0.1436536702482374,-0.2376345673799149,-0.3229418015885293,10,0.0519031258720908,-54.199175,-79.24803625000001,-106.34565,10,15.401720136476891,42.62550267974368,29.84644997729917,14.138013985927014,10,7.790327530945315,41.8004253163036,27.8948692313191,17.940380302746398,10,7.950125373719937,0.0,0.0,0.0,10,0.0,0.0,0.0,0.0,10,0.0,0.0,0.0,0.0,10,0.0,0.0,0.0,0.0,10,0.0,-14.735139067993613,-20.34608202989946,-28.546039442408805,10,4.171893897789302,-1.5509280500081624,-1.9718367432041188,-2.71788838953774,10,0.3514187162538557,361.29068211180186,256.5780139338681,177.3050252870941,10,64.87075144313874,309.4263853034974,208.33988730772967,162.20741696581194,10,50.68816628048516,0.0,0.0,0.0,10,0.0,-2.195585054416194,-3.514258120034268,-4.545579222261275,10,0.828812563135503,27.060125767156027,14.947729717712956,7.78924431954948,10,6.025452982561475,6.035352633490745,1.8638733351667267,0.9618035297148808,10,1.545988983251649,339.7058933383349,245.9308521349672,170.01455574334682,10,51.18344770373912,0.0,0.0,0.0,10,0.0,0.0,0.0,0.0,10,0.0,0.0,0.0,0.0,10,0.0,642.2958855975146,385.54073571662855,236.0463922154515,10,115.7854361701114,0.0125,0.0090308922621396,0.0068027210884353,10,0.001881904245443,4.988976,-0.31108055,-4.6690216,1000,1.0921205,261,131.2204724409449,50,1524,28.408391255754943,2232.354233264923,1321.3115012217488,512.306529045105,1524,259.696534116865,61482.0,182.32800388336184,200000.0,23.0,3986.87828707695,4600000.0,1096.924201111439,23000.0
5.7494823e-08,4.185125e-09,108.61895,-0.000790482,4.144609e-10,0.009479999,12.151557,173.36195,173.3507,8.282812,444.05524,175.16122,445.00812,1.0,-0.30947685,-1.0,1254,0.8300824,0.2353562438862822,0.2199454825054041,0.2074771929786828,10,0.0092636924454639,191,125.4,94,10,32.65333061113368,1712.995647907257,1183.9686571598054,882.1804165840149,10,294.5057160757949,0.0,0.0,0.0,10,0.0,-0.1959982517946301,-0.250983446129475,-0.3454270926798107,10,0.0519119266806742,-66.71274999999999,-86.00813,-127.34635,10,20.307079555407828,54.768519237837,34.49558373113369,20.645411983192428,10,11.381357442260134,42.791763929056685,28.874441010529985,18.99143322875828,10,6.88943242171686,0.0,0.0,0.0,10,0.0,0.0,0.0,0.0,10,0.0,0.0,0.0,0.0,10,0.0,0.0,0.0,0.0,10,0.0,-16.951761330355843,-22.66913666231365,-32.60100443912126,10,5.286026451172462,-0.7894895308921366,-1.536542203365445,-2.155757706040357,10,0.4526047628369931,406.0856712586137,244.3897475205837,152.15134521028548,10,77.93105010334314,409.6755813427619,247.422401495544,154.49035734187626,10,91.82825816397286,0.0,0.0,0.0,10,0.0,-2.64733577515557,-3.7957109190666976,-5.73664387261445,10,0.9723046335199708,25.17630017554257,14.228448428073229,9.714424386917209,10,5.439227991091263,6.335024079502233,2.467632197036831,1.041690132328885,10,1.948948302708565,431.3567781479029,271.98393716199547,188.24073767109803,10,74.33936525440086,0.0,0.0,0.0,10,0.0,0.0,0.0,0.0,10,0.0,0.0,0.0,0.0,10,0.0,602.3736363319236,431.80375385344814,328.05197106524685,10,90.2971985572549,0.0106382978723404,0.0084310569493391,0.0052356020942408,10,0.0017856590810675,4.965985,-0.31277812,-4.707713,1000,1.0942317,282,130.85091145833334,40,1536,30.173077760896007,2666.6816234588623,1328.790134175603,374.11669540405273,1536,280.3233578855266,63018.0,185.1188926696777,200000.0,24.0,4171.997190237045,4800000.0,1080.386756401335,24000.0
5.4939814e-08,4.002117e-09,109.68421,-0.0006216368,3.9306844e-10,0.009396373,12.158507,173.39041,173.37915,8.398495,452.74316,180.31941,453.76038,1.0,-0.26637468,-1.0,1134,0.8439766,0.2527632515475714,0.2354856564421831,0.2196954345516886,10,0.0102529720388137,171,113.4,74,10,24.66252217434381,1862.0289950370789,1093.8044855356216,802.4703464508057,10,300.0413104518101,0.0,0.0,0.0,10,0.0,-0.1654246720655536,-0.238375121600291,-0.3379675428959287,10,0.0436940349532391,-51.08064999999999,-81.63035249999999,-118.4447375,10,16.69940128107592,55.08388601523278,30.870373589760057,21.32508829773762,10,9.810183974749789,41.86194296254579,26.98851144578298,13.60923669348127,10,8.14520091843378,0.0,0.0,0.0,10,0.0,0.0,0.0,0.0,10,0.0,0.0,0.0,0.0,10,0.0,0.0,0.0,0.0,10,0.0,-15.077585441737362,-22.13762682507005,-33.51037169663363,10,4.563829887370505,-0.6186793145015517,-1.6971954796168862,-2.871340575447597,10,0.6567781910037096,347.21410788020165,212.4517262008997,147.369627341556,10,66.39543135868604,340.0276109013551,215.24274511307263,127.80163845448884,10,66.16155743444844,0.0,0.0,0.0,10,0.0,-2.334924227183155,-3.747180563849596,-5.20822154036642,10,0.8331440600827928,22.47359647127337,14.669356003587149,7.933074333679459,10,4.438949588554803,7.061695909531592,3.4441502199855947,1.0826047790906108,10,2.4224114214669514,394.901574186604,245.5784538893021,171.580846814813,10,57.354886988700144,0.0,0.0,0.0,10,0.0,0.0,0.0,0.0,10,0.0,0.0,0.0,0.0,10,0.0,784.560595088949,431.99967443622825,290.89933745246447,10,139.00950895390244,0.0135135135135135,0.0092256543549254,0.0058479532163742,10,0.0019658666228202,4.668067,-0.32240528,-4.9490023,1000,1.0930004,272,135.82827586206898,59,1450,29.47656276094216,2536.4817736148834,1402.4339752907383,644.1694946289062,1450,279.8177552517979,64468.0,184.44248628616333,200000.0,25.0,4356.439684152603,5000000.0,1084.3488614098333,25000.0
5.273684e-08,3.836747e-09,110.51708,-0.0004579851,3.822e-10,0.009299352,12.157078,173.41217,173.4009,8.481232,462.41116,182.76042,463.474,1.0,-0.31191844,-1.0,1404,0.8303357,0.2348666030989721,0.2199634408507735,0.2037226006967002,10,0.0107519680034423,194,140.4,89,10,35.04054794092124,1828.6969923973083,1351.8336661577223,908.45348072052,10,323.2063812145957,0.0,0.0,0.0,10,0.0,-0.1785167712948529,-0.2491142026304965,-0.3351298485753519,10,0.0529795795196869,-62.9823625,-94.26827375,-128.727975,10,22.3279537705103,56.68180513650957,39.60577390074447,30.146064977317973,10,9.373882795610058,54.99788716060374,35.378237737003744,21.372481627442813,10,10.915576744620394,0.0,0.0,0.0,10,0.0,0.0,0.0,0.0,10,0.0,0.0,0.0,0.0,10,0.0,0.0,0.0,0.0,10,0.0,-17.320042283111086,-25.534497976860912,-34.909321681430285,10,6.074212487517084,-0.641164583916771,-1.766628033706056,-2.866064215676246,10,0.6953239907088158,505.4931617302738,303.25911678444425,163.97171229746846,10,110.59086439927948,319.6173613362946,234.2540439504129,138.26832777994946,10,60.41866246715766,0.0,0.0,0.0,10,0.0,-2.2217281429257416,-4.245386461547144,-5.798835240344047,10,1.134659484212324,28.768253906852795,18.37413689126239,7.498402022616515,10,7.033491348482341,6.482183172681138,3.514055642196216,1.195437886896236,10,1.9834832839237344,425.9662653706645,303.81393075969515,203.23361262781825,10,70.16933743502807,0.0,0.0,0.0,10,0.0,0.0,0.0,0.0,10,0.0,0.0,0.0,0.0,10,0.0,829.3184408462685,514.3394438342419,317.22284546287847,10,156.1635936777915,0.0112359550561797,0.0075882885715274,0.0051546391752577,10,0.0019169625369463,4.404765,-0.32407603,-5.1903844,1000,1.0928199,285,140.05446927374302,64,1432,31.916022746554013,2646.416808128357,1450.7224713990688,659.9626688957214,1432,308.02880918841845,65900.0,219.4175841808319,200000.0,26.0,4575.857274055481,5200000.0,911.5039742447032,26000.0
5.08128e-08,3.6926928e-09,111.10144,-0.00028308973,3.7233167e-10,0.009171205,12.155944,173.39125,173.37996,8.6721945,474.9855,193.91145,476.0398,1.0,-0.26686093,-1.0,1232,0.8459459,0.2635941001913046,0.2357042234159593,0.2037599868313815,10,0.0150663798649215,174,123.2,102,10,19.99899997499875,1772.059847831726,1188.94378490448,992.5429372787476,10,216.6088352144912,0.0,0.0,0.0,10,0.0,-0.1916024174394906,-0.2298517233390607,-0.2782898023963986,10,0.0281714801829953,-70.85762500000001,-87.13119375,-125.333125,10,14.201603076769238,54.00565327081068,37.353649028475175,30.331701353970978,10,6.529491831889582,39.17195971214986,28.54029027555087,19.083390021490896,10,5.883442374445235,0.0,0.0,0.0,10,0.0,0.0,0.0,0.0,10,0.0,0.0,0.0,0.0,10,0.0,0.0,0.0,0.0,10,0.0,-20.22351409389253,-24.418786467257394,-39.41851811520688,10,5.252883859457625,-0.7729274540678717,-1.517404093891364,-2.631188638248494,10,0.5738736161179675,344.35750948551265,221.8727438195077,140.7668420600283,10,52.20258961633547,380.1366462883468,228.2587693633217,178.9752891583906,10,56.38985997955796,0.0,0.0,0.0,10,0.0,-3.112336052129812,-4.026426172291146,-5.884744891237557,10,0.7623365435197594,28.67327414315677,18.234169834910784,8.023002218815204,10,6.041426660707822,13.747535065232912,5.317054265099726,1.2385559039117262,10,3.3576629840890493,324.2609661164108,244.62817670990404,167.4251100340134,10,57.10959849338019,0.0,0.0,0.0,10,0.0,0.0,0.0,0.0,10,0.0,0.0,0.0,0.0,10,0.0,813.1235620060809,497.8386136626515,329.6266020344919,10,129.75577877940694,0.0098039215686274,0.0082981878096285,0.0057471264367816,10,0.0011341432353648,4.8374066,-0.32724226,-4.8182497,1000,1.0924997,334,144.05844155844156,51,1386,33.55012044238059,3082.023819923401,1498.1956684145257,588.6332316398621,1386,330.7494556811791,67286.0,184.93560242652893,200000.0,27.0,4760.792885541916,5400000.0,1081.4575310314078,27000.0
4.899553e-08,3.5528105e-09,111.40671,-0.0001864101,3.6683256e-10,0.009098948,12.157386,173.35733,173.34598,9.02797,490.78983,214.9159,491.71747,1.0,-0.28743544,-1.0,1190,0.8457873,0.2497380362858491,0.2326222906562404,0.2058292364116599,10,0.011694876908771,142,119.0,87,10,18.2373243651584,1465.993978023529,1178.5101706504822,841.7913179397583,10,179.71473499250052,0.0,0.0,0.0,10,0.0,-0.1622227303377488,-0.218038767400645,-0.3003356739651392,10,0.0388958164228214,-61.56126249999999,-82.61525375,-98.8256625,10,12.840657004655965,42.60643333680552,34.61517385963719,27.19682247343055,10,5.5704069100337765,36.52076845250791,28.69137953632176,15.885773929574722,10,6.449548831210802,0.0,0.0,0.0,10,0.0,0.0,0.0,0.0,10,0.0,0.0,0.0,0.0,10,0.0,0.0,0.0,0.0,10,0.0,-17.816423325348726,-23.12442210105484,-27.050522383810325,10,3.178547265411168,-0.426299267056357,-1.4311527664073842,-2.8423425249226324,10,0.7677000871420849,372.50216082845856,233.0051645733681,123.1358068733724,10,76.17000273057852,271.13063907548093,221.90304017583748,137.34123945289852,10,47.16843172867926,0.0,0.0,0.0,10,0.0,-2.611486921095288,-3.5967042908867994,-4.78722377160083,10,0.67162915092957,32.557743388203335,17.642594197301744,10.417730151329348,10,7.083945742295873,5.990553544810971,4.294093545906214,1.89753255235118,10,1.625989980137303,307.5322030156226,242.327907101586,178.77973217217195,10,46.95632780088174,0.0,0.0,0.0,10,0.0,0.0,0.0,0.0,10,0.0,0.0,0.0,0.0,10,0.0,579.5099260474929,484.101882158976,391.166868065244,10,65.35233132559172,0.0114942528735632,0.0086269193680179,0.0070422535211267,10,0.0014711963663802,4.913144,-0.33243105,-4.925386,1000,1.0912999,336,155.70031545741324,58,1268,37.80971075041205,3462.072935581208,1614.7131524890756,601.7718734741211,1268,377.59243854770494,68554.0,184.9455499649048,200000.0,28.0,4945.738445043564,5600000.0,1081.399363423191,28000.0
4.727261e-08,3.421625e-09,111.563255,-5.077945e-05,3.601843e-10,0.008975839,12.159023,173.34238,173.33098,9.587112,511.27832,243.94742,511.96164,1.0,-0.30320573,-1.0,1594,0.8404552,0.236405739653408,0.2260144538302905,0.2150519832882857,10,0.0065061059601684,239,159.4,112,10,41.088197818838445,2441.937744140625,1648.4005588054656,1069.2497782707214,10,433.989686174724,0.0,0.0,0.0,10,0.0,-0.2147063953568921,-0.2706279304307649,-0.3804396022085617,10,0.0567127031790716,-78.0026,-106.97922375,-163.34755,10,26.96398446814603,74.14653722912504,48.15839465093197,29.183387428907373,10,16.407719529304263,79.19509562708703,45.68463868575243,31.271970986253216,10,15.599060398807394,0.0,0.0,0.0,10,0.0,0.0,0.0,0.0,10,0.0,0.0,0.0,0.0,10,0.0,0.0,0.0,0.0,10,0.0,-21.15800918884316,-30.276447096933,-47.73167272211559,10,8.172760670797606,-1.2183727359902428,-2.424948378172907,-3.557033913315664,10,0.6850518737844694,455.84116522747775,314.4939219371677,197.0365189202547,10,86.65026321614604,391.766146282822,322.8690863031892,236.41993478647328,10,60.647970901103406,0.0,0.0,0.0,10,0.0,-2.8742447162291795,-4.6515460084482125,-7.260836760993083,10,1.296771908757676,34.68143884317457,19.641101212772867,11.686532981288574,10,8.07524815753831,7.046020300446254,4.647847912454158,1.080530748355801,10,2.1937435155452056,503.482754987998,323.56134557498285,180.42394052835232,10,104.74929236581475,0.0,0.0,0.0,10,0.0,0.0,0.0,0.0,10,0.0,0.0,0.0,0.0,10,0.0,1106.2617847983074,683.9774149783449,419.8847201486376,10,223.13835720636905,0.0089285714285714,0.0066789455327209,0.00418410041841,10,0.0016112813537153,4.9266,-0.3367042,-4.925946,1000,1.0905988,438,166.71189279731993,60,1194,47.95474285979414,4871.64227437973,1721.9434059235757,630.9165234565735,1194,483.6958597542089,69748.0,185.48653745651245,200000.0,29.0,5131.2250010967255,5800000.0,1078.2453688688336,29000.0
4.566328e-08,3.3001404e-09,111.531235,1.8411802e-05,3.5292147e-10,0.008904087,12.161052,173.34853,173.33694,10.267234,532.24927,290.7504,532.5305,1.0,-0.2892239,-1.0,1770,0.8417388,0.26664036894025,0.2304773058966642,0.2151473456411477,10,0.0151424825589004,219,177.0,130,10,28.146047679914137,2215.60373544693,1721.7814275979997,1240.580983877182,10,294.2609720083387,0.0,0.0,0.0,10,0.0,-0.2216235855234071,-0.2841511478851773,-0.347406001562083,10,0.0498625379435864,-88.81875,-119.44542874999998,-145.6430125,10,19.361861865465745,74.75137757324522,56.55865797234302,38.06034413223925,10,12.330456575184648,58.29947453360812,48.680909564263445,38.49629279775708,10,6.886423497601083,0.0,0.0,0.0,10,0.0,0.0,0.0,0.0,10,0.0,0.0,0.0,0.0,10,0.0,0.0,0.0,0.0,10,0.0,-24.78475931103965,-34.26668281917786,-41.77233119144297,10,5.513174641592134,-1.4201671128833826,-2.58083022446924,-3.601913968297572,10,0.648127602479083,415.9073457208781,310.5936274297364,226.5136765922764,10,60.22575067198986,397.58617412769183,309.9983612407248,234.32377901701983,10,50.09704941197725,0.0,0.0,0.0,10,0.0,-3.36700368284934,-5.161215045990164,-6.396714668139613,10,1.0561087840334271,45.888716840858606,29.399139126456497,13.295152232275791,10,10.508414005818706,8.417562275572847,5.532005003779908,1.2411937245445612,10,2.500121286185862,523.8404357470292,340.69704307457386,261.47570989540753,10,71.6530467599525,0.0,0.0,0.0,10,0.0,0.0,0.0,0.0,10,0.0,0.0,0.0,0.0,10,0.0,910.219857318431,748.1793758280056,410.02870717566407,10,158.30536928329272,0.0076923076923076,0.0058037446119756,0.0045662100456621,10,0.0009803931847987,4.862133,-0.33644024,-4.69133,1000,1.0916253,427,174.8595406360424,54,1132,54.61927871050772,4316.833868503571,1806.4546779857376,581.1962442398071,1132,548.5864213126515,70880.0,185.4003405570984,200000.0,30.0,5316.625349998474,6000000.0,1078.7466700386417,30000.0
4.421584e-08,3.1990657e-09,111.41398,4.8454513e-05,3.382022e-10,0.008864663,12.158692,173.34962,173.33795,11.033096,552.84595,348.38797,552.8369,1.0,-0.29492843,-1.0,2165,0.8340916,0.2392742813380668,0.2267916051380972,0.2116772822854209,10,0.0102544940625987,358,216.5,116,10,73.59381767512812,3255.2158279418945,2146.284400653839,1186.994709968567,10,697.0111645206647,0.0,0.0,0.0,10,0.0,-0.2049756324320529,-0.3250533975497274,-0.4884905001645824,10,0.0892469399622,-83.0356625,-144.59495124999998,-230.13925,10,46.6621687948112,103.51115899379678,64.31806169317495,24.77643495007719,10,25.1513772720788,100.81199950184735,62.34116041849035,30.24518827853375,10,23.119762110522224,0.0,0.0,0.0,10,0.0,0.0,0.0,0.0,10,0.0,0.0,0.0,0.0,10,0.0,0.0,0.0,0.0,10,0.0,-23.113051553343222,-40.70615238514817,-62.70781110150779,10,12.875783712762114,-1.802449907214836,-3.157547926111328,-5.486599844198705,10,1.19227961549732,720.2691296721239,429.0815347215792,214.2384327820955,10,153.04449793775632,643.0411742732788,430.0863501103753,247.9230783214386,10,143.68196029698908,0.0,0.0,0.0,10,0.0,-3.3514876507197,-5.778244237214265,-8.881186547713837,10,1.7413228284464908,96.78100625818938,40.59496886363994,16.646890202751525,10,21.88617711938705,8.673834960933021,5.296439911976622,1.4058768711567164,10,2.4894272400002646,926.9667974224874,515.8585374319032,263.7203658818806,10,189.26499960025515,0.0,0.0,0.0,10,0.0,0.0,0.0,0.0,10,0.0,0.0,0.0,0.0,10,0.0,1447.317736838241,753.0667780542126,476.7429108374943,10,280.3388927865396,0.0086206896551724,0.0051802920106517,0.0027932960893854,10,0.0017447450998085,4.533875,-0.3332695,-4.9137473,1000,1.0928408,468,182.1330868761553,41,1082,68.31436816559831,4722.906432628632,1887.5018865501925,348.2577919960022,1082,696.5196353211493,71962.0,221.88884663581848,200000.0,31.0,5538.514205694199,6200000.0,901.3521996815632,31000.0
4.2990226e-08,3.1038683e-09,111.16391,0.00016911786,3.3534964e-10,0.008723994,12.166341,173.39137,173.37952,11.88631,577.5329,401.47357,577.3659,1.0,-0.26955438,-1.0,1634,0.84798515,0.2845781088106697,0.2367883775080064,0.2069942979503084,10,0.0231758774790924,218,163.4,107,10,39.09015221254581,2129.8849930763245,1668.3491664409637,1073.1528012752533,10,372.5608434504488,0.0,0.0,0.0,10,0.0,-0.171448308691181,-0.2706933643903807,-0.3716159782993517,10,0.0519304040817113,-69.4167875,-113.70576375,-146.72857499999998,10,26.807352246591936,67.86589397338454,49.95781131366694,29.4397475194383,10,11.865192967433986,88.7711133179635,48.13917447477972,20.234195010583623,10,18.10853248066289,0.0,0.0,0.0,10,0.0,0.0,0.0,0.0,10,0.0,0.0,0.0,0.0,10,0.0,0.0,0.0,0.0,10,0.0,-18.85420076972397,-32.68438407649538,-43.32759199074584,10,8.834198599788907,-1.4425950825086833,-2.263318901173684,-3.460592252465308,10,0.7226220003777504,476.1791756987393,304.9608628455915,197.7296257377668,10,80.63927336120362,438.13733112541786,318.9469222326762,174.12766111657876,10,82.40714252272203,0.0,0.0,0.0,10,0.0,-2.683229994068343,-4.783189348935827,-6.661631364500058,10,1.3061370400079022,56.40405768999084,26.18362353707265,12.789394642390793,10,14.744212185448404,17.007964018790396,5.644321514811056,1.087892671523374,10,4.384397670084423,516.5584178369334,371.7174332543796,249.53013528783325,10,84.47405713897837,0.0,0.0,0.0,10,0.0,0.0,0.0,0.0,10,0.0,0.0,0.0,0.0,10,0.0,961.9228592359196,664.2623142290213,408.0655315965147,10,206.6942899472884,0.0093457943925233,0.006528734705574,0.0045871559633027,10,0.0017302286136808,4.7146745,-0.3323744,-5.0003953,1000,1.0924999,643,212.0332975295381,67,931,76.32633853819561,6847.874574184418,2191.8789007885885,667.9326651096344,931,780.9315958391234,72893.0,185.8174579143524,200000.0,32.0,5724.331676244736,6400000.0,1076.3251324436085,32000.0
4.187578e-08,3.0187135e-09,110.73262,0.00020245796,3.3134873e-10,0.008656153,12.171507,173.44373,173.43185,12.723159,609.3715,453.4246,608.89874,1.0,-0.27178058,-1.0,1571,0.8498882,0.2569797813364469,0.2361716933813068,0.2067550090584462,10,0.018228171565188,241,157.1,81,10,53.67019657128154,2511.098048686981,1673.812469768524,799.1283612251282,10,556.595017318528,0.0,0.0,0.0,10,0.0,-0.1417447225193971,-0.2569842025550931,-0.361062469912668,10,0.077264383500154,-55.75843750000001,-108.4575625,-171.63729999999998,10,38.35007931981692,68.0027445733511,44.80118959972023,15.560176738596583,10,18.10351670187935,79.4452629857845,50.25213500657357,29.672112356160955,10,15.40646547192755,0.0,0.0,0.0,10,0.0,0.0,0.0,0.0,10,0.0,0.0,0.0,0.0,10,0.0,0.0,0.0,0.0,10,0.0,-14.70511593164156,-31.58905491978144,-51.43129183583012,10,11.641608369105343,-1.164323661853149,-2.5073248943128714,-4.7325757405327975,10,1.0440351186779144,523.2187530959047,309.7351538201556,110.94623494364556,10,124.75246818439138,430.578354338301,304.1240571904051,131.78076477123437,10,105.0007530785016,0.0,0.0,0.0,10,0.0,-2.3740897456644023,-4.525835751545667,-7.069351221912322,10,1.592650663990672,42.5884750132318,22.011108984676813,11.654237676474231,10,9.546164772315509,8.267541492769631,4.141151643580717,1.023717749428385,10,2.875079920093408,501.0162909120991,363.87236119631314,194.383979978848,10,113.6500938252985,0.0,0.0,0.0,10,0.0,0.0,0.0,0.0,10,0.0,0.0,0.0,0.0,10,0.0,1128.4572499200483,691.0808652192214,318.1377503146149,10,250.05144204629056,0.0123456790123456,0.007288262339424,0.0041493775933609,10,0.0027885177256365,4.4393506,-0.32887885,-4.743724,1000,1.0940257,656,248.8356687898089,60,785,93.86212819824108,6694.243879318237,2594.1240752324084,601.3651533126831,785,976.2095858360226,73678.0,182.99572443962097,200000.0,33.0,5907.327413082123,6600000.0,1092.9217095779172,33000.0
4.0803116e-08,2.937854e-09,110.28117,0.00023919503,3.2639533e-10,0.008583298,12.173503,173.45854,173.44627,13.483423,651.2947,504.36478,650.5689,1.0,-0.2464157,-1.0,1228,0.864103,0.2711032395672465,0.2500972940550189,0.2212878544715919,10,0.0135241097750508,149,122.8,71,10,24.23551113552177,1682.703227043152,1342.3767832279204,770.047730922699,10,293.3670828183055,0.0,0.0,0.0,10,0.0,-0.1657242569224882,-0.2409391543953749,-0.3022751021192373,10,0.0399168348467351,-50.88327499999999,-90.25366625,-108.200975,10,18.50895793936095,52.64258378313984,39.64946807551446,19.9758213404345,10,10.308470866581931,49.95237777790004,33.00183293358033,11.028148478565251,10,11.437143749135142,0.0,0.0,0.0,10,0.0,0.0,0.0,0.0,10,0.0,0.0,0.0,0.0,10,0.0,0.0,0.0,0.0,10,0.0,-14.282741567420064,-26.050862976576656,-31.84417984170477,10,5.597444777247434,-1.26634786086952,-2.0141019156601248,-2.7281580030325143,10,0.4479015945961032,336.84662196305953,236.7034065639168,120.89050470527688,10,66.64308236641833,360.5350739562909,252.46159888581096,155.33508790340233,10,61.49665149782184,0.0,0.0,0.0,10,0.0,-1.9608661472410376,-3.470279656486393,-4.559574397025591,10,0.7788167072460429,23.429988320525293,16.491530383991048,11.23298199489778,10,4.283439271712466,13.80392332299807,6.412703154090558,2.0355293227010574,10,3.268251268287824,350.5598628810829,276.6851188497846,139.8376659740428,10,66.86777358576632,0.0,0.0,0.0,10,0.0,0.0,0.0,0.0,10,0.0,0.0,0.0,0.0,10,0.0,712.6455543477771,577.3577955630295,321.49834000804697,10,115.04767399835195,0.0140845070422535,0.0085675408085954,0.0067114093959731,10,0.0022027934173049,4.6537385,-0.3181166,-4.77072,1000,1.0984179,1000,291.22798742138366,56,636,139.75474891979542,10821.561145305634,3102.8357996421414,639.8706259727478,636,1487.920681812196,74314.0,184.4408264160156,200000.0,34.0,6091.76824760437,6800000.0,1084.3586199776066,34000.0
3.976882e-08,2.8611262e-09,109.75876,0.00023610417,3.2037958e-10,0.008544595,12.172412,173.4236,173.41121,14.04607,702.9213,545.4039,702.0517,1.0,-0.2268067,-1.0,1818,0.869779,0.2880473743254909,0.2611479233977849,0.2449182118348033,10,0.0121600120866167,311,181.8,113,10,59.44880150179648,3070.2920293807983,1945.9990609169008,1185.264485359192,10,556.5649785455993,0.0,0.0,0.0,10,0.0,-0.2287509252595371,-0.3174805361198238,-0.4760127515998411,10,0.0886468486239368,-86.0752375,-134.4636925,-230.5142625,10,44.2252364180482,90.48712801532044,52.35075232953466,33.721067554344124,10,18.04031925773376,76.94554223216502,50.906566458773725,22.35216431848955,10,15.608184828757054,0.0,0.0,0.0,10,0.0,0.0,0.0,0.0,10,0.0,0.0,0.0,0.0,10,0.0,0.0,0.0,0.0,10,0.0,-25.91574800329067,-40.374435725175616,-72.79107843281585,10,13.94686639538334,-1.490174467732873,-3.325090844400774,-5.436925836543729,10,1.137797412570719,472.36231045354486,331.76136534569207,201.64239054767023,10,96.38275421261451,521.319929195219,351.5403665003806,224.46844832327645,10,84.35223020136654,0.0,0.0,0.0,10,0.0,-3.638320693085083,-5.40304742207649,-10.557440154357128,10,2.1258097035848413,41.62952276432605,28.51916631311205,17.289673426113534,10,7.386601955845736,9.403702828538922,6.157427298155054,2.9009209568565586,10,1.920652041530544,603.9435537152575,395.1818336692394,232.9547096897866,10,107.57158711954048,0.0,0.0,0.0,10,0.0,0.0,0.0,0.0,10,0.0,0.0,0.0,0.0,10,0.0,1516.0666936306388,873.7684154273677,529.3675976410298,10,293.00801041812366,0.0088495575221238,0.0060076687595511,0.0032154340836012,10,0.0016180080868589,4.675932,-0.3074459,-4.6071315,1000,1.1036025,1000,360.27255639097746,66,532,196.0888890394941,11072.75548028946,3878.493609454287,720.8708152770996,532,2139.307578386845,74846.0,185.01966524124143,200000.0,35.0,6276.787919044495,7000000.0,1080.966175888526,35000.0
3.877327e-08,2.7855203e-09,109.18522,0.00027525585,3.1634134e-10,0.008459559,12.171566,173.39311,173.3803,14.262912,764.0427,562.74164,763.257,1.0,-0.23541826,-1.0,2030,0.8640826,0.2993011328361754,0.2591543719253327,0.2301578777924896,10,0.019177109927169,486,203.0,74,10,113.461887874299,5291.50089263916,2214.52979016304,789.8812274932861,10,1252.974214280392,0.0,0.0,0.0,10,0.0,-0.1953884987924768,-0.356324841435167,-0.7883121067792167,10,0.1595841991062542,-57.672975,-149.13852375,-351.40644999999995,10,79.83861418506191,150.43053844082368,60.51278633791892,20.19505381724089,10,34.900182512786266,149.3128016728936,56.47194818762881,13.869341080707269,10,38.88041075345551,0.0,0.0,0.0,10,0.0,0.0,0.0,0.0,10,0.0,0.0,0.0,0.0,10,0.0,0.0,0.0,0.0,10,0.0,-15.769220209624027,-43.992589735918855,-102.05645363398166,10,23.38175638756826,-0.8235512170088218,-3.3558715490335587,-8.164731662959658,10,1.992240292102993,913.9681313361692,402.6485732369132,154.67466563730534,10,221.2375471230144,971.4475121516198,415.9305078393549,130.09646834489436,10,232.5250889758016,0.0,0.0,0.0,10,0.0,-2.095322704308642,-5.523551697504397,-12.361226253204444,10,2.8688388887604885,74.09173688942649,31.841462638211446,5.511828362621938,10,21.27577610383484,11.19523708885296,7.4764938027907135,5.567791491314631,10,1.55773654181183,1046.930599730134,442.0845766542019,174.832446873932,10,247.62780712426783,0.0,0.0,0.0,10,0.0,0.0,0.0,0.0,10,0.0,0.0,0.0,0.0,10,0.0,2348.691321799456,956.723285185646,344.4897930540934,10,549.809925350736,0.0135135135135135,0.0064371985843335,0.0020576131687242,10,0.0032511100744813,4.3915524,-0.30326244,-4.9797525,1000,1.1049318,1000,454.9605263157895,66,380,273.7775143966295,11510.980735301971,4956.098722951507,710.6986055374146,380,3044.93018018357,75226.0,219.35384321212769,200000.0,36.0,6496.141770601273,7200000.0,911.7688437607568,36000.0
3.7817845e-08,2.7173204e-09,108.48226,0.00036741377,3.0810707e-10,0.008311167,12.169436,173.34337,173.33041,14.108851,835.49884,545.65424,834.9623,1.0,-0.25531363,-1.0,2906,0.85736465,0.2713357533037848,0.2525936194072432,0.2378244285897496,10,0.0110405260042161,610,290.6,125,10,146.03437951386653,6745.86910200119,3123.708386993408,1325.556351184845,10,1591.1481603060995,0.0,0.0,0.0,10,0.0,-0.2862763035383278,-0.474553276686208,-0.983373729055648,10,0.2032541623603152,-96.358475,-207.68587,-428.3234875,10,98.8038957149782,178.83099940016055,89.69030003540038,39.41866893232141,10,42.63345564610732,201.7032431994414,86.3120768977011,32.08863650706552,10,52.56722676258415,0.0,0.0,0.0,10,0.0,0.0,0.0,0.0,10,0.0,0.0,0.0,0.0,10,0.0,0.0,0.0,0.0,10,0.0,-28.338911094284,-60.8677763042404,-122.06688233146684,10,28.10020454234668,-2.26997958000005,-4.937607150197067,-11.375439089731003,10,2.6641396238489192,1246.9669783752656,550.7498299016983,271.56689375222373,10,308.23282136015746,1133.790812867312,556.2600460934602,212.41820689098589,10,260.9641496212734,0.0,0.0,0.0,10,0.0,-3.409260871638644,-7.726603988916476,-15.607662045500597,10,3.642217247730152,114.67311538151574,55.169443587386255,16.236040650878277,10,31.41064635811548,10.07985934237402,5.888898223923796,2.1502694572610563,10,2.176586007648323,1418.8843692572332,637.5030205754252,245.8958539200288,10,333.9022012083619,0.0,0.0,0.0,10,0.0,0.0,0.0,0.0,10,0.0,0.0,0.0,0.0,10,0.0,2903.331786284807,1364.1133027545725,599.6687667109322,10,674.2493161845856,0.008,0.0042825966298097,0.001639344262295,10,0.0018684696044322,4.3598247,-0.30833325,-4.6239257,1000,1.1013778,1000,646.8213058419244,88,291,325.3307104488929,11540.808785915377,7136.8172371961,859.7824411392212,291,3652.332689970488,75517.0,185.63354539871216,200000.0,37.0,6681.775326013565,7400000.0,1077.3914788430664,37000.0
3.690401e-08,2.649044e-09,107.66602,0.00040609486,3.0327657e-10,0.008207187,12.165508,173.26692,173.25366,13.834238,904.5458,530.72894,904.1038,1.0,-0.27226254,-1.0,3412,0.8537186,0.2592064408358843,0.2419914484311744,0.2309895690027814,10,0.0100255255629452,1000,341.2,170,10,230.8340529471334,10934.275265693665,3685.986204099655,1830.469705581665,10,2537.6393476202807,0.0,0.0,0.0,10,0.0,-0.2841206704806162,-0.5295991047837942,-1.4182968714248805,10,0.3114132961802873,-115.18805,-238.4487375,-682.7398625000001,10,156.82460974590705,314.2590759128994,102.43417753887177,35.32161054390359,10,75.67491236545237,359.5796397806923,105.94894174083,47.63397032272275,10,87.26005795110036,0.0,0.0,0.0,10,0.0,0.0,0.0,0.0,10,0.0,0.0,0.0,0.0,10,0.0,0.0,0.0,0.0,10,0.0,-33.671367382465064,-69.62663667083004,-198.82256710454547,10,46.117801265553965,-2.563248181087307,-5.500444469954345,-16.175787617585513,10,3.817827907315945,1930.1540740968403,663.1867145968494,370.05184282398784,10,435.2593523128534,1992.771296579594,670.7377695491581,313.2822173656093,10,466.2999814931307,0.0,0.0,0.0,10,0.0,-4.019880220777209,-8.516946059498363,-23.64459546309409,10,5.446641996103022,200.9502079784168,64.24910727898013,39.40262364988354,10,46.64424375932808,17.10938629542403,9.235095952816843,2.5068006296216896,10,5.250678686283485,2028.748465859256,718.4028299097539,384.7423739819354,10,463.1959020739304,0.0,0.0,0.0,10,0.0,0.0,0.0,0.0,10,0.0,0.0,0.0,0.0,10,0.0,4820.525053566172,1606.1886312005386,735.3071243789152,10,1134.6072999315609,0.0058823529411764,0.0036393213429684,0.0,10,0.0016283639626546,4.5787816,-0.31219617,-4.5387015,1000,1.1002871,1000,573.7823129251701,57,294,320.3607451516277,11469.798741817474,6323.911404624278,568.3585257530212,294,3605.6272720952834,75811.0,188.70566201210025,200000.0,38.0,6870.48099732399,7600000.0,1059.851611591684,38000.0
3.6038614e-08,2.5866163e-09,106.71231,0.0005089225,2.9647287e-10,0.00802806,12.166423,173.23506,173.22156,12.922646,970.4391,452.7605,970.4163,1.0,-0.27526695,-1.0,4765,0.8546647,0.2543666253191844,0.242795152570675,0.2342522257279486,10,0.0063795405534471,988,476.5,205,10,261.78321183758135,10989.303961753843,5081.185798215866,2237.8651547431946,10,2873.3004422037952,0.0,0.0,0.0,10,0.0,-0.3603557945312337,-0.7467611158894232,-1.477241842215578,10,0.3752653350060142,-147.1035875,-334.09468875000005,-682.5030125,10,179.60535239239871,304.30616896804486,143.15647045337155,47.47219740378653,10,83.16652985130592,339.9283560987732,155.84248104913237,61.05936361290353,10,93.86792822824891,0.0,0.0,0.0,10,0.0,0.0,0.0,0.0,10,0.0,0.0,0.0,0.0,10,0.0,0.0,0.0,0.0,10,0.0,-42.1028288279209,-97.29619240716276,-201.5732254733573,10,53.67845806086476,-3.002305604271693,-7.866540153911046,-16.438715017996596,10,4.402735134459409,1844.706708800348,902.3591694585916,370.2128789769456,10,470.03238604184,1982.2543321537096,868.7845160035847,333.4765774205446,10,523.1229543480439,0.0,0.0,0.0,10,0.0,-5.015980862387866,-11.773302018545394,-23.75997678468334,10,6.4529734622362005,196.89805365903567,88.87258832529147,31.26469351388677,10,50.10397965842946,22.35806684409784,12.442189168921736,2.619932764674928,10,6.1633766437154245,2215.303749925365,1008.1085297838566,457.9737338748112,10,559.0331722392255,0.0,0.0,0.0,10,0.0,0.0,0.0,0.0,10,0.0,0.0,0.0,0.0,10,0.0,4820.790329547819,2258.1399419708846,939.9861038361346,10,1297.8055182214237,0.0048780487804878,0.0027778882527389,0.0010121457489878,10,0.0013476990630945,5.0656033,-0.32443047,-4.9657125,1000,1.0975635,1000,885.5260869565218,85,230,251.96538188270387,11558.994085788729,9998.36075694561,824.6312584877014,230,2903.182220944549,76041.0,191.65568327903748,200000.0,39.0,7062.1366975307465,7800000.0,1043.5380604331665,39000.0
3.5234255e-08,2.5254625e-09,105.58277,0.0005840229,2.9327762e-10,0.007862599,12.168347,173.23505,173.22127,11.600628,1028.6874,357.5899,1029.2268,1.0,-0.28391188,-1.0,4514,0.8566128,0.2582473868001949,0.2433031452329045,0.233978301699211,10,0.0090490134029361,1000,451.4,185,10,240.48043579468165,11346.00752735138,5029.193189477921,2010.1643452644348,10,2766.0377512912405,0.0,0.0,0.0,10,0.0,-0.3214381723627587,-0.7116290264694058,-1.4867984029669086,10,0.3358109168062271,-127.2476625,-312.81569,-672.614525,10,159.24086265378872,309.21974583453203,136.78319078079426,53.96139181049739,10,76.01795652191123,370.7593655916501,151.81538332482063,48.82919381313655,10,97.12300057653576,0.0,0.0,0.0,10,0.0,0.0,0.0,0.0,10,0.0,0.0,0.0,0.0,10,0.0,0.0,0.0,0.0,10,0.0,-36.44872834396172,-91.82996822764838,-196.7294272038196,10,46.85768771320966,-3.2480321163796857,-7.686518678799196,-17.07938429947663,10,3.984712702463415,2033.624041211039,891.5593975135371,401.3760761229847,10,495.0117608404011,1947.404918845457,867.2813191443609,293.9436811701131,10,476.2900532164721,0.0,0.0,0.0,10,0.0,-4.517429738027726,-11.085465398698712,-22.683253474885312,10,5.236240563935981,202.2010633340074,86.0859622563517,35.39744814643598,10,51.03705152270908,14.69395976740672,9.442389976808858,2.385739903359108,10,4.137415289577437,2296.275661417661,1027.4007397665107,436.8270403507254,10,563.4056706379664,0.0,0.0,0.0,10,0.0,0.0,0.0,0.0,10,0.0,0.0,0.0,0.0,10,0.0,4894.181464362936,2193.145288617397,873.5693324101105,10,1180.176729089092,0.0054054054054054,0.0027425958765424,0.0,10,0.0014888496098013,4.442421,-0.32622743,-4.916953,1000,1.100758,1000,868.2958333333333,75,240,262.0838764898982,11672.140878200533,9877.620346355934,825.8260478973389,240,3043.180784480957,76281.0,189.296147108078,200000.0,40.0,7251.4328553676605,8000000.0,1056.5455401784309,40000.0
3.4509487e-08,2.470138e-09,104.362686,0.000562699,2.9062092e-10,0.0077863135,12.164294,173.22572,173.21167,10.178147,1073.2896,278.52985,1074.3296,1.0,-0.29332304,-1.0,3412,0.8556007,0.2490720347841913,0.238884091031559,0.2209051774001607,10,0.0078258781905254,969,341.2,74,10,246.53429781675408,11252.169841766356,3861.506438350677,784.184404373169,10,2879.872740545878,0.0,0.0,0.0,10,0.0,-0.135513873701422,-0.5966067380850804,-1.5309133916220623,10,0.3779472857236054,-48.71215,-237.34541125,-657.8114,10,166.95878530955684,300.9347581953717,106.2664076710986,20.525449136370906,10,77.28320212126535,347.0827882263485,108.97730919252032,14.554467202830503,10,90.78016161886846,0.0,0.0,0.0,10,0.0,0.0,0.0,0.0,10,0.0,0.0,0.0,0.0,10,0.0,0.0,0.0,0.0,10,0.0,-13.814725561858584,-68.35977053332766,-190.27355222317624,10,48.29555744620044,-1.0936552588831103,-5.973832937971117,-15.962129250416222,10,4.033869588843292,2005.233652589388,684.2550815860656,155.8929326333095,10,505.62654590745433,1993.196683334439,671.5706953200968,114.81904914119808,10,511.8883385091565,0.0,0.0,0.0,10,0.0,-2.0043630447570595,-8.278725504133979,-22.138710268485625,10,5.618092045717332,192.703595321185,59.53662193073419,1.2832545398091928,10,52.31034716760099,17.030264421984867,9.463872137666115,4.459880709277181,10,3.934073280705124,2288.0714602018265,802.50174179895,185.3167081492332,10,587.1858182695545,0.0,0.0,0.0,10,0.0,0.0,0.0,0.0,10,0.0,0.0,0.0,0.0,10,0.0,4809.697190312989,1672.7022524817414,334.6877864555255,10,1232.8595421815692,0.0135135135135135,0.005002639215686,0.001031991744066,10,0.0039319736860679,4.7532487,-0.32805613,-4.660094,1000,1.1032284,1000,870.519313304721,87,233,252.0775832875565,11778.114146232603,9989.092316697084,906.4136323928832,233,2946.2983141617783,76514.0,221.0423078536988,200000.0,41.0,7472.4751806259155,8200000.0,904.8041614385152,41000.0
3.3880593e-08,2.4272806e-09,103.24455,0.00049927906,2.8316724e-10,0.007760283,12.169572,173.18425,173.17041,9.289718,1099.0826,236.31837,1100.4364,1.0,-0.27625716,-1.0,2755,0.86405104,0.262545022309174,0.2478873256691805,0.2334069706454266,10,0.0076921146945519,424,275.5,141,10,79.6608435807706,4790.774745941162,3110.5076751708984,1588.427119255066,10,912.6090928275108,0.0,0.0,0.0,10,0.0,-0.3292569156438296,-0.4970742350893667,-0.7131800114539414,10,0.1074221976784204,-103.148175,-195.0972925,-291.72025,10,52.92501020567042,127.27917404062448,84.04109900729131,45.390249417447336,10,22.389248850440094,140.9651008678524,84.70980643263611,38.92876030025464,10,27.742226355358,0.0,0.0,0.0,10,0.0,0.0,0.0,0.0,10,0.0,0.0,0.0,0.0,10,0.0,0.0,0.0,0.0,10,0.0,-29.37364992250467,-57.38590945419516,-85.48141061669332,10,15.6537594328281,-2.483028396323102,-5.029715610087831,-7.353458015558506,10,1.4296006899610765,859.3173799083012,563.1335216852807,291.9623557887357,10,176.96068093761346,802.3320724900519,555.0956585351826,276.74688417099424,10,155.50812269692236,0.0,0.0,0.0,10,0.0,-3.04885678806896,-6.97705400157926,-10.510565411115564,10,2.095898184337129,77.69140266067265,48.86230849450226,16.148260463998724,10,17.128331584270143,16.160943113293236,8.337240643640376,2.9155135201790747,10,4.186397457321445,1006.3549132894484,629.429134791382,331.31864877490887,10,184.72835367092395,0.0,0.0,0.0,10,0.0,0.0,0.0,0.0,10,0.0,0.0,0.0,0.0,10,0.0,2084.715639611602,1345.8875191165184,687.7061037638637,10,392.1577554056617,0.0070921985815602,0.0039904224782448,0.0023584905660377,10,0.0013284960654721,4.519347,-0.33108434,-4.707337,1000,1.1042914,1000,823.9435483870968,61,248,298.0331303952891,11805.390605449677,9482.602531135804,614.626781463623,248,3505.144279533055,76762.0,186.0349917411804,200000.0,42.0,7658.510188579559,8400000.0,1075.066567467309,42000.0
3.3324444e-08,2.3831108e-09,102.244064,0.00046787318,2.8284466e-10,0.007711652,12.171383,173.15012,173.136,8.478131,1119.8038,202.99179,1121.5896,1.0,-0.26251113,-1.0,1944,0.8699197,0.2840338670046484,0.2526086270622641,0.2371578120003764,10,0.0142661971222484,354,194.4,67,10,92.29214484450992,4119.006306648254,2170.3129707813264,693.6347227096558,10,1074.6881480353998,0.0,0.0,0.0,10,0.0,-0.1750655372181701,-0.388286010248219,-0.639165324097414,10,0.1522531654133827,-47.3897375,-141.05404374999998,-251.3175875,10,64.8607124477819,111.3545068589094,58.79664043854416,16.50758816126755,10,30.46182283638564,114.16248926100934,59.83457134455775,23.019586199766017,10,30.354335881562765,0.0,0.0,0.0,10,0.0,0.0,0.0,0.0,10,0.0,0.0,0.0,0.0,10,0.0,0.0,0.0,0.0,10,0.0,-13.565484166483548,-41.44187995409533,-72.83446419963208,10,18.899791677156983,-1.5952324628487549,-3.313209545599711,-6.264395501772127,10,1.709503645018415,805.5225833697464,407.129585255872,138.51860216070503,10,200.2079575912257,735.774018746916,378.7718458803673,84.16570164016407,10,197.63780597143696,0.0,0.0,0.0,10,0.0,-2.0460130369474587,-5.024979551674166,-8.264033934837483,10,2.076476078771824,65.52451937400716,33.320509791116216,3.356011398182691,10,20.19950715536354,19.88322699030649,7.575295683479773,1.4383053286799852,10,4.925559348664672,847.1361052174672,438.0091023470022,178.16544816184333,10,216.45399311230068,0.0,0.0,0.0,10,0.0,0.0,0.0,0.0,10,0.0,0.0,0.0,0.0,10,0.0,1704.585714013601,937.7009369133835,296.26724673762624,10,453.4161202355085,0.0149253731343283,0.0066703295088816,0.0028248587570621,10,0.0035980810578722,4.6723337,-0.33636495,-5.1075563,1000,1.1041887,1000,860.0296610169491,59,236,277.6625405206105,11847.088790893557,9955.049973465628,676.8761010169983,236,3270.502265947033,76998.0,184.96517825126648,200000.0,43.0,7843.475375652313,8600000.0,1081.2846065993538,43000.0
3.2797036e-08,2.3463846e-09,101.32092,0.0003670003,2.7737843e-10,0.0077386736,12.171236,173.1144,173.10036,8.1521015,1130.4006,196.63095,1132.2712,1.0,-0.3133711,-1.0,5935,0.8525694,0.2508328338898566,0.2362017190053898,0.2258202016810711,10,0.0084065085915182,1000,593.5,277,10,277.3558183993983,11777.91512966156,6841.88130774498,3011.8284878730774,10,3383.594518776317,0.0,0.0,0.0,10,0.0,-0.4964347135297718,-0.9970712963927248,-1.7038047888337746,10,0.4546624930707015,-197.177625,-401.58114875,-665.9629875,10,180.09646795772082,322.2797089666884,186.46815240489383,80.08380202877721,10,91.51824277524024,370.4398394959182,205.72402693181783,75.71598036166442,10,107.26336711072813,0.0,0.0,0.0,10,0.0,0.0,0.0,0.0,10,0.0,0.0,0.0,0.0,10,0.0,0.0,0.0,0.0,10,0.0,-57.85953496694255,-116.05359398488352,-192.9854736584448,10,50.98744970720523,-4.538100711093962,-9.131979645504426,-15.872505651101967,10,4.11675661187806,2206.070290268324,1268.082496800066,576.5262789946327,10,604.6884328695575,2054.5709532568544,1203.9788442732806,481.6163588390663,10,613.2527032666017,0.0,0.0,0.0,10,0.0,-7.796582233981675,-14.09352669135648,-23.370944626306525,10,6.196801582424598,205.02315498190328,114.45425735623856,43.21054803327793,10,56.238375804739,15.262767499303784,11.2364232021739,4.211306518475405,10,3.354460013096524,2465.3542628901005,1404.5929389894695,609.7023575089006,10,724.9998515034565,0.0,0.0,0.0,10,0.0,0.0,0.0,0.0,10,0.0,0.0,0.0,0.0,10,0.0,4966.693600403062,2876.194433901413,1333.6940180057743,10,1382.952051019721,0.003610108303249,0.0020264338556606,0.0,10,0.0011306842054796,4.839081,-0.33683258,-4.6828823,1000,1.1052368,1000,835.1619433198381,57,247,291.9551399339894,11914.20929813385,9702.167708163804,605.6696109771729,247,3471.0665254793,77245.0,194.1229996681213,200000.0,44.0,8037.598385095596,8800000.0,1030.2746214612705,44000.0
3.228346e-08,2.3101423e-09,100.62912,0.00029361076,2.725349e-10,0.0077567175,12.173633,173.09625,173.08208,8.356325,1134.04,211.63858,1135.8065,1.0,-0.32420546,-1.0,8420,0.84721375,0.2409618462419333,0.2293355366989772,0.222089727608201,10,0.0059378229316792,1000,842.0,135,10,259.4220499494984,12112.172770023346,9843.353495311738,1222.93625497818,10,3183.321590584514,0.0,0.0,0.0,10,0.0,-0.2575663306249895,-1.3649073221571233,-1.670226749882111,10,0.4000794164037616,-101.60864999999998,-561.4509512499999,-667.4432999999999,10,166.69091555124464,335.8723972390142,273.3318216654909,50.811177753728,10,83.59551957173178,379.4111047817306,306.38914449785995,27.218200559044817,10,104.39598656536864,0.0,0.0,0.0,10,0.0,0.0,0.0,0.0,10,0.0,0.0,0.0,0.0,10,0.0,0.0,0.0,0.0,10,0.0,-26.94506238006592,-160.71423499203885,-192.42339850002733,10,48.25023273507694,-2.228714174806723,-12.75974105915758,-15.95043208587381,10,3.813821065053734,2269.646504459908,1836.5601981834943,255.6150019989361,10,574.979374328193,2251.8775613517782,1718.351493646059,206.3036596116742,10,562.2279626911626,0.0,0.0,0.0,10,0.0,-3.749228078216764,-19.417713978496312,-23.22599082230193,10,5.702072489931098,210.66694729751524,168.39001035243933,29.61180432250805,10,51.39016840574213,15.312079957144263,12.79086276443608,9.713683436889289,10,2.0644126132773803,2566.6036976068062,2091.328769350904,314.2874943417055,10,683.4359609298353,0.0,0.0,0.0,10,0.0,0.0,0.0,0.0,10,0.0,0.0,0.0,0.0,10,0.0,4937.643894777164,4035.547308810566,434.8900496177336,10,1318.5814593140944,0.0074074074074074,0.0011355541675123,0.0,10,0.0021721782342479,4.898522,-0.33993098,-5.154545,1000,1.104503,1000,820.0247933884298,73,242,311.30183760464973,11958.67069387436,9551.314618853496,845.7073907852173,242,3723.386218407751,77487.0,200.55791974067688,200000.0,45.0,8238.156335353851,9000000.0,997.2181615096612,45000.0
3.1781845e-08,2.276633e-09,100.05191,0.00024964576,2.6591457e-10,0.007754505,12.176634,173.11583,173.10172,8.275541,1139.329,201.92592,1141.1212,1.0,-0.32954353,-1.0,8713,0.8453595,0.2374833129681196,0.2255290151548692,0.2184054842264064,10,0.0045691680659248,1000,871.3,138,10,270.32056895471345,12101.880978107452,10324.62093706131,1609.2524766921997,10,3257.200106918835,0.0,0.0,0.0,10,0.0,-0.2700317290859604,-1.39200148019184,-1.6874961435881484,10,0.4161216859485772,-93.753125,-575.9599874999999,-661.0680875,10,175.23874366843856,359.79828574585895,292.33240554762995,51.05163630656622,10,91.6187859071127,382.0454440313836,318.75275138186703,47.84645444385328,10,103.92647073249532,0.0,0.0,0.0,10,0.0,0.0,0.0,0.0,10,0.0,0.0,0.0,0.0,10,0.0,0.0,0.0,0.0,10,0.0,-25.10545805032108,-164.67072215490626,-189.8565817545692,10,50.55603289658246,-1.5749610050057716,-13.135666893391704,-17.279896878171314,10,4.209262326805643,2314.653804995228,1922.8027806649045,301.59014493516827,10,603.8952316982669,2188.4690247768367,1817.9925896203329,330.04414662746217,10,569.8582786706692,0.0,0.0,0.0,10,0.0,-3.114710248776208,-19.515263630713463,-22.771432717082504,10,5.88836640631792,209.50854731019828,172.69488218974868,16.91432390459267,10,56.79904865008248,22.30681381674421,13.255541395472443,9.755396637477944,10,3.955017363297646,2645.0006618648013,2237.1125065449305,352.51882883003543,10,705.5783429406638,0.0,0.0,0.0,10,0.0,0.0,0.0,0.0,10,0.0,0.0,0.0,0.0,10,0.0,4853.820442547185,4164.204355137184,598.6862241142844,10,1322.6903528747205,0.0072463768115942,0.0009921990503941,0.0,10,0.0021546853896,4.655384,-0.34448043,-4.6465626,1000,1.1042006,1000,884.7433628318585,96,226,258.90216756035943,11985.455870628355,10352.27853742532,1091.9051299095154,226,3114.33182509105,77713.0,227.10153079032887,200000.0,46.0,8465.257877111435,9200000.0,880.6633724747967,46000.0
3.1291634e-08,2.2412094e-09,99.44849,0.00024736222,2.62121e-10,0.007708518,12.183833,173.15614,173.14194,8.119648,1145.4225,193.85512,1147.231,1.0,-0.3216647,-1.0,7752,0.8519204,0.2497219556738954,0.2335564136611759,0.2235021624020067,10,0.0073101852586089,1000,775.2,183,10,292.91835039819546,11963.329048633575,9018.816451764107,2044.6906342506409,10,3507.0530840653687,0.0,0.0,0.0,10,0.0,-0.3710569586674082,-1.2511180979456182,-1.683255491940797,10,0.4425258356855707,-133.56366250000002,-518.3955687499999,-674.0553625,10,188.52348694170112,349.77027655193706,261.0893141771094,68.14547552968304,10,102.69138921406542,375.09863500278254,276.7592996927769,50.03115026994459,10,117.13257338964252,0.0,0.0,0.0,10,0.0,0.0,0.0,0.0,10,0.0,0.0,0.0,0.0,10,0.0,0.0,0.0,0.0,10,0.0,-38.455307725170215,-150.4729646900296,-195.22768242584505,10,54.6499627881651,-3.4350920180054967,-11.857070135683454,-17.231082386447923,10,4.763025479537764,2292.280473997251,1692.2651802413668,352.0078639868828,10,639.6824341856467,2108.656466351479,1576.3508955957518,404.0040968570916,10,583.5043096665909,0.0,0.0,0.0,10,0.0,-4.490337042451936,-17.77338393968467,-23.49151066503453,10,6.52576509042377,220.2277166625483,156.58040670027896,22.57911265097284,10,60.14542915111134,20.42184229932745,11.850940175942958,6.71014989920846,10,4.157777276566657,2617.190920944297,1915.221981860124,408.6636106736906,10,795.566266535907,0.0,0.0,0.0,10,0.0,0.0,0.0,0.0,10,0.0,0.0,0.0,0.0,10,0.0,4875.8679898385,3682.153439515098,875.1454208134735,10,1419.1077731823666,0.0054644808743169,0.001130360746453,0.0,10,0.0016931390809743,4.519216,-0.34721828,-4.7380004,1000,1.1040382,1000,869.2801724137931,61,232,269.4426622262267,12031.812534809113,10148.090499835796,661.9018039703369,232,3246.5657066763024,77945.0,197.03606867790225,200000.0,47.0,8662.293954372406,9400000.0,1015.0425825179396,47000.0
3.0813187e-08,2.2055138e-09,98.91558,0.00018522491,2.5954167e-10,0.007728023,12.189054,173.19159,173.17743,7.9136443,1149.6852,178.83891,1151.544,1.0,-0.32101798,-1.0,7930,0.8529618,0.2501748959259101,0.23356852736825,0.2269041695052573,10,0.0065260589926732,1000,793.0,268,10,253.1311912823072,12011.313915252686,9139.033792686463,2920.6856746673584,10,3028.828840662324,0.0,0.0,0.0,10,0.0,-0.5172379704857522,-1.293902661431211,-1.6976099554529351,10,0.3933066647428269,-194.8288625,-530.1768825,-674.1935249999999,10,162.74921285876806,342.74598279097813,260.9773312489377,86.53587134530552,10,85.48392806124538,373.3522491932239,278.4148661483971,81.52791324438354,10,96.88188985115686,0.0,0.0,0.0,10,0.0,0.0,0.0,0.0,10,0.0,0.0,0.0,0.0,10,0.0,0.0,0.0,0.0,10,0.0,-56.40280871108776,-154.63185978906046,-196.1460224192672,10,47.47778891594142,-3.980353809329265,-12.281735938387037,-16.94906001366615,10,4.142700590469268,2319.6056869170307,1746.6638214264065,573.0116774344531,10,560.3485828981246,2189.491042716886,1542.936417283896,478.0582846048103,10,553.5993456436055,0.0,0.0,0.0,10,0.0,-6.34938144184137,-18.187855939134103,-23.00734269391953,10,5.757003607823462,219.1483223854275,159.6861282743498,51.87128598669209,10,52.704651956352535,27.37953634618665,13.508224096716145,5.051498329645901,10,6.518227966383996,2588.114245061121,1929.1617740769348,546.6119321087559,10,684.2203046842833,0.0,0.0,0.0,10,0.0,0.0,0.0,0.0,10,0.0,0.0,0.0,0.0,10,0.0,4853.9523341894055,3774.005880877818,1292.3371206773318,10,1199.5384539426557,0.003731343283582,0.0010146984062521,0.0,10,0.0012153086207265,4.7202754,-0.34685147,-4.6426463,1000,1.1055994,1000,869.9021276595745,79,235,266.4866668568886,11989.086789608002,10173.210230790808,718.1263165473938,235,3233.345674442593,78180.0,198.720360994339,200000.0,48.0,8861.014326810837,9600000.0,1006.439395536814,48000.0
3.0345873e-08,2.1717699e-09,98.48181,0.00017496683,2.5589977e-10,0.007703578,12.194718,173.21867,173.20433,7.962245,1151.137,181.33113,1152.9678,1.0,-0.32522604,-1.0,7835,0.85354894,0.2494799417354012,0.2329213015092196,0.2269785739056087,10,0.0061765865051412,1000,783.5,283,10,255.05146539473165,11808.940670013428,9107.427414751051,3178.225694656372,10,2979.404643080086,0.0,0.0,0.0,10,0.0,-0.4901730309490483,-1.2696206891109836,-1.6815357941666509,10,0.4062042748028491,-201.7369875,-521.05618375,-664.561625,10,164.94434917730777,329.8021612320733,252.0678041470572,78.20563932231924,10,85.14892609545706,372.37432252501054,277.52868029276635,80.39215721524253,10,101.41159419915763,0.0,0.0,0.0,10,0.0,0.0,0.0,0.0,10,0.0,0.0,0.0,0.0,10,0.0,0.0,0.0,0.0,10,0.0,-59.602592897264095,-152.5815299724417,-195.655425218525,10,47.88605269143337,-4.295599601533633,-10.78650996683133,-14.801572215408685,10,3.1905096437932103,2375.818568480004,1797.3633264589232,684.3944485431234,10,556.2937830488119,2125.8901603016348,1585.2607984788565,611.12269922308,10,505.1545778980295,0.0,0.0,0.0,10,0.0,-6.711088290656823,-18.344903645379503,-23.425829168515413,10,5.788360709463763,187.1547919208718,146.0895544410834,55.5276611119496,10,47.83462360761455,20.879041185685217,14.032582186929991,6.35329618786749,10,3.336124329225312,2550.3427261986344,1897.079311591007,597.70632848013,10,642.8318743524889,0.0,0.0,0.0,10,0.0,0.0,0.0,0.0,10,0.0,0.0,0.0,0.0,10,0.0,4841.0868857607065,3693.853682256853,1273.0384589055873,10,1224.2596968483326,0.0035335689045936,0.001023084455067,0.0,10,0.0011900881817244,4.7042603,-0.34476382,-4.664116,1000,1.1079539,1000,868.604347826087,87,230,246.35800209956184,12007.731718063354,10166.375233579718,875.7713875770569,230,2998.54486464678,78410.0,197.478830575943,200000.0,49.0,9058.493168115616,9800000.0,1012.766783238001,49000.0
2.988904e-08,2.1403355e-09,98.096924,0.00011742618,2.5078836e-10,0.007730326,12.198221,173.22136,173.20705,8.082104,1151.3904,187.68463,1153.212,1.0,-0.32372093,-1.0,7835,0.8608109,0.2539424418707149,0.2381852692847896,0.2312438839256813,10,0.0080019172835542,1000,783.5,237,10,280.81817961093617,11846.369487285614,9141.139876568315,2411.506666660309,10,3344.803489511031,0.0,0.0,0.0,10,0.0,-0.460792815118863,-1.299686525571531,-1.624603169217032,10,0.4227716110671972,-176.4335125,-524.4372175000001,-675.6343625,10,179.5540184423812,332.86506704703584,254.3237009680131,82.78536115632528,10,91.8153420591668,364.077613574426,271.6201612072563,66.88281819942615,10,105.31156725720282,0.0,0.0,0.0,10,0.0,0.0,0.0,0.0,10,0.0,0.0,0.0,0.0,10,0.0,0.0,0.0,0.0,10,0.0,-50.25647650988162,-156.044259840656,-203.4345836030823,10,54.15067063662149,-3.3283369241831213,-11.824900090986684,-16.056919742810166,10,4.118800301888563,2322.7308946935145,1769.930659957444,463.9176184859241,10,645.5097156444791,2123.803077077926,1602.2928323446306,400.68280097908064,10,588.1129152084147,0.0,0.0,0.0,10,0.0,-6.288585690544784,-18.89534272443468,-24.46085335253398,10,6.663920981161516,201.33336093548783,143.68431048713586,33.85044370540106,10,55.74254357537874,20.542192617313205,13.288985109673632,8.948114918288564,10,3.354813874836222,2516.538924097398,1885.629845403308,481.1549328230096,10,696.2744625485836,0.0,0.0,0.0,10,0.0,0.0,0.0,0.0,10,0.0,0.0,0.0,0.0,10,0.0,4944.619243277514,3761.413422475315,1055.4124535753017,10,1365.577972316442,0.0042194092827004,0.0012301197794553,0.0,10,0.0013532248459245,5.119447,-0.34059888,-4.8914313,1000,1.1104708,1000,811.6733870967741,62,248,278.01059204957176,12105.091896057129,9498.03722057035,704.6288795471191,248,3358.299557838125,78658.0,196.55065488815308,200000.0,50.0,9255.043839216232,10000000.0,1017.5493951613124,50000.0
2.9442772e-08,2.1068023e-09,97.81669,8.6702545e-05,2.4861957e-10,0.0077386326,12.197031,173.20872,173.19441,8.373458,1148.245,201.57378,1149.9828,1.0,-0.3327264,-1.0,8171,0.8573281,0.2535198789516894,0.2343861096614102,0.2288818069359187,10,0.0081918773429371,1000,817.1,367,10,279.553375940982,12033.806822299955,9585.827871727945,4222.786098003387,10,3364.4166358091265,0.0,0.0,0.0,10,0.0,-0.6277413442039883,-1.373904970559026,-1.6979491064075212,10,0.4490574356740548,-259.0546875,-543.2115275,-665.5090249999998,10,177.41612569461412,325.4178750117174,260.1041028035069,112.64878499859132,10,88.76339336155135,366.8366369314812,288.9468932593569,113.13892067497606,10,108.90009253845734,0.0,0.0,0.0,10,0.0,0.0,0.0,0.0,10,0.0,0.0,0.0,0.0,10,0.0,0.0,0.0,0.0,10,0.0,-76.60209179968753,-159.6953133567946,-195.6236240179207,10,51.75261845308801,-5.459820449732206,-12.075616223825588,-14.977877305243457,10,3.951341016955326,2360.412563652474,1864.2824256059296,877.0776751884417,10,633.5832131230519,2223.4384557503254,1706.894428672918,744.3718635036983,10,591.402470067879,0.0,0.0,0.0,10,0.0,-8.4844900489559,-19.396528286916915,-24.164621812001272,10,6.706500947464453,183.31727115665808,146.34584624201185,75.18570945059861,10,43.56358106795378,16.87519446323265,13.974789942987869,9.8650631501488,10,1.9773104683796423,2496.6758937742325,1962.2268346563465,777.7913734596954,10,719.0313735858762,0.0,0.0,0.0,10,0.0,0.0,0.0,0.0,10,0.0,0.0,0.0,0.0,10,0.0,4898.469671018374,3923.9033253031935,1736.6418023619676,10,1376.9175470304883,0.0027247956403269,0.000770189109656,0.0,10,0.0011782717575939,4.9343705,-0.34266776,-5.316012,1000,1.1114509,1000,831.655601659751,86,241,289.60562979484774,12058.866505146028,9773.381315803626,873.9834394454956,241,3483.836370362654,78899.0,231.74623203277588,200000.0,51.0,9486.79008245468,10200000.0,863.012952770313,51000.0
2.9006545e-08,2.0758937e-09,97.61343,3.1426724e-05,2.4462973e-10,0.0077776485,12.199829,173.18901,173.17458,8.428774,1148.9634,200.41367,1150.693,1.0,-0.33412075,-1.0,7062,0.8602433,0.2688380848056868,0.240683072206719,0.2289421538533223,10,0.014583821089777,1000,706.2,106,10,373.8541961781357,11926.232027053831,8234.566707277298,1152.7396097183228,10,4479.04000938025,0.0,0.0,0.0,10,0.0,-0.2328525434951237,-1.2222283067009023,-1.7799309437066828,10,0.6107261458019291,-79.6802875,-470.3406775,-664.6208375,10,240.29954249703871,326.4710715822735,220.7108703791451,32.69799998645652,10,118.38606397812524,365.8711182062351,252.6869732876699,35.80399819071847,10,139.56293548663285,0.0,0.0,0.0,10,0.0,0.0,0.0,0.0,10,0.0,0.0,0.0,0.0,10,0.0,0.0,0.0,0.0,10,0.0,-24.491463407417854,-139.05765428072095,-197.1394505178976,10,70.40932744110279,-2.421589812467392,-11.41332568547466,-16.84321630648649,10,5.690684399400102,2278.802530588573,1564.1546289295309,222.6971592892959,10,857.371369223007,2174.312956671089,1438.781453440745,177.35362868065724,10,783.450978613023,0.0,0.0,0.0,10,0.0,-3.03973896084577,-17.438560203562055,-24.85633931790252,10,9.044129306796354,180.9829206397804,120.46672478311592,4.360290279134551,10,66.52920848493437,22.33517674995199,12.098404478666115,5.219491422321039,10,4.49654915198144,2470.7964028451734,1685.630679354875,253.7834483123873,10,944.4501174683692,0.0,0.0,0.0,10,0.0,0.0,0.0,0.0,10,0.0,0.0,0.0,0.0,10,0.0,4930.102260640346,3444.673932471064,504.7634753126049,10,1832.1461370356224,0.0094339622641509,0.0021347833861633,0.0,10,0.0031788169552408,4.968162,-0.34804592,-5.463753,1000,1.1104927,1000,863.9288888888889,77,225,287.89938722656586,12094.6640291214,10173.65816853894,820.0456600189209,225,3459.2311698995613,79124.0,197.7948536872864,200000.0,52.0,9684.584944486618,10400000.0,1011.1486536257408,52000.0
2.8580612e-08,2.0471698e-09,97.41882,1.825794e-05,2.3927935e-10,0.007775248,12.200013,173.17516,173.1608,8.207156,1152.8557,189.76523,1154.6112,1.0,-0.33266813,-1.0,7708,0.8624486,0.2777139864596004,0.2396176115913714,0.2286460386511046,10,0.0139177781139536,1000,770.8,86,10,352.5512161374571,11889.91763830185,8982.604329919815,914.9027729034424,10,4190.413727812768,0.0,0.0,0.0,10,0.0,-0.1828996433711445,-1.3465781574889633,-1.7715092514294302,10,0.595983313703927,-58.0874625,-516.783015,-673.167175,10,231.9450533075893,318.16284124418576,237.52154934367027,25.607588681534,10,108.76791435149792,368.8529248928364,276.3345303517161,25.23045878630287,10,130.01146700791097,0.0,0.0,0.0,10,0.0,0.0,0.0,0.0,10,0.0,0.0,0.0,0.0,10,0.0,0.0,0.0,0.0,10,0.0,-17.562968240200142,-152.8600147374005,-199.9974417096362,10,68.03800770978202,-1.659060030069444,-13.199124078670597,-17.615185525561742,10,5.872881692039133,2256.337313224464,1694.0066077721276,166.8470953309637,10,785.4206663719655,2105.6607918673376,1519.4261356687855,138.91481887259056,10,736.2509851275744,0.0,0.0,0.0,10,0.0,-2.4625944007934923,-19.54665187126861,-25.74199725109168,10,8.706899990955197,182.9196676731576,128.4379043131036,2.749188957965864,10,64.03433048965199,14.791918948065442,9.626148089963957,5.817840171324905,10,2.9384641773848075,2496.632672166602,1885.9299278692167,213.2635711715646,10,873.5774549657284,0.0,0.0,0.0,10,0.0,0.0,0.0,0.0,10,0.0,0.0,0.0,0.0,10,0.0,4950.334665084372,3786.897096037152,399.40679338070777,10,1744.5957778714962,0.0116279069767441,0.0024089287350389,0.0,10,0.0042054863364018,4.70603,-0.35042563,-4.62003,1000,1.1099653,1000,901.4181818181818,87,220,255.1487224708609,12082.31935930252,10619.847340692171,1011.4626603126526,220,3069.7989416020832,79344.0,196.90784907341003,200000.0,53.0,9881.492801904678,10600000.0,1015.7035432621946,53000.0
2.8164838e-08,2.0159812e-09,97.27629,1.34661905e-05,2.37206e-10,0.0077686366,12.198445,173.154,173.13956,7.8666043,1158.5629,174.19371,1160.3975,1.0,-0.33568275,-1.0,9334,0.85899895,0.23896675317912,0.2329304073324714,0.2290408876684652,10,0.0027122154066273,1000,933.4,334,10,199.8,11945.33815908432,10983.075092220306,3638.104121685028,10,2453.5906442790706,0.0,0.0,0.0,10,0.0,-0.5918110374495281,-1.692185775968292,-1.905703125219078,10,0.3707582053449134,-223.66535,-628.6670075,-689.1150749999999,10,135.17372357042728,320.9443239925296,288.4739494713399,110.46343167546404,10,59.75299813000253,376.1567257937035,341.11434149383666,118.67004953880507,10,74.34653190950442,0.0,0.0,0.0,10,0.0,0.0,0.0,0.0,10,0.0,0.0,0.0,0.0,10,0.0,0.0,0.0,0.0,10,0.0,-66.77616925022019,-182.51989644370047,-200.97494878238007,10,38.64338566384907,-4.826576020135933,-16.189654355048223,-18.280631158783592,10,3.8286495213603815,2305.1991964223453,2069.951151890497,706.0676494973959,10,457.3506305838833,2199.228769364117,1922.5456203871388,574.6479778795392,10,455.5397387787024,0.0,0.0,0.0,10,0.0,-8.040837207560797,-23.49423695896336,-25.78294325300908,10,5.160939040242567,181.77938442677856,154.16016916908717,58.99772564756266,10,32.81668554853395,15.170869080373157,11.693660075240828,8.595764589989589,10,2.523265208362448,2547.287687625559,2314.7121985731906,733.1561652436221,10,528.0245971343408,0.0,0.0,0.0,10,0.0,0.0,0.0,0.0,10,0.0,0.0,0.0,0.0,10,0.0,4940.155978748649,4556.129815145041,1566.700131805154,10,998.7286037993532,0.0029940119760479,0.0002994011976047,0.0,10,0.0008982035928143,4.588028,-0.349895,-4.648122,1000,1.109878,1000,906.1238938053098,109,226,247.8634413044424,12175.414866447449,10676.763365575698,1111.1960339546204,226,3001.43039827795,79570.0,200.82185697555545,200000.0,54.0,10082.31467628479,10800000.0,995.9075322381096,54000.0
2.7758993e-08,1.9911846e-09,97.0846,3.7992282e-05,2.2953511e-10,0.0077287746,12.194829,173.12009,173.10585,7.5818224,1163.1163,171.26112,1165.0247,1.0,-0.33606425,-1.0,8550,0.85325414,0.2447647256027468,0.2310303050749293,0.2224594636605381,10,0.006786944251372,1000,855.0,312,10,256.9315083830708,11979.07942867279,10064.403427028656,3516.0970549583435,10,3147.4159223263287,0.0,0.0,0.0,10,0.0,-0.6584904527110744,-1.5616434920240203,-1.866707288974042,10,0.4551081976516282,-226.8825625,-575.4112849999999,-677.1146749999999,10,166.44995560445636,310.8740235794835,262.9415428930656,106.13312566842006,10,75.78805324390353,373.6491744159252,308.2205611973186,96.74330660379904,10,100.26199834284417,0.0,0.0,0.0,10,0.0,0.0,0.0,0.0,10,0.0,0.0,0.0,0.0,10,0.0,0.0,0.0,0.0,10,0.0,-63.95117318018738,-164.0502824797077,-193.5722795525521,10,46.96420262819203,-5.496468054099282,-14.402509048686143,-17.69386461064093,10,4.560131130656165,2360.8409368101647,1953.449024584464,704.9054278035998,10,599.831349062965,2149.659479080716,1785.2593391158043,609.1670292499005,10,555.769495678011,0.0,0.0,0.0,10,0.0,-7.380777774852258,-21.38333920458633,-25.80406738917268,10,6.607054425811853,162.91318781705007,135.81085076615375,51.25670902523446,10,37.315041145288085,15.122653732724403,11.623778996822097,8.588444758044256,10,2.589828872643731,2545.0174583896114,2098.18857051289,682.6489583483702,10,682.9421330780685,0.0,0.0,0.0,10,0.0,0.0,0.0,0.0,10,0.0,0.0,0.0,0.0,10,0.0,4902.8810292342,4126.812219210658,1499.1883447550915,10,1278.7205726386824,0.0032051282051282,0.0006958918380992,0.0,10,0.0011600367067354,4.70109,-0.3434098,-4.973674,1000,1.1113312,1000,843.6906779661017,74,236,290.8337257176248,12166.538552761078,9951.769720886725,757.3076486587524,236,3529.1138027463267,79806.0,198.0864264965057,200000.0,55.0,10280.401119709017,11000000.0,1009.6602959492938,55000.0
2.7363326e-08,1.960695e-09,96.9644,-1.0651564e-05,2.2837125e-10,0.0077678044,12.195168,173.07335,173.0591,7.542725,1166.1992,176.14597,1168.174,1.0,-0.3359613,-1.0,8499,0.85141593,0.2622521614577792,0.2330019920556404,0.2244921125163004,10,0.0137047595661949,1000,849.9,227,10,300.3685902353973,11925.788128376009,9862.655738830566,2611.9184250831604,10,3575.0206965681773,0.0,0.0,0.0,10,0.0,-0.4371858751478264,-1.5434708485006443,-1.8725943369058744,10,0.5458861667295024,-169.36748749999998,-571.7815587499999,-680.9042750000001,10,194.75212749018465,318.6910076897516,264.39313417477285,64.02908137691577,10,96.67985480884413,378.940660125637,311.7639169977866,69.1251715127024,10,118.83751425907948,0.0,0.0,0.0,10,0.0,0.0,0.0,0.0,10,0.0,0.0,0.0,0.0,10,0.0,0.0,0.0,0.0,10,0.0,-50.47618874205139,-162.22903807578493,-191.57647520405845,10,53.61091695569389,-3.1837956317662286,-14.257647708570932,-18.36274031945522,10,5.49404264563441,2395.471564353121,1964.933540190294,567.7309956208653,10,698.3456284631525,2270.147727799277,1766.113368542004,466.7633862441736,10,638.5515301335312,0.0,0.0,0.0,10,0.0,-5.41275758959287,-20.93574202844348,-25.28565070841812,10,7.53046956956063,175.5922653394466,139.6580464766129,54.37714958030684,10,38.11386053956171,15.580533071082534,9.79563681529148,4.892010289179708,10,2.542463897515045,2464.6095046126466,2017.1284328205263,464.08098540276,10,742.8893027146372,0.0,0.0,0.0,10,0.0,0.0,0.0,0.0,10,0.0,0.0,0.0,0.0,10,0.0,4858.767036925023,4002.493193709207,1081.8828650334772,10,1458.3136260844592,0.0044052863436123,0.0008081756931847,0.0,10,0.0016245462210977,4.597872,-0.3396783,-5.067486,1000,1.1127456,1000,846.2226890756302,97,238,290.5852338655012,12306.696656227112,10012.005696583195,961.7671875953674,238,3531.5968578731663,80044.0,232.8386187553405,200000.0,56.0,10513.23974752426,11200000.0,858.964037276624,56000.0
2.6978572e-08,1.930465e-09,96.8196,1.0635697e-05,2.2782101e-10,0.0077349334,12.18881,173.02605,173.01172,7.7489324,1168.0295,182.46413,1169.9763,1.0,-0.3300106,-1.0,8867,0.85498625,0.2436289753347863,0.2320127235087916,0.2262463607527712,10,0.0051663433011844,1000,886.7,429,10,211.4677516785952,11897.434471130371,10135.278866386414,4842.011039733887,10,2517.084546803944,0.0,0.0,0.0,10,0.0,-0.7347516497477247,-1.6051485792266866,-1.8632900666691945,10,0.3870327806957105,-285.2266125,-600.4739625,-687.062375,10,141.11818860632144,326.8071497889396,277.79123384198795,148.6278905854445,10,62.31083982722068,376.39023568070655,325.5585191155636,163.6945190967959,10,81.53610121455318,0.0,0.0,0.0,10,0.0,0.0,0.0,0.0,10,0.0,0.0,0.0,0.0,10,0.0,0.0,0.0,0.0,10,0.0,-82.96082773959432,-172.10857381217605,-198.29456168883144,10,39.87635495310416,-6.371137958568698,-15.15149123748228,-18.892802790409625,10,4.18640449360871,2402.240740843348,1997.7679166594608,937.264463236776,10,489.1795456784088,2176.3929447521286,1812.0801890926648,896.4983643863194,10,457.4346254056816,0.0,0.0,0.0,10,0.0,-10.89180184353639,-22.017491884266214,-25.13333257536377,10,5.247111252610254,167.6966305319231,138.56948452688027,74.37497300187404,10,29.30543884965217,23.97709248926301,13.3682841440935,4.188622719283276,10,5.014911161455813,2404.046063379347,2026.310892060657,1002.4326480623774,10,495.6021041913546,0.0,0.0,0.0,10,0.0,0.0,0.0,0.0,10,0.0,0.0,0.0,0.0,10,0.0,4835.462542893696,4188.561735668044,1896.9982266268728,10,1066.2332791458623,0.0023310023310023,0.0005383011712004,0.0,10,0.0008721154825827,4.8521996,-0.3389483,-4.9261026,1000,1.1135978,1000,835.7656903765691,77,239,282.5469256295003,12324.839907169342,9939.6756891506,815.5412120819092,239,3444.132008572338,80283.0,198.2020277976989,200000.0,57.0,10711.44178366661,11400000.0,1009.071411742246,57000.0
2.6605528e-08,1.9023867e-09,96.734924,-3.1817926e-05,2.2605574e-10,0.0077706114,12.190478,172.98994,172.97546,8.045735,1169.2056,206.3292,1170.9583,1.0,-0.333462,-1.0,8153,0.8543559,0.2531356923455915,0.2331498580837968,0.2260561924852256,10,0.0074474876077972,1000,815.3,81,10,319.3289996226463,11941.89066362381,9341.153413820266,765.8706893920898,10,3744.6679584033727,0.0,0.0,0.0,10,0.0,-0.1890738859742546,-1.406028645134493,-1.8017109363701007,10,0.5384769496975973,-59.92305,-544.09182,-672.140825,10,209.82574269556665,321.70564413986943,254.0385295125465,25.378872867472083,10,97.5303446469041,386.36415735529,303.77326157082007,24.304252810756857,10,120.54906990184476,0.0,0.0,0.0,10,0.0,0.0,0.0,0.0,10,0.0,0.0,0.0,0.0,10,0.0,0.0,0.0,0.0,10,0.0,-17.394330594388258,-157.99704406544365,-195.74822619095468,10,60.77526572600691,-1.3346613283850148,-13.561239923970462,-19.092920466362067,10,5.585543285270742,2463.6019682919714,1850.5827735000064,141.95969406703588,10,757.0865704540031,2281.427213622209,1656.6423304841535,109.91790219519,10,679.9797105655381,0.0,0.0,0.0,10,0.0,-2.130175333505025,-20.09952897600992,-25.34861848442781,10,7.857431127290947,182.06722024972447,128.91954726051108,7.867103534677245,10,52.88955120500699,17.922540682025563,11.968899291969738,6.73971722848945,10,3.219674904350444,2389.8414386991217,1898.8490124819527,132.47925609269393,10,756.2933268768899,0.0,0.0,0.0,10,0.0,0.0,0.0,0.0,10,0.0,0.0,0.0,0.0,10,0.0,4783.209163614649,3820.6159337823615,381.35913825115466,10,1523.9023491843427,0.0123456790123456,0.0016731087710345,0.0,10,0.0036806648513782,4.7656407,-0.33268246,-4.947821,1000,1.1155248,1000,764.4097859327217,39,327,307.7940506917549,12361.557193756104,9092.07962950326,330.41440200805664,327,3753.0379863458415,80610.0,198.942097902298,200000.0,58.0,10910.383889436722,11600000.0,1005.3176381914982,58000.0
2.625523e-08,1.87631e-09,96.71282,-6.485543e-05,2.2410851e-10,0.0078018825,12.192604,172.93816,172.9237,9.32763,1164.4348,291.69708,1165.6826,1.0,-0.33863577,-1.0,8865,0.8501948,0.2545820190629697,0.2296336900701896,0.219509161619922,10,0.0091283047529061,1000,886.5,223,10,245.5749376463323,12200.280992031096,10297.480737781523,2241.95986700058,10,3050.436935597404,0.0,0.0,0.0,10,0.0,-0.4646350981168058,-1.463030477080786,-1.710705774066524,10,0.3692397522001687,-168.45956249999995,-583.069435,-663.7326499999999,10,152.34160878832353,319.2968540158615,278.51095713739494,78.47794594641674,10,75.37382634867875,392.9175866802525,334.8176961360901,61.66712532312456,10,102.74891804684891,0.0,0.0,0.0,10,0.0,0.0,0.0,0.0,10,0.0,0.0,0.0,0.0,10,0.0,0.0,0.0,0.0,10,0.0,-47.65637980037931,-169.2631202688586,-192.64714976680008,10,44.66235470583742,-3.2206700227677776,-14.11505414445088,-17.55804895634703,10,4.339194652688153,2573.036315276192,2113.3449768727232,435.84464868201167,10,629.3550415191843,2422.592213774225,1880.9034466548364,388.8165490709821,10,576.7139392606705,0.0,0.0,0.0,10,0.0,-5.645928745748538,-21.86634639612128,-25.128070072699074,10,5.961847672845127,174.67990866256395,142.19403478991893,27.341565694169944,10,41.41144672335624,15.274869615362084,11.139395279114728,9.850029997144803,10,1.9055850946258344,2476.687935140879,2072.014392197951,402.895615308155,10,628.4906774852526,0.0,0.0,0.0,10,0.0,0.0,0.0,0.0,10,0.0,0.0,0.0,0.0,10,0.0,4721.907862852627,4090.5553517952494,1012.3209715282252,10,1176.2623910259526,0.0044843049327354,0.0006041937331489,0.0,10,0.0013742164584823,4.606897,-0.34083083,-4.669748,1000,1.1134976,1000,883.8177570093458,83,214,253.63923062266383,12358.710755348206,10573.474363261294,908.8817481994628,214,3104.701599567109,80824.0,200.3709766864777,200000.0,59.0,11110.754877567291,11800000.0,998.1485507900773,59000.0
2.594568e-08,1.8567846e-09,96.739784,-8.982117e-05,2.1886948e-10,0.007829005,12.192487,172.87527,172.86073,9.26378,1169.6267,276.2055,1170.899,1.0,-0.32668215,-1.0,7660,0.85387385,0.2823380755425517,0.2369025387011511,0.2247104805385931,10,0.0159789133157071,1000,766.0,116,10,310.0087095550704,12059.747255802156,8869.824389219284,1082.6621451377869,10,3759.122407518757,0.0,0.0,0.0,10,0.0,-0.2790694293965529,-1.3086362282893476,-1.8063363455932309,10,0.4914471093934439,-95.4702875,-514.5526775000001,-684.0228,10,199.4104916112257,317.7806157370796,239.1409291683392,32.96228748461598,10,96.2546193795087,393.8564409657136,283.47261699843403,40.3951959401642,10,123.67673065232728,0.0,0.0,0.0,10,0.0,0.0,0.0,0.0,10,0.0,0.0,0.0,0.0,10,0.0,0.0,0.0,0.0,10,0.0,-27.666107703613736,-149.00627977242124,-197.1365092074207,10,57.739111216098685,-2.694085713386748,-13.23772016811245,-18.93302075861536,10,5.309915053023476,2498.842084582142,1813.2723486121013,243.38704768801284,10,774.5331023071735,2179.393926527757,1564.6978835733146,163.1762162234778,10,686.1074962809661,0.0,0.0,0.0,10,0.0,-2.990971983616063,-19.540457594219216,-25.387374838817728,10,7.820562830238277,172.72187131249422,119.11979056642306,8.176963360374483,10,51.83572587934507,15.947549626013776,11.912321517551618,9.718932286003168,10,2.290189648421152,2480.4382335686983,1784.063598900116,153.48058018104663,10,783.9250910779323,0.0,0.0,0.0,10,0.0,0.0,0.0,0.0,10,0.0,0.0,0.0,0.0,10,0.0,4842.788020331382,3607.6819190937294,530.4276092830894,10,1468.3530215548074,0.0086206896551724,0.0015855229211364,0.0,10,0.002533116111873,4.921115,-0.345514,-4.6433487,1000,1.1124649,1000,887.1712962962963,75,216,262.7333412807401,12370.285573005676,10658.933136739111,772.3395357131958,216,3214.3539772121576,81040.0,197.03174757957456,200000.0,60.0,11307.786640882492,12000000.0,1015.0648433914268,60000.0
2.5711426e-08,1.8434142e-09,96.79695,-5.5170884e-05,2.1349957e-10,0.007798926,12.185646,172.82947,172.81512,8.938658,1175.491,257.0155,1176.775,1.0,-0.33132055,-1.0,8928,0.85203505,0.2380834074478184,0.2304535198141723,0.2261856201921818,10,0.0035924920102108,1000,892.8,373,10,218.2282291547086,11797.584331989288,10306.07495059967,4273.802237987518,10,2566.781966878804,0.0,0.0,0.0,10,0.0,-0.5753528291340735,-1.5023772132219828,-1.787931069531808,10,0.4045822179348698,-249.482,-595.6106425,-681.8911499999999,10,146.2561301504509,320.9523971555148,274.6043391422694,119.61796303453798,10,68.08104320322539,382.694240869861,329.5110093120362,122.90626808961142,10,89.79760647594334,0.0,0.0,0.0,10,0.0,0.0,0.0,0.0,10,0.0,0.0,0.0,0.0,10,0.0,0.0,0.0,0.0,10,0.0,-75.36689303825156,-172.2734312796295,-195.5740012044716,10,40.61143426188184,-6.115819244597045,-15.888855989768953,-19.33501572858687,10,4.460393831952113,2495.5667301013627,2071.256573773825,857.43870465734,10,510.091028004551,2117.9515430461543,1835.504831296108,801.9338804577949,10,450.6158779220064,0.0,0.0,0.0,10,0.0,-8.631256670740246,-22.39589149389131,-26.07386900474064,10,5.870241546480935,152.96729889876468,134.47973536540465,77.9019819370441,10,21.98074184003814,16.927433947150966,12.86407122547974,4.090727660691969,10,3.892888935547433,2419.3174258231243,2071.1127033518374,823.7519633762264,10,516.9848021654246,0.0,0.0,0.0,10,0.0,0.0,0.0,0.0,10,0.0,0.0,0.0,0.0,10,0.0,4813.432294486895,4217.8586728336895,1733.4583893379647,10,1079.0641102551638,0.002680965147453,0.0004482766949254,0.0,10,0.000917853141995,4.697261,-0.34467363,-4.8123956,1000,1.1126472,1000,840.8521739130434,69,230,300.7765238144141,12374.49338054657,10101.341847521326,729.0561423301697,230,3694.640696278827,81270.0,231.9631600379944,200000.0,61.0,11539.74981212616,12200000.0,862.2058777231739,61000.0
2.5565091e-08,1.831192e-09,96.7885,-7.275601e-05,2.1401501e-10,0.007815837,12.187862,172.81908,172.80463,9.264247,1173.502,302.75317,1174.5181,1.0,-0.3295803,-1.0,9263,0.8542249,0.2414459914675898,0.2318942671054897,0.2224743240463917,10,0.0053777952987312,1000,926.3,609,10,147.7430539822431,11962.754328250883,10866.571846055984,7014.500656604767,10,1789.3893485566855,0.0,0.0,0.0,10,0.0,-1.0470845147256214,-1.575490971470502,-1.8540276194202936,10,0.2754837017283264,-415.5335875,-620.76608625,-691.5822625,10,97.484393849921,316.0458970253921,287.2345722543272,186.541887500708,10,48.99963339885394,389.2622787681139,345.0988859956911,219.0350749165425,10,61.86348849704434,0.0,0.0,0.0,10,0.0,0.0,0.0,0.0,10,0.0,0.0,0.0,0.0,10,0.0,0.0,0.0,0.0,10,0.0,-122.37838072443236,-180.06594979957413,-197.7729426705617,10,26.20358255070737,-10.346597514356835,-16.451148298384737,-19.808930493600315,10,3.192101508257401,2546.720377946366,2253.1209065205903,1494.2780845946832,10,367.0196638389508,2225.4233260588444,1913.528078873655,1202.1362997756603,10,333.09922153893774,0.0,0.0,0.0,10,0.0,-15.454248485118242,-23.669278958973,-26.5076768346296,10,4.017736623000817,163.3173924199831,137.6065881847926,88.80664635712961,10,21.4676146722007,15.960429515592818,13.39307776882812,10.052527765454371,10,2.478048705504499,2453.2541137137177,2157.708814172693,1346.78849616483,10,361.81875984497583,0.0,0.0,0.0,10,0.0,0.0,0.0,0.0,10,0.0,0.0,0.0,0.0,10,0.0,4912.275257691537,4427.353309180732,2903.4992214613767,10,735.5818243811503,0.0016420361247947,0.0003171088112562,0.0,10,0.0006347206184348,4.5397196,-0.3356731,-4.571122,1000,1.1147761,1000,655.3542435424354,61,271,308.92666221871144,12373.145678043364,7742.641363935717,663.0729522705078,271,3778.382462116574,81541.0,199.68255734443665,200000.0,62.0,11739.432381153109,12400000.0,1001.5897365287434,62000.0
2.546452e-08,1.8273274e-09,96.84366,-8.145157e-05,2.0983426e-10,0.007828943,12.187146,172.79312,172.77884,9.772533,1170.092,309.2223,1170.999,1.0,-0.32542914,-1.0,10000,0.8558235,0.2395180834930735,0.2330475564419793,0.2296615142616008,10,0.0029900851444216,1000,1000.0,1000,10,0.0,12011.65344285965,11743.115823745728,11374.577793121338,10,203.1430739578942,0.0,0.0,0.0,10,0.0,-1.6518596232632872,-1.7530971480069295,-1.8676379142383053,10,0.0719390382191348,-666.3182625,-676.2422774999999,-691.52305,10,9.641354799071935,313.78086896721067,309.03279064017613,303.02088844824584,10,3.457892427852032,386.4983299574517,376.9798930422927,368.20324734243474,10,6.241534181860027,0.0,0.0,0.0,10,0.0,0.0,0.0,0.0,10,0.0,0.0,0.0,0.0,10,0.0,0.0,0.0,0.0,10,0.0,-192.7816892105348,-195.79573444030697,-201.51238387569,10,2.5930148549816345,-17.43092540538756,-17.983640412549214,-18.970557070027667,10,0.4499032219972969,2511.003583061549,2395.029917966244,2223.222652098937,10,83.16983360871195,2263.516562485199,2094.2093971603217,1990.102952953781,10,80.4703251122431,0.0,0.0,0.0,10,0.0,-25.10168809065558,-25.506193867712515,-26.174883177329853,10,0.3110441512883848,155.5367926737744,146.67902212750369,126.6304629603096,10,9.065877634833736,16.2795998733505,12.282292993176638,9.87466824291317,10,2.775092095480381,2507.574896610685,2337.6142508004305,2201.2789723390097,10,96.05725972727116,0.0,0.0,0.0,10,0.0,0.0,0.0,0.0,10,0.0,0.0,0.0,0.0,10,0.0,4870.284627113106,4799.336283185161,4693.647271708316,10,52.13349615513096,0.0,0.0,0.0,10,0.0,4.6843567,-0.34212804,-4.9762626,1000,1.1130812,1000,869.6969696969697,71,231,264.5456677723859,12416.754450798036,10431.83023984298,794.714596748352,231,3253.625955946861,81772.0,202.16591238975525,200000.0,63.0,11941.598329544067,12600000.0,989.28646098567,63000.0
2.5403716e-08,1.8213523e-09,96.840324,-8.8549285e-05,2.1094505e-10,0.007835777,12.182612,172.719,172.70456,9.342513,1175.8906,261.41287,1177.1,1.0,-0.3187631,-1.0,9097,0.85738516,0.2631277836108259,0.2376792087958644,0.2328778068890631,10,0.0086108225991425,1000,909.7,97,10,270.9,11901.543472766876,10659.624577760696,894.8447480201721,10,3257.0582048707133,0.0,0.0,0.0,10,0.0,-0.253717973044179,-1.6186020224045348,-1.87552622918497,10,0.457912785539251,-74.5880125,-621.3661062499998,-693.7731249999999,10,182.3779756573232,314.2144678759937,278.0083519173903,27.17383162963489,10,83.87377309497742,380.8187082392287,337.66952297750777,34.4200739749849,10,101.29846469079624,0.0,0.0,0.0,10,0.0,0.0,0.0,0.0,10,0.0,0.0,0.0,0.0,10,0.0,0.0,0.0,0.0,10,0.0,-21.580455497392727,-179.7333644782914,-199.1001044689182,10,52.72982386498615,-1.9342086608395923,-15.892741571564656,-18.107221860568007,10,4.679354171698761,2506.9935976879287,2176.772527599346,228.9059037065836,10,653.5989093044055,2266.9667930994865,1934.812035144136,141.45160355980326,10,601.7940027249848,0.0,0.0,0.0,10,0.0,-2.5489744653818835,-23.234148881249897,-25.852133914428016,10,6.89959402045004,162.2315508608704,137.93951732134582,14.900090652184476,10,41.41981629740036,14.83879798120944,11.563486353065176,6.661096033626386,10,2.704172502603506,2353.506449618252,2064.1393262479987,160.3580587611241,10,636.2499214863135,0.0,0.0,0.0,10,0.0,0.0,0.0,0.0,10,0.0,0.0,0.0,0.0,10,0.0,4907.655459877345,4386.87526571383,361.022351018777,10,1342.355813730394,0.0103092783505154,0.0010309278350515,0.0,10,0.0030927835051546,4.884638,-0.33820537,-4.7638235,1000,1.1145167,1000,830.2594142259414,61,239,306.053704344112,12374.721656799316,9964.721952664802,622.1816387176514,239,3754.358429323383,82011.0,198.0528862476349,200000.0,64.0,12139.651221036913,12800000.0,1009.8312818826106,64000.0
2.5371122e-08,1.8202718e-09,96.865166,-9.472971e-05,2.0941801e-10,0.007843942,12.183598,172.70746,172.69295,10.265621,1166.6183,352.23584,1167.2948,1.0,-0.32248774,-1.0,10000,0.8600813,0.2411087450546877,0.2360398605687152,0.2336010442924041,10,0.0022455574883407,1000,1000.0,1000,10,0.0,11961.995674610138,11784.074533987045,11328.55021429062,10,204.2655620692066,0.0,0.0,0.0,10,0.0,-1.6723875238916972,-1.7652798528246545,-1.8560050934649404,10,0.0530020497699426,-673.4435,-679.8345025,-691.8783249999999,10,6.110991376031463,318.80577759380685,313.1535659449313,306.368828295276,10,4.252467153216082,387.79014847075786,380.6008089521421,355.5065784085656,10,9.401998154484026,0.0,0.0,0.0,10,0.0,0.0,0.0,0.0,10,0.0,0.0,0.0,0.0,10,0.0,0.0,0.0,0.0,10,0.0,-196.17890553734844,-198.79236781974467,-203.21792479023952,10,2.0645338716276624,-15.48743588062945,-16.93203658322698,-18.68383810438534,10,1.0360410814921808,2516.694959708652,2437.703035397869,2236.343909748417,10,77.93176096713253,2246.8698670546023,2054.160894470814,1807.0903611810213,10,117.76311661728708,0.0,0.0,0.0,10,0.0,-24.197623929920653,-24.87546146745356,-25.409430728145416,10,0.3472208761973298,170.55954024364218,157.33487850124646,146.15962764945408,10,6.233006365475483,15.610568817949272,13.96298062959411,9.986742100418214,10,2.017374142395694,2376.709327991185,2293.802235335045,2176.620808748416,10,46.67362346655845,0.0,0.0,0.0,10,0.0,0.0,0.0,0.0,10,0.0,0.0,0.0,0.0,10,0.0,4892.303023592955,4863.448426053971,4770.917901669304,10,32.66488392186116,0.0,0.0,0.0,10,0.0,4.5459857,-0.32838428,-4.8410535,1000,1.1180604,1000,590.0152091254753,44,263,315.7693480018347,12390.047023296356,6960.9418503263605,385.6611423492432,263,3827.541169438258,82274.0,201.50673747062683,200000.0,65.0,12341.157967805862,13000000.0,992.522644703895,65000.0
2.5350241e-08,1.823098e-09,96.927536,-0.00010308518,2.0492134e-10,0.007857287,12.180832,172.63637,172.62204,10.710121,1164.6277,345.99637,1165.225,1.0,-0.33534276,-1.0,10000,0.8569566,0.2340158433791024,0.2318202061632394,0.2282182995710918,10,0.0018056722738271,1000,1000.0,1000,10,0.0,12313.93119764328,12044.140062904358,11651.690322875977,10,205.477450966688,0.0,0.0,0.0,10,0.0,-1.6096313576298773,-1.679391517170825,-1.756300055042181,10,0.0491279572356718,-653.982325,-662.5207675,-670.8973625000001,10,4.966146409268236,326.3002450267966,312.3883577426565,305.3171320736556,10,5.210983426767531,404.3330464778361,386.300563804981,367.6258146407184,10,9.749351381299784,0.0,0.0,0.0,10,0.0,0.0,0.0,0.0,10,0.0,0.0,0.0,0.0,10,0.0,0.0,0.0,0.0,10,0.0,-192.4649046856137,-195.65795791653304,-198.06781318353256,10,1.7070836270799516,-14.994739928489526,-15.93963190470038,-17.14251566814378,10,0.6037447995511752,2592.862225770975,2491.0877210413046,2380.267670040555,10,71.42432134798965,2445.7774510937,2197.496099368166,1936.81357946461,10,142.24615753041883,0.0,0.0,0.0,10,0.0,-22.74238548258185,-24.05070118878581,-24.650006703688973,10,0.5268464265699927,185.6674831057287,164.43836472750837,151.9321532301024,10,12.330212667577538,15.46167287617384,12.014078131921249,9.761261320300395,10,2.406530298640236,2446.1752364510407,2364.6649572029155,2268.203474085827,10,47.67315417078899,0.0,0.0,0.0,10,0.0,0.0,0.0,0.0,10,0.0,0.0,0.0,0.0,10,0.0,4875.463073931907,4826.520015915278,4765.317260144539,10,31.552399316500697,0.0,0.0,0.0,10,0.0,4.9354296,-0.3376833,-4.8581843,1000,1.1155614,1000,883.675105485232,62,237,256.5297622423724,12528.884709358215,10704.573050492674,701.1819295883179,237,3171.1230010540216,82511.0,234.125060081482,200000.0,66.0,12575.283042669296,13200000.0,854.2443082786376,66000.0
2.5334407e-08,1.8176887e-09,96.94695,-3.1157408e-05,2.0906411e-10,0.0077869147,12.168318,172.53218,172.51764,10.114525,1174.1788,295.58542,1175.1158,1.0,-0.32919505,-1.0,10000,0.8617454,0.2443071468992927,0.2356673835677911,0.2299603761094278,10,0.0037006317884823,1000,1000.0,1000,10,0.0,12361.961720943453,12052.87062420845,11569.86561012268,10,215.6495672561936,0.0,0.0,0.0,10,0.0,-1.6100485854058932,-1.6618301133126483,-1.7620254775621544,10,0.0468304663578231,-652.4625375,-665.42415375,-689.5492999999999,10,10.184408661688815,330.7778096587129,317.92355036908776,307.88116717476163,10,6.15787844234723,409.8872579594528,394.6515300546026,370.3207707796432,10,13.094578319349472,0.0,0.0,0.0,10,0.0,0.0,0.0,0.0,10,0.0,0.0,0.0,0.0,10,0.0,0.0,0.0,0.0,10,0.0,-194.31602091240708,-199.49808267618656,-206.7921167950309,10,3.1829784694550742,-15.384966884722544,-16.337262325584646,-17.272162791457053,10,0.5043002843668034,2574.4163878081245,2471.1198157704634,2343.1845198094134,10,69.97041011503643,2324.1798990778007,2165.00767590225,1961.55337895735,10,107.10894039627335,0.0,0.0,0.0,10,0.0,-23.55586017339443,-24.01061538160068,-24.58008127345557,10,0.2876359353884899,189.39851473047963,171.16055433741047,159.43920638017357,10,9.834485280430751,14.8487194682141,12.287087786414244,9.872017050356948,10,2.265512003283762,2427.970894455513,2367.241704719857,2191.7698753680047,10,68.64450872289369,0.0,0.0,0.0,10,0.0,0.0,0.0,0.0,10,0.0,0.0,0.0,0.0,10,0.0,4927.705272753694,4867.621307781535,4675.319660281217,10,71.42521614603626,0.0,0.0,0.0,10,0.0,4.7646656,-0.33791026,-4.916283,1000,1.1163305,1000,864.7731092436975,66,238,277.31106633558886,12473.267822265623,10517.956075259615,697.9322357177734,238,3439.745140025857,82749.0,199.4254622459412,200000.0,67.0,12774.708517074583,13400000.0,1002.8809648857692,67000.0
2.532125e-08,1.8178252e-09,96.81572,-5.6663735e-05,2.0787476e-10,0.007801921,12.164185,172.44682,172.43237,9.685279,1182.7848,275.97195,1183.8868,1.0,-0.3356902,-1.0,9609,0.8608044,0.2386824989228045,0.2340918927075586,0.2294732606988422,10,0.0027826270834289,1000,960.9,609,10,117.3,12392.97090625763,11542.073159599304,7341.008091449738,10,1416.9174679309574,0.0,0.0,0.0,10,0.0,-1.0798838260542405,-1.5852832977099367,-1.71030048208017,10,0.1730076593376096,-414.7046125,-634.80734375,-671.6276499999999,10,73.5833701499087,327.1600814581985,303.6666463568567,204.4351427684296,10,34.73191993091892,394.8743236750928,370.9064007391837,228.92286391666528,10,47.58381457828892,0.0,0.0,0.0,10,0.0,0.0,0.0,0.0,10,0.0,0.0,0.0,0.0,10,0.0,0.0,0.0,0.0,10,0.0,-122.94211593031476,-190.2507053310929,-201.20355447127787,10,22.538763514394,-9.435309432169952,-14.684925339228354,-16.34999058390368,10,1.9609955632103528,2629.907520586179,2372.3881228042032,1490.2650172138146,10,306.9701629472559,2391.5110738561943,2083.59475338675,1287.757406311178,10,302.661411323265,0.0,0.0,0.0,10,0.0,-14.429502195364256,-22.89184051994329,-24.44740282261199,10,2.843328940370697,184.1570024358148,166.5627176155068,117.09963980099717,10,18.79247535764633,14.966595317090595,12.55470487837654,9.675780327578074,10,2.256830718534691,2461.4774351095216,2288.13574871859,1452.94945391568,10,281.56545847347564,0.0,0.0,0.0,10,0.0,0.0,0.0,0.0,10,0.0,0.0,0.0,0.0,10,0.0,4891.115735073553,4624.639879567864,2990.0471551236787,10,548.3955059510533,0.0016420361247947,0.0001642036124794,0.0,10,0.0004926108374384,4.819786,-0.33822492,-4.9117675,1000,1.1165735,1000,852.9135802469136,64,243,292.7287764544991,12623.20628976822,10375.684504820976,691.5333528518677,243,3636.292134484526,82992.0,201.6409802436829,200000.0,68.0,12976.349509239197,13600000.0,991.8618713234792,68000.0
2.5310886e-08,1.8169019e-09,96.85534,-9.7584365e-05,2.0796938e-10,0.007846012,12.166254,172.45908,172.4445,10.279461,1179.6392,352.95972,1180.2971,1.0,-0.33093226,-1.0,8767,0.8633752,0.265734433457001,0.2389827692370219,0.2291908994768089,10,0.0096152833677538,1000,876.7,72,10,283.2278411456049,12394.131269931791,10505.269130992889,720.1871666908264,10,3526.2821463680048,0.0,0.0,0.0,10,0.0,-0.2055021952385511,-1.4477255314291235,-1.722675828448608,10,0.4457290973785673,-54.71235,-582.0786124999998,-674.035625,10,185.29987244816203,328.5369664854942,277.2651147486125,17.16574894148338,10,90.72281404641332,406.3108405160124,345.497680233471,26.870463271524923,10,113.8936378192977,0.0,0.0,0.0,10,0.0,0.0,0.0,0.0,10,0.0,0.0,0.0,0.0,10,0.0,0.0,0.0,0.0,10,0.0,-16.36332563118946,-175.4450705646595,-204.60035814115977,10,55.82408643704504,-1.6394800047284774,-14.236961994333203,-17.247634178652483,10,4.669288818540259,2611.8460564553443,2161.1324905728025,162.84672930499977,10,706.5088123645927,2530.165485260492,1934.1616741646217,110.22358368656796,10,681.0865120014919,0.0,0.0,0.0,10,0.0,-2.4442490612720604,-21.083394595480577,-25.01425592031465,10,6.605081035119208,191.35351196745265,153.66716737368347,2.2538476783789188,10,53.314811147358405,15.399097978913066,12.46849716419888,5.989093445467312,10,2.950940250095993,2460.792457001087,2082.1953617873987,168.834008465529,10,701.3997528636376,0.0,0.0,0.0,10,0.0,0.0,0.0,0.0,10,0.0,0.0,0.0,0.0,10,0.0,4873.13261603359,4163.673395052133,285.5591222981874,10,1397.8299465025457,0.0138888888888888,0.0015327737809752,0.0,10,0.0041409849812396,4.724437,-0.33079606,-5.218609,1000,1.1187394,1000,704.7644628099174,41,242,318.4591620768067,12473.273914337158,8415.028443142402,369.2820982933045,242,3915.202454585426,83234.0,198.9945957660675,200000.0,69.0,13175.344120025637,13800000.0,1005.0524197909094,69000.0
2.5302446e-08,1.8174547e-09,96.89418,-0.00010367913,2.0674111e-10,0.007855213,12.166108,172.41423,172.39981,9.952,1186.0175,343.86838,1186.8945,1.0,-0.33415234,-1.0,10000,0.8610692,0.2377005678879598,0.2344663154642098,0.2309783670785577,10,0.0017444255200609,1000,1000.0,1000,10,0.0,12525.424789905548,12255.44895195961,11954.32874584198,10,184.040338463741,0.0,0.0,0.0,10,0.0,-1.4760394378215036,-1.5835834866895215,-1.6669843308031995,10,0.0524871136258362,-649.9756125,-657.0969024999999,-663.456325,10,5.072151951301079,326.904141005207,316.3849692656842,302.3846166670223,10,7.353056590742226,419.2337915273674,402.0409129845028,391.7165002618111,10,8.729885371641128,0.0,0.0,0.0,10,0.0,0.0,0.0,0.0,10,0.0,0.0,0.0,0.0,10,0.0,0.0,0.0,0.0,10,0.0,-195.50272124082784,-198.72840561563885,-201.83583190330555,10,1.623316211741479,-15.216089713548028,-15.663661618338054,-17.111903119319102,10,0.5218015895910103,2676.638922360996,2558.370387142864,2429.4598040791807,10,77.32717661924652,2442.8070252449647,2303.94988909885,2200.2463441088385,10,77.49354886301626,0.0,0.0,0.0,10,0.0,-23.78178194048541,-24.422495385165927,-25.20682400017024,10,0.3969064400922103,206.2373157060864,186.47751761158776,174.8269014553567,10,8.08658557647101,14.645722894021812,11.67947635184557,9.673164716046788,10,2.333924283219263,2529.9325353107533,2433.2360489279085,2348.074538706178,10,53.7375739240293,0.0,0.0,0.0,10,0.0,0.0,0.0,0.0,10,0.0,0.0,0.0,0.0,10,0.0,4847.581184978378,4748.824482479695,4536.738785487061,10,88.09387562524005,0.0,0.0,0.0,10,0.0,4.578766,-0.32175282,-4.953453,1000,1.1214237,1000,641.8763796909492,26,453,341.8793826948887,12578.535118103027,7701.792763681338,194.04596138000488,453,4240.624578653538,83687.0,202.31995344161987,200000.0,70.0,13377.664085149763,14000000.0,988.5332444864896,70000.0
2.5294895e-08,1.8191848e-09,96.976,-7.2793664e-05,2.0440682e-10,0.007830875,12.168172,172.43712,172.42284,10.818991,1178.4607,418.49866,1178.9293,1.0,-0.3347905,-1.0,10000,0.85819215,0.2359958483530069,0.2327933610324377,0.2275796233248983,10,0.002645399563672,1000,1000.0,1000,10,0.0,12403.945390224457,12065.8386636734,11627.70740032196,10,227.7990303254884,0.0,0.0,0.0,10,0.0,-1.4839166650653377,-1.5682536808171803,-1.6505887697316757,10,0.046223481099884,-644.0148875,-654.79353625,-667.7591,10,8.1920157895574,329.6628574768908,319.4950897242302,309.44757124371483,10,5.210417245775173,412.1943980119582,397.10674667872365,378.9773075699318,10,9.925359512596318,0.0,0.0,0.0,10,0.0,0.0,0.0,0.0,10,0.0,0.0,0.0,0.0,10,0.0,0.0,0.0,0.0,10,0.0,-192.25540299898665,-197.0653650154817,-199.85093022366144,10,2.346285350521064,-13.358481656359787,-14.761872925254456,-15.576268303922449,10,0.6442724268787742,2587.936259720317,2505.3624646520484,2384.651126328312,10,57.76613474862088,2430.541385141716,2296.243397395192,2149.5395566607303,10,84.46929822494266,0.0,0.0,0.0,10,0.0,-23.42305370521713,-24.111954067256903,-24.680504462443785,10,0.4136839896037027,204.7151755536488,193.9807144748515,185.1180007931932,10,6.081074883229451,15.059850364000058,11.731186960433494,9.653771327307368,10,2.3379038163422647,2560.5761771598845,2416.8303528063966,2306.9686264671864,10,64.97733027293252,0.0,0.0,0.0,10,0.0,0.0,0.0,0.0,10,0.0,0.0,0.0,0.0,10,0.0,4739.931779694928,4627.01595810513,4406.820790009793,10,91.5119602808102,0.0,0.0,0.0,10,0.0,4.6114273,-0.3312274,-5.4363523,1000,1.1193471,1000,887.2981651376147,61,218,253.425193161105,12523.414276599884,10810.186458294544,684.8393878936768,218,3161.164156973794,83905.0,233.38081240653992,200000.0,71.0,13611.04491519928,14200000.0,856.9684797034989,71000.0
2.5287546e-08,1.8182257e-09,96.998795,-7.247342e-05,2.0477814e-10,0.007832376,12.16787,172.38979,172.3753,10.698415,1180.4634,374.59833,1180.9508,1.0,-0.33734813,-1.0,10000,0.8555578,0.2348263755981715,0.2307596128732554,0.2258209312998963,10,0.0029406776116078,1000,1000.0,1000,10,0.0,12250.822342395782,11956.637160396576,11360.279839038849,10,259.01282530812193,0.0,0.0,0.0,10,0.0,-1.4999470482199984,-1.5652919958170233,-1.677107114402962,10,0.0520283782966607,-638.8436624999999,-654.13035625,-669.4367875,10,8.523388624850268,326.412424725793,321.432724541182,318.1279318899361,10,2.722138222138845,404.80808459793343,394.3003646427137,371.1416401680752,10,9.174796127932854,0.0,0.0,0.0,10,0.0,0.0,0.0,0.0,10,0.0,0.0,0.0,0.0,10,0.0,0.0,0.0,0.0,10,0.0,-190.2610900974373,-194.94495918635684,-198.4102024776319,10,2.591256514187778,-13.183798259344764,-14.832487556915178,-15.986740136332832,10,0.7463597582549253,2544.7655398743627,2472.906202283904,2345.0477685774817,10,61.20963263072133,2377.017707712564,2209.900988241521,2078.884378795713,10,97.01523866319744,0.0,0.0,0.0,10,0.0,-23.84402364407944,-24.39159197460763,-25.05124757677435,10,0.3192298352027971,207.5385637102908,192.1776240802721,171.88493041229876,10,9.615977097630283,16.885597993252414,11.539062529137308,9.62581921979525,10,2.684023198060969,2538.699789859357,2448.660365925077,2227.880275935896,10,84.84238015571545,0.0,0.0,0.0,10,0.0,0.0,0.0,0.0,10,0.0,0.0,0.0,0.0,10,0.0,4767.654568964193,4607.259177605224,4498.587386669321,10,74.5897488859626,0.0,0.0,0.0,10,0.0,4.698052,-0.32977742,-4.6937985,1000,1.1187459,1000,908.6635071090049,65,211,225.84878459356847,12574.792513847353,11120.061821668634,714.7238931655884,211,2839.242821963842,84116.0,201.132091999054,200000.0,72.0,13812.177018165588,14400000.0,994.3714004672148,72000.0
2.5280356e-08,1.8197106e-09,96.95054,-7.121457e-05,2.0271794e-10,0.007827259,12.161767,172.32849,172.31409,10.443325,1184.0654,335.50357,1184.556,1.0,-0.33383557,-1.0,10000,0.8573588,0.2367195476425213,0.2325431312643197,0.2278405994039029,10,0.0025268959311714,1000,1000.0,1000,10,0.0,12083.58226299286,11938.421200704575,11696.986708164217,10,121.12372989614252,0.0,0.0,0.0,10,0.0,-1.495283751674656,-1.5708393550348885,-1.6317271761014485,10,0.0474059926029395,-645.7123125,-656.08436875,-668.1538499999999,10,7.071449352135669,322.6800339889235,319.57007811269074,309.7916408078927,10,3.696080821695471,411.6677001347143,396.60107676716046,388.839855302322,10,6.744093374576958,0.0,0.0,0.0,10,0.0,0.0,0.0,0.0,10,0.0,0.0,0.0,0.0,10,0.0,0.0,0.0,0.0,10,0.0,-192.56697150329632,-196.6636776470461,-200.1233838083704,10,2.2629556797021864,-14.68099185594214,-15.412254128837803,-16.154314382177468,10,0.5053624626544037,2517.723445941584,2444.41361549051,2335.6068151766503,10,54.456246185006286,2302.3704002372565,2165.641136284493,2015.6826310974263,10,86.30981306637699,0.0,0.0,0.0,10,0.0,-24.05060666156618,-24.563447965888475,-25.10661686562107,10,0.2961560230718509,203.326800645317,189.5538701242442,180.5263879541144,10,7.361828510309778,15.095637230888942,13.678658200104447,9.832635081105376,10,1.967280498005787,2559.7069771081315,2461.941837143292,2386.113063659821,10,49.74228332145942,0.0,0.0,0.0,10,0.0,0.0,0.0,0.0,10,0.0,0.0,0.0,0.0,10,0.0,4774.148014100631,4651.32982147438,4439.071730994594,10,94.396471134696,0.0,0.0,0.0,10,0.0,4.7819104,-0.32701138,-4.8029523,1000,1.1189829,1000,882.8044444444445,67,225,263.9316695708742,12531.150810718536,10783.72431763967,769.9554104804993,225,3295.7134372119435,84341.0,200.0589416027069,200000.0,73.0,14012.235978603365,14600000.0,999.70537881369,73000.0
2.5273291e-08,1.819298e-09,96.8753,-1.933523e-05,2.025654e-10,0.00776936,12.147271,172.17598,172.16156,9.587709,1194.1394,268.7811,1195.1084,1.0,-0.33482242,-1.0,9373,0.85554504,0.2452304763579235,0.2321495141639641,0.2266797908976069,10,0.0050077567226929,1000,937.3,373,10,188.1,12186.327480316162,11188.532478237152,4169.627052307129,10,2347.6847329456546,0.0,0.0,0.0,10,0.0,-0.5068752380054665,-1.436162173339368,-1.6288070102485794,10,0.3141159234863916,-251.5544375,-611.32761375,-668.46965,10,120.15358566331275,322.5523405535447,294.7093384150766,108.80192633702374,10,62.08350006746969,405.6643426065249,366.1618664695987,123.86087277807428,10,81.05790225731396,0.0,0.0,0.0,10,0.0,0.0,0.0,0.0,10,0.0,0.0,0.0,0.0,10,0.0,0.0,0.0,0.0,10,0.0,-78.05913232043467,-183.39456801445868,-198.93357871501783,10,35.17825628572858,-4.13747177480672,-13.473689225172691,-15.598866255622756,10,3.182899166828061,2570.3181999454864,2334.690391997636,858.4089493514874,10,494.68671007263407,2320.5852131148467,2047.0414688259327,729.1278434702876,10,446.17580347301566,0.0,0.0,0.0,10,0.0,-9.896702923367842,-23.25088292909433,-25.469857504081787,10,4.470497872768294,204.4048362026897,179.95504292569663,93.09821692441514,10,30.18101617345328,15.728584286704129,10.899583298766352,4.347252619463124,10,3.284314421782273,2541.595327470997,2329.2118493169337,907.1936180100336,10,476.0843782698072,0.0,0.0,0.0,10,0.0,0.0,0.0,0.0,10,0.0,0.0,0.0,0.0,10,0.0,4716.913251193892,4281.593652325436,1613.5344629284828,10,902.8807445975814,0.002680965147453,0.0002680965147453,0.0,10,0.0008042895442359,4.635736,-0.32459226,-5.263078,1000,1.1186832,1000,892.780269058296,76,223,263.2976136098902,12574.241243362429,10906.857558192694,793.8641977310181,223,3294.67415379074,84564.0,197.69846391677856,200000.0,74.0,14209.934458971024,14800000.0,1011.641648789898,74000.0
2.5266326e-08,1.8183007e-09,96.70748,-1.45183185e-05,2.0300524e-10,0.0077511165,12.135083,172.07458,172.06029,9.105456,1200.4689,236.12659,1201.7225,1.0,-0.3354025,-1.0,10000,0.8553301,0.2350622534049772,0.2310294134325513,0.2252898671527652,10,0.0035393546421423,1000,1000.0,1000,10,0.0,12251.819750785828,11937.773622703551,11700.341826438904,10,176.93930501088357,0.0,0.0,0.0,10,0.0,-1.4341175303168068,-1.5121118648424998,-1.638488265133482,10,0.0609893189378937,-635.429075,-649.7190250000001,-664.1471375,10,8.618812795804587,325.37663328280235,312.9641388820678,303.46744079925395,10,8.10458720571781,403.6303966859271,389.53378350811454,375.9809442449172,10,8.312782745405057,0.0,0.0,0.0,10,0.0,0.0,0.0,0.0,10,0.0,0.0,0.0,0.0,10,0.0,0.0,0.0,0.0,10,0.0,-190.0173530910704,-195.6106713420465,-199.22996694519827,10,3.245583837754616,-12.854606371285888,-14.20329644893566,-15.801230981712775,10,0.7344909964691505,2590.6739649856454,2480.773788921365,2406.1481841363693,10,53.80765640061512,2430.3406701687168,2251.806771223876,2028.9209204319195,10,117.56099731443916,0.0,0.0,0.0,10,0.0,-24.00997945751658,-25.163116785614168,-25.697300293011057,10,0.4532534482454373,206.42241167704512,190.93617824841564,173.2027387630433,10,9.134438379610948,15.280223887441926,11.739640933532716,9.634106627093017,10,2.424888366141281,2583.3925385600523,2475.9275607211766,2343.783945054128,10,76.91698277826563,0.0,0.0,0.0,10,0.0,0.0,0.0,0.0,10,0.0,0.0,0.0,0.0,10,0.0,4657.614840217173,4521.352941967258,4014.399340023108,10,178.34153134507594,0.0,0.0,0.0,10,0.0,4.7652874,-0.3230596,-4.710057,1000,1.1187862,1000,870.4844444444444,58,225,267.1182525944938,12590.926544189451,10627.373192469278,664.2043161392212,225,3351.8023689420043,84789.0,199.82834553718567,200000.0,75.0,14409.762821435928,15000000.0,1000.85900957821,75000.0
2.5259453e-08,1.816766e-09,96.399895,6.599441e-05,2.0399053e-10,0.007645997,12.12703,171.98701,171.97263,8.10118,1211.2805,190.18709,1213.065,1.0,-0.3285231,-1.0,10000,0.86143076,0.2416070989190852,0.2360105963186206,0.2291486374413023,10,0.0045226578908086,1000,1000.0,1000,10,0.0,12199.909895420074,12005.092504882812,11735.47166633606,10,156.82041050310585,0.0,0.0,0.0,10,0.0,-1.475876473806112,-1.5451818493131828,-1.632399741992533,10,0.0439042011515274,-640.4226624999999,-658.4962912499999,-670.7394625,10,9.05328401620626,328.5188482988182,315.86275621057365,299.5104494932631,10,7.880228200813296,394.7912082364047,385.5890282863959,367.2268951313072,10,9.348813800386974,0.0,0.0,0.0,10,0.0,0.0,0.0,0.0,10,0.0,0.0,0.0,0.0,10,0.0,0.0,0.0,0.0,10,0.0,-194.25349923424352,-200.23891822576945,-205.8496527657756,10,4.170618751229871,-13.151821401346808,-14.001035413932003,-16.014546734297873,10,0.8868626937191268,2603.271529288697,2526.3737380982284,2417.8234925978027,10,49.32115143862229,2398.749800397813,2262.6315091927167,2159.661558125972,10,73.04251374774519,0.0,0.0,0.0,10,0.0,-24.35739979916028,-25.06160402813128,-26.003080459838728,10,0.443111103434571,194.84412040175832,178.80405127957005,163.28673464163518,10,10.84016936065451,14.904328995494565,12.83762617775579,9.74797505603314,10,2.0993815137863625,2514.609950829711,2451.475315519096,2347.359163662525,10,51.49118455440751,0.0,0.0,0.0,10,0.0,0.0,0.0,0.0,10,0.0,0.0,0.0,0.0,10,0.0,4680.705116420595,4577.443884738159,4445.566722307261,10,73.78641059314289,0.0,0.0,0.0,10,0.0,4.746788,-0.32013017,-4.810398,1000,1.1206944,1000,862.5398230088496,92,226,276.6824810442158,12524.779833316805,10541.537466492273,979.6646704673768,226,3459.9975288279966,85015.0,233.0415472984314,200000.0,76.0,14642.804379940031,15200000.0,858.2160662702835,76000.0
2.525316e-08,1.815456e-09,96.09006,1.9048082e-05,2.0479667e-10,0.007668158,12.129752,171.99553,171.98099,8.007305,1212.0775,185.08212,1213.826,1.0,-0.3269789,-1.0,9968,0.8609117,0.2407879182165334,0.2358641518336239,0.2331388313727884,10,0.0025881889944216,1000,996.8,968,10,9.6,12305.470638751984,12018.839710950851,11351.995927333832,10,263.5834951798664,0.0,0.0,0.0,10,0.0,-1.4688519302324068,-1.572321701998464,-1.6416490180175185,10,0.0604279041462551,-634.797475,-658.8120912500001,-673.83825,10,10.8892381376394,327.7586271994196,312.4151188463704,303.3777733013758,10,6.985985082707986,383.925189580692,373.91082071757126,358.865560666173,10,6.907743653054317,0.0,0.0,0.0,10,0.0,0.0,0.0,0.0,10,0.0,0.0,0.0,0.0,10,0.0,0.0,0.0,0.0,10,0.0,-191.58803249984905,-199.31092576776223,-204.4868003378388,10,3.3661631357016324,-11.758318025884302,-13.886878184590064,-15.65574897848926,10,1.0114575893642048,2610.153332917544,2509.261551325226,2342.590868561486,10,73.31844023896373,2544.322011022329,2323.5724997003576,2183.01485873184,10,115.74495188409148,0.0,0.0,0.0,10,0.0,-24.51070624017609,-25.260332384071496,-26.00949262315505,10,0.4334340449700276,189.3345484833908,174.8427676951266,156.538258667119,10,9.626833367984704,14.954432233238515,12.252721068933328,9.720960415038377,10,2.433522657690661,2531.0422439874774,2438.9595584306767,2362.5976271726986,10,49.52641436031524,0.0,0.0,0.0,10,0.0,0.0,0.0,0.0,10,0.0,0.0,0.0,0.0,10,0.0,4770.656583931454,4579.959153393273,4242.815998391467,10,141.0697491889714,0.0010330578512396,0.0001033057851239,0.0,10,0.0003099173553719,4.7540326,-0.3191818,-4.8774595,1000,1.1209332,1000,913.613953488372,97,215,217.58292680690343,12595.7748336792,11179.39255646994,1016.4024882316588,215,2732.0468329034643,85230.0,200.56868886947632,200000.0,77.0,14843.373077869415,15400000.0,997.1646179038124,77000.0
2.5249898e-08,1.8156473e-09,95.81792,-4.9551447e-05,2.0434483e-10,0.0077149863,12.13391,172.0173,172.00282,8.148699,1211.7245,196.85956,1213.4149,1.0,-0.32877004,-1.0,9100,0.8634406,0.2507316008038036,0.2381058348044019,0.2338544348192026,10,0.004398193082102,1000,910.0,100,10,270.0,12487.556254386902,11186.377132034302,1077.0983667373655,10,3374.3521102968184,0.0,0.0,0.0,10,0.0,-0.2287684137951862,-1.4592105869837402,-1.7094386552819447,10,0.4132257565035575,-70.28523749999998,-601.1687225000001,-672.3382,10,177.0459787420308,327.3109133573996,287.8880799971147,38.1719809036028,10,83.5520369084739,384.594566166497,343.3996951501786,30.36405662116321,10,104.6047675956247,0.0,0.0,0.0,10,0.0,0.0,0.0,0.0,10,0.0,0.0,0.0,0.0,10,0.0,0.0,0.0,0.0,10,0.0,-21.41482847278307,-182.95060241418795,-202.82109053448065,10,53.85737605941012,-1.4588479496678968,-12.588638481368635,-14.701883312104998,10,3.7806490692729073,2684.7667603548907,2363.05726926205,231.2960778066709,10,711.6797673869052,2478.940003792363,2153.817661212652,216.426620595666,10,649.1091760906141,0.0,0.0,0.0,10,0.0,-2.5126060835005064,-22.905144466425625,-25.815927675585822,10,6.808485594827782,192.2397181834357,161.293138504065,14.396559387590992,10,49.47779384833931,14.776581202693915,11.772520079931182,6.170546164330283,10,2.9068254304577272,2551.364027284409,2290.9218778048257,187.91458034411613,10,701.4274770527022,0.0,0.0,0.0,10,0.0,0.0,0.0,0.0,10,0.0,0.0,0.0,0.0,10,0.0,4835.9237315456885,4218.609745927972,427.5752588068098,10,1272.9753627747823,0.01,0.001,0.0,10,0.003,4.6987824,-0.31548393,-4.806909,1000,1.1225864,1000,836.2447257383966,75,237,284.65924410950066,12699.180114269257,10256.77258109644,899.9614486694336,237,3575.7093833696385,85467.0,199.0338070392609,200000.0,78.0,15042.406895160677,15600000.0,1004.8544163180708,78000.0
2.5247544e-08,1.8131557e-09,95.72961,-8.7450244e-05,2.0664785e-10,0.0077458196,12.1331835,172.02287,172.00826,8.442584,1210.9353,217.34259,1212.5366,1.0,-0.32670683,-1.0,9112,0.86417174,0.2434175260462031,0.2382541392634983,0.2337779650129657,10,0.0029776449076388,1000,911.2,112,10,266.4,12520.047989845276,11140.698932409286,1182.3933200836182,10,3325.256008860341,0.0,0.0,0.0,10,0.0,-0.2466080719097333,-1.4772855744399984,-1.709265561954663,10,0.4127494932713717,-78.23945,-605.7596649999999,-676.3843875,10,175.95199144974103,316.1761960711261,285.60711342936924,46.00590426034546,10,79.90526625598211,391.1227978771742,346.6988593353175,40.12919479943183,10,102.4273395491721,0.0,0.0,0.0,10,0.0,0.0,0.0,0.0,10,0.0,0.0,0.0,0.0,10,0.0,0.0,0.0,0.0,10,0.0,-23.26167211078992,-183.75087945069245,-204.82774434245223,10,53.54318636210829,-1.9648053940467327,-13.14634313042346,-15.201507131872331,10,3.768320908989802,2625.375732931609,2327.8523088091024,220.8663511125856,10,704.6333439316555,2477.288217950116,2124.133608056775,242.91589378812057,10,632.206794969296,0.0,0.0,0.0,10,0.0,-2.51946335380721,-23.07651128663658,-26.308788418422463,10,6.871015446873869,187.76337587778403,163.12110830480438,11.589505976523096,10,50.74882002639588,14.529179779235683,10.821926542577344,6.327198299732886,10,2.523995831153865,2557.9947451957337,2287.974376437989,223.27242867083447,10,689.1113610324585,0.0,0.0,0.0,10,0.0,0.0,0.0,0.0,10,0.0,0.0,0.0,0.0,10,0.0,4836.802882496424,4244.251460874368,475.0546853236378,10,1270.81848585194,0.0089285714285714,0.0008928571428571,0.0,10,0.0026785714285714,4.8671503,-0.31806153,-4.8317394,1000,1.1227328,1000,864.5398230088496,62,226,270.0513892556503,12651.315906524658,10652.101453684072,728.5416593551636,226,3393.832543026513,85693.0,199.2911024093628,200000.0,79.0,15241.69802069664,15800000.0,1003.5570960372384,79000.0
2.5245232e-08,1.8134172e-09,95.730675,-0.00011271035,2.0620143e-10,0.0077711637,12.131521,171.99388,171.97926,8.513594,1213.5634,211.89175,1215.1774,1.0,-0.33305326,-1.0,9938,0.8613571,0.2400718359584083,0.2349611627505574,0.2306084554522272,10,0.0033935969849628,1000,993.8,938,10,18.6,12649.265945911407,12220.666756343842,10946.596294879912,10,451.6075528025156,0.0,0.0,0.0,10,0.0,-1.4875119070308322,-1.596332689954993,-1.6622873729349776,10,0.0480155254172565,-623.0536625,-654.6494525,-667.52225,10,12.16377720419036,320.8152862978404,309.84373498799164,283.9427906123142,10,10.786405103454562,389.3231119422607,373.5824738295638,342.6892561763449,10,12.775430100189736,0.0,0.0,0.0,10,0.0,0.0,0.0,0.0,10,0.0,0.0,0.0,0.0,10,0.0,0.0,0.0,0.0,10,0.0,-191.4447306909905,-197.80244570747672,-202.7162152718048,10,3.411373199280705,-12.906483846001606,-14.157337030605596,-15.37846828028395,10,0.7777870809968775,2656.450461583608,2567.913926531416,2379.9331414665075,10,77.61536643506125,2659.93537924713,2377.4604222003463,2095.668491861051,10,175.38669713780686,0.0,0.0,0.0,10,0.0,-24.55263703295078,-25.564210068078,-27.06219212281303,10,0.600933901297013,194.39841656123684,182.63727342511467,168.1666583408935,10,7.165898672600875,17.263075055185528,11.416992897994056,9.633053571536472,10,2.602388018742613,2627.2009743970857,2506.490913083757,2266.787769140125,10,97.82429533778692,0.0,0.0,0.0,10,0.0,0.0,0.0,0.0,10,0.0,0.0,0.0,0.0,10,0.0,4791.086453924021,4594.111122609198,4060.729960501723,10,200.057616917115,0.0010660980810234,0.0001066098081023,0.0,10,0.000319829424307,4.604539,-0.3218175,-4.78257,1000,1.1214598,1000,893.0044843049327,65,223,258.9880530817664,12760.63648700714,11068.865198713782,660.0933260917664,223,3307.6469760545388,85916.0,198.90577220916748,200000.0,80.0,15440.603826761246,16000000.0,1005.5012369861336,80000.0
2.524295e-08,1.8141308e-09,95.75044,-9.816211e-05,2.0530531e-10,0.0077581992,12.127649,171.91673,171.9022,8.2658,1219.4021,203.2305,1221.0765,1.0,-0.33504274,-1.0,10000,0.8597332,0.2377186737501364,0.2335845027792097,0.2292019367416003,10,0.0028257523756733,1000,1000.0,1000,10,0.0,12587.59477519989,12356.384856176375,11893.278329372406,10,186.140452456742,0.0,0.0,0.0,10,0.0,-1.5887201375852222,-1.6898100420425728,-1.782296162038148,10,0.0568507788349575,-642.1200875,-662.8424887499999,-672.4961,10,9.224376952827644,323.6567602825396,314.44077067348576,306.70223565888654,10,5.386061794269103,380.7867141926837,370.5765403957536,360.6285247887323,10,5.968812143162084,0.0,0.0,0.0,10,0.0,0.0,0.0,0.0,10,0.0,0.0,0.0,0.0,10,0.0,0.0,0.0,0.0,10,0.0,-194.24776212630343,-197.31217201002715,-200.9338111359213,10,2.390618658577556,-13.5876112038949,-14.889745978890854,-15.743010295686066,10,0.6460760535614454,2655.4676518878805,2560.871847862068,2386.201649497156,10,69.7132135869902,2628.2802604397634,2452.824585656094,2197.5963124504856,10,109.76174901721323,0.0,0.0,0.0,10,0.0,-24.862241095293577,-25.687094524631267,-26.20695276234602,10,0.4059021244929071,185.5774570597412,177.58823687580903,163.22919539550344,10,6.567167990605408,14.774766067615229,13.514779080934138,9.793543113704366,10,1.88991290768711,2599.7355365342046,2522.5263403530207,2442.8207520658943,10,42.86940503021988,0.0,0.0,0.0,10,0.0,0.0,0.0,0.0,10,0.0,0.0,0.0,0.0,10,0.0,4796.604701568043,4655.958841923956,4488.124128008231,10,72.06736049699006,0.0,0.0,0.0,10,0.0,4.8448844,-0.32723558,-4.7705326,1000,1.1208565,1000,879.2352941176471,70,221,265.8532218855067,12767.263668060305,10932.692798299488,822.0559892654419,221,3399.0830918943843,86137.0,232.32253408432007,200000.0,81.0,15672.926371335983,16200000.0,860.8721525369175,81000.0
2.5240674e-08,1.8119147e-09,95.72854,-5.0634295e-05,2.0733926e-10,0.0077089183,12.12076,171.81126,171.79643,7.8712134,1225.9255,187.75116,1227.68,1.0,-0.3298648,-1.0,9147,0.8590498,0.2400449168338026,0.2344634819213822,0.2292557193476204,10,0.0029290339925644,1000,914.7,459,10,178.1190893756197,12668.448190689089,11270.304266643525,5458.177993774414,10,2341.4698031251664,0.0,0.0,0.0,10,0.0,-0.7129868112118222,-1.5473761748193344,-1.7919664051888349,10,0.3172060444373804,-308.733975,-609.1426724999999,-675.6146249999999,10,116.08331398855344,325.64118186352323,286.189919991899,137.05412612195516,10,56.90934848362714,383.5387832116033,338.285202249302,154.96754774048162,10,71.85936381474379,0.0,0.0,0.0,10,0.0,0.0,0.0,0.0,10,0.0,0.0,0.0,0.0,10,0.0,0.0,0.0,0.0,10,0.0,-93.58269198965722,-180.76404256094983,-199.56339106926688,10,34.309334139964044,-5.127268491637016,-12.958598506219904,-15.939138713366878,10,3.180894867008234,2673.4060578855538,2350.031690944382,1192.26345610005,10,473.49181188300753,2624.4381449818666,2268.119056666381,1196.2671645432274,10,461.520026665288,0.0,0.0,0.0,10,0.0,-11.759597769363292,-23.31193143274784,-26.221030980662924,10,4.537404524802868,203.87783272402328,173.50354440133663,102.46470174318648,10,29.74422507874418,15.17412070292626,11.396937917192906,6.912055757832961,10,2.8393333304552404,2603.3457718679474,2290.610887924809,1070.950731651208,10,496.664854821633,0.0,0.0,0.0,10,0.0,0.0,0.0,0.0,10,0.0,0.0,0.0,0.0,10,0.0,4788.440243208175,4205.3897764471785,1925.8402181638885,10,902.6787464428552,0.0021786492374727,0.0003632137609565,0.0,10,0.0007443049500217,4.5281706,-0.32760504,-4.7493105,1000,1.1206045,1000,945.0235849056604,85,212,196.24417888344868,12774.185370922089,11803.24589750452,939.85578250885,212,2500.4178999410683,86349.0,197.3345556259156,200000.0,82.0,15870.26093506813,16400000.0,1013.5072357987686,82000.0
2.5238439e-08,1.8131532e-09,95.59589,-6.637573e-05,2.0592168e-10,0.0077140466,12.116695,171.73541,171.72073,7.6205463,1231.3975,191.3248,1233.1224,1.0,-0.33142883,-1.0,10000,0.858106,0.2379633347486927,0.2333875611181075,0.2259289161530828,10,0.0032494882209961,1000,1000.0,1000,10,0.0,12721.288828372955,12473.49371626377,12265.245114326475,10,133.50653006617284,0.0,0.0,0.0,10,0.0,-1.5719289401050724,-1.758813268456738,-1.897749667579312,10,0.0830843954147183,-642.25825,-668.9433499999999,-678.5357749999998,10,9.68922700344304,335.55456016505514,325.6875757047031,313.15623028047287,10,8.62102052961748,367.4103398097004,357.60976814372486,343.716862922713,10,5.974326445964796,0.0,0.0,0.0,10,0.0,0.0,0.0,0.0,10,0.0,0.0,0.0,0.0,10,0.0,0.0,0.0,0.0,10,0.0,-190.606015248664,-196.5836052710296,-200.8219567184163,10,2.7852994668060256,-12.52469556856545,-14.688894003676968,-16.570090111192155,10,1.0880429008088273,2660.0796660462565,2589.394445869531,2510.5533049883834,10,47.12101123926084,2705.832498699654,2551.6383561764496,2454.4795163461786,10,76.8919293876885,0.0,0.0,0.0,10,0.0,-24.473531351617662,-25.423679625760013,-26.8414899880621,10,0.7032069738396498,201.80861796592592,192.6675566005508,177.08166710126716,10,7.0162866407887785,14.80475636375513,12.512745838616,9.65109144397804,10,2.1775240632312887,2542.506600701145,2485.3014640653014,2375.162630119067,10,55.81874635556327,0.0,0.0,0.0,10,0.0,0.0,0.0,0.0,10,0.0,0.0,0.0,0.0,10,0.0,4808.427900691517,4676.32237343045,4508.923579164618,10,86.40357875126365,0.0,0.0,0.0,10,0.0,4.7706323,-0.31708035,-4.787461,1000,1.1232506,1000,726.4550898203593,43,334,340.14688983689166,12727.710226535795,8991.805301501365,412.9545307159424,334,4334.928687458221,86683.0,200.45296669006348,200000.0,83.0,16070.713911533356,16600000.0,997.7402844290958,83000.0
2.5236208e-08,1.8128774e-09,95.633224,-7.066003e-05,2.0601941e-10,0.007721318,12.1180315,171.69388,171.67924,8.215197,1228.9061,248.70038,1230.3599,1.0,-0.3229876,-1.0,9224,0.86071044,0.2443892619342041,0.2369655584609809,0.2313789416381979,10,0.0035537257897389,1000,922.4,426,10,176.08588813417165,12655.991515636444,11461.693724298477,4888.83122253418,10,2340.795001346012,0.0,0.0,0.0,10,0.0,-0.7009378581103076,-1.6053716586739877,-1.894265241958757,10,0.3225196526700871,-291.87815,-621.928625,-690.1809000000001,10,117.00362464690102,337.0272916545109,299.0021183168283,147.23394717333676,10,53.06111481038418,378.3660091706573,339.08959102385813,144.26831804492952,10,69.44584342888514,0.0,0.0,0.0,10,0.0,0.0,0.0,0.0,10,0.0,0.0,0.0,0.0,10,0.0,0.0,0.0,0.0,10,0.0,-88.27657735509307,-184.0177707895691,-203.33694877559603,10,34.26600547624167,-4.864882876410341,-13.64620199035437,-16.45273137486156,10,3.1137291109589977,2670.8769781412384,2425.606233927222,1072.9990973243048,10,482.3578997140901,2673.40616512961,2358.950199451539,983.8285618179024,10,488.30122688785934,0.0,0.0,0.0,10,0.0,-10.652613546879188,-23.213540736497844,-26.42437609698347,10,4.584550321049558,203.907215471669,177.53024024298935,81.82687909563012,10,38.09511238606376,14.932356975645234,11.054281973869871,8.553126951974237,10,2.2794775685934963,2568.1388839878177,2252.440338430315,946.5483913225596,10,481.2393864920776,0.0,0.0,0.0,10,0.0,0.0,0.0,0.0,10,0.0,0.0,0.0,0.0,10,0.0,4679.67640712434,4264.814412055893,1814.7346510304533,10,864.0897124949507,0.0023474178403755,0.0003600550672455,0.0,10,0.0007605469017528,4.8459,-0.32487687,-5.231564,1000,1.1212723,1000,907.1666666666666,64,210,239.49972826972024,12781.509265899658,11313.128913091476,670.7950954437256,210,3056.9555109371727,86893.0,198.91303777694705,200000.0,84.0,16269.626958370209,16800000.0,1005.4645096932854,84000.0
2.5234037e-08,1.8133981e-09,95.63517,-6.13049e-05,2.0532483e-10,0.007712117,12.11431,171.67055,171.65585,8.438182,1226.1002,271.75046,1227.286,1.0,-0.31978643,-1.0,9068,0.86267924,0.2456161921956115,0.2387768504987712,0.233313097512707,10,0.0032165163003046,1000,906.8,488,10,187.53175731059528,12724.827387332916,11340.909767913818,6149.793038845062,10,2430.835116675241,0.0,0.0,0.0,10,0.0,-0.9197732834575894,-1.556662168246986,-1.8310343021110125,10,0.3220220502236456,-337.0178125,-613.0428024999999,-684.6938749999999,10,124.496836709791,330.75807111363287,288.1032495137077,163.67984799972194,10,59.515327503249694,371.8633592693436,329.8812823294247,169.20530644684715,10,73.81442942057713,0.0,0.0,0.0,10,0.0,0.0,0.0,0.0,10,0.0,0.0,0.0,0.0,10,0.0,0.0,0.0,0.0,10,0.0,-98.92662946488484,-182.61012495582048,-203.3014455804983,10,36.66390288382821,-7.215312230734924,-12.965504731673786,-15.735536484811586,10,2.9505201055340344,2769.3037426908795,2414.845373148083,1280.9746557278952,10,533.9311963631553,2751.498670154255,2395.877112905351,1285.5353672947983,10,529.3288612214409,0.0,0.0,0.0,10,0.0,-12.146664076202711,-23.122494402102152,-26.328956063387785,10,4.71116289927137,210.24346761766807,176.467432285337,88.51869222353145,10,40.966095439482935,14.195063360921786,11.20180428693482,9.658070335678543,10,1.900407754645748,2523.161896464956,2237.203941533592,1252.3012136774737,10,464.419607955015,0.0,0.0,0.0,10,0.0,0.0,0.0,0.0,10,0.0,0.0,0.0,0.0,10,0.0,4743.830951718677,4144.407761852058,2260.3507181460573,10,868.0263337472579,0.0020491803278688,0.0003773318258903,0.0,10,0.0007581555614159,5.172029,-0.31693554,-5.2678924,1000,1.123043,1000,641.9959183673469,58,245,297.13576224990163,12850.89084625244,7877.229080899151,608.1964454650879,245,3759.1733430453073,87138.0,199.6312530040741,200000.0,85.0,16469.2582218647,17000000.0,1001.847140617398,85000.0
2.5231873e-08,1.8115807e-09,95.666756,-0.00010045542,2.0696943e-10,0.007753797,12.112229,171.65262,171.63785,8.614558,1224.521,284.4026,1225.6213,1.0,-0.31747383,-1.0,10000,0.8623204,0.241878208795082,0.2386641764542362,0.2343248192871059,10,0.0025673782069011,1000,1000.0,1000,10,0.0,12696.25687980652,12517.842999267576,12261.563723564148,10,147.70016068103425,0.0,0.0,0.0,10,0.0,-1.6761232510570516,-1.7851530423756352,-1.9577716998783603,10,0.076947075614753,-674.3909,-682.2898475,-699.8128,10,7.338517165591536,339.40081971314004,320.7931521699458,307.59447389640013,10,8.46718685083235,383.8036898431933,370.2010871385577,352.7396768159349,10,8.569488245388378,0.0,0.0,0.0,10,0.0,0.0,0.0,0.0,10,0.0,0.0,0.0,0.0,10,0.0,0.0,0.0,0.0,10,0.0,-196.9767816797947,-201.2849578564566,-204.4845526594912,10,2.4834317164353426,-12.774178989800273,-14.267621672385465,-17.89671619471501,10,1.4028392015911455,2753.119244125269,2669.273888392024,2569.468381294055,10,61.40966194206552,2755.4513103495387,2647.392281466494,2451.0974149890094,10,101.05723792119464,0.0,0.0,0.0,10,0.0,-23.62466874534141,-25.36917982355562,-26.081389503832884,10,0.7358153199022025,216.801796857814,202.7064116168529,190.4099304496772,10,8.81817399473659,15.045233428923428,12.40695849764604,9.685956299611137,10,2.380214017746892,2588.4416228766568,2449.7031472200447,2319.98664260383,10,71.50038164960085,0.0,0.0,0.0,10,0.0,0.0,0.0,0.0,10,0.0,0.0,0.0,0.0,10,0.0,4839.102823168188,4576.155042550128,4403.407973745243,10,111.78374384194738,0.0,0.0,0.0,10,0.0,4.862442,-0.31993178,-4.6249485,1000,1.1218903,1000,901.7699115044248,66,226,249.40483168562267,12795.630519866943,11269.923943736912,738.9622030258179,226,3191.8666870399734,87364.0,233.2354085445404,200000.0,86.0,16702.493644952774,17200000.0,857.5027318881836,86000.0
2.5230127e-08,1.8122749e-09,95.78163,-0.0001312372,2.0613682e-10,0.007793769,12.116798,171.70831,171.69357,9.347154,1216.8264,330.47992,1217.4568,1.0,-0.3211711,-1.0,8932,0.86166304,0.2432656827621937,0.237745633541352,0.2321131258159378,10,0.0029053558063174,1000,893.2,448,10,189.9372527968118,12865.20158624649,11145.900856590271,5068.425745010376,10,2541.8738553443577,0.0,0.0,0.0,10,0.0,-0.7184130083222674,-1.5056546461317977,-1.7479845355301609,10,0.3228856162328332,-300.1481625,-601.10358875,-679.9173999999999,10,127.37751028382992,322.26774773414246,283.5072388325725,147.45156221406313,10,57.58279191459744,373.1702306760853,320.96306007168823,145.9016481376895,10,74.41767524986452,0.0,0.0,0.0,10,0.0,0.0,0.0,0.0,10,0.0,0.0,0.0,0.0,10,0.0,0.0,0.0,0.0,10,0.0,-90.79702106752713,-179.418758599067,-203.623400894302,10,37.84319045824717,-5.783841105752902,-11.967156805414591,-13.71038156331071,10,2.481247744539635,2773.438630763475,2376.759059526613,991.5913419676511,10,591.7099043558349,2702.1198697298883,2339.346384522364,1068.5543630468796,10,549.157948309422,0.0,0.0,0.0,10,0.0,-11.439345955689504,-22.864014177135346,-25.95211243066538,10,4.879323774717586,219.7578742262241,184.1629638598027,109.6565469469981,10,35.34745901824429,15.962900060979251,11.67889584108678,9.742205879804432,10,2.4844190251062,2578.573901444602,2205.5143045500668,1054.1545220124667,10,486.1241108212473,0.0,0.0,0.0,10,0.0,0.0,0.0,0.0,10,0.0,0.0,0.0,0.0,10,0.0,4683.949182030628,4067.756713970141,1861.3367200591704,10,891.1044390031589,0.0022321428571428,0.0005021260037653,0.0,10,0.0008050722397218,4.7065144,-0.31329635,-4.7420974,1000,1.1240327,1000,695.4675324675325,68,231,287.2809197770316,12821.535293579102,8533.844311086905,763.7919988632202,231,3635.876397544536,87595.0,199.4551911354065,200000.0,87.0,16901.94884634018,17400000.0,1002.7314850092,87000.0
2.522996e-08,1.8115089e-09,95.92922,-0.00010367251,2.0688957e-10,0.00777801,12.114073,171.6725,171.65765,9.579181,1216.096,316.26816,1216.7703,1.0,-0.3207734,-1.0,9068,0.86180544,0.27547938187769,0.2412717676353425,0.2305879994589743,10,0.0118675608689066,1000,906.8,68,10,279.6,12840.108710289,11431.919722032548,660.7528600692749,10,3593.091815047311,0.0,0.0,0.0,10,0.0,-0.169782724766586,-1.5469765761955685,-1.8664180011215128,10,0.4647250803787594,-51.88988749999999,-611.7934187500001,-684.7728249999999,10,186.77471693507724,318.7525267032784,280.0359345673681,13.27791719939089,10,89.04196490205939,378.0100671045364,334.1498838894162,24.15603243465869,10,103.45519216318718,0.0,0.0,0.0,10,0.0,0.0,0.0,0.0,10,0.0,0.0,0.0,0.0,10,0.0,0.0,0.0,0.0,10,0.0,-16.21585650892411,-182.1874764853716,-204.74241363533,10,55.41118125442739,-2.0530218291466573,-12.50029977427892,-14.58979526424423,10,3.5580177739784764,2758.2524721934187,2451.358787591614,152.97606437125438,10,767.1049058887178,2770.0454530091674,2383.9862527988785,113.16395140766896,10,764.7677119807789,0.0,0.0,0.0,10,0.0,-2.0441992617630427,-23.6673648699722,-26.68169767640028,10,7.2142355671115554,218.3780865318653,188.30056998470187,2.959891530419461,10,62.399521588047854,15.159894538975893,11.424172323619976,6.354590444188735,10,2.904220603619548,2627.3818538218866,2293.4494211569663,165.86680943902326,10,711.2859843612815,0.0,0.0,0.0,10,0.0,0.0,0.0,0.0,10,0.0,0.0,0.0,0.0,10,0.0,4714.380383626078,4145.190447113911,238.72996480048567,10,1304.0020365433525,0.0147058823529411,0.0014705882352941,0.0,10,0.0044117647058823,4.4684405,-0.31832972,-4.875541,1000,1.121358,1000,906.641592920354,86,226,244.97279936621743,12839.335142612455,11338.64046885271,976.0417900085448,226,3142.7339971009264,87821.0,201.0983324050904,200000.0,88.0,17103.047191381454,17600000.0,994.5383316114336,88000.0
2.522996e-08,1.8101483e-09,95.96208,-0.00013576658,2.0825036e-10,0.007812733,12.109973,171.59967,171.5847,9.29035,1218.9276,342.57394,1219.6564,1.0,-0.32232395,-1.0,6704,0.8619618,0.2646029428963505,0.2424019561926308,0.2321504184229885,10,0.0100502151638067,1000,670.4,124,10,404.4413925403778,12846.101033687592,8177.487166464329,990.713544845581,10,5347.740727323219,0.0,0.0,0.0,10,0.0,-0.2622476364186666,-1.1448849651462307,-1.8282346164164305,10,0.6930839928116881,-88.068725,-451.065035,-681.8319375,10,269.0240239927657,311.551913674299,205.9727955364242,35.90813164533348,10,126.13005404252443,369.1562311231603,240.4120008502948,42.75622335813816,10,150.52269871409226,0.0,0.0,0.0,10,0.0,0.0,0.0,0.0,10,0.0,0.0,0.0,0.0,10,0.0,0.0,0.0,0.0,10,0.0,-25.51067529987771,-134.4632772307539,-202.28057406531457,10,78.83366922157708,-1.8491357644262312,-8.804620257373573,-14.783281913642105,10,5.437094795292598,2761.318879917694,1776.4404573772945,254.5324248049072,10,1134.9559792605232,2663.69322329688,1685.7087758056816,219.39752652235063,10,1119.765786588046,0.0,0.0,0.0,10,0.0,-3.0717477260028674,-17.351354759602934,-26.639517366732832,10,10.618937792310168,229.59662600381608,139.8989466793806,13.10321499422729,10,84.77873422209066,15.376488746204696,10.064831668532012,2.0989690545015884,10,3.885401627596015,2587.655383796614,1630.1542526631397,148.35290640643586,10,1083.4294942291283,0.0,0.0,0.0,10,0.0,0.0,0.0,0.0,10,0.0,0.0,0.0,0.0,10,0.0,4686.468980854337,2972.020106493737,364.1443451760517,10,1939.1568300789595,0.0080645161290322,0.0023933634663729,0.0,10,0.0030579261235308,4.5251994,-0.3122357,-4.5979986,1000,1.1226838,1000,718.5522388059702,28,268,371.9754358597452,12824.723947525024,8886.88748486985,196.27279233932487,268,4730.026623026565,88089.0,192.38993954658508,200000.0,89.0,17295.4371445179,17800000.0,1039.5553970823523,89000.0
2.522996e-08,1.8115955e-09,95.96264,-7.632459e-05,2.0680295e-10,0.007753337,12.100804,171.52707,171.51224,9.182219,1222.2823,308.1691,1223.1887,1.0,-0.32543015,-1.0,8561,0.859927,0.2453294132145503,0.2365728171002513,0.2324319162524784,10,0.0035334650158712,1000,856.1,224,10,288.907061180581,12619.019330501556,10566.499825429915,1988.984673023224,10,3808.006514630813,0.0,0.0,0.0,10,0.0,-0.3421114537520199,-1.4643885542702593,-1.841210254019884,10,0.5123325340261484,-150.53791249999998,-574.6257324999999,-681.8714124999999,10,193.9180242030276,321.55769862216493,268.92590612188167,71.90137969070115,10,89.78202640834925,373.88496341764494,311.0787077276956,74.19938868716665,10,109.09786071358168,0.0,0.0,0.0,10,0.0,0.0,0.0,0.0,10,0.0,0.0,0.0,0.0,10,0.0,0.0,0.0,0.0,10,0.0,-47.09539775385575,-170.31385760992836,-201.41169880051143,10,56.56691589254958,-1.8981427259102504,-10.742726442862988,-14.531280404079506,10,4.147067483688868,2734.572761694078,2267.5202279063133,488.9986105483332,10,798.059591931776,2598.4312698075346,2141.064734056389,398.9308626834577,10,786.5036759389484,0.0,0.0,0.0,10,0.0,-5.579085727869103,-22.19353848828135,-26.976517961988755,10,7.690659511073051,216.71218550115327,175.99636704075172,52.72099324415332,10,53.25982841967357,14.744655086101233,10.406697463048724,7.739742216995992,10,2.261736354141758,2617.702899337496,2136.263211079131,369.8463928963956,10,781.6661460828951,0.0,0.0,0.0,10,0.0,0.0,0.0,0.0,10,0.0,0.0,0.0,0.0,10,0.0,4730.484191953104,3870.4298516523777,684.7068051827563,10,1404.9942952773456,0.0044642857142857,0.000743164476473,0.0,10,0.0015235528307912,4.5334897,-0.3168652,-4.9837704,1000,1.1215609,1000,875.2107438016529,60,242,274.80735740919243,12787.198412895204,10878.764569566516,638.3729543685913,242,3542.684776817113,88331.0,198.2156403064728,200000.0,90.0,17493.652792215347,18000000.0,1009.0021135101564,90000.0
2.522996e-08,1.8111647e-09,95.896675,-6.2148145e-05,2.0723374e-10,0.0077338815,12.097846,171.47205,171.45728,9.0893135,1222.8536,292.1024,1223.8229,1.0,-0.3229504,-1.0,8693,0.85943973,0.258565609182917,0.2380081206093009,0.2294349043274046,10,0.0077789996221289,1000,869.3,211,10,268.3319026876976,12754.996647834778,10806.26094801426,2057.055966615677,10,3503.5826632505023,0.0,0.0,0.0,10,0.0,-0.2725099967433871,-1.4776201623514118,-1.7942782005532338,10,0.4940257823575277,-142.3665875,-584.6050124999999,-682.4240625,10,180.27198920311616,325.7226549043468,271.31300404706195,63.93437347066128,10,82.84663848983553,377.4622735555658,310.6273906214947,66.43894275426818,10,102.23659488518943,0.0,0.0,0.0,10,0.0,0.0,0.0,0.0,10,0.0,0.0,0.0,0.0,10,0.0,0.0,0.0,0.0,10,0.0,-47.25718587083877,-173.07307255593773,-203.4566867129177,10,51.392437116711214,-2.2394597246946804,-11.32229089330996,-13.87426659350119,10,3.784550860029565,2745.090260375652,2298.9485470452337,464.17413559806494,10,741.9575135242018,2710.722370194224,2276.2246073819138,416.9302007319733,10,745.4956262775548,0.0,0.0,0.0,10,0.0,-5.726972998659573,-23.02046060970285,-26.847405570202103,10,7.092216634493549,225.95307091804807,177.43499569487892,44.55867158054048,10,53.29202905524885,15.029172429526088,11.283785935250672,5.176485012615432,10,3.557643236099271,2578.4447513995574,2176.4637628043915,420.8431340572064,10,702.2010478822731,0.0,0.0,0.0,10,0.0,0.0,0.0,0.0,10,0.0,0.0,0.0,0.0,10,0.0,4640.032242416391,3910.681162380388,727.3188206093628,10,1274.0755934771855,0.0047393364928909,0.0006814025289571,0.0,10,0.0014873651176233,4.969306,-0.31501082,-4.7150273,1000,1.1215811,1000,878.1465517241379,77,232,272.9694391859439,12863.083937644958,10902.53010277964,840.6617892980576,232,3508.0779189699306,88563.0,229.907452583313,200000.0,91.0,17723.560260772705,18200000.0,869.9152539543047,91000.0
2.522996e-08,1.8110071e-09,95.74247,-4.7664762e-05,2.0739135e-10,0.0077070617,12.083107,171.35498,171.34015,8.663499,1229.4072,238.4891,1230.7336,1.0,-0.3306056,-1.0,10000,0.8556148,0.2353545715182827,0.2323016628001323,0.2263979908764684,10,0.0025691474875644,1000,1000.0,1000,10,0.0,12871.820520877838,12538.576015233994,12165.009348869324,10,206.2107302692117,0.0,0.0,0.0,10,0.0,-1.6164371782406617,-1.7078892388913791,-1.7839960327592057,10,0.0456554429654617,-661.3641499999999,-667.5814624999999,-680.2134624999999,10,5.585886856819369,322.51271116199143,311.6910506925888,296.02470000410824,10,7.741209199867407,364.82093723808,352.295593564667,344.60473334812195,10,6.096218089098533,0.0,0.0,0.0,10,0.0,0.0,0.0,0.0,10,0.0,0.0,0.0,0.0,10,0.0,0.0,0.0,0.0,10,0.0,-189.91853640456168,-195.6172256066887,-198.07100009757715,10,2.476213434933407,-11.301492435501974,-12.417759268403646,-13.557208622336423,10,0.7250528591384245,2754.933613457143,2684.80479920772,2595.5669401304413,10,56.82226791777093,2750.315284515548,2606.647224631261,2462.290187526712,10,99.28590557436412,0.0,0.0,0.0,10,0.0,-26.15478943306693,-26.49428086920645,-26.991912137876447,10,0.2362954825291813,227.69998776309623,207.5147262937145,187.1356497043973,10,10.1426826016645,14.81012684157055,13.149280924062026,9.635028168406576,10,2.18736765440053,2600.6477527894085,2530.725806266464,2470.33303255518,10,39.42006718405908,0.0,0.0,0.0,10,0.0,0.0,0.0,0.0,10,0.0,0.0,0.0,0.0,10,0.0,4724.577942797188,4547.083672254893,4418.504888867167,10,109.98940566882732,0.0,0.0,0.0,10,0.0,4.7410965,-0.31340653,-4.678861,1000,1.1214503,1000,877.9364406779661,52,236,266.44129991274934,12763.199361801147,10916.041839274309,564.8402633666992,236,3424.9152768766203,88799.0,200.9643292427063,200000.0,92.0,17924.524599790573,18400000.0,995.201490501622,92000.0
2.522996e-08,1.8094066e-09,95.68696,-8.7930996e-05,2.0899192e-10,0.0077428883,12.083998,171.34312,171.32823,8.819779,1227.4644,280.92953,1228.5504,1.0,-0.32801345,-1.0,9911,0.8568955,0.2373519293739322,0.2333815667320654,0.2305881221599431,10,0.0018648657424131,1000,991.1,911,10,26.700000000000003,12650.39596414566,12261.507814216611,11013.346767902374,10,464.4438109009996,0.0,0.0,0.0,10,0.0,-1.4886932464809095,-1.7277603470128544,-1.869510104709485,10,0.1062287470026289,-607.6189375,-666.39129125,-682.720125,10,20.71803932792632,328.15180220749914,315.670966434676,291.5683513295492,10,10.180605872904056,366.68301434025534,350.5424956977028,321.87985499337265,10,11.201475216345028,0.0,0.0,0.0,10,0.0,0.0,0.0,0.0,10,0.0,0.0,0.0,0.0,10,0.0,0.0,0.0,0.0,10,0.0,-179.8302765738019,-194.63203635630643,-199.9666750901776,10,5.27562414273258,-10.336858763891426,-12.263254993773248,-14.237968447786413,10,1.260862477724174,2708.3074554310515,2573.4759799615777,2325.43590284784,10,98.68689363218829,2626.2864702781726,2417.432951852274,2225.6585866023142,10,122.2061190535252,0.0,0.0,0.0,10,0.0,-23.6911399387729,-25.56923341896518,-26.77138754947165,10,0.7720180461386699,225.6543126399912,208.5647468875595,195.5004982848145,10,8.355470052578745,15.14076102994018,12.047744269361663,9.085265686270326,10,2.389997516728162,2661.450757747936,2523.339903340926,2163.22449876181,10,135.8840702347852,0.0,0.0,0.0,10,0.0,0.0,0.0,0.0,10,0.0,0.0,0.0,0.0,10,0.0,4761.9244978392735,4573.498389689047,4120.088078551356,10,188.77862630428035,0.0010976948408342,0.0001097694840834,0.0,10,0.0003293084522502,4.495555,-0.30150127,-4.9252605,1000,1.1250004,1000,698.0687679083095,38,349,321.76446897454434,12799.394570350649,8596.728470085685,330.76372146606445,349,4104.580075500015,89148.0,202.8961923122406,200000.0,93.0,18127.42082476616,18600000.0,985.7257433999372,93000.0
2.522996e-08,1.809783e-09,95.67977,-8.851107e-05,2.0861539e-10,0.0077428934,12.082092,171.2788,171.26396,9.445661,1223.8234,335.80948,1224.7891,1.0,-0.32024798,-1.0,9621,0.86006606,0.2407978243351617,0.2369544104639102,0.2336171324786267,10,0.002292671123358,1000,962.1,642,10,106.88353474693848,12865.88977575302,12107.941076469422,7818.84915304184,10,1441.0379429885202,0.0,0.0,0.0,10,0.0,-1.1898325797108338,-1.7652432419393589,-1.9188410657155168,10,0.1990545618559135,-448.1004625,-659.76343875,-693.7731249999999,10,70.87823886486542,332.69084096662255,309.33944063808474,194.5613969566,10,38.690997929013406,356.84933686244426,334.05618187495224,221.4518698450903,10,38.89252608138975,0.0,0.0,0.0,10,0.0,0.0,0.0,0.0,10,0.0,0.0,0.0,0.0,10,0.0,0.0,0.0,0.0,10,0.0,-130.027772626585,-191.4629437703088,-201.1515109912413,10,20.53671487732403,-7.931009015830998,-11.768490929578466,-13.582305140716436,10,1.3949128456137232,2664.2581168392644,2524.242904433471,1661.0156348993144,10,291.9171217518918,2638.861269853677,2473.7325842109526,1585.6749089758273,10,298.3317964269344,0.0,0.0,0.0,10,0.0,-16.30879017982661,-24.671062211589323,-26.18780195983999,10,2.832212019581991,225.07131745007248,206.66290425906897,143.49342779606525,10,21.886622700878384,14.838448505771392,11.681637684426097,9.663631240972826,10,2.2753346324467247,2624.3861190085063,2438.4210296751035,1510.250856782499,10,313.1112788358216,0.0,0.0,0.0,10,0.0,0.0,0.0,0.0,10,0.0,0.0,0.0,0.0,10,0.0,4799.49091363164,4514.807130293477,2971.024249153564,10,518.1541221882209,0.0015576323987538,0.0002579082858406,0.0,10,0.0005295670771601,4.4527054,-0.30802053,-5.0580344,1000,1.1211295,1000,904.967741935484,73,217,233.65572742695025,12833.500944137571,11262.003141370236,801.4697513580322,217,2977.4226492237253,89365.0,201.9686589241028,200000.0,94.0,18329.389493465424,18800000.0,990.2526514034904,94000.0
2.522996e-08,1.8085957e-09,95.65011,-0.0001161281,2.0980277e-10,0.0077681364,12.071313,171.15906,171.14406,9.221573,1225.3431,298.28088,1226.428,1.0,-0.3131681,-1.0,8758,0.86116666,0.2675656969182436,0.240988527949482,0.23547484347518,10,0.0090228371274782,1000,875.8,256,10,232.58409231931577,12721.171823501589,10893.504000234603,2895.0685591697693,10,3001.7899453756218,0.0,0.0,0.0,10,0.0,-0.4867493227219081,-1.618558657502188,-1.9387248714214165,10,0.4304935842631235,-191.61165,-605.20898875,-698.0166875,10,156.35277774612413,324.73048434494,278.67090060296874,83.55482814238806,10,73.04930554201901,356.3830323803851,306.6685030473283,77.99229501076118,10,85.98934949931119,0.0,0.0,0.0,10,0.0,0.0,0.0,0.0,10,0.0,0.0,0.0,0.0,10,0.0,0.0,0.0,0.0,10,0.0,-58.25472545436721,-175.81193192623542,-201.76507759705493,10,44.33210235462178,-4.141598546891599,-11.021288376589927,-13.911821493888642,10,2.801078852648322,2677.681013882143,2262.7909814397512,671.2234780198839,10,608.6941114234816,2687.4587510185247,2202.1600619999504,500.4396868157976,10,638.0087048203043,0.0,0.0,0.0,10,0.0,-6.163181437888007,-22.61215928253857,-26.686658139013176,10,6.15950854310847,228.5480078185666,190.24543930101763,55.29152834682945,10,50.83246992120078,15.662878395515094,12.895010517316432,9.6997183593021,10,2.318044727143129,2597.50952383154,2204.7307418964388,551.6694613171217,10,623.5534985393782,0.0,0.0,0.0,10,0.0,0.0,0.0,0.0,10,0.0,0.0,0.0,0.0,10,0.0,4816.248731113796,4082.29005807308,1146.1408391585055,10,1100.985863440989,0.00390625,0.0006611751967883,0.0,10,0.0012084895933286,4.7697897,-0.30737928,-5.064424,1000,1.1211545,1000,887.8119266055046,76,218,261.90049312310015,12889.6954536438,11128.943328749148,841.6961812973022,218,3369.9193614579603,89583.0,197.6733772754669,200000.0,95.0,18527.062901973724,19000000.0,1011.7700357863104,95000.0
2.522996e-08,1.8099907e-09,95.58958,-7.316505e-05,2.0840779e-10,0.0077203307,12.060724,171.04185,171.02693,8.725848,1230.0237,272.37903,1231.2433,1.0,-0.3099153,-1.0,9885,0.8642526,0.2446870194349287,0.2414163287636151,0.2385087015999918,10,0.0020466917496759,1000,988.5,885,10,34.5,12770.970398902891,12439.18083974123,10264.744442105291,10,731.4828897646909,0.0,0.0,0.0,10,0.0,-1.588535301133374,-1.843880559634579,-1.9360644945315872,10,0.0910444627366133,-625.1261,-688.4538687500001,-704.8261249999999,10,21.68834645655952,332.3086978948416,321.35725984195227,281.29776677130053,10,14.055747445039666,379.2012634391509,351.2149627523589,296.8799597462425,10,20.20377793119507,0.0,0.0,0.0,10,0.0,0.0,0.0,0.0,10,0.0,0.0,0.0,0.0,10,0.0,0.0,0.0,0.0,10,0.0,-181.98551359165072,-200.7398155606779,-205.23058701836905,10,6.426967901252327,-9.549721757687555,-12.390069323217062,-14.287202967047197,10,1.2574695207997133,2727.0274161329053,2624.1239985276816,2184.852147501902,10,150.11298352361874,2696.902594727003,2538.0195296806305,2104.207509064147,10,161.52229018412697,0.0,0.0,0.0,10,0.0,-23.190770115223945,-25.144983851530245,-25.889818630283408,10,0.8090259076965809,234.4957211718718,216.13127593474528,208.4206577517007,10,7.591990652704868,18.586306983005656,12.549579091016508,9.690117307176504,10,2.9570146881874995,2586.975877848792,2503.5635885199617,2203.870309336532,10,105.26544567536584,0.0,0.0,0.0,10,0.0,0.0,0.0,0.0,10,0.0,0.0,0.0,0.0,10,0.0,4820.582022645582,4607.52679351696,3632.789717101093,10,333.27475432288526,0.0011299435028248,0.0001129943502824,0.0,10,0.0003389830508474,4.6448073,-0.30740356,-4.7637415,1000,1.1209816,1000,881.9342105263158,69,228,280.14660958992096,12883.761555194857,11057.895987419706,774.8869390487671,228,3595.1031984239976,89811.0,233.7858190536499,200000.0,96.0,18760.84873008728,19200000.0,855.4838818264823,96000.0
2.522996e-08,1.8085232e-09,95.49884,-6.777841e-05,2.098753e-10,0.007707686,12.055104,170.93715,170.9221,8.565145,1233.3715,266.50305,1234.5668,1.0,-0.29795712,-1.0,6907,0.86873215,0.2641900823925159,0.2481073347465209,0.2394260284031004,10,0.0070664363490272,1000,690.7,173,10,263.0486837070279,12759.9863986969,8451.73537156582,1829.10252904892,10,3378.0330751844263,0.0,0.0,0.0,10,0.0,-0.3737513556688966,-1.2888252325595797,-1.891783026219057,10,0.4420365608051817,-131.82676249999997,-485.913565,-702.1418249999999,10,177.52319994473686,331.24653119000965,225.9887219733024,49.23271258280183,10,86.8790269764612,361.5457376090776,243.5428829984334,44.9266816074236,10,100.33740508882651,0.0,0.0,0.0,10,0.0,0.0,0.0,0.0,10,0.0,0.0,0.0,0.0,10,0.0,0.0,0.0,0.0,10,0.0,-38.69985231213553,-143.57581223631755,-205.01880381282848,10,52.781359611234485,-2.5989927918732154,-9.405655624512496,-13.1584206579727,10,3.0909792687076303,2718.2122565029586,1780.460202615969,422.807863826397,10,705.7013734921595,2679.641697279554,1709.322660739542,394.9666844846973,10,712.731506894503,0.0,0.0,0.0,10,0.0,-5.225574849885055,-17.611318965502484,-26.02643473349764,10,6.806804966634843,236.65024963857687,161.7482725630203,40.42832899309302,10,61.477397723672624,17.23537139555878,11.237031731665542,5.978326370188144,10,3.2686372585140915,2492.8276879538635,1707.0920827614598,360.1274770946638,10,685.2527774586661,0.0,0.0,0.0,10,0.0,0.0,0.0,0.0,10,0.0,0.0,0.0,0.0,10,0.0,4696.16323636808,3131.968842204907,648.9731183646325,10,1223.2318976127888,0.0057803468208092,0.0016027165913593,0.0,10,0.0016311657603112,4.6796107,-0.30620584,-4.598657,1000,1.1225301,1000,857.823275862069,53,232,295.13277078167505,12844.237917423248,10749.21846835572,576.5071620941162,232,3775.465876432172,90043.0,194.75435519218445,200000.0,97.0,18955.60309648513,19400000.0,1026.9346726682395,97000.0
2.522996e-08,1.8065024e-09,95.37535,-8.2226106e-05,2.1189624e-10,0.0077122548,12.0454035,170.82568,170.81052,8.427817,1237.4014,250.67249,1238.7666,1.0,-0.2979323,-1.0,8586,0.8690922,0.2562867459437012,0.2472722942184888,0.241599735403533,10,0.0049571424947048,1000,858.6,432,10,186.84817365979256,12901.252260684969,10458.56427371502,4983.185541152954,10,2496.689733111277,0.0,0.0,0.0,10,0.0,-0.7698866052402057,-1.5669182056755548,-1.875201930977981,10,0.345367901392771,-308.418175,-601.8595349999999,-710.3328875,10,127.47581285191036,339.06758395002976,285.95352283322256,149.06858030709367,10,62.22691615989263,377.6156117148863,308.4889650936618,155.77864600513004,10,70.70104308952413,0.0,0.0,0.0,10,0.0,0.0,0.0,0.0,10,0.0,0.0,0.0,0.0,10,0.0,0.0,0.0,0.0,10,0.0,-94.10789517319938,-178.89068816438856,-209.9871282022078,10,37.54911584576487,-5.51045032143156,-10.936282132810792,-13.529112664380156,10,2.384853384114934,2717.4338137953064,2279.40007287938,1107.2131321904326,10,517.3293470407223,2665.389070893292,2175.613694577918,938.416584105241,10,548.9670685580045,0.0,0.0,0.0,10,0.0,-10.175673142926373,-21.368772672139933,-25.47922741998912,10,4.69752547126769,241.3605009047713,201.5123035892488,101.5501430101403,10,43.52509005620993,15.428113128322872,13.556081652345464,9.623878870218835,10,1.7796610993394346,2564.862227714318,2135.0848610373987,961.66860987898,10,499.9985691661762,0.0,0.0,0.0,10,0.0,0.0,0.0,0.0,10,0.0,0.0,0.0,0.0,10,0.0,4795.177896069844,3701.5377724819687,1886.5267997162616,10,914.784867835789,0.0023148148148148,0.0007499906061909,0.0,10,0.0008136706171471,5.1994257,-0.30464354,-4.724447,1000,1.1235639,1000,877.5131578947369,68,228,261.3202055465092,12910.715878486631,10977.987556162634,713.7667980194092,228,3365.6164794023907,90271.0,199.815776348114,200000.0,98.0,19155.41888141632,19600000.0,1000.9219675005291,98000.0
2.522996e-08,1.808724e-09,95.132805,-3.126374e-05,2.0967449e-10,0.0076418878,12.037659,170.73615,170.72116,7.892172,1243.7773,216.30154,1245.4432,1.0,-0.3067906,-1.0,9797,0.8661802,0.2464631231356636,0.2432524717627184,0.2340454669892921,10,0.0035143217818238,1000,979.7,888,10,40.870649615586,12545.87290763855,11900.007067489623,10509.668416500092,10,656.447178038478,0.0,0.0,0.0,10,0.0,-1.5239548122697424,-1.7399605209879294,-1.905362106422964,10,0.1312789710557354,-618.57325,-677.0001975,-703.04975,10,29.522661850960336,341.5620065977497,328.5467513370333,304.0053603263442,10,11.603219459998549,376.81116768036753,351.48151450525063,319.17311272540525,10,16.1829631036703,0.0,0.0,0.0,10,0.0,0.0,0.0,0.0,10,0.0,0.0,0.0,0.0,10,0.0,0.0,0.0,0.0,10,0.0,-185.1910941465211,-201.2449288405942,-207.98290048586605,10,7.976918996105805,-11.33356946564814,-12.657839336697572,-14.860442770227923,10,1.121799916628581,2736.351622295416,2580.459278894604,2231.1176064885326,10,147.35983532444945,2620.3473211378587,2450.749887623887,2134.1679928983167,10,141.55971223925235,0.0,0.0,0.0,10,0.0,-22.06899642762968,-24.635357178391768,-26.20594365866896,10,1.2718909820304456,248.33590822112453,217.45782267181136,200.11351138523133,10,15.249713398887833,15.19671884019502,11.407569376260016,8.69683360493211,10,2.4653915217390603,2591.643230911692,2433.7611349610806,2181.635484677596,10,113.21665424054372,0.0,0.0,0.0,10,0.0,0.0,0.0,0.0,10,0.0,0.0,0.0,0.0,10,0.0,4669.316477522028,4249.9368982222895,3662.125763536498,10,382.2062831807336,0.0011261261261261,0.0002226236137127,0.0,10,0.0004452852293107,4.6899023,-0.30016133,-4.603801,1000,1.1246043,1000,856.4203539823009,62,226,280.7496685659214,12840.63223361969,10713.343244957712,681.8262042999268,226,3590.592426469504,90497.0,200.1748328208924,200000.0,99.0,19355.5937230587,19800000.0,999.1265993909996,99000.0
2.522996e-08,1.8051118e-09,94.93716,-0.00010171965,2.1328658e-10,0.0076966924,12.043782,170.7803,170.76505,8.084081,1243.8448,234.149,1245.3872,1.0,-0.30630454,-1.0,9582,0.8648139,0.2492853710344844,0.2423899773696515,0.2346625384108787,10,0.0038454289758698,1000,958.2,582,10,125.4,12477.98222208023,11378.614306688309,6376.450603961945,10,1722.5738708106342,0.0,0.0,0.0,10,0.0,-0.9904310016158911,-1.645553086104194,-1.7972799717169905,10,0.2258728777955526,-395.7566125,-658.703535,-698.4114374999999,10,87.7936849692946,349.5942628531324,321.7661872217427,192.3143829193657,10,43.92125642221655,378.3552221644048,349.0811517973316,207.3609891539632,10,47.69146461626262,0.0,0.0,0.0,10,0.0,0.0,0.0,0.0,10,0.0,0.0,0.0,0.0,10,0.0,0.0,0.0,0.0,10,0.0,-114.87607945708268,-196.5246448004301,-211.1851337218272,10,27.35191024129048,-6.045399882075545,-11.539680999849136,-14.440277157937793,10,2.1004368707720773,2713.690618579049,2534.4492107243623,1524.5974637346503,10,340.36452894860105,2733.969726025741,2483.233143571376,1425.5688544733744,10,357.063843783888,0.0,0.0,0.0,10,0.0,-14.69707334968984,-24.03399019768576,-26.04441134417522,10,3.1516305665904785,230.24886970199444,211.0955343870522,145.00682487968984,10,23.294323108407244,16.017260244553363,12.694141705095618,6.042425000070224,10,3.4158487829522173,2520.8868985815066,2321.4077568091866,1401.5467771404285,10,314.8983113703956,0.0,0.0,0.0,10,0.0,0.0,0.0,0.0,10,0.0,0.0,0.0,0.0,10,0.0,4492.065977984332,3848.445110148077,1895.956246263809,10,746.8459868490136,0.0017182130584192,0.0001718213058419,0.0,10,0.0005154639175257,4.4398236,-0.29691216,-5.009872,1000,1.1254383,1000,874.1025641025641,85,234,251.24494754848115,12847.340304374697,10927.25998335822,955.9843411445618,234,3234.139891601872,90731.0,202.8531558513641,200000.0,100.0,19558.446887731552,20000000.0,985.9348707719652,100000.0
2.522996e-08,1.8061901e-09,94.92903,-0.00016368313,2.1220836e-10,0.007758005,12.049391,170.87767,170.86258,8.574255,1241.5834,253.36005,1242.9357,1.0,-0.3050662,-1.0,8807,0.8657352,0.253036345735261,0.244411680586852,0.2374016820555062,10,0.0052816555319612,1000,880.7,555,10,184.4597788137024,12627.827146053314,10590.282846927645,6065.662649393082,10,2637.142569663423,0.0,0.0,0.0,10,0.0,-0.9319673508758848,-1.4982157030121075,-1.813986765245701,10,0.3317595073134522,-392.6380875,-604.96227,-695.115275,10,120.72327091041626,352.3439634878312,295.3557966146333,187.1604860322793,10,65.78241490244869,376.3321872571205,320.15490584497456,198.7942162774461,10,68.46742900115781,0.0,0.0,0.0,10,0.0,0.0,0.0,0.0,10,0.0,0.0,0.0,0.0,10,0.0,0.0,0.0,0.0,10,0.0,-119.28914177035242,-181.3412631167239,-206.78847510386177,10,34.858921007622584,-5.906726850881518,-10.475775785607995,-12.855774210504991,10,2.353924723699942,2763.770770746913,2375.5925529188644,1444.7666041663065,10,531.9947044172692,2711.4240554868857,2257.0666708385334,1351.0759516702126,10,545.4307097509031,0.0,0.0,0.0,10,0.0,-13.69249918754748,-22.013134410615024,-25.371631014197305,10,4.626375069012106,221.88297409684105,194.42876690928057,127.3943821119417,10,32.16122337788906,16.37577809590915,11.911800000578502,7.453491507248076,10,3.2441012387871924,2528.273780341122,2143.4866687160247,1341.0729938653935,10,485.9356896564354,0.0,0.0,0.0,10,0.0,0.0,0.0,0.0,10,0.0,0.0,0.0,0.0,10,0.0,4537.000518769614,3638.3212312030496,1668.9920212715278,10,1056.1294302563183,0.0018018018018018,0.0005016385536316,0.0,10,0.0007699680608648,4.6307626,-0.29109836,-5.2701073,1000,1.1265298,1000,859.2162162162163,59,222,276.2745698308704,12866.03404521942,10730.533003240018,662.3336415290833,222,3538.7523757060485,90953.0,230.5491828918457,200000.0,101.0,19788.9960808754,20200000.0,867.4938574552363,101000.0
2.522996e-08,1.8043741e-09,95.09288,-0.00020685674,2.1402441e-10,0.007814287,12.055002,170.94794,170.93268,8.534318,1241.7222,236.51663,1243.1041,1.0,-0.30767345,-1.0,9270,0.8618014,0.2474483638357738,0.2409961494137794,0.2347851769112874,10,0.0036867966415106,1000,927.0,501,10,147.17404662507585,12240.756432533264,10797.02990347743,5280.371901988983,10,1958.0501347446427,0.0,0.0,0.0,10,0.0,-0.8074233116461448,-1.5082455989973125,-1.7391646103448182,10,0.2496352986135144,-350.1235125,-630.1650837499999,-684.8123,10,95.9020789153962,338.57956019048066,302.23266469884624,160.89337903337116,10,49.07198161547471,369.2898454893405,325.8695933279375,169.59504819509257,10,54.91494180969271,0.0,0.0,0.0,10,0.0,0.0,0.0,0.0,10,0.0,0.0,0.0,0.0,10,0.0,0.0,0.0,0.0,10,0.0,-104.92300956215595,-188.4926059780325,-202.941613352346,10,28.453974278327262,-5.352854208477991,-10.216832339089844,-11.97889160083903,10,1.8107958089061609,2723.173246641093,2430.075552186844,1188.3652547693655,10,431.37898037702,2675.202174488776,2386.7217456231624,1207.7077399208972,10,404.4200127931505,0.0,0.0,0.0,10,0.0,-13.198910241129036,-24.0349910147982,-26.420359372548845,10,3.80690545407403,236.7703146259479,202.2639803935964,104.35489688189466,10,35.56469366471918,17.290758235498792,13.477364411281943,9.430476955653226,10,3.039212362004293,2500.6607908944543,2279.261624201403,1147.6377258387076,10,389.6309880668119,0.0,0.0,0.0,10,0.0,0.0,0.0,0.0,10,0.0,0.0,0.0,0.0,10,0.0,4272.38527564878,3530.491178367559,1660.3025010310098,10,747.881377729319,0.0019960079840319,0.0005250303547216,0.0,10,0.0006900777306091,4.827716,-0.28090662,-5.0873203,1000,1.1271796,1000,799.3807947019867,53,302,307.1839581333436,12806.886713981628,9956.156924730103,595.423957824707,302,3941.721703177992,91255.0,201.04340744018555,200000.0,102.0,19990.039495944977,20400000.0,994.8100390185836,102000.0
2.522996e-08,1.8046007e-09,95.385376,-0.0002560585,2.1379779e-10,0.007886888,12.069,171.09566,171.08058,9.7094965,1227.8425,410.56503,1228.3507,1.0,-0.3086312,-1.0,9682,0.86118096,0.2440028138793087,0.2401707661361053,0.2357365000676523,10,0.002535449777111,1000,968.2,682,10,95.4,12304.374902248384,11553.201131677628,7960.236919403076,10,1213.151561777532,0.0,0.0,0.0,10,0.0,-1.1667309463041544,-1.6884755139150016,-1.847063282526307,10,0.1927719581488827,-474.0750125,-667.5104074999999,-703.0102750000001,10,65.11057237646376,331.29256928801243,311.4317092110836,222.08774444566933,10,31.227515972433253,350.956101349535,333.5295102983553,240.69635218345348,10,31.342227673478067,0.0,0.0,0.0,10,0.0,0.0,0.0,0.0,10,0.0,0.0,0.0,0.0,10,0.0,0.0,0.0,0.0,10,0.0,-140.53131466196805,-195.6816287244593,-205.3980496169602,10,18.48379942784272,-8.532498120722574,-11.203455087077089,-12.505565264219168,10,1.2446210314027837,2646.3702589385766,2490.7308738329366,1767.1025478610077,10,247.0138045518074,2628.242883571663,2447.0187470456594,1787.9869659866388,10,234.11481384477943,0.0,0.0,0.0,10,0.0,-18.226180412053232,-25.411385913931632,-27.15894576288094,10,2.4400420249507224,222.5628091042189,203.89061836861063,160.33395791663332,10,16.90830305428909,15.599296412488282,12.750992676770114,7.783479655627493,10,2.93627690701609,2541.1616865553706,2373.0484942186604,1606.320925545328,10,260.05633027149446,0.0,0.0,0.0,10,0.0,0.0,0.0,0.0,10,0.0,0.0,0.0,0.0,10,0.0,4539.704472050782,4094.3741570210536,2675.4968916013654,10,508.615491273886,0.001466275659824,0.0001466275659824,0.0,10,0.0004398826979472,5.027267,-0.28374475,-4.916749,1000,1.128099,1000,398.9823788546256,23,227,353.70854580051446,12637.231173038484,4768.313261732656,151.57410526275635,227,4419.45571916195,91482.0,197.3823812007904,200000.0,103.0,20187.42188572884,20600000.0,1013.2616638997114,103000.0
2.522996e-08,1.8059465e-09,95.651375,-0.0001886523,2.1245203e-10,0.007840765,12.067944,171.08441,171.06934,9.780148,1223.2856,405.03342,1223.738,1.0,-0.30386838,-1.0,9314,0.86347705,0.2511538131569261,0.2429461825672771,0.2390615875370481,10,0.0037866738469175,1000,931.4,326,10,201.83171207716592,12403.795899391174,11114.974102115631,3677.806288719177,10,2506.9806653161727,0.0,0.0,0.0,10,0.0,-0.5733961721646529,-1.6257730070466092,-1.8361859790035573,10,0.3560063241572138,-230.8300625,-644.903075,-704.2932125,10,138.1420123658016,335.81733931461065,302.91841283279587,108.7550440033118,10,65.0244754392152,363.3501210142338,328.45866644824224,110.86254245157896,10,73.00946933395356,0.0,0.0,0.0,10,0.0,0.0,0.0,0.0,10,0.0,0.0,0.0,0.0,10,0.0,0.0,0.0,0.0,10,0.0,-69.45573083966102,-190.320328124087,-207.33824705996355,10,40.33451438455074,-3.3400122563425763,-10.635011686884216,-13.244612610108828,10,2.541751585497107,2650.8220885553224,2370.035619841504,900.7030091798623,10,497.25913131932447,2718.0829538872817,2396.675833024064,805.6353041333444,10,536.921535767006,0.0,0.0,0.0,10,0.0,-8.19730120724709,-24.03428484481234,-26.710994509715984,10,5.2940229699592,230.9178078276378,201.9840514949868,84.33254448841818,10,40.1011904642306,15.980605334766215,13.809414792516192,7.088528341149166,10,2.750105385861037,2577.157187687717,2330.344031285312,709.5632468389366,10,541.7698892754286,0.0,0.0,0.0,10,0.0,0.0,0.0,0.0,10,0.0,0.0,0.0,0.0,10,0.0,4459.099746166758,3859.5281411747033,1196.5680904051433,10,920.37028266038,0.0030674846625766,0.0004079630411564,0.0,10,0.0009364594354717,4.934275,-0.28372365,-4.7468667,1000,1.1260477,1000,736.0378787878788,36,264,393.6683519061065,12809.230553627014,9142.44439966209,307.8833522796631,264,5023.5062951641385,91746.0,196.06680393219,200000.0,104.0,20383.4886944294,20800000.0,1020.060489531774,104000.0
2.522996e-08,1.8068856e-09,95.88407,-0.0002420153,2.1151277e-10,0.00791274,12.05856,170.9485,170.93341,9.358152,1226.0934,352.25818,1226.6848,1.0,-0.29926637,-1.0,8415,0.865328,0.2560527718535617,0.2454602124385911,0.2380388666365771,10,0.0054904001479523,1000,841.5,327,10,261.76563945636565,12421.29894733429,10085.491639661788,3735.2605123519897,10,3285.802893089316,0.0,0.0,0.0,10,0.0,-0.559720745287343,-1.479061370298958,-1.799816200775627,10,0.4674771826261121,-233.3169875,-587.0761475,-704.4313749999999,10,179.19628918199413,337.5325335532009,276.2875579473139,108.15698510024292,10,85.89080308012257,368.9023276343106,293.69183616081693,107.67307794313066,10,93.23722048145146,0.0,0.0,0.0,10,0.0,0.0,0.0,0.0,10,0.0,0.0,0.0,0.0,10,0.0,0.0,0.0,0.0,10,0.0,-71.278799135586,-173.25924098021858,-208.01094307968663,10,52.20946230148542,-3.6240017765143024,-9.458461767042648,-12.389135854725838,10,3.0214288246280985,2669.9026536514675,2112.983909547567,824.3909348514783,10,663.6328159132265,2695.3394211699533,2150.87640088348,752.7207650314591,10,694.7316979634231,0.0,0.0,0.0,10,0.0,-8.200624578515232,-21.70191848015677,-26.192943823734616,10,6.936506881134236,233.12270275793992,185.2686395338027,72.95710675070617,10,56.16374639997715,23.930713158418264,12.513494549649918,8.552861724536388,10,4.354141921663496,2558.192903300357,2085.314025466578,774.2378761333567,10,674.5880986235678,0.0,0.0,0.0,10,0.0,0.0,0.0,0.0,10,0.0,0.0,0.0,0.0,10,0.0,4554.515374034936,3595.246490794381,1229.1681445820395,10,1220.2180790034186,0.0030581039755351,0.0008289846810128,0.0,10,0.0011691398085458,4.5848427,-0.28966412,-4.849557,1000,1.1243126,1000,919.5511111111113,81,225,236.1485188249333,12825.207900047302,11517.152025108337,864.1345238685608,225,3027.4244492181706,91971.0,197.03750038146973,200000.0,105.0,20580.526203870773,21000000.0,1015.0352070686788,105000.0
2.522996e-08,1.8071883e-09,96.08777,-0.00021818554,2.1121024e-10,0.007905206,12.041927,170.76173,170.74669,8.810607,1231.1256,306.83292,1231.8688,1.0,-0.29583335,-1.0,8825,0.864846,0.2537559903726345,0.2450491556654077,0.2404873643420101,10,0.003680182793902,1000,882.5,667,10,127.52274306961876,12314.474455833437,10356.6196652174,7248.622969865799,10,1767.658739200463,0.0,0.0,0.0,10,0.0,-1.0561667060303082,-1.5039051657369515,-1.8679036267394933,10,0.2449479977814364,-460.98905,-613.7415100000001,-705.2800874999999,10,85.59753247323283,333.5992496896606,284.109572216854,210.58071733424464,10,43.12932255441717,370.5340620121889,304.1776044971353,221.9107645640537,10,50.60556647093309,0.0,0.0,0.0,10,0.0,0.0,0.0,0.0,10,0.0,0.0,0.0,0.0,10,0.0,0.0,0.0,0.0,10,0.0,-137.21696007053748,-182.38398901658715,-207.0098861310101,10,24.835669789217583,-5.572052668883434,-9.528252121574656,-12.491298134067836,10,1.994500053807512,2630.1658301862103,2174.478962761899,1540.273529481742,10,368.6036059849209,2594.6597205408734,2244.6066122828865,1696.041420644215,10,309.52745105584563,0.0,0.0,0.0,10,0.0,-17.485947686926654,-23.15551332838412,-26.70445316808393,10,3.297761639571965,245.51879372080404,204.5171177984141,149.91320279715663,10,32.0540609774596,21.479443216073705,12.913603380745808,6.959630861333984,10,4.557652329070213,2531.763662290816,2173.9545616883443,1664.170860915443,10,325.6335009339184,0.0,0.0,0.0,10,0.0,0.0,0.0,0.0,10,0.0,0.0,0.0,0.0,10,0.0,4493.349421595538,3613.19725707308,2194.016475154347,10,771.0270484643713,0.0014992503748125,0.0007598203340991,0.0,10,0.0006342737606221,4.534975,-0.2897488,-4.550385,1000,1.1251235,1000,891.2863247863248,80,234,270.8994184954882,12880.11465549469,11193.536115948971,857.922233581543,234,3493.744038796713,92205.0,227.07811903953552,200000.0,106.0,20807.604330539703,21200000.0,880.7541688557801,106000.0
2.522996e-08,1.8071875e-09,96.2586,-0.00018784213,2.1121105e-10,0.00788853,12.032219,170.61136,170.59633,8.723552,1233.4672,285.65897,1234.1906,1.0,-0.28549907,-1.0,6923,0.86769557,0.287563038681885,0.2526068920325783,0.2424230634350854,10,0.0126565424446357,1000,692.3,178,10,260.5452168050682,12262.123569488524,7905.480587911606,1946.737961769104,10,3168.6661699737874,0.0,0.0,0.0,10,0.0,-0.3588346543029532,-1.169110967826017,-1.783415860653473,10,0.4186572348740301,-141.044175,-486.32607875,-694.404725,10,174.6987146950048,329.1511844976097,226.73768320638024,56.21033044604148,10,82.95771973811883,353.7288473390873,234.1176280937863,61.02636126060163,10,92.02449608259144,0.0,0.0,0.0,10,0.0,0.0,0.0,0.0,10,0.0,0.0,0.0,0.0,10,0.0,0.0,0.0,0.0,10,0.0,-43.77085082265816,-145.60218006538545,-206.5310768802653,10,51.32892216536141,-2.266389137596489,-7.232438122227224,-11.93842105075124,10,2.7341670511785146,2541.33579921262,1651.351522182153,407.2298493592796,10,658.0594291365121,2569.149166266041,1744.7203294195667,449.5127094055816,10,667.452006205,0.0,0.0,0.0,10,0.0,-4.513176670302309,-18.18452895634983,-26.894083873425725,10,6.919334151028282,246.5873499277783,166.10987141481024,52.56280379936007,10,61.53239431979858,21.06691193221837,12.970766813087716,2.376294999429086,10,5.339248313416266,2568.7310081216165,1653.401483103759,382.79112549048807,10,672.0715523366428,0.0,0.0,0.0,10,0.0,0.0,0.0,0.0,10,0.0,0.0,0.0,0.0,10,0.0,4581.0746303734,2735.0340539653507,685.0134619854731,10,1142.268201576527,0.0056179775280898,0.0016737399534944,0.0,10,0.0015017284754265,4.971406,-0.28617707,-4.6519384,1000,1.1258771,1000,905.6973684210526,36,228,245.3830528472856,12874.63265323639,11372.412767831696,341.5983033180237,228,3169.043265083723,92433.0,171.1675729751587,200000.0,107.0,20978.771930217743,21400000.0,1168.44561457342,107000.0
2.522996e-08,1.8055574e-09,96.27102,-8.634889e-05,2.1284124e-10,0.00778803,12.017834,170.43881,170.42374,8.424211,1238.9996,287.19043,1240.065,1.0,-0.29749852,-1.0,8661,0.8661655,0.2519085290674716,0.2454001072481185,0.2394306434566519,10,0.0039736029131783,1000,866.1,426,10,192.2381075645513,12195.190248012545,10160.595271730424,4813.7935309410095,10,2394.956248098922,0.0,0.0,0.0,10,0.0,-0.7110694990138091,-1.5412805534894205,-1.889218069356021,10,0.3578882644301678,-297.5428125,-606.233365,-706.2274875,10,134.33975320500744,339.5476094146445,283.4007467240303,140.13786201251733,10,65.75508886955679,353.29795018677873,294.72387032506583,144.84703696494114,10,68.83681949022774,0.0,0.0,0.0,10,0.0,0.0,0.0,0.0,10,0.0,0.0,0.0,0.0,10,0.0,0.0,0.0,0.0,10,0.0,-90.07853900873135,-179.1298419563535,-211.1355469807042,10,39.13548547392548,-4.023806655227787,-9.773115181983307,-13.70360395538375,10,2.8884351793947687,2554.9208580845325,2111.518798845735,1100.3600272402457,10,460.6646582316777,2678.339654548848,2188.262998280862,1095.163301550687,10,502.3920665410586,0.0,0.0,0.0,10,0.0,-10.8964269738844,-22.424498283647782,-26.383012881106104,10,4.972840200887553,259.30743995331653,204.2825100176784,112.68182878726694,10,42.737406078727645,20.758433730280707,13.476041231301924,4.050041786203863,10,4.42423553254429,2537.150711426448,2098.7894858666464,944.0965496459085,10,495.7836398190185,0.0,0.0,0.0,10,0.0,0.0,0.0,0.0,10,0.0,0.0,0.0,0.0,10,0.0,4563.338542896982,3613.663565957216,1589.4388130237794,10,942.713521082104,0.0023474178403755,0.0006435313274208,0.0,10,0.0008381565613456,4.783075,-0.27873132,-4.8722544,1000,1.1287504,1000,755.7755102040817,20,245,329.0727272327702,12852.290662765505,9328.50687801108,124.73094987869264,245,4157.024682838926,92678.0,157.88862204551697,200000.0,108.0,21136.660557746887,21600000.0,1266.7157228235417,108000.0
2.522996e-08,1.805332e-09,96.216,-0.000104681654,2.1306651e-10,0.0078019626,12.011035,170.32747,170.31247,8.166073,1242.3069,248.24217,1243.6652,1.0,-0.3055693,-1.0,8391,0.8649019,0.2604674476581661,0.2437648354279635,0.2318458604828804,10,0.0075606728822159,1000,839.1,298,10,249.651937705278,12634.95068502426,10010.97588185072,3116.64743411541,10,3340.030836167526,0.0,0.0,0.0,10,0.0,-0.4985575706581427,-1.4596161895603073,-1.835743795825416,10,0.4700554483278968,-212.9084125,-578.77258125,-717.26075,10,172.26296581434636,343.8337527323643,279.3090937914846,94.30471135671594,10,86.11339141422698,346.490464455484,286.1180851042128,99.21912153201566,10,84.17413740758043,0.0,0.0,0.0,10,0.0,0.0,0.0,0.0,10,0.0,0.0,0.0,0.0,10,0.0,0.0,0.0,0.0,10,0.0,-66.3570047618603,-172.0059100323228,-211.4244863879344,10,49.66850894596517,-2.515796908427125,-8.795437182358999,-11.543186719991173,10,3.200450971885944,2665.007994588801,2095.8872203812725,675.7633578425143,10,664.7441654345796,2645.3055704267617,2118.46358058269,693.7182260204062,10,684.1874609972044,0.0,0.0,0.0,10,0.0,-6.787163004863704,-21.205653870478827,-27.119658234437026,10,6.634842509560384,248.3533760490082,202.6940469903,77.2999992817483,10,57.276985239060096,14.37752910648254,9.806187995299371,4.826570298217371,10,2.472124684514198,2599.930843295024,2088.242786094207,705.8326861546101,10,655.0213950388841,0.0,0.0,0.0,10,0.0,0.0,0.0,0.0,10,0.0,0.0,0.0,0.0,10,0.0,4660.962940697464,3548.012227799251,988.2491220818816,10,1301.7442057730182,0.0033557046979865,0.0009115895971057,0.0,10,0.0011137173659883,4.769988,-0.2856971,-4.6358957,1000,1.1272398,1000,883.2689075630252,65,238,274.3088548639832,12900.674814224243,11066.873733440369,675.1129016876221,238,3511.535824549568,92916.0,158.44905996322632,200000.0,109.0,21295.109623909,21800000.0,1262.235320590839,109000.0
2.522996e-08,1.8043558e-09,96.21029,-0.00016370672,2.1404284e-10,0.007860531,12.014695,170.30536,170.29004,8.040309,1243.7467,227.68602,1245.0475,1.0,-0.31196675,-1.0,9969,0.86478686,0.245670376066951,0.2412352923401128,0.2380738922848678,10,0.0023711252412598,1000,996.9,969,10,9.3,12552.914693832396,12211.781245851516,11492.911556243896,10,279.6343278311716,0.0,0.0,0.0,10,0.0,-1.7291682412117235,-1.7951416588818714,-1.85502523415389,10,0.0411041194333064,-675.7330499999999,-689.1407337500001,-695.7666125,10,6.111216086731047,341.59459361566104,331.59499192215344,322.2575722067876,10,6.112632984037705,346.7004683085194,339.1834201683511,333.35365139744613,10,4.16946401859617,0.0,0.0,0.0,10,0.0,0.0,0.0,0.0,10,0.0,0.0,0.0,0.0,10,0.0,0.0,0.0,0.0,10,0.0,-200.23528132291628,-202.74205448426,-206.1059854957511,10,1.8430966430202305,-10.190499107734356,-11.694233179814224,-14.269124045099415,10,1.1182249923837877,2640.7144536072883,2534.440801067909,2447.744854399833,10,64.63696002360813,2601.929761730571,2470.654271983861,2301.50700968711,10,96.23063221634344,0.0,0.0,0.0,10,0.0,-24.575539752572148,-25.627720658264373,-26.20818169363769,10,0.4090300776949687,238.99496642387683,230.58857059732745,219.76771872184327,10,6.026413899676105,14.556811958500976,11.097944045354604,9.627793312729024,10,2.143460073027821,2594.002326435463,2534.5667695373254,2400.8537555332928,10,49.977685955160965,0.0,0.0,0.0,10,0.0,0.0,0.0,0.0,10,0.0,0.0,0.0,0.0,10,0.0,4756.144791034968,4496.622446762545,4077.920282623511,10,192.422302138045,0.001031991744066,0.0001031991744066,0.0,10,0.0003095975232198,4.594449,-0.28322756,-4.7946763,1000,1.1277376,1000,923.7947598253276,77,229,207.0569543160025,12885.704929351808,11595.680090808451,864.7347369194031,229,2681.354749799112,93145.0,160.8979103565216,200000.0,110.0,21456.007539749146,22000000.0,1243.0242229798696,110000.0
0.08695057,0.0059853015,16.150593,-0.0044139777,0.0009707437,0.0057060253,5.885348,169.70642,169.69011,5.9051313,1242.755,238.13092,1243.7567,1.0,-0.3074848,-1.0,8604,0.8642094,0.2631301021089138,0.2438268113306467,0.2370750701434524,10,0.0074091815771119,1000,860.4,262,10,279.77247898962474,12623.447163105013,10647.68350481987,2915.0537095069885,10,3670.4322050690007,0.0,0.0,0.0,10,0.0,-0.4076667498610711,-1.5826604183499349,-1.921945889781572,10,0.5311860942643656,-183.0653125,-599.74959625,-705.773525,10,192.34650087941537,340.6123516715291,287.0879224514141,79.71393490386177,10,94.1071233442462,364.6167295702488,298.58223202670405,89.02272751971539,10,96.62621312217078,0.0,0.0,0.0,10,0.0,0.0,0.0,0.0,10,0.0,0.0,0.0,0.0,10,0.0,0.0,0.0,0.0,10,0.0,-55.91631256109788,-175.10638849786227,-205.48785734493617,10,54.62972665029201,-2.5976738930180723,-11.296877295047883,-13.973592979162262,10,3.769896209533623,2645.498206284765,2225.121742632618,632.5506853626324,10,754.8465927541382,2558.0690791390707,2134.561532152008,707.2621140837668,10,695.9988974432258,0.0,0.0,0.0,10,0.0,-6.091956692514547,-21.93862880812436,-26.00898735132629,10,7.485369401924829,233.0399591765953,197.92067792291704,77.37926792920135,10,57.232383639311465,14.800445087600298,11.138906583285843,7.871556732718078,10,2.383552179176943,2660.450257166949,2221.9910829730743,639.3858880063483,10,750.7357974837727,0.0,0.0,0.0,10,0.0,0.0,0.0,0.0,10,0.0,0.0,0.0,0.0,10,0.0,4755.476506208148,3905.847172688353,870.7636546833886,10,1428.562017583036,0.0038167938931297,0.0006740770501316,0.0,10,0.001362855683215,4.5886297,-0.28491375,-4.725767,1000,1.1236699,1000,892.9607843137255,49,204,258.6136463336246,12903.672161102297,11158.235237033929,523.3825798034668,204,3341.138828455496,93349.0,159.70703625679016,200000.0,111.0,159.70703625679016,22200000.0,1252.2929777397126,111000.0
0.0017397823,0.00012225461,25.190517,-0.004254729,1.6927983e-05,0.00626997,10.917114,169.4427,169.42555,8.12273,1241.4714,233.59242,1242.6184,1.0,-0.30452532,-1.0,9153,0.8643786,0.2585284521174923,0.2433937687137111,0.2384941806111033,10,0.0062315354286,1000,915.3,431,10,178.60125979398913,12576.834846496582,11298.04190006256,5059.241295814514,10,2309.8909740510458,0.0,0.0,0.0,10,0.0,-0.8181178724759435,-1.6835059018803826,-1.886529719608056,10,0.3142638427618439,-312.8196375,-639.5936875,-702.2010375,10,120.96866070661572,335.8214493460828,302.864653733554,148.99995924260762,10,56.99734454381273,360.3833944348719,322.9810309076872,161.43883947584288,10,59.6772263108927,0.0,0.0,0.0,10,0.0,0.0,0.0,0.0,10,0.0,0.0,0.0,0.0,10,0.0,0.0,0.0,0.0,10,0.0,-94.56229745545994,-186.89586841748653,-208.59393414347363,10,34.78043285849333,-5.917619002846253,-12.49843230319395,-15.075693529304314,10,2.505653547253599,2652.745474993829,2384.7058601553063,1075.260970883151,10,486.22846589594434,2540.3856300287707,2295.091718794998,1078.485001837239,10,454.5004783289392,0.0,0.0,0.0,10,0.0,-10.567610247740337,-23.542596320537463,-26.17896956463705,10,4.724126876940516,232.84351203105587,209.2490978497363,102.07733316399536,10,40.14083983731737,18.46622415575673,13.128456817405242,9.62029320614341,10,2.6891090959181985,2632.405647729822,2332.940835170657,1052.0706991546149,10,478.286387228502,0.0,0.0,0.0,10,0.0,0.0,0.0,0.0,10,0.0,0.0,0.0,0.0,10,0.0,4653.867755331503,4114.398467913228,1757.4150639032332,10,875.5808890273113,0.0023201856148491,0.0004688302672993,0.0,10,0.0007773541777714,4.9261184,-0.28695953,-4.4516406,1000,1.1206261,1000,884.4903846153846,63,208,275.1612462648145,12922.82433128357,11079.04862564974,673.5136384963989,208,3552.310492494737,93557.0,154.4516999721527,200000.0,112.0,314.1587414741516,22400000.0,1294.9031965077727,112000.0
9.890356e-05,6.9582184e-06,33.694294,-0.003788832,9.540694e-07,0.006484376,11.926323,169.2483,169.23138,7.725968,1245.1324,221.03484,1246.5471,1.0,-0.30567968,-1.0,9763,0.86308706,0.2458056812303374,0.2417518570072196,0.2389877641375108,10,0.0018587168101649,1000,976.3,763,10,71.1,12759.07639360428,12143.058404779436,9131.202797412872,10,1018.7655640908108,0.0,0.0,0.0,10,0.0,-1.3526657430227056,-1.76670174793762,-1.9390220092830228,10,0.1632317721047249,-532.873025,-679.71015625,-706.8590875,10,49.35038628811464,332.76676707421944,318.17535115885227,248.04341654114828,10,23.88311162380284,379.464642713658,349.83447483033353,274.7468684283848,10,26.224269624808827,0.0,0.0,0.0,10,0.0,0.0,0.0,0.0,10,0.0,0.0,0.0,0.0,10,0.0,0.0,0.0,0.0,10,0.0,-156.21629925518283,-198.6399034494316,-206.99918274655127,10,14.23000615609678,-10.543830990520282,-14.07737003758487,-15.67043522146255,10,1.6855297234219282,2669.4689421269486,2557.313000254271,1954.9134506268413,10,202.8197252655345,2630.8161304156483,2461.3382660045254,1966.5308525569324,10,183.5029203586514,0.0,0.0,0.0,10,0.0,-19.82399460396612,-25.43448139629753,-26.91936820911528,10,1.9274249810043405,272.7982680797132,221.93491423069503,177.52366505901335,10,22.38842010686183,20.60588322733832,13.8862320142632,9.68484146510586,10,3.1085430485651138,2675.7833973499,2540.535691391467,1916.9188375444664,10,211.17409970748545,0.0,0.0,0.0,10,0.0,0.0,0.0,0.0,10,0.0,0.0,0.0,0.0,10,0.0,4749.079427343437,4401.254552387018,3136.605575609357,10,465.3673098446406,0.001310615989515,0.0001310615989515,0.0,10,0.0003931847968545,5.073309,-0.2771763,-4.921887,1000,1.125514,1000,592.9885931558936,54,263,314.0758848858697,12827.520121574402,7247.565617096288,591.1811676025391,263,4005.85597047528,93820.0,155.68262219429016,200000.0,113.0,469.84136724472046,22600000.0,1284.6648982466536,113000.0
6.8435447e-06,4.812159e-07,41.821175,-0.0034443417,6.6267596e-08,0.0067900354,11.937136,169.31854,169.30171,8.892328,1231.876,346.12125,1232.5607,1.0,-0.3028117,-1.0,9822,0.8654853,0.2466033768730161,0.2437748203187917,0.2374519305815843,10,0.0025339236972967,1000,982.2,822,10,53.400000000000006,12799.803789138794,12242.907823848724,9888.12764263153,10,814.3849449553475,0.0,0.0,0.0,10,0.0,-1.51798318870359,-1.8476007489041315,-1.969480859270852,10,0.12816802325928,-579.0785125,-690.30129875,-713.826425,10,37.689142005292126,334.5747605664937,323.80048353284303,270.69672496905764,10,18.423612902864573,372.5785338576586,350.96867655387507,302.8584960841304,10,19.5799959761829,0.0,0.0,0.0,10,0.0,0.0,0.0,0.0,10,0.0,0.0,0.0,0.0,10,0.0,0.0,0.0,0.0,10,0.0,-169.6133615250787,-201.4360911406489,-207.3944341246793,10,10.873401105790066,-11.460219525519364,-15.226413026822843,-16.859759926141333,10,1.547724305035954,2744.818467887301,2582.308100336475,2110.06076764214,10,177.7336008769135,2654.540855366784,2476.2296692255627,1958.080647718476,10,190.52877055384155,0.0,0.0,0.0,10,0.0,-21.20963703868734,-25.28697626058921,-26.795629318513,10,1.4356799433245304,231.08915573670944,216.1441137447845,186.4079230735772,10,12.639125817260346,14.92484451921136,11.964591771876432,7.880249609855064,10,2.674431727892973,2642.7180518100763,2526.88325250762,2042.77063174616,10,168.0634916041483,0.0,0.0,0.0,10,0.0,0.0,0.0,0.0,10,0.0,0.0,0.0,0.0,10,0.0,4712.779352669313,4487.509115518098,3622.838857822973,10,305.60591100780937,0.0012165450121654,0.0001216545012165,0.0,10,0.0003649635036496,4.776785,-0.27918285,-4.898158,1000,1.122545,1000,553.4203539823009,62,226,306.4320007605932,12706.912863731384,6743.575809275155,654.2632026672363,226,3877.409119896468,94046.0,155.45866131782532,200000.0,114.0,625.3000326156616,22800000.0,1286.5156454107937,114000.0
1.1665364e-06,8.2193125e-08,49.38859,-0.0029311918,1.1129792e-08,0.0068822782,11.9226885,169.13571,169.11926,8.996521,1230.2766,324.18546,1230.8933,1.0,-0.30001178,-1.0,9487,0.866959,0.2517210155137557,0.2451313489651023,0.2431585255726037,10,0.0023459339702231,1000,948.7,646,10,111.48098492568138,12868.59980726242,12018.242338752749,7765.323966026306,10,1596.3178912597218,0.0,0.0,0.0,10,0.0,-1.2389361608683078,-1.8219444989273288,-1.9895619749687503,10,0.2212752458413118,-456.212575,-671.4164587500001,-714.142225,10,77.72912583362216,339.43510390089034,312.77340692073227,200.78755562014155,10,40.82506228814022,375.7781554272645,341.246657249182,234.7425245713017,10,40.28235212073017,0.0,0.0,0.0,10,0.0,0.0,0.0,0.0,10,0.0,0.0,0.0,0.0,10,0.0,0.0,0.0,0.0,10,0.0,-132.07707428739303,-195.58116523731263,-206.4719006783192,10,22.668881070907748,-9.496539832287931,-14.714722005329715,-18.17746309120391,10,2.395866850334225,2755.679152690564,2527.9711385909472,1613.424348979645,10,347.1593434214014,2758.7539666467183,2465.597840238753,1520.374221240664,10,360.39446476103694,0.0,0.0,0.0,10,0.0,-17.549083033623415,-24.330133435801763,-26.56548187712879,10,2.622803479096905,230.2340839673693,208.40695880100344,135.0818251242908,10,26.046038413075312,16.08101606495297,12.530785778549667,6.712681289749514,10,3.0819259065867666,2656.367414279908,2428.1339754244896,1510.6578899653027,10,357.79245376731353,0.0,0.0,0.0,10,0.0,0.0,0.0,0.0,10,0.0,0.0,0.0,0.0,10,0.0,4752.054467578982,4434.3189899548215,3028.274040097601,10,518.4333645351253,0.001547987616099,0.0002737048258191,0.0,10,0.0005532619229084,4.588134,-0.28139013,-4.9268217,1000,1.1198726,1000,885.4303797468355,62,237,275.8240901323236,12889.65788936615,11122.5962279698,701.4883718490601,237,3552.7138054712823,94283.0,154.82853198051453,200000.0,115.0,780.1285684108734,23000000.0,1291.7515747366924,115000.0
5.268269e-07,3.7139447e-08,56.24676,-0.0024978041,5.0067137e-09,0.0069975457,11.913286,169.00359,168.98709,8.845854,1231.0414,302.75955,1231.6625,1.0,-0.29467842,-1.0,9528,0.8696891,0.2605784582017509,0.2484761632118985,0.2421731594281364,10,0.005528603476097,1000,952.8,528,10,141.6,12855.748786449432,11962.21177494526,6122.679383516312,10,1953.8507410175032,0.0,0.0,0.0,10,0.0,-1.0698314212289255,-1.887272058275948,-2.046155312565737,10,0.2751070494031661,-394.03945,-681.7214074999999,-737.9259125,10,96.34257177982366,337.7061568577182,312.2562141682102,167.4217402206412,10,48.88004083565845,387.6194160000184,347.22202084749114,185.7735840717592,10,55.99104139854369,0.0,0.0,0.0,10,0.0,0.0,0.0,0.0,10,0.0,0.0,0.0,0.0,10,0.0,0.0,0.0,0.0,10,0.0,-116.06364140587448,-198.6298702125121,-215.45999130501457,10,27.73465595949977,-7.815761050932434,-16.302036617477373,-18.70085427160353,10,2.939271299511167,2693.993317872506,2490.9880833879965,1271.7330942163992,10,409.0719346095042,2639.4111568701123,2404.6195054256805,1329.008744241648,10,368.3851091195325,0.0,0.0,0.0,10,0.0,-12.517062424450398,-24.011382308920897,-26.78665113690606,10,3.904762854757194,234.1672119811581,207.1602337220482,118.55597709724331,10,30.80235133353483,15.397924996762292,13.267628599345752,9.78142853111176,10,2.2229740648996,2678.10237510258,2435.599268341384,1162.3576937730784,10,427.4262132053549,0.0,0.0,0.0,10,0.0,0.0,0.0,0.0,10,0.0,0.0,0.0,0.0,10,0.0,4779.810356565026,4475.681359433858,2289.528291606985,10,729.9262010562767,0.0018939393939393,0.0001893939393939,0.0,10,0.0005681818181818,4.8827333,-0.2701578,-5.4439826,1000,1.1241293,1000,759.4044943820224,47,356,325.07521062681815,12872.207426071169,9461.88919313838,372.9875440597534,356,4175.278188473845,94639.0,187.67107367515564,200000.0,116.0,967.7996463775636,23200000.0,1065.6943346857215,116000.0
3.3940557e-07,2.397811e-08,62.465744,-0.0021574164,3.1743306e-09,0.0071546757,11.923479,169.05457,169.03822,9.954137,1222.174,390.08963,1222.288,1.0,-0.29787153,-1.0,10000,0.87003565,0.250539727632788,0.2473964537412466,0.2439502117516762,10,0.0023710095071738,1000,1000.0,1000,10,0.0,12954.036745071411,12756.75256447792,12481.600841522217,10,134.2531035724938,0.0,0.0,0.0,10,0.0,-1.899710565239888,-1.9638688944092253,-2.061221040549474,10,0.0521694195112867,-700.9575749999999,-712.29676875,-723.1227875,10,6.171435259879411,342.09590362094025,332.60233618026325,324.95393813756084,10,4.856674829611681,381.8617219879144,372.7260747018892,360.250024289258,10,6.251725920396099,0.0,0.0,0.0,10,0.0,0.0,0.0,0.0,10,0.0,0.0,0.0,0.0,10,0.0,0.0,0.0,0.0,10,0.0,-205.4279739992088,-208.23452167427376,-211.3918519873808,10,2.1704858520387926,-14.98961923472458,-16.359306199773552,-17.485490525534395,10,0.7059960904535646,2729.320691036538,2661.3993191482023,2558.15932514085,10,54.609430226126655,2728.009850034968,2644.5104643885675,2554.196335491052,10,65.21958759406053,0.0,0.0,0.0,10,0.0,-24.45498476739852,-25.14334698732751,-25.84005951093637,10,0.4182695691184167,230.6643887752741,219.4058594445657,205.8911345439033,10,8.111628557988524,14.544257696575242,12.439837862937786,9.712381316574309,10,2.167376107846594,2622.281622394358,2569.4304312190698,2497.801494625174,10,40.02584062134461,0.0,0.0,0.0,10,0.0,0.0,0.0,0.0,10,0.0,0.0,0.0,0.0,10,0.0,4756.843520936376,4700.73929788641,4556.076989482171,10,64.18890775658542,0.0,0.0,0.0,10,0.0,4.867486,-0.27672625,-4.825702,1000,1.12124,1000,842.4273127753304,61,227,314.97691371005567,12866.251935005188,10519.479843274086,700.920648097992,227,4024.959832178844,94866.0,155.9126114845276,200000.0,117.0,1123.7122642993927,23400000.0,1282.769867656585,117000.0
2.5132113e-07,1.7761849e-08,67.902115,-0.001781662,2.3438425e-09,0.0072138314,11.906672,168.84634,168.83006,9.813177,1225.9137,347.83252,1226.3431,1.0,-0.2963603,-1.0,9715,0.8715564,0.2613539900864194,0.2488845671166917,0.2445298528134317,10,0.0044865686088441,1000,971.5,715,10,85.5,12817.09190750122,12309.376593017578,8839.412576198578,10,1161.9938451527244,0.0,0.0,0.0,10,0.0,-1.418766692138795,-1.9007645009785616,-2.0864587671405026,10,0.172478644977263,-527.5044250000001,-692.462555,-727.36635,10,55.3691744641962,328.4475225862328,314.2056717111015,237.07849965613457,10,26.57753665807785,381.8972843069356,357.7574953514196,264.8138329457134,10,34.079004651074385,0.0,0.0,0.0,10,0.0,0.0,0.0,0.0,10,0.0,0.0,0.0,0.0,10,0.0,0.0,0.0,0.0,10,0.0,-158.14414134738388,-203.42063715221343,-210.8276816885752,10,15.160203803231642,-11.79756369909885,-16.215706222121753,-17.698784979439516,10,1.6611503579846758,2716.0994079293528,2531.6012102558216,1787.6387209827312,10,252.27632315183288,2660.9226643738702,2499.77037367444,1795.3186539944477,10,240.77397309872296,0.0,0.0,0.0,10,0.0,-17.74078043059337,-24.96020726885501,-27.696315604335503,10,2.5018631125080524,226.6923541501934,208.57936884223244,147.35005969716656,10,21.43094518545776,15.389793070611342,12.006897486114674,6.969114201869752,10,2.882457572721893,2646.7590490864222,2495.3635594001853,1742.6492555128557,10,253.6879698106227,0.0,0.0,0.0,10,0.0,0.0,0.0,0.0,10,0.0,0.0,0.0,0.0,10,0.0,4857.694660145244,4626.462734832292,3416.616269120255,10,409.766405462461,0.0013986013986013,0.0001398601398601,0.0,10,0.0004195804195804,4.545622,-0.27671358,-4.9698324,1000,1.121646,1000,876.7534246575342,79,219,282.9668864643064,12912.78127670288,10989.748838520483,782.5668926239014,219,3636.995913313936,95085.0,155.2055025100708,200000.0,118.0,1278.9177703857422,23600000.0,1288.6141068807958,118000.0
2.0026953e-07,1.415665e-08,72.458626,-0.0014655183,1.8649113e-09,0.0072622104,11.875106,168.50232,168.48613,8.747168,1239.6924,255.3092,1240.7983,1.0,-0.29828823,-1.0,10000,0.8721741,0.2518208161300703,0.2485833684078212,0.2446426134929951,10,0.0022907440378233,1000,1000.0,1000,10,0.0,12843.066177845,12651.46401629448,12367.201842308044,10,161.45545598283317,0.0,0.0,0.0,10,0.0,-1.8422642956834805,-1.9279932980954573,-2.0784373773688447,10,0.0613571166569177,-700.089125,-709.7407625,-722.7083,10,6.994386315941158,333.9409444511646,325.2582359044791,319.31532399266075,10,5.113534453721488,396.9554064945321,377.9497303922707,368.8515250378364,10,7.988182524465619,0.0,0.0,0.0,10,0.0,0.0,0.0,0.0,10,0.0,0.0,0.0,0.0,10,0.0,0.0,0.0,0.0,10,0.0,-206.19182655520453,-209.68790615579323,-212.87885878090032,10,2.077023855648177,-13.904850233549285,-16.400189938604782,-18.139860098681943,10,1.203542371715106,2724.922449441807,2642.98938231179,2573.8250726129168,10,41.786680679536296,2635.1349615874733,2557.3227345540304,2429.706105795385,10,63.14869038687871,0.0,0.0,0.0,10,0.0,-24.572275428377942,-25.37848883168291,-26.18074959376117,10,0.479757550136163,240.52070045628187,221.1653114768596,211.29568854071545,10,10.172320986255643,15.718270719297172,12.270795955250296,9.681357726348534,10,2.5181446862512926,2614.288885878714,2555.780039999533,2495.23994191151,10,34.321768973568695,0.0,0.0,0.0,10,0.0,0.0,0.0,0.0,10,0.0,0.0,0.0,0.0,10,0.0,4871.00243241534,4713.04195065102,4582.769187318817,10,90.30130903754664,0.0,0.0,0.0,10,0.0,4.5819163,-0.2760786,-4.808606,1000,1.1216733,1000,870.2687224669603,60,227,292.13736591467745,12827.998001098633,10915.095177702966,635.3111381530762,227,3754.739441388209,95312.0,156.18458223342896,200000.0,119.0,1435.1023573875427,23800000.0,1280.5361268059469,119000.0
1.6694938e-07,1.1810824e-08,76.30427,-0.0012318197,1.5451251e-09,0.007336162,11.875571,168.46867,168.45255,8.525233,1242.8832,240.1955,1243.9166,1.0,-0.28765228,-1.0,8835,0.87466085,0.2945417649391236,0.2560793178140936,0.249146110533842,10,0.0129478703803414,1000,883.5,113,10,269.87599003987,12829.721930503843,11042.370830965045,1108.180908203125,10,3585.8821961569874,0.0,0.0,0.0,10,0.0,-0.2858972611132943,-1.721693504614566,-2.0305083956436025,10,0.5103988760650365,-96.0032,-634.9770862500001,-732.4388875,10,188.6823939174818,326.4288820325412,283.3802106478691,37.90113674780719,10,87.31690772619825,387.4997481017632,323.4672907645402,39.23668652920372,10,100.85780104856984,0.0,0.0,0.0,10,0.0,0.0,0.0,0.0,10,0.0,0.0,0.0,0.0,10,0.0,0.0,0.0,0.0,10,0.0,-28.280454214729808,-188.1607897108568,-214.3378187450696,10,55.928082246942246,-2.0534537021447834,-14.652051050272089,-18.37663394895989,10,4.638076222099539,2694.167138466142,2314.277305403015,213.8314820061304,10,748.208587101831,2585.475632447132,2192.856354178496,184.26445840379816,10,723.1342787822505,0.0,0.0,0.0,10,0.0,-2.265467455363603,-22.79671933576505,-26.488793460435048,10,7.223099491087869,232.46883147268383,192.18373548762656,23.594387601200875,10,59.27601581508836,18.83052394414514,12.30016308757788,3.372725793600213,10,4.36848525646884,2643.1106496578022,2289.4229790815466,250.0838531208615,10,727.6164757677581,0.0,0.0,0.0,10,0.0,0.0,0.0,0.0,10,0.0,0.0,0.0,0.0,10,0.0,4815.979050478695,4109.517427204131,456.62109315510025,10,1341.059126243937,0.0088495575221238,0.001023459907337,0.0,10,0.002641179785944,4.863621,-0.27642104,-4.67496,1000,1.1210356,1000,907.3842592592592,58,216,255.787628078754,12882.952028274536,11400.433814959391,603.0311107635498,216,3298.647513834675,95528.0,156.95677423477173,200000.0,120.0,1592.0591354370115,24000000.0,1274.2361772856352,120000.0
1.4351039e-07,1.0161528e-08,79.48918,-0.0010102949,1.3193103e-09,0.00736943,11.865672,168.40843,168.39229,8.186978,1245.6842,219.5982,1246.8651,1.0,-0.28824434,-1.0,9265,0.8734233,0.2638641622569991,0.2523618747470215,0.2485097074033604,10,0.0043709172171191,1000,926.5,265,10,220.5,12839.96702528,11587.688939905169,2518.132242202759,10,3028.3434645413536,0.0,0.0,0.0,10,0.0,-0.4504672749652209,-1.8160576402522792,-2.068527355308527,10,0.4599458603947284,-195.8552125,-666.89262375,-733.7810375,10,157.187459248373,330.71291828200924,302.83816207319705,101.16781016483591,10,67.34525435569272,394.1888604340806,350.2631736101402,106.41286028231596,10,81.74542006889037,0.0,0.0,0.0,10,0.0,0.0,0.0,0.0,10,0.0,0.0,0.0,0.0,10,0.0,0.0,0.0,0.0,10,0.0,-59.409161590528925,-196.45167824888284,-215.1089942972,10,45.71753420888825,-2.475345543192562,-15.165057623816114,-17.927907690921295,10,4.30324932569327,2720.7591411070025,2444.2088378160893,659.8930494656247,10,596.9173338426635,2582.483777334961,2300.357352706977,558.3447492212399,10,584.658204663643,0.0,0.0,0.0,10,0.0,-5.010091872243963,-23.57347990620039,-26.35190907062288,10,6.200372617661354,231.87716543386148,205.12243610216169,77.00974169069266,10,43.24723622077097,15.159152842624165,12.098222657959,9.677170738428265,10,2.3991543957292185,2657.181819711212,2390.780743369414,613.891991099946,10,593.4074531487465,0.0,0.0,0.0,10,0.0,0.0,0.0,0.0,10,0.0,0.0,0.0,0.0,10,0.0,4814.0528309508845,4290.561342167345,591.7038377041707,10,1239.234111910666,0.0037735849056603,0.000377358490566,0.0,10,0.0011320754716981,4.844543,-0.27426213,-4.880872,1000,1.1218472,1000,872.4561403508771,61,228,287.81771583767284,12875.67937850952,10947.100766678652,657.1704740524292,228,3699.59580126288,95756.0,188.1405477523804,200000.0,121.0,1780.1996874809265,24200000.0,1063.0350681408047,121000.0
1.2614599e-07,8.929055e-09,82.17037,-0.00090572034,1.162625e-09,0.0074793505,11.85652,168.2432,168.22711,7.6561694,1251.6785,217.0025,1253.0717,1.0,-0.28938702,-1.0,9148,0.8742312,0.2556517671807359,0.2519587299056641,0.2487176369007744,10,0.0020314773203557,1000,914.8,148,10,255.6,12876.003878116608,11499.843402671811,1363.9526658058169,10,3382.553080943753,0.0,0.0,0.0,10,0.0,-0.2874189358909986,-1.7885348376335408,-2.078296656912846,10,0.5045285817974984,-107.885175,-656.45938125,-733.011275,10,182.99631491322305,337.3372606709537,300.7383973547034,42.86771123075944,10,86.19758183501206,388.3384212889181,341.4744606167052,55.65076298417897,10,95.65947441581358,0.0,0.0,0.0,10,0.0,0.0,0.0,0.0,10,0.0,0.0,0.0,0.0,10,0.0,0.0,0.0,0.0,10,0.0,-32.19380926078513,-194.3297500038284,-215.44082796724643,10,54.06239973378719,-2.02531394821756,-15.708327604297684,-18.96411177029269,10,4.698197985852341,2688.185988728738,2415.3799919758585,370.5626159484496,10,682.716918369106,2592.2046754637604,2250.242020516103,277.6662822911402,10,660.8275702367841,0.0,0.0,0.0,10,0.0,-3.212893048208485,-23.476802637113284,-26.81610528947484,10,6.7760440236376684,222.7834765473419,199.09717910198165,41.71354673850095,10,52.75305906709311,16.094318261857648,11.533128223805791,5.804809182178003,10,3.294311962647529,2662.444821116757,2368.2346592384392,286.9486111719864,10,695.6862004999518,0.0,0.0,0.0,10,0.0,0.0,0.0,0.0,10,0.0,0.0,0.0,0.0,10,0.0,4885.250150737724,4311.774037091903,396.3392302594012,10,1308.2105936197072,0.0067567567567567,0.0006756756756756,0.0,10,0.002027027027027,4.789362,-0.2606519,-4.684116,1000,1.1278813,1000,704.7258566978193,49,321,337.6572571229848,12924.56485271454,8754.929473500386,426.9465947151184,321,4339.533195811404,96077.0,158.40816497802734,200000.0,122.0,1938.6078565120697,24400000.0,1262.561181917244,122000.0
1.1275555e-07,7.986476e-09,84.63756,-0.0008336458,1.0339685e-09,0.0076046498,11.872445,168.4273,168.41125,8.751482,1238.9221,317.94135,1239.6724,1.0,-0.2958337,-1.0,9145,0.8710644,0.300780783823826,0.2529713891017676,0.2451898929150827,10,0.0160066379475717,1000,914.5,145,10,256.5,12767.265961170197,11482.370170593262,1200.6409363746643,10,3429.707066668744,0.0,0.0,0.0,10,0.0,-0.2609310275746019,-1.7607771720980392,-1.9880886713218875,10,0.5019760660043183,-119.6684625,-649.4940174999999,-717.41865,10,176.6749825272636,335.98313745604173,296.42827898394114,43.71870686797098,10,84.35926437043969,379.28557405132943,323.9924116251537,54.44129355458399,10,90.87655737810864,0.0,0.0,0.0,10,0.0,0.0,0.0,0.0,10,0.0,0.0,0.0,0.0,10,0.0,0.0,0.0,0.0,10,0.0,-37.36018951386828,-191.77843264898573,-210.7745951975957,10,51.4886371028874,-1.913426192156645,-14.112186607124508,-16.6094749095427,10,4.1139354816031,2714.465060260128,2407.971192476896,286.2951273613588,10,707.8707399412992,2581.817284836025,2229.2688514416955,209.77861369630705,10,675.4395303158803,0.0,0.0,0.0,10,0.0,-3.0419514610808323,-23.73023150897213,-27.03108862248714,10,6.939967768283228,230.20855878489647,204.72307202940544,42.52868989405202,10,54.2855719034402,16.741685427912433,12.421811246765676,9.597667724402422,10,2.813561232729532,2621.7958347415147,2360.5965363433475,272.9563054769682,10,696.3451802907473,0.0,0.0,0.0,10,0.0,0.0,0.0,0.0,10,0.0,0.0,0.0,0.0,10,0.0,4876.501711388456,4337.372599052482,402.5068736988025,10,1315.6912667126585,0.0068965517241379,0.0006896551724137,0.0,10,0.0020689655172413,4.692107,-0.27346876,-4.6116858,1000,1.121915,1000,688.1165919282511,58,223,333.2337479922181,12844.319739341736,8493.574622654594,556.2504830360413,223,4262.21002000438,96300.0,158.13027667999268,200000.0,123.0,2096.7381377220154,24600000.0,1264.779928291271,123000.0
1.0213226e-07,7.230216e-09,86.832756,-0.00073202886,9.403651e-10,0.00767865,11.876101,168.44002,168.42397,9.242118,1231.9841,400.21268,1232.4137,1.0,-0.30097106,-1.0,9180,0.8687299,0.2648310646707562,0.2475560341951435,0.2427029442371066,10,0.0059706285811677,1000,918.0,180,10,246.0,12621.31752729416,11414.21066980362,1931.8794040679927,10,3163.040518882824,0.0,0.0,0.0,10,0.0,-0.3359377263290273,-1.7337180414652231,-2.000181369491268,10,0.4702576769373672,-133.10969999999998,-645.58007125,-716.3330874999999,10,170.9489199854284,329.0006064504136,297.36536924300475,57.86468376565599,10,79.92050926658447,367.6350238978049,326.7934477789771,59.17257531726397,10,89.37534451077575,0.0,0.0,0.0,10,0.0,0.0,0.0,0.0,10,0.0,0.0,0.0,0.0,10,0.0,0.0,0.0,0.0,10,0.0,-40.62989894567794,-190.56483615337527,-209.68385497959525,10,50.00067833903843,-2.1700688028327004,-13.313362864114632,-15.302548721846744,10,3.769537464446413,2664.2534649109166,2412.239620608507,439.8991064205466,10,657.8688241284711,2514.20284986044,2260.1039956265363,412.1934853656552,10,616.7759474719003,0.0,0.0,0.0,10,0.0,-4.487159630851647,-23.51838192833276,-26.586470892671933,10,6.362929652169028,226.1725706347044,202.09528529248223,44.27173582108811,10,52.86621295063012,16.73233690095567,10.851542632324882,2.7232950079401887,10,3.9156050107931417,2545.9833637305683,2289.9110010909217,445.2199729370424,10,616.2329140832882,0.0,0.0,0.0,10,0.0,0.0,0.0,0.0,10,0.0,0.0,0.0,0.0,10,0.0,4810.013897856925,4300.346264547877,610.9253162139112,10,1233.901632713081,0.0055555555555555,0.0005555555555555,0.0,10,0.0016666666666666,5.2310004,-0.26524487,-5.017065,1000,1.1237135,1000,606.025641025641,39,273,381.4826906932761,12886.415404319763,7510.206667036364,296.0613794326782,273,4915.025033493791,96573.0,157.8306427001953,200000.0,124.0,2254.5687844753265,24800000.0,1267.1810529207996,124000.0
9.34914e-08,6.6256893e-09,88.7703,-0.00061949325,8.536233e-10,0.0077211163,11.867992,168.31905,168.3031,9.367206,1230.4023,380.57904,1230.7904,1.0,-0.2984602,-1.0,8429,0.869917,0.2661907093042076,0.2492963199862196,0.2439385165806567,10,0.0063621030838525,1000,842.9,180,10,314.57859113423467,12614.612286567688,10298.149218535424,1817.721186876297,10,4097.453873289046,0.0,0.0,0.0,10,0.0,-0.3215809239439546,-1.563413923506762,-1.97449473236365,10,0.591907455649379,-132.0241375,-592.64804375,-712.721125,10,219.300295403216,334.8118859428315,274.93844820123405,56.400766078924605,10,102.2150804206722,386.6714297295824,307.07136840149127,57.005655402757085,10,116.72881778388808,0.0,0.0,0.0,10,0.0,0.0,0.0,0.0,10,0.0,0.0,0.0,0.0,10,0.0,0.0,0.0,0.0,10,0.0,-41.04837344534478,-176.0540232451077,-210.03950860225683,10,64.31737966179323,-2.1321465971042155,-12.387415461247604,-15.862208664669636,10,4.794578680274555,2710.7262986252053,2201.7936988870047,429.6990806165632,10,841.338083773625,2586.05736128157,2046.2804667478424,392.7996171947988,10,807.1530744713468,0.0,0.0,0.0,10,0.0,-4.628774956247397,-20.99324572630866,-25.62713471764006,10,7.984849527211282,227.6491901082356,179.85326470903888,44.996656594600594,10,61.48396651608413,16.826717346927353,12.316018122233077,6.112059599214806,10,4.011581349915698,2519.1057513597457,2049.7424010741684,404.0312726999583,10,778.6156810006655,0.0,0.0,0.0,10,0.0,0.0,0.0,0.0,10,0.0,0.0,0.0,0.0,10,0.0,4808.779745898881,3855.149843096408,566.0978232331679,10,1630.7646611276614,0.0055555555555555,0.0009571619812583,0.0,10,0.0019450290245592,4.683913,-0.2731857,-5.0243673,1000,1.1189529,1000,928.8863636363636,74,220,219.2994648160252,12912.065165996552,11696.539522981644,812.4298429489136,220,2851.9097194874275,96793.0,154.24494171142578,200000.0,125.0,2408.813732147217,25000000.0,1296.63895477478,125000.0
8.631295e-08,6.1129564e-09,90.2507,-0.000492811,7.920788e-10,0.0077128676,11.857058,168.19102,168.17485,9.231513,1232.0935,349.95834,1232.5194,1.0,-0.29679155,-1.0,7642,0.8713866,0.2655708542418054,0.2504680612896012,0.2444770586255982,10,0.0064852433099604,1000,764.2,153,10,357.22284361445867,12379.162743091583,9067.106811642649,1349.0518369674685,10,4521.548782994964,0.0,0.0,0.0,10,0.0,-0.2569411472095728,-1.3565790157705429,-1.857575229489456,10,0.6433018194816529,-108.0036,-533.2421162499999,-701.6878624999999,10,248.8266606493807,345.8541265617544,254.46580294817392,45.63719881677427,10,121.36326825896016,365.5679837883432,272.1322560809166,53.357371893624254,10,128.72871426983164,0.0,0.0,0.0,10,0.0,0.0,0.0,0.0,10,0.0,0.0,0.0,0.0,10,0.0,0.0,0.0,0.0,10,0.0,-34.06868102934915,-160.91849481635165,-210.41487048546628,10,74.18170532857742,-1.6765653652366974,-10.044852991193936,-14.197808465556763,10,5.002620662243647,2638.57854497512,1976.7465977859629,372.0103856578471,10,951.4036847672244,2546.213544136267,1845.3015377406584,281.2594359079532,10,908.456040617426,0.0,0.0,0.0,10,0.0,-3.4852943470882,-18.85714399740804,-25.012262917791027,10,8.857271293873545,235.9986590658313,170.59706587404247,35.87833341225122,10,76.80759240491302,14.543097501520291,9.891146652902298,6.3174797905973215,10,2.0814967450249084,2543.5598307765904,1835.137833579944,199.42544105606825,10,915.6405913552017,0.0,0.0,0.0,10,0.0,0.0,0.0,0.0,10,0.0,0.0,0.0,0.0,10,0.0,4571.090218622879,3267.8811760968524,468.910468499502,10,1688.250302556106,0.0065359477124183,0.0016060150255101,0.0,10,0.0023913905621084,5.1512775,-0.26237646,-4.955498,1000,1.1234937,1000,824.406626506024,47,332,270.9658211309125,12993.862765312197,10335.648642952185,485.0362215042114,332,3517.259503928048,97125.0,186.34016299247745,200000.0,126.0,2595.15389919281,25200000.0,1073.3059196050722,126000.0
8.0307046e-08,5.6944347e-09,91.55092,-0.00042668212,7.301284e-10,0.007750756,11.862796,168.22392,168.20787,9.937502,1225.4584,423.45132,1225.4943,1.0,-0.29569,-1.0,9301,0.8701652,0.2522048619800817,0.2483771245885793,0.2450783469618005,10,0.0024248989209814,1000,930.1,301,10,209.7,12508.105162620544,11282.765477371217,3081.738687992096,10,2743.5391941126586,0.0,0.0,0.0,10,0.0,-0.5227325875332375,-1.681482782756691,-1.9184746691330468,10,0.3906824548593174,-212.0004875,-651.6967225000001,-715.9186,10,146.80874214963313,351.08293095138856,313.6555771945972,103.67422859755864,10,70.38453964793024,369.6135627438588,333.00572936169004,104.92478443139775,10,76.46066430601374,0.0,0.0,0.0,10,0.0,0.0,0.0,0.0,10,0.0,0.0,0.0,0.0,10,0.0,0.0,0.0,0.0,10,0.0,-64.07997939607559,-195.41337562811216,-213.7302589423416,10,43.820160989334944,-4.02885067191257,-13.45091663252412,-16.513880314890198,10,3.2947341784164057,2690.8430752617205,2413.1803791814154,748.5550720945467,10,556.6807460493828,2636.201446930529,2290.832262563989,689.2070877311992,10,543.715471662015,0.0,0.0,0.0,10,0.0,-6.775739361310448,-22.934798876068083,-25.210204644204545,10,5.396780515445552,236.93749944768592,205.69773903847167,80.94955201391846,10,42.402822813340606,15.54977882669915,12.23429554778703,9.514257330012844,10,2.6518436598348987,2551.3853454579767,2270.773256705362,654.0380258617001,10,545.1441763518433,0.0,0.0,0.0,10,0.0,0.0,0.0,0.0,10,0.0,0.0,0.0,0.0,10,0.0,4704.405051655509,4135.354796021004,911.0093379742154,10,1083.8625847290966,0.0033222591362126,0.0003322259136212,0.0,10,0.0009966777408637,4.5178685,-0.26909602,-4.5789776,1000,1.1195062,1000,827.8288288288288,53,222,296.14501785667625,12895.567790031431,10329.844953338305,537.5613870620728,222,3802.9261955573575,97347.0,162.38995051383972,200000.0,127.0,2757.543853998184,25400000.0,1231.6033065294575,127000.0
7.51104e-08,5.326265e-09,92.387115,-0.00028272302,6.825673e-10,0.0076736934,11.825364,167.82648,167.81056,9.205493,1236.1481,334.96707,1236.7982,1.0,-0.29300272,-1.0,10000,0.8722867,0.2524745233890211,0.2500255042314995,0.2481278909251041,10,0.0016437854641012,1000,1000.0,1000,10,0.0,12636.07985162735,12491.772360754014,12328.114948272703,10,111.98755388114354,0.0,0.0,0.0,10,0.0,-1.7701291959941985,-1.8509080858551816,-1.9354620073572224,10,0.0516523613566426,-697.9377375,-705.5544387500001,-716.4515125,10,6.154818715342698,343.1673561487026,335.74150280006097,328.23025902854704,10,5.019738987000418,385.0439844588553,376.1014582712816,358.2101144650637,10,8.469037942666887,0.0,0.0,0.0,10,0.0,0.0,0.0,0.0,10,0.0,0.0,0.0,0.0,10,0.0,0.0,0.0,0.0,10,0.0,-210.11316569505453,-211.62408744459776,-214.48909415622592,10,1.5051290478765469,-14.523312600552366,-15.46659196855454,-16.49210979349386,10,0.6991329014467839,2681.91134093686,2647.4709356717744,2616.077326337278,10,22.78400308839389,2657.6186245999543,2589.9054253547706,2523.373732513696,10,42.92348690679723,0.0,0.0,0.0,10,0.0,-23.536112118413183,-24.3598507124914,-24.971493165733538,10,0.4059412749554004,229.9372510051001,213.93324265088413,200.5354082104961,10,8.096561523609136,14.955062732131212,11.752583708487244,9.647991059927772,10,2.482485419730415,2557.798575489793,2485.9726332301007,2395.9990919689685,10,53.17770514786841,0.0,0.0,0.0,10,0.0,0.0,0.0,0.0,10,0.0,0.0,0.0,0.0,10,0.0,4745.297873087873,4580.625611954448,4343.689613189624,10,134.01155959134462,0.0,0.0,0.0,10,0.0,4.619306,-0.26677155,-5.204667,1000,1.1199496,1000,863.6916299559472,72,227,285.8104360383724,12894.517198562622,10845.297338398545,748.3841104507446,227,3702.2275485045247,97574.0,161.88201093673706,200000.0,128.0,2919.425869226456,25600000.0,1235.4677264180966,128000.0
7.0715764e-08,5.011288e-09,92.959015,-0.00021756398,6.459732e-10,0.0076542855,11.811664,167.66339,167.64742,8.762352,1241.3477,302.97974,1242.214,1.0,-0.28345722,-1.0,8246,0.8749844,0.2979578410885558,0.2592931074477991,0.2494213367777165,10,0.0146228804387542,1000,824.6,102,10,350.9256901396648,12701.318798065186,10131.37125940323,984.5907974243164,10,4457.592573705465,0.0,0.0,0.0,10,0.0,-0.3058140220876337,-1.6037505177781508,-2.0275605730464656,10,0.6330134517508523,-85.83838749999998,-593.1237175,-727.7216249999999,10,246.8484634681667,348.03679562093384,275.92864434241164,28.199850387773232,10,121.12456968497946,401.28978898589975,305.6383617866878,25.381841877259006,10,135.84752195633746,0.0,0.0,0.0,10,0.0,0.0,0.0,0.0,10,0.0,0.0,0.0,0.0,10,0.0,0.0,0.0,0.0,10,0.0,-25.961438889099703,-176.65765968061,-216.11806642421183,10,73.49580190636156,-2.7794223749093634,-13.597349427641923,-17.97334800663672,10,5.359539582954164,2690.8026305796866,2138.047410569184,158.02070663517208,10,959.6781618973774,2593.972544138718,2058.627800381854,186.2403528602316,10,912.8595999653425,0.0,0.0,0.0,10,0.0,-1.909388694338392,-20.0182169403533,-25.0083856060675,10,8.87125374015483,232.5208250928516,176.22305613290305,18.334322487812347,10,75.77444684031458,17.053062834768777,12.758626113372864,7.229224353771422,10,3.234095981317075,2523.2670019388343,2018.626997144724,172.3806800588395,10,915.0012320058104,0.0,0.0,0.0,10,0.0,0.0,0.0,0.0,10,0.0,0.0,0.0,0.0,10,0.0,4788.748588737297,3776.0142967171137,479.9587621403328,10,1613.2662778662732,0.0098039215686274,0.0016748366013071,0.0,10,0.003410152641085,4.980528,-0.2560532,-5.4703846,1000,1.1258322,1000,730.4392523364486,46,321,309.93513071372104,12824.93141937256,9067.696344035716,407.2498087882996,321,3998.10670243436,97895.0,153.40939712524414,200000.0,129.0,3072.835270404816,25800000.0,1303.70110141766,129000.0
6.676491e-08,4.738274e-09,93.544556,-0.00024091724,6.029192e-10,0.007724482,11.824901,167.78752,167.77164,9.2815485,1234.5198,340.87222,1235.0469,1.0,-0.28586128,-1.0,10000,0.87352306,0.2554330319694913,0.252155773417633,0.248733023348008,10,0.0019629981249378,1000,1000.0,1000,10,0.0,12549.963509082794,12400.289275550842,12199.031050682068,10,120.38682570607789,0.0,0.0,0.0,10,0.0,-1.8253322178244675,-1.9118959979608672,-1.9976374350794308,10,0.0505233492644187,-709.2670625,-716.0863687499999,-728.6295500000001,10,5.755999515351528,348.2620607153335,339.6580436006027,330.7196486463255,10,5.744307682832021,394.7865276721685,377.31946814643584,362.5618549832836,10,9.215196812256726,0.0,0.0,0.0,10,0.0,0.0,0.0,0.0,10,0.0,0.0,0.0,0.0,10,0.0,0.0,0.0,0.0,10,0.0,-210.0388539805344,-213.0413945844304,-215.6136205435265,10,1.879113051105112,-14.811778980312472,-16.004761473195227,-17.12210294503613,10,0.5750305840491061,2710.143173391168,2637.5501421654835,2567.692917981435,10,43.13463455816706,2676.2725267528176,2552.700104335788,2437.4858887056203,10,69.92275744682898,0.0,0.0,0.0,10,0.0,-23.76760248096455,-24.315941767882865,-24.9295255432693,10,0.3332717437482509,224.1138109355396,211.94486207105305,195.3581903375633,10,8.483427332978854,17.031558941155115,13.982937891017205,9.668689009323929,10,2.90806729468747,2610.439803405914,2494.584221662224,2344.2552222094064,10,84.26548265640055,0.0,0.0,0.0,10,0.0,0.0,0.0,0.0,10,0.0,0.0,0.0,0.0,10,0.0,4787.401933088522,4533.636041706994,4372.027477871046,10,123.39916088540193,0.0,0.0,0.0,10,0.0,4.531892,-0.2649989,-4.834291,1000,1.1205205,1000,886.7285067873303,59,221,280.7151316102588,12887.114396095276,11132.214082782624,601.6012468338013,221,3609.309008983032,98116.0,156.4870889186859,200000.0,130.0,3229.3223638534546,26000000.0,1278.0607101965093,130000.0
6.338519e-08,4.494194e-09,94.0734,-0.0002210019,5.766215e-10,0.0077468734,11.818773,167.701,167.68498,9.001698,1235.4198,291.37497,1236.0425,1.0,-0.291964,-1.0,10000,0.870578,0.2513920064016617,0.2490943833918908,0.2455560690058469,10,0.0018271864482661,1000,1000.0,1000,10,0.0,12632.93719291687,12342.540550374984,11942.330090045927,10,234.21001964991515,0.0,0.0,0.0,10,0.0,-1.8237808667942823,-1.8952858378265127,-2.100548838337076,10,0.0784919870089496,-702.3984125,-710.46512875,-721.83985,10,5.810272469815977,351.37955094273264,337.58197630116166,328.94752616915264,10,6.997864422661846,380.5698983073144,373.3041163552359,362.0173793105069,10,6.3483469533717285,0.0,0.0,0.0,10,0.0,0.0,0.0,0.0,10,0.0,0.0,0.0,0.0,10,0.0,0.0,0.0,0.0,10,0.0,-206.63614981087431,-210.22235013956143,-212.49104342602908,10,1.919243664860904,-15.111935818824051,-16.159128574624713,-17.69585459628933,10,0.7837013394282145,2714.0462816921945,2625.861709520422,2491.791973768953,10,65.66300002859766,2665.254891258098,2489.786178630333,2265.141253871623,10,120.83392785974084,0.0,0.0,0.0,10,0.0,-23.817899173022447,-24.565742238394726,-25.337252735420687,10,0.4573451253432609,219.14238598776845,209.6947309070561,193.27121317740853,10,7.880683859786609,15.409229154209434,12.678467980133082,9.722519151712817,10,2.35489675521466,2609.9019063251444,2486.5667272814985,2356.624046219212,10,72.78203697642944,0.0,0.0,0.0,10,0.0,0.0,0.0,0.0,10,0.0,0.0,0.0,0.0,10,0.0,4783.934677611467,4562.882881263332,4437.605684542037,10,103.66363507746397,0.0,0.0,0.0,10,0.0,4.535584,-0.26636195,-4.662414,1000,1.1192876,1000,911.506976744186,63,215,255.21279529356988,12916.103004455566,11467.639013552458,698.7387571334839,215,3271.6051671811283,98331.0,192.8416583538056,200000.0,131.0,3422.1640272140503,26200000.0,1037.1203074444686,131000.0
6.040295e-08,4.2870822e-09,94.41132,-0.0001388732,5.4515337e-10,0.0076917787,11.79243,167.37419,167.35828,7.9564233,1244.7777,234.04642,1245.927,1.0,-0.28580284,-1.0,9282,0.8734053,0.2603998557975824,0.2526621732948907,0.2462237401178892,10,0.0043792157217278,1000,928.2,282,10,215.4,12420.453766345978,11432.05947098732,3435.7875623703003,10,2666.301200206409,0.0,0.0,0.0,10,0.0,-0.6231762486753646,-1.758249193549575,-2.101451194617597,10,0.3867869515497572,-210.599125,-663.0734175,-744.0840125,10,151.29166973410037,338.30074173475487,307.6220268237732,94.72121177902028,10,71.14440943559602,379.8602372919212,344.29980424893176,98.23759536537092,10,82.22796541119948,0.0,0.0,0.0,10,0.0,0.0,0.0,0.0,10,0.0,0.0,0.0,0.0,10,0.0,0.0,0.0,0.0,10,0.0,-61.76650669650061,-197.75529359966416,-219.4841670866749,10,45.426473061644,-5.55665868711522,-15.136083242904556,-18.13899595772422,10,3.3617539475663687,2651.6953970266813,2404.1553064968075,704.7727578773947,10,567.9972113392453,2536.028201268663,2251.1691696789903,725.5076286333025,10,514.1832617702017,0.0,0.0,0.0,10,0.0,-6.843096294207852,-22.99621599345926,-25.59268056048125,10,5.408604820855349,234.11776145364965,205.14882361062013,55.6610681904712,10,50.10211776857242,14.480645306147236,10.65348509425479,8.760209051132241,10,1.9003591327329823,2577.002323353205,2343.105805347359,638.0515111642858,10,569.4756260805881,0.0,0.0,0.0,10,0.0,0.0,0.0,0.0,10,0.0,0.0,0.0,0.0,10,0.0,4773.332611895163,4271.551139772902,1334.5000285798062,10,982.17031055114,0.0035460992907801,0.000354609929078,0.0,10,0.001063829787234,4.8130226,-0.25863048,-5.117282,1000,1.1238383,1000,749.8333333333334,55,300,359.1522781340651,12940.408049583437,9372.006133782865,553.9514026641846,300,4620.5513413921,98631.0,163.4803228378296,200000.0,132.0,3585.644354581833,26400000.0,1223.388824588984,132000.0
5.7627588e-08,4.0878256e-09,94.90688,-0.00025253708,5.223815e-10,0.007845086,11.808101,167.51308,167.4971,8.722579,1237.6067,320.0238,1238.2861,1.0,-0.2870749,-1.0,10000,0.87279767,0.2555070523333584,0.2515306404971869,0.2471114975816707,10,0.0024333420114785,1000,1000.0,1000,10,0.0,12419.014460086824,12288.738729572297,12123.14104127884,10,80.56056764752375,0.0,0.0,0.0,10,0.0,-1.799596413514652,-1.858142235561329,-2.014553921362253,10,0.0607434307317655,-705.3985125,-714.10275,-731.4717499999999,10,7.8305903892203235,353.38591295549287,334.9370600731698,322.3454525383868,10,7.735060798353899,370.7318546231214,357.44495203064525,342.778852455112,10,7.904963836205862,0.0,0.0,0.0,10,0.0,0.0,0.0,0.0,10,0.0,0.0,0.0,0.0,10,0.0,0.0,0.0,0.0,10,0.0,-208.477890724682,-212.43585276230868,-215.5076966608208,10,2.044840614600772,-15.136586695682803,-15.882730811981329,-17.027478372928403,10,0.6086339987592464,2591.4121456719613,2534.5901309151,2426.752359592572,10,46.48654239719193,2424.320277981694,2305.76953979914,2228.0658534654467,10,68.30352481588572,0.0,0.0,0.0,10,0.0,-25.033275530076217,-25.5607539206109,-26.28966081066134,10,0.4470098556675505,248.67588106930657,232.42767643264665,222.1991092157409,10,7.115297514873839,14.512773129170572,10.260192403670924,9.5347269947242,10,1.4480562583388474,2616.0601538389365,2548.745860049976,2392.8731141363683,10,60.72463624001739,0.0,0.0,0.0,10,0.0,0.0,0.0,0.0,10,0.0,0.0,0.0,0.0,10,0.0,4814.553996628796,4724.852843388855,4624.464082666867,10,60.78722359125556,0.0,0.0,0.0,10,0.0,4.9040318,-0.2665212,-4.679249,1000,1.1192721,1000,786.954128440367,61,218,341.86309254230565,12968.939022541046,9831.088860489906,634.1037378311157,218,4426.454751452377,98849.0,158.73420906066897,200000.0,133.0,3744.378567457199,26600000.0,1259.967849296802,133000.0
5.5148117e-08,3.9129002e-09,95.35253,-0.00016047353,4.989497e-10,0.0077886772,11.790052,167.31091,167.29501,8.42055,1241.5619,284.59186,1242.4901,1.0,-0.28631848,-1.0,10000,0.8706736,0.2530037537492574,0.2505217295210591,0.2486574536418183,10,0.0016485134917349,1000,1000.0,1000,10,0.0,12593.824904441832,12260.62915802002,11959.619293689728,10,179.23867343633947,0.0,0.0,0.0,10,0.0,-1.8186314062359703,-1.889905218530712,-1.970791088940024,10,0.0492356663942296,-709.168375,-716.43769625,-727.8203125,10,6.453601435666667,340.4014796063302,333.38642336639464,325.7053380430942,10,4.549739584056587,375.20465657671497,365.7072694494421,353.2882781341314,10,6.799440328711996,0.0,0.0,0.0,10,0.0,0.0,0.0,0.0,10,0.0,0.0,0.0,0.0,10,0.0,0.0,0.0,0.0,10,0.0,-209.47793964071468,-211.24438155560347,-213.24502209048137,10,1.3292581989026124,-15.115831788460593,-15.93113665327818,-16.69691695515769,10,0.4616113208114816,2685.7259700569384,2546.477757555541,2466.917591650552,10,57.653927802158925,2391.897178238752,2251.3397520204658,2141.3523082582924,10,80.0651762553949,0.0,0.0,0.0,10,0.0,-24.916997721615765,-25.58206629274837,-26.441945675693123,10,0.4673584751904996,243.20868846973127,230.535084122231,213.5308284425732,10,8.440302210634808,14.89655366578721,10.687427780358355,9.618347283348104,10,1.961419956349096,2625.152550999873,2558.3972233674936,2481.653341991213,10,50.89445687165671,0.0,0.0,0.0,10,0.0,0.0,0.0,0.0,10,0.0,0.0,0.0,0.0,10,0.0,4827.433556771768,4726.80799066552,4557.94722516438,10,92.03475982191868,0.0,0.0,0.0,10,0.0,4.6639757,-0.26857919,-4.8425846,1000,1.116769,1000,906.4768518518518,40,216,261.2715867765874,13016.462589263916,11468.649294129538,411.91055393218994,216,3390.3768283476043,99065.0,155.20856881141663,200000.0,134.0,3899.58714056015,26800000.0,1288.5886490133569,134000.0
5.304551e-08,3.7599954e-09,95.52536,-7.65197e-05,4.836446e-10,0.0077185486,11.763369,167.00012,166.98413,7.404013,1252.963,210.69179,1254.3353,1.0,-0.28329742,-1.0,10000,0.8694045,0.2517004189916388,0.2504563079759302,0.249389242624145,10,0.0008144810487864,1000,1000.0,1000,10,0.0,12629.666098594666,12356.706423854828,11961.270933151243,10,179.43801509946562,0.0,0.0,0.0,10,0.0,-1.855360486582688,-1.9697039967961056,-2.098196136513565,10,0.0704316614980389,-717.3397,-723.4306925,-733.1099624999999,10,4.487998494200232,343.06624271631136,331.228708428623,322.5312526548459,10,6.511773975778599,382.1487070921453,360.4538953597853,344.2085625493823,10,11.026317715901223,0.0,0.0,0.0,10,0.0,0.0,0.0,0.0,10,0.0,0.0,0.0,0.0,10,0.0,0.0,0.0,0.0,10,0.0,-209.4364879835717,-210.7187803208972,-212.36167719529465,10,1.031099249246304,-15.974650684799688,-16.736313157494727,-17.69272110749433,10,0.5016833434643031,2632.6610880067456,2582.849103902522,2497.086824843369,10,36.01123256463956,2393.986259523206,2314.0331320950418,2165.762540859096,10,71.05263117006596,0.0,0.0,0.0,10,0.0,-25.01388549688405,-26.05823627029854,-27.02168903402947,10,0.6231146401028371,235.47413885890768,226.961980359554,217.5209163639404,10,5.320927991673589,14.743002693874102,11.727584597048448,9.647199237488676,10,2.2842521743097897,2655.6931503691585,2578.734175064701,2484.7626624442846,10,50.94654772908226,0.0,0.0,0.0,10,0.0,0.0,0.0,0.0,10,0.0,0.0,0.0,0.0,10,0.0,4881.594079857152,4721.774614856694,4309.393036760797,10,159.03795040061897,0.0,0.0,0.0,10,0.0,4.690059,-0.26641035,-4.6853447,1000,1.1168371,1000,914.922018348624,55,218,244.7264497418816,12958.224075317385,11568.203959900306,570.8387479782104,218,3164.4645236948422,99283.0,156.93943285942078,200000.0,135.0,4056.526577949524,27000000.0,1274.376976875856,135000.0
5.1113993e-08,3.618121e-09,95.62594,-0.000100829115,4.709982e-10,0.007750904,11.75412,166.93456,166.9185,7.308415,1256.0381,208.19344,1257.3156,1.0,-0.28327623,-1.0,10000,0.86763144,0.2511840459854823,0.2495153792725659,0.2449834445463153,10,0.0017461335264661,1000,1000.0,1000,10,0.0,12516.508659362791,12394.520185089112,12188.17967748642,10,79.8246911852958,0.0,0.0,0.0,10,0.0,-1.8770517500750024,-1.977892277591014,-2.086821592605675,10,0.0579972179406582,-715.9778125,-723.57872375,-733.84025,10,5.482340313789489,338.56815968120867,329.846498195215,325.1972386299482,10,3.830845298114767,365.7385790823071,356.8306890107278,341.89220116250976,10,7.654642927750384,0.0,0.0,0.0,10,0.0,0.0,0.0,0.0,10,0.0,0.0,0.0,0.0,10,0.0,0.0,0.0,0.0,10,0.0,-205.607316285226,-209.68690898844648,-211.25851430895,10,1.5687982686904254,-15.091273721404123,-16.045138102715804,-16.514404185633595,10,0.4392912851080318,2612.706109130205,2579.180692800376,2546.396555155899,10,19.365716255441367,2356.7895097838104,2271.3363878757705,2211.407802269164,10,34.20777267947726,0.0,0.0,0.0,10,0.0,-25.956599011881487,-26.39394570642768,-26.75187966180304,10,0.2219425660960904,233.2322340668788,227.20007196628475,221.3133634119621,10,3.6777795362127192,14.376539954034964,11.41763863323967,9.563545790437448,10,2.217026926118469,2651.277708375363,2622.006967909166,2568.181860097656,10,22.243572609137896,0.0,0.0,0.0,10,0.0,0.0,0.0,0.0,10,0.0,0.0,0.0,0.0,10,0.0,4877.380116846653,4767.544756945727,4654.627772664562,10,64.40802948940122,0.0,0.0,0.0,10,0.0,4.9087667,-0.26583508,-4.5877185,1000,1.1164699,1000,906.714953271028,73,214,253.0830790799468,12959.88094329834,11468.409422291645,831.5614624023438,214,3296.4119107745687,99497.0,191.38938307762143,200000.0,136.0,4247.915965557098,27200000.0,1044.9900448181409,136000.0
4.9279883e-08,3.4856416e-09,95.79749,-0.00011531128,4.5674914e-10,0.007779111,11.75138,166.90324,166.8869,7.34528,1257.5516,195.5748,1258.812,1.0,-0.2822863,-1.0,10000,0.8691563,0.2545644363000001,0.2506860817136992,0.2480376686988732,10,0.0018600884922593,1000,1000.0,1000,10,0.0,12738.037479877472,12600.632008504868,12332.431847572328,10,115.4392316815202,0.0,0.0,0.0,10,0.0,-1.942403574970228,-2.005208251104234,-2.0727102841676484,10,0.0381219328524468,-715.8001750000001,-726.12091375,-734.195525,10,5.227729037185524,341.81772375278445,337.44314052315474,329.7796604358496,10,4.190110030565458,375.6851002168231,360.8268654758709,344.12253098523047,10,9.4524941002661,0.0,0.0,0.0,10,0.0,0.0,0.0,0.0,10,0.0,0.0,0.0,0.0,10,0.0,0.0,0.0,0.0,10,0.0,-208.6542159210226,-210.73350479363907,-214.1637894288583,10,1.6333661076304224,-16.134597693465334,-16.96120628805992,-18.13543687978921,10,0.6614838792062031,2692.5354447515765,2636.145398478619,2596.7871369949225,10,26.154298782029187,2439.84369150094,2387.7106482098216,2307.727279357848,10,46.350670821291104,0.0,0.0,0.0,10,0.0,-25.442504375369086,-25.812908447931044,-26.38265145317989,10,0.3114540273656538,230.77304424717903,223.45096761680023,217.5514706659993,10,4.221114924253701,15.333421232365469,13.074624418975231,9.621974956225348,10,2.2549904482806395,2668.396887014069,2595.223229432613,2519.35618831505,10,47.160589502505246,0.0,0.0,0.0,10,0.0,0.0,0.0,0.0,10,0.0,0.0,0.0,0.0,10,0.0,4892.290144936502,4820.51940208182,4680.513394255519,10,61.038799708471146,0.0,0.0,0.0,10,0.0,4.5140343,-0.26233822,-4.7100863,1000,1.1177769,1000,849.125,71,224,307.288853901574,13007.188626289368,10730.473674851337,800.2345132827759,224,4008.9826821069855,99721.0,160.4506208896637,200000.0,137.0,4408.366590261459,27400000.0,1246.4894114528422,137000.0
4.754417e-08,3.3616083e-09,95.8177,-3.589186e-05,4.4192586e-10,0.007701308,11.733006,166.66127,166.64488,6.850333,1265.3367,159.90381,1267.0687,1.0,-0.27259272,-1.0,10000,0.8712599,0.2563306899895748,0.2540747571825726,0.2497617197542906,10,0.0019673117480623,1000,1000.0,1000,10,0.0,12716.443023204803,12511.002624416353,12210.218558311462,10,147.32994934568245,0.0,0.0,0.0,10,0.0,-1.941744676411872,-2.075707498102784,-2.1991903904306302,10,0.080124741417465,-721.010875,-738.56343375,-749.985525,10,7.868953124050324,345.0965105046994,339.0116919019956,325.1006065428004,10,5.90532958861814,385.029543259164,365.4014454122365,354.553298291287,10,10.1509060570249,0.0,0.0,0.0,10,0.0,0.0,0.0,0.0,10,0.0,0.0,0.0,0.0,10,0.0,0.0,0.0,0.0,10,0.0,-210.1495658731836,-213.41828703593973,-215.6636917911806,10,1.637430767984157,-15.376551568493037,-16.722787896599336,-18.018775102701383,10,0.8366052034310236,2682.7829141620023,2628.698689949496,2566.141480814661,10,34.667763695734145,2434.41657745308,2340.2354384061887,2245.8911307264884,10,63.14363402824919,0.0,0.0,0.0,10,0.0,-24.71742075305159,-25.62568275149917,-26.36753262952326,10,0.527623991977952,230.59842891182623,220.97270768917843,213.6529290705153,10,4.109261173391363,16.079524482311015,12.826200235451989,9.637875000714262,10,2.6087393831814816,2652.2841229339656,2597.137285995037,2487.1047866708577,10,54.29024463000202,0.0,0.0,0.0,10,0.0,0.0,0.0,0.0,10,0.0,0.0,0.0,0.0,10,0.0,4914.765549095175,4792.6052671834,4678.048539844649,10,68.00543210117435,0.0,0.0,0.0,10,0.0,4.5771093,-0.2608609,-4.744967,1000,1.118069,1000,848.0555555555555,74,234,318.8728029088523,12994.720092773438,10742.269279409678,837.2835216522217,234,4136.33393183166,99955.0,156.0369234085083,200000.0,138.0,4564.403517961502,27600000.0,1281.7479070411773,138000.0
4.5948227e-08,3.2428562e-09,95.85871,-9.0224494e-05,4.3300277e-10,0.007758922,11.732583,166.69647,166.6799,7.0242205,1264.6907,171.96227,1266.3014,1.0,-0.268011,-1.0,8528,0.8738773,0.2800059739131449,0.2579641745545419,0.2474457691516558,10,0.0079887149113832,1000,852.8,185,10,270.7278338110066,12808.767756938934,10572.417660474775,1843.6561851501465,10,3652.210225105602,0.0,0.0,0.0,10,0.0,-0.597191342891683,-1.815116477085616,-2.1458413146665087,10,0.5168111928772516,-159.45926250000002,-635.2632799999999,-751.9592749999999,10,198.00168704864907,348.1302180752515,286.4807889264489,53.82306329629036,10,96.28219353595954,379.1230266934907,308.29062574869664,53.206544264843856,10,104.3656294991827,0.0,0.0,0.0,10,0.0,0.0,0.0,0.0,10,0.0,0.0,0.0,0.0,10,0.0,0.0,0.0,0.0,10,0.0,-42.95884646491467,-183.95112282401044,-217.6695792681639,10,58.375047342655975,-5.28031470317022,-14.66257555178881,-17.194019574673028,10,3.7406878280558296,2699.036602832577,2218.8112449143614,420.9419789761224,10,752.3178380539998,2475.556805832586,2020.153432592523,399.91039055999335,10,675.5010925278117,0.0,0.0,0.0,10,0.0,-4.159465594420691,-21.589348507034977,-25.88857440219831,10,6.811746636805807,234.5000995284948,193.23145451867788,41.87998478813074,10,62.06913158915526,21.36301280984682,14.048411097569332,9.639921929510871,10,3.476762446527984,2649.73004911934,2198.372722238214,281.78208251839925,10,770.0715427289008,0.0,0.0,0.0,10,0.0,0.0,0.0,0.0,10,0.0,0.0,0.0,0.0,10,0.0,4901.428020686431,4009.076682633828,748.2959211863778,10,1412.5632840319336,0.0054054054054054,0.0008632762241009,0.0,10,0.0016545570699412,4.714664,-0.25842673,-4.697798,1000,1.1196437,1000,838.8510638297872,65,235,296.5517269452117,13013.924437999724,10610.68194021215,724.8517303466797,235,3846.3328988001,100190.0,153.94745206832886,200000.0,139.0,4718.350974321365,27800000.0,1299.1445932553072,139000.0
4.4576783e-08,3.1509928e-09,95.959236,-9.678299e-05,4.151494e-10,0.0077735214,11.751732,166.8767,166.86026,7.914734,1258.8938,265.9019,1260.0533,1.0,-0.26003125,-1.0,10000,0.8777791,0.2636749119453362,0.260917239365609,0.2585432869621117,10,0.0016680077066099,1000,1000.0,1000,10,0.0,12903.144784927368,12697.44855747223,12453.315704345703,10,122.08135069804864,0.0,0.0,0.0,10,0.0,-2.130936565939023,-2.1799467399877708,-2.232033874492857,10,0.0292352464091446,-748.2881,-755.4291274999999,-760.4661375000001,10,3.514326030989089,347.2211152499745,340.19477667099005,328.78304729324884,10,6.673583526350775,381.7463502049988,368.45418887775855,350.38718570714457,10,9.474488151082417,0.0,0.0,0.0,10,0.0,0.0,0.0,0.0,10,0.0,0.0,0.0,0.0,10,0.0,0.0,0.0,0.0,10,0.0,-216.9454751440672,-219.4449697008084,-221.8778518357051,10,1.646669957738757,-16.052476698192798,-16.91719091261603,-17.815329704208906,10,0.543731746108392,2710.572366317397,2657.5864968760743,2568.2645339255205,10,45.234220338584855,2503.689796420392,2410.1835343928224,2327.2243875625245,10,62.58826071460258,0.0,0.0,0.0,10,0.0,-24.2606546455631,-24.89148845433636,-25.61149417029617,10,0.4603751597695253,232.15345502692537,226.3352915760788,218.62755049944167,10,4.885381365409191,15.62714330756582,13.396799877195358,9.642141476779216,10,2.449376649024602,2643.137816466401,2615.350500255194,2569.892762446578,10,24.34342993525169,0.0,0.0,0.0,10,0.0,0.0,0.0,0.0,10,0.0,0.0,0.0,0.0,10,0.0,4901.731386322705,4868.733800941207,4796.408640489917,10,30.687017663091183,0.0,0.0,0.0,10,0.0,5.019589,-0.24981205,-5.3547387,1000,1.1250529,1000,679.8307692307692,35,325,339.6455695271297,13026.756560325624,8523.190304218439,332.3507719039917,325,4399.708923375509,100515.0,165.12162375450134,200000.0,140.0,4883.472602367401,28000000.0,1211.2283991184277,140000.0
4.3377998e-08,3.067426e-09,96.24503,-0.00014666331,4.0281375e-10,0.007846266,11.767393,167.03395,167.01746,8.966224,1249.992,331.26077,1250.8257,1.0,-0.26044685,-1.0,10000,0.8761588,0.2624073639288622,0.2598288110272228,0.2573315071523921,10,0.0018168459820488,1000,1000.0,1000,10,0.0,12742.1595826149,12501.851050043106,12062.606845855713,10,183.5479909033889,0.0,0.0,0.0,10,0.0,-2.084239882084983,-2.1513034261524657,-2.245833478576753,10,0.0513472784039453,-742.9787125,-753.53235375,-761.985925,10,5.53653621716415,353.0954689971141,339.3747365808562,332.84869822684993,10,5.8942747513152645,383.51808807166617,367.1178382252511,342.25441265668974,10,13.039103959720515,0.0,0.0,0.0,10,0.0,0.0,0.0,0.0,10,0.0,0.0,0.0,0.0,10,0.0,0.0,0.0,0.0,10,0.0,-216.20959980981863,-218.44750581220345,-220.4970638151314,10,1.6044698626373095,-15.187249047293554,-16.83546579616516,-18.14710629850631,10,0.8114459127670847,2684.6155396260247,2615.232331477688,2586.6902556760047,10,29.858393204069618,2455.128763544293,2341.408292162958,2247.57564818432,10,68.5888962866314,0.0,0.0,0.0,10,0.0,-23.922261244346227,-24.85174023590916,-25.68254349784342,10,0.4854851408577954,233.87561803730551,219.12863824922124,209.95414315635043,10,8.206424805113539,16.08291587647965,12.536659593394816,9.562025908021626,10,2.8682576202482126,2645.055181782838,2591.41088955472,2455.36286327993,10,52.78368503917032,0.0,0.0,0.0,10,0.0,0.0,0.0,0.0,10,0.0,0.0,0.0,0.0,10,0.0,4888.392315280356,4816.366292921052,4620.139467369274,10,74.89359770082217,0.0,0.0,0.0,10,0.0,4.849387,-0.25353757,-4.6348624,1000,1.1198275,1000,885.2142857142857,73,224,266.3786218018654,13026.344983100891,11237.347812133175,798.4831914901733,224,3472.849550094392,100739.0,188.8801021575928,200000.0,141.0,5072.35270857811,28200000.0,1058.8727860446056,141000.0
4.2246757e-08,2.990304e-09,96.452675,-9.930134e-05,3.8943715e-10,0.0078155175,11.761985,166.99179,166.97543,8.863305,1250.4812,304.41324,1251.3417,1.0,-0.25801933,-1.0,10000,0.8782222,0.2636955922600713,0.2616240631033541,0.2603420161711421,10,0.0012742860934347,1000,1000.0,1000,10,0.0,12738.545983314514,12556.844660234452,12318.007283687592,10,136.49709439742762,0.0,0.0,0.0,10,0.0,-1.9669532908151128,-2.103936307348792,-2.215035007948348,10,0.0841800620568063,-741.0049624999999,-753.0270737500001,-763.6636125,10,7.626159557246154,353.15182750515044,344.6489271128804,336.02940243254454,10,5.198401956512365,387.593887832745,375.9596402003416,363.7041973048276,10,8.571504975876854,0.0,0.0,0.0,10,0.0,0.0,0.0,0.0,10,0.0,0.0,0.0,0.0,10,0.0,0.0,0.0,0.0,10,0.0,-219.00549335818536,-220.3645106142963,-222.0935720262538,10,1.0309388026938386,-16.105936059323557,-16.90937479638321,-18.17899199037121,10,0.7034233391809319,2719.318983241169,2646.2081375960347,2597.592326920725,10,31.257473251435275,2487.728676991236,2370.146548369168,2265.413682318819,10,58.2924686605923,0.0,0.0,0.0,10,0.0,-23.846544449406785,-24.543569145322003,-25.44779327306861,10,0.4153977959819382,238.31861923031343,223.6529534651404,199.19499166429927,10,10.737625492499255,15.291759565301424,12.331071482729948,9.59738271180673,10,2.523722649841688,2637.6197057341174,2581.966068820972,2488.609077368029,10,50.78254891108672,0.0,0.0,0.0,10,0.0,0.0,0.0,0.0,10,0.0,0.0,0.0,0.0,10,0.0,4886.537416202462,4801.898469456509,4695.734448288295,10,58.44140469979646,0.0,0.0,0.0,10,0.0,4.619179,-0.2514851,-5.322688,1000,1.1206232,1000,902.6712328767125,70,219,237.77327300413944,13030.167017936708,11446.069507945074,723.8563055992126,219,3111.501561269638,100958.0,157.85119247436523,200000.0,142.0,5230.203905344009,28400000.0,1267.0160856243117,142000.0
4.115794e-08,2.9136802e-09,96.55925,-9.421592e-05,3.7895526e-10,0.007818956,11.759822,166.964,166.94771,8.629888,1251.9822,282.33234,1252.8405,1.0,-0.25724015,-1.0,10000,0.87884474,0.265624955230459,0.2622978490815305,0.2593309393021771,10,0.001914744308022,1000,1000.0,1000,10,0.0,12798.214521884918,12573.369308257104,12048.06573152542,10,225.9039327381915,0.0,0.0,0.0,10,0.0,-1.9638183606197803,-2.083584095075857,-2.2068240522478577,10,0.0689653366423818,-740.15625,-752.2000725,-774.7166125,10,8.654275046158192,356.95100020699374,345.685174534817,329.52225169471546,10,7.522880026949919,391.6137805983669,373.6955053736048,357.987537955674,10,10.346283218344904,0.0,0.0,0.0,10,0.0,0.0,0.0,0.0,10,0.0,0.0,0.0,0.0,10,0.0,0.0,0.0,0.0,10,0.0,-218.2026080584762,-221.09924297148345,-222.9169524519332,10,1.5407078467610016,-15.839954329177408,-16.79689617885132,-19.05250970196212,10,0.9376555425449872,2695.454046799893,2647.486126510541,2545.596044455679,10,45.52356099321943,2535.517267739894,2401.096763893472,2280.912826595328,10,90.41627404742916,0.0,0.0,0.0,10,0.0,-23.35402159977673,-24.562728998431943,-26.83712988923953,10,0.9028982397994708,230.8044472642464,217.29197656503243,198.3118241238085,10,9.085142054643518,15.686831899286576,11.848475047790458,9.582914217166389,10,2.598521585293497,2636.0762258227323,2555.503228877663,2394.7719694257808,10,68.78867666594604,0.0,0.0,0.0,10,0.0,0.0,0.0,0.0,10,0.0,0.0,0.0,0.0,10,0.0,4905.747448270024,4819.799818318954,4696.103281732204,10,56.67552845121047,0.0,0.0,0.0,10,0.0,4.604764,-0.2453732,-4.785503,1000,1.1224467,1000,840.7974683544304,58,237,313.0440734023325,13031.624794960022,10631.303910795144,615.360761642456,237,4064.713179619354,101195.0,156.46967267990112,200000.0,143.0,5386.673582315445,28600000.0,1278.2029678629883,143000.0
4.01073e-08,2.8386178e-09,96.79351,-0.00014934676,3.6996717e-10,0.0078928275,11.764877,166.98875,166.97241,8.810765,1250.6909,293.16284,1251.4851,1.0,-0.25988755,-1.0,10000,0.87896734,0.2635829273384757,0.2616719455091925,0.2583851146294461,10,0.0016388965590918,1000,1000.0,1000,10,0.0,12769.531484603882,12576.659151935575,12365.06425857544,10,131.142747662369,0.0,0.0,0.0,10,0.0,-2.039555816352223,-2.0917685716844345,-2.1884624093078795,10,0.0481746838268054,-741.57735,-750.23619125,-763.3083374999999,10,6.88133183043998,354.36177026846315,342.96380080651704,331.24199805051643,10,7.620944056668606,392.3956653072297,379.01060662398737,367.00860153603634,10,7.412327313395632,0.0,0.0,0.0,10,0.0,0.0,0.0,0.0,10,0.0,0.0,0.0,0.0,10,0.0,0.0,0.0,0.0,10,0.0,-217.45130205745164,-220.62801079530607,-222.37497793489376,10,1.4310639420696092,-16.622702619773733,-17.33453136058965,-18.534025376930288,10,0.6037159173546037,2727.051036463798,2660.3687322443643,2614.092187618964,10,41.56004367132332,2529.181449907199,2386.841710976267,2300.807025299124,10,69.83741199718187,0.0,0.0,0.0,10,0.0,-23.6891868640122,-24.52945957167352,-25.225397435171143,10,0.4802889002573143,225.97752452253897,218.0318363760829,196.99787250246905,10,7.928118672890692,16.277152990692173,13.500130964374154,9.591491178194484,10,2.2190013174725234,2624.722131263916,2581.5083240410795,2547.0397173897845,10,25.31628670525593,0.0,0.0,0.0,10,0.0,0.0,0.0,0.0,10,0.0,0.0,0.0,0.0,10,0.0,4891.917277272458,4792.01320477803,4673.470611541048,10,65.36628806776494,0.0,0.0,0.0,10,0.0,4.6762533,-0.24437301,-4.725822,1000,1.1228987,1000,835.3534482758621,58,232,314.93784976126216,13055.489944458008,10551.36411499155,647.5178852081299,232,4081.450474107503,101427.0,158.63290405273438,200000.0,144.0,5545.306490659714,28800000.0,1260.7724809319127,144000.0
3.9093425e-08,2.768151e-09,97.02333,-0.00010859704,3.5932196e-10,0.007870463,11.756982,166.88565,166.86934,8.646595,1253.728,267.50308,1254.7025,1.0,-0.25915128,-1.0,10000,0.87960285,0.2651896535014639,0.2623134044990217,0.2592164813818861,10,0.0016769351146899,1000,1000.0,1000,10,0.0,12785.724019050598,12593.848261356354,12289.681181430817,10,147.54039417267802,0.0,0.0,0.0,10,0.0,-2.043701309609111,-2.097695446467578,-2.154259736144465,10,0.0377544839462638,-739.0706874999998,-750.38619625,-760.485875,10,5.396746848886873,348.85153074749456,346.0633650096087,340.22676591080136,10,2.778360839191575,398.2312621481633,382.8799108240963,372.3008794266161,10,7.342980179138527,0.0,0.0,0.0,10,0.0,0.0,0.0,0.0,10,0.0,0.0,0.0,0.0,10,0.0,0.0,0.0,0.0,10,0.0,-218.80859692857192,-221.34343276688008,-223.71942908484368,10,1.477659557297201,-16.403861068828427,-17.383470063012407,-18.52336361208713,10,0.7617893208579037,2722.6133064973064,2670.6001528823394,2563.0131384836213,10,46.24664599644693,2496.730564314521,2385.546557264762,2276.5308323099925,10,88.04095182522842,0.0,0.0,0.0,10,0.0,-23.83089416377821,-24.60081306110649,-25.28401818608925,10,0.4327914896257225,232.6589800641996,220.17510913391865,208.012727755382,10,8.02547234046192,16.486986435823702,12.28035908200717,9.711625080021786,10,2.620460565843997,2614.5571601325464,2573.9208851574085,2517.520658760284,10,27.369431889129423,0.0,0.0,0.0,10,0.0,0.0,0.0,0.0,10,0.0,0.0,0.0,0.0,10,0.0,4869.955742315409,4800.248326059138,4697.933313125321,10,52.820617191690935,0.0,0.0,0.0,10,0.0,4.8139105,-0.24396059,-4.7804394,1000,1.122718,1000,827.4647302904565,64,241,321.9976028248149,12985.048636436462,10440.301431158272,672.2428560256958,241,4154.212714842947,101668.0,167.02796268463135,200000.0,145.0,5712.334458351135,29000000.0,1197.404295576686,145000.0
3.8115928e-08,2.697317e-09,97.15038,-7.313573e-05,3.5195782e-10,0.007845167,11.744909,166.76353,166.74713,8.377395,1258.3701,243.6775,1259.5818,1.0,-0.25569224,-1.0,9686,0.87767243,0.2639711835810907,0.2620355666194059,0.2581672728775838,10,0.001733476458171,1000,968.6,686,10,94.2,13004.393053531649,12020.993046617508,8384.718162536621,10,1237.398183760993,0.0,0.0,0.0,10,0.0,-1.508224644978,-2.049490205883965,-2.251632917672325,10,0.1900021879714409,-523.3990249999999,-731.56451625,-765.26235,10,69.55646392930646,359.47469958669086,332.72492547293365,222.4202611387492,10,37.45618438434344,397.8209272449053,371.8928075321554,258.2860442027899,10,38.27791894307671,0.0,0.0,0.0,10,0.0,0.0,0.0,0.0,10,0.0,0.0,0.0,0.0,10,0.0,0.0,0.0,0.0,10,0.0,-151.3286748610676,-213.7374105799217,-222.4618149118712,10,20.868407645102145,-11.629489869372682,-16.39908109984031,-18.46666374374543,10,1.7785538480214345,2787.1344850506475,2545.559947864018,1747.441773613219,10,273.2478123037431,2660.642630097725,2373.588703585677,1625.827545216206,10,266.48593017266325,0.0,0.0,0.0,10,0.0,-17.409809789188284,-23.77815502521943,-25.723825777672097,10,2.2108272088301666,239.6016039232979,210.4842851213294,151.9499575240134,10,25.46900726150005,20.9226893521,13.696985145788158,9.658395293973506,10,3.6309539416347976,2619.05481904266,2443.903129007429,1721.6914459818263,10,252.9503056124541,0.0,0.0,0.0,10,0.0,0.0,0.0,0.0,10,0.0,0.0,0.0,0.0,10,0.0,4793.010969989213,4506.241140184312,3192.448319042808,10,454.0966559404639,0.0014577259475218,0.0001457725947521,0.0,10,0.0004373177842565,4.4456615,-0.248145,-4.838072,1000,1.1199099,1000,874.0580357142857,56,224,287.8153258782918,12997.31627368927,11076.358501430068,559.4388880729675,224,3733.635023492232,101892.0,184.554624080658,200000.0,146.0,5896.889087200165,29200000.0,1083.6899969116555,146000.0
3.7178353e-08,2.627459e-09,97.30962,-0.00015321023,3.4681008e-10,0.007937981,11.747819,166.80354,166.78697,8.500456,1256.3074,276.65512,1257.294,1.0,-0.2574142,-1.0,10000,0.8792815,0.2673699250874826,0.2625752667395637,0.259829765247092,10,0.0027799979871144,1000,1000.0,1000,10,0.0,12915.338151931765,12634.732901620864,12426.228213310242,10,136.06813272189618,0.0,0.0,0.0,10,0.0,-2.022898972068758,-2.101384325958835,-2.2269379905790423,10,0.0694754629406403,-743.8076874999999,-753.8165737500001,-768.0058624999999,10,7.7662708591431775,362.2529818544371,349.65363643057646,341.5099001918409,10,6.742325992905145,400.00349239482375,388.2564327378467,377.69084174866185,10,7.453891762999114,0.0,0.0,0.0,10,0.0,0.0,0.0,0.0,10,0.0,0.0,0.0,0.0,10,0.0,0.0,0.0,0.0,10,0.0,-218.67347394475232,-221.3546725510408,-225.7215511576297,10,2.3769831759916444,-15.00605188976927,-16.940092307366307,-18.762251514912485,10,1.2014319179508173,2746.341975757723,2667.1250294243814,2606.2924265545403,10,37.21974503970906,2624.525662128424,2505.572124235353,2343.1738796608306,10,82.40444815736777,0.0,0.0,0.0,10,0.0,-23.344389568136737,-24.09642613278421,-24.738877546216173,10,0.3995711550301168,245.4603555391526,228.06291432984693,214.9260288693462,10,8.422924415821669,15.708500800015718,12.300570921382436,9.617592941136405,10,2.647102878507901,2626.948105670885,2575.714533161826,2511.9754256987308,10,35.97987144432946,0.0,0.0,0.0,10,0.0,0.0,0.0,0.0,10,0.0,0.0,0.0,0.0,10,0.0,4816.940039653136,4708.531246111636,4580.278740179427,10,83.27248442686326,0.0,0.0,0.0,10,0.0,4.8373733,-0.24484979,-5.5528955,1000,1.1230017,1000,704.2647058823529,26,306,355.6336219595256,12977.42173242569,8818.614662563099,206.13308000564567,306,4599.276082688452,102198.0,156.4008493423462,200000.0,147.0,6053.289941072464,29400000.0,1278.765434081624,147000.0
3.628964e-08,2.5706255e-09,97.58661,-9.4245355e-05,3.3254624e-10,0.007901176,11.753711,166.81528,166.79887,9.07023,1250.5448,317.04834,1251.3336,1.0,-0.2524949,-1.0,10000,0.8792814,0.2662199487452226,0.2638061615428103,0.2591350022537402,10,0.0019607707508317,1000,1000.0,1000,10,0.0,12947.328615665436,12644.985795211793,12116.365966796877,10,212.0544815387213,0.0,0.0,0.0,10,0.0,-1.9738154455519272,-2.08335953855626,-2.167923021616023,10,0.0518449678682291,-741.695775,-756.4811362500001,-763.3280749999999,10,6.522110163607534,358.4177551028536,352.40227887361823,343.73848472860874,10,4.762893644608877,407.1016517009708,389.8920806109488,377.3083365730325,10,8.686722480253716,0.0,0.0,0.0,10,0.0,0.0,0.0,0.0,10,0.0,0.0,0.0,0.0,10,0.0,0.0,0.0,0.0,10,0.0,-218.7202657660309,-222.4827549667717,-224.6454791098542,10,1.6122345993578604,-15.540981757909318,-16.822732589888425,-18.134430751138066,10,0.788505589914474,2752.578858880542,2683.769334995142,2614.753587681312,10,33.79725878088932,2643.9214512899707,2529.2056900991493,2362.731510871876,10,92.64401391821193,0.0,0.0,0.0,10,0.0,-23.17154028997312,-23.820262450954363,-24.283891364501727,10,0.3819510554869011,245.0907283593241,228.2431418454242,211.80475665356693,10,8.890931347748,15.440232811130786,12.76962086224088,9.674254056095265,10,2.5212412796746,2635.1912582309146,2579.759697370548,2556.417070327563,10,23.66283867704336,0.0,0.0,0.0,10,0.0,0.0,0.0,0.0,10,0.0,0.0,0.0,0.0,10,0.0,4794.657943589218,4671.698535069247,4366.78152775259,10,116.54105739751648,0.0,0.0,0.0,10,0.0,4.4443774,-0.25501448,-4.8105617,1000,1.1159703,1000,898.2307692307693,66,221,260.8174517275495,13029.00598335266,11371.12221650678,710.6130743026733,221,3386.483343467959,102419.0,156.24481344223022,200000.0,148.0,6209.534758806229,29600000.0,1280.0424896916516,148000.0
3.5475228e-08,2.5122038e-09,97.639595,-5.5341134e-05,3.2581457e-10,0.007866507,11.735676,166.59616,166.57982,8.577207,1252.282,273.20505,1253.2213,1.0,-0.25089794,-1.0,10000,0.87842745,0.2683979729985735,0.2638131571309556,0.2578771418218361,10,0.0026765445152614,1000,1000.0,1000,10,0.0,13042.7453622818,12710.644884061814,12477.475101470947,10,172.33648263728998,0.0,0.0,0.0,10,0.0,-1.9839954669931268,-2.081443442983132,-2.203602657253265,10,0.061273904168727,-742.5839625000001,-757.04562875,-765.617625,10,7.046625019752454,378.4530535130498,355.5740628393669,346.5497966792332,10,8.877250073446143,407.71045199871344,393.47031753625095,378.0574163190081,10,9.930412517774998,0.0,0.0,0.0,10,0.0,0.0,0.0,0.0,10,0.0,0.0,0.0,0.0,10,0.0,0.0,0.0,0.0,10,0.0,-217.1543730191476,-222.3910741129673,-226.65925248204192,10,2.397629420902612,-15.112359904990477,-16.810552857315006,-18.851622848953333,10,1.3751744800040724,2761.23228113387,2678.0528655385706,2589.5653326653705,10,50.61970377882099,2702.593614704011,2562.8635659585298,2439.4518550535463,10,74.42529259279146,0.0,0.0,0.0,10,0.0,-23.239731615857064,-23.86147668096868,-24.394849613949333,10,0.3550591357336345,248.53229944988067,236.46190136427828,228.77585874383533,10,7.094298101557456,15.13579801781128,12.385239680372075,9.687817179139506,10,2.669703105326572,2606.520706098468,2581.4465061748715,2543.9312703428827,10,19.0318608908508,0.0,0.0,0.0,10,0.0,0.0,0.0,0.0,10,0.0,0.0,0.0,0.0,10,0.0,4844.011323187327,4693.735158120877,4424.220661254307,10,147.10800690134008,0.0,0.0,0.0,10,0.0,4.7806106,-0.25469533,-5.2902346,1000,1.116042,1000,891.9865470852018,58,223,273.0436072831809,12999.454614639282,11320.510103788076,606.5975351333618,223,3545.875273489268,102642.0,164.0828356742859,200000.0,149.0,6373.617598295212,29800000.0,1218.8965358754026,149000.0
3.4782452e-08,2.4616922e-09,97.591515,-2.5219626e-05,3.2090403e-10,0.007832542,11.716362,166.39978,166.38348,8.20539,1254.819,249.5535,1255.8623,1.0,-0.24975416,-1.0,9278,0.879841,0.2704980300414708,0.2641722252442374,0.2551579917243569,10,0.0040256411680449,1000,927.8,278,10,216.6,12933.737739562988,11726.246291971209,2703.379229068756,10,3010.1237312506205,0.0,0.0,0.0,10,0.0,-0.3808882459787849,-1.907425365154414,-2.264909665711511,10,0.5144677410408475,-192.55905,-702.0806387499999,-776.117975,10,169.9955296368883,369.2974925279825,332.35085559346834,109.82204670979571,10,74.4212950588958,406.92685460154576,369.71660518169375,106.31330193207545,10,87.94610309762977,0.0,0.0,0.0,10,0.0,0.0,0.0,0.0,10,0.0,0.0,0.0,0.0,10,0.0,0.0,0.0,0.0,10,0.0,-60.57475585896779,-207.37721704588552,-228.02944165767968,10,48.99011646670636,-2.7877385011575417,-15.443400349446684,-17.583879213011336,10,4.276598878005676,2725.473463332288,2478.3779067323794,648.9143571318259,10,610.5245516115124,2656.581440603232,2320.8305821295457,560.5569932088979,10,590.480762124823,0.0,0.0,0.0,10,0.0,-7.776832865705601,-22.27662546831469,-24.373602124885963,10,4.842367087265501,253.5971667762004,219.49161106531693,40.93835195443204,10,60.227779755783935,15.395255419254417,10.212504294854185,3.1397063664266627,10,3.1664616681764497,2641.645419608203,2394.848316283613,634.662787597648,10,587.1903299280826,0.0,0.0,0.0,10,0.0,0.0,0.0,0.0,10,0.0,0.0,0.0,0.0,10,0.0,4858.417636900537,4345.458407705559,803.5019454129831,10,1185.9800188395443,0.0035971223021582,0.0003597122302158,0.0,10,0.0010791366906474,4.9345984,-0.24891,-4.6905375,1000,1.1182446,1000,892.56,73,225,264.33891915073303,13044.90906238556,11317.704579961564,809.1496005058289,225,3434.841480747505,102867.0,165.59825563430786,200000.0,150.0,6539.215858697891,30000000.0,1207.7421904833457,150000.0
3.418765e-08,2.4204545e-09,97.503456,-3.247311e-05,3.1455713e-10,0.007832751,11.70944,166.3369,166.32054,8.129329,1255.162,255.72284,1256.159,1.0,-0.25151008,-1.0,9654,0.87821424,0.2671681109994698,0.2632617513009475,0.2590497189177849,10,0.0028752917390646,1000,965.4,654,10,103.8,12997.252191066742,12219.660450601576,7849.582699298859,10,1464.3365618108128,0.0,0.0,0.0,10,0.0,-1.317526838665196,-2.0142207558085694,-2.153011340257403,10,0.2369157472366038,-485.187225,-730.44737375,-766.249225,10,81.91061855558709,368.8684360644422,345.42579853678944,224.1502472342108,10,41.16717568681238,409.97050453324727,384.71920076966825,251.3544904210441,10,44.96688030936907,0.0,0.0,0.0,10,0.0,0.0,0.0,0.0,10,0.0,0.0,0.0,0.0,10,0.0,0.0,0.0,0.0,10,0.0,-143.02715026489443,-214.28724591754263,-225.4367980339788,10,23.867975239431235,-10.60739269169968,-15.957013184715771,-18.36378396524693,10,2.055148057020564,2767.5376302565883,2567.566402814356,1670.2796867790423,10,301.88961105015755,2652.1466641103016,2488.1055505619147,1598.4225196446248,10,299.93145531331345,0.0,0.0,0.0,10,0.0,-15.33708454990387,-22.7823267519151,-24.33373948581353,10,2.507119396206179,246.56857179390272,229.21909966167112,152.84906423558436,10,26.19479648449995,17.780592651187746,13.886597831547624,9.655146338966471,10,2.920276840283852,2656.7812811467334,2477.9965972742566,1528.748123470558,10,318.4439879260956,0.0,0.0,0.0,10,0.0,0.0,0.0,0.0,10,0.0,0.0,0.0,0.0,10,0.0,4792.904113697812,4487.485103058845,2920.811978311085,10,535.9886642563945,0.0015290519877675,0.0001529051987767,0.0,10,0.0004587155963302,4.537083,-0.24290055,-4.9137573,1000,1.1208286,1000,830.1774891774892,50,231,308.1038344886285,13127.253869056702,10471.879375686893,529.7190504074097,231,3993.656735678634,103098.0,181.5286135673523,200000.0,151.0,6720.744477033615,30200000.0,1101.7546824693525,151000.0
3.3631455e-08,2.3777644e-09,97.42346,-1.0246406e-05,3.1275169e-10,0.0078041237,11.701902,166.26122,166.24469,8.145254,1256.5867,239.63692,1257.7488,1.0,-0.24789508,-1.0,10000,0.8801698,0.2683364601986881,0.2655260599487204,0.26048402502966,10,0.0021085645130569,1000,1000.0,1000,10,0.0,13008.287088871002,12773.969791269305,12195.222378730774,10,224.9138771504844,0.0,0.0,0.0,10,0.0,-1.96218054163068,-2.052813098913653,-2.185752722265072,10,0.0541319092838889,-747.3604375,-758.53581,-764.6110125,10,4.601842039987224,377.0654342620967,363.4210555017838,358.50682803243376,10,5.163812487549713,406.8882463071929,399.8607547072087,369.0806478448189,10,10.766083043027288,0.0,0.0,0.0,10,0.0,0.0,0.0,0.0,10,0.0,0.0,0.0,0.0,10,0.0,0.0,0.0,0.0,10,0.0,-219.65294452327703,-224.01026533705067,-226.6166518169953,10,1.9273867462246923,-15.228205789641487,-16.94672903615182,-18.25221329729276,10,0.9475360591246316,2773.194901155157,2691.09707472968,2567.173115001146,10,51.25830558138637,2672.027089084163,2587.928835178709,2493.141809416049,10,54.063625422821616,0.0,0.0,0.0,10,0.0,-22.98755787818058,-23.37095241714581,-23.82049535592033,10,0.2649686794640553,245.3634507185552,235.5900561927138,227.8093222473572,10,5.410649573768954,15.97346378696312,11.575302182642927,9.611801492632049,10,2.7854313542862883,2629.5000118925645,2570.174730006973,2491.9957751449474,10,42.697272603768994,0.0,0.0,0.0,10,0.0,0.0,0.0,0.0,10,0.0,0.0,0.0,0.0,10,0.0,4866.5743378169445,4719.064288579632,4198.830934279143,10,184.08259149048484,0.0,0.0,0.0,10,0.0,4.841563,-0.24400964,-5.6557045,1000,1.1192844,1000,898.4727272727273,67,220,248.86397193833747,12982.928150177002,11333.728204948253,695.3139443397522,220,3227.9089027099017,103318.0,155.7184886932373,200000.0,152.0,6876.462970018387,30400000.0,1284.369002540196,152000.0
3.3093734e-08,2.3406503e-09,97.23684,-6.016808e-06,3.068479e-10,0.007784964,11.689079,166.13448,166.118,7.57601,1262.1803,203.27623,1263.5411,1.0,-0.2493598,-1.0,10000,0.87966055,0.2683956302903836,0.2648572708870785,0.2610911559153582,10,0.0020751617285774,1000,1000.0,1000,10,0.0,13003.663247585297,12796.871931791306,12583.047172546389,10,138.51856188484385,0.0,0.0,0.0,10,0.0,-2.0282201709044823,-2.088272747308761,-2.122733243050612,10,0.0274644752915628,-750.4987000000001,-759.1476725,-769.1901124999999,10,4.560889977898321,376.99456330557217,369.35288801158686,356.4705235956824,10,5.839932558596496,417.7976369499462,401.91121446656064,391.12993434753855,10,7.517970522863802,0.0,0.0,0.0,10,0.0,0.0,0.0,0.0,10,0.0,0.0,0.0,0.0,10,0.0,0.0,0.0,0.0,10,0.0,-219.98861200155773,-223.2455438303487,-226.1209590072407,10,1.8617344062795047,-16.083197933846183,-17.04612242768372,-17.973052936667486,10,0.6196295224480466,2752.729781043165,2681.4613653884785,2606.218087662449,10,48.87813227110054,2690.2172245512365,2580.636597946514,2477.7108919826705,10,66.53234668038102,0.0,0.0,0.0,10,0.0,-22.67140177139069,-23.30748792502648,-23.75254566173644,10,0.3632058331586397,241.88924721639967,236.2687595888828,222.77257409346808,10,5.7094283763921005,15.87817359324002,12.499204354152438,9.73919546230511,10,2.7738896494623244,2583.884771967576,2536.15310365003,2482.430202575756,10,34.867195387617095,0.0,0.0,0.0,10,0.0,0.0,0.0,0.0,10,0.0,0.0,0.0,0.0,10,0.0,4861.147381482981,4784.001259079418,4707.966637811163,10,42.7011763489365,0.0,0.0,0.0,10,0.0,4.788692,-0.24642994,-4.627473,1000,1.1181798,1000,892.3991228070175,81,228,259.7065709251244,13030.951840400696,11269.563449474805,864.4378824234009,228,3360.8984659278826,103546.0,157.81088542938232,200000.0,153.0,7034.273859739304,30600000.0,1267.3396987528886,153000.0
3.2570007e-08,2.3014157e-09,97.21224,-7.4131094e-05,3.0418498e-10,0.007851109,11.698225,166.21033,166.19377,7.6200953,1260.928,209.18292,1262.2496,1.0,-0.24710049,-1.0,10000,0.879765,0.2697773558522064,0.2654379499806037,0.2606479573836846,10,0.0025165680907533,1000,1000.0,1000,10,0.0,13048.624277114868,12672.951670932767,12202.548552513124,10,263.6781655065617,0.0,0.0,0.0,10,0.0,-2.0114240704376454,-2.107581624199729,-2.229884064015889,10,0.0745301487421304,-748.643375,-762.1872474999999,-771.4007125,10,6.252694209948124,377.8043266652589,369.0999572859111,353.7792070581618,10,7.845833551501259,416.3513809244547,399.775182125348,377.5261230000374,10,11.470734525642978,0.0,0.0,0.0,10,0.0,0.0,0.0,0.0,10,0.0,0.0,0.0,0.0,10,0.0,0.0,0.0,0.0,10,0.0,-219.52764393999823,-223.60907937064584,-227.610767243998,10,2.275266554043549,-15.537883888865773,-17.200237211913397,-20.38091966577122,10,1.2911344872742487,2797.083774907882,2637.2239740042287,2477.785443657295,10,82.15321122786165,2739.684862844588,2531.261225755136,2300.371745635851,10,128.60222124443732,0.0,0.0,0.0,10,0.0,-22.22839649182894,-22.935282470920825,-23.520620538423053,10,0.3636595119347509,244.8915759946422,234.20450342232024,228.37196390762284,10,4.575304302026642,18.93260533105513,12.681901236576518,9.75930233286142,10,3.5231395358914392,2606.798003260351,2545.5384872414525,2471.2869652936283,10,41.64498692789557,0.0,0.0,0.0,10,0.0,0.0,0.0,0.0,10,0.0,0.0,0.0,0.0,10,0.0,4871.857274808794,4751.425916327916,4518.00128675305,10,97.16768185775294,0.0,0.0,0.0,10,0.0,4.7411256,-0.24849366,-4.833174,1000,1.1176611,1000,860.6452991452992,55,234,295.7357011869457,13067.102783203123,10892.358301894275,647.8227605819702,234,3834.93856774592,103780.0,166.63197326660156,200000.0,154.0,7200.905837535858,30800000.0,1200.2498444881974,154000.0
3.20588e-08,2.2673552e-09,97.25166,-3.733794e-05,2.9734887e-10,0.0078174705,11.700463,166.24068,166.22421,7.9355845,1259.0693,236.81396,1260.2839,1.0,-0.24497974,-1.0,9363,0.87775946,0.267179712130603,0.2647780926218206,0.2612658924873027,10,0.0017500559861767,1000,936.3,363,10,191.1,12861.911356925964,11824.925837135315,3808.630791664124,10,2675.690440447082,0.0,0.0,0.0,10,0.0,-0.6726006102488893,-1.988398786237315,-2.172594532543931,10,0.4396487832296182,-269.5353,-715.8041225,-772.1507375,10,148.781440168587,385.00433318573903,348.4538222242954,132.95565036036078,10,72.0518985565207,409.8327872522895,370.9490256999762,147.1509292673622,10,74.96354878316096,0.0,0.0,0.0,10,0.0,0.0,0.0,0.0,10,0.0,0.0,0.0,0.0,10,0.0,0.0,0.0,0.0,10,0.0,-81.58949508286464,-208.5206675053437,-225.1298304391384,10,42.34427599609159,-4.091035393577414,-15.108204045053371,-17.568692347133837,10,3.771678153239072,2733.9869878021773,2489.6347059207383,868.4277927547108,10,543.4676221449229,2617.7029148619763,2337.734745537872,791.8381382836149,10,519.9101583207153,0.0,0.0,0.0,10,0.0,-8.52479296116911,-21.67912762244605,-24.05795954600523,10,4.405466448551755,243.90405307723324,210.54333822527883,80.26256902700148,10,44.20154960544858,15.041116055244949,11.20250936870884,4.220961330103698,10,3.26902698258175,2647.7000861046254,2392.8170415355794,749.8073298331763,10,549.1800908276476,0.0,0.0,0.0,10,0.0,0.0,0.0,0.0,10,0.0,0.0,0.0,0.0,10,0.0,4874.572381999636,4421.780717352683,1318.1883009011797,10,1036.2870686291783,0.0027548209366391,0.0002754820936639,0.0,10,0.0008264462809917,4.565234,-0.25035015,-4.8718767,1000,1.1164817,1000,877.9288888888889,72,225,243.38294345625803,13032.910782814026,11111.431486153071,862.536187171936,225,3183.319728784793,104005.0,162.63911175727844,200000.0,155.0,7363.544954061508,31000000.0,1229.7165044683636,155000.0
3.1559622e-08,2.2289757e-09,97.18254,-3.895519e-05,2.9579367e-10,0.007813559,11.695146,166.14125,166.12471,8.01374,1258.3456,242.93675,1259.5043,1.0,-0.2474254,-1.0,8635,0.8764104,0.2756266630159671,0.2640717398396573,0.2601780666392772,10,0.0044363858312335,1000,863.5,271,10,273.7908873574867,12767.35814857483,10803.16449174881,2855.211829662323,10,3651.326299139265,0.0,0.0,0.0,10,0.0,-0.5918608225466285,-1.8467582733578145,-2.276930164228037,10,0.596643188177904,-208.2701,-658.1193049999999,-777.381175,10,210.4310246749193,377.1960524406685,318.8115125269071,91.88667887450794,10,103.71949206036108,403.9569030864443,336.21739321816835,97.73069889594774,10,110.14589247144872,0.0,0.0,0.0,10,0.0,0.0,0.0,0.0,10,0.0,0.0,0.0,0.0,10,0.0,0.0,0.0,0.0,10,0.0,-63.56307445490768,-191.16335424495315,-223.3514964180933,10,59.79343008794324,-3.830272808680724,-14.7586312411156,-17.8733096200814,10,4.857152954932479,2693.139086206428,2245.548727266044,574.23998363851,10,755.7090455492703,2522.927531198557,2098.7738449608414,478.90820057401424,10,711.8554882136314,0.0,0.0,0.0,10,0.0,-7.619665100788753,-20.090242109585223,-23.86701191195018,10,5.989248343308474,231.385057668159,188.3481830184638,48.68166703347702,10,66.74302150171918,17.18877892560357,11.519372200125972,3.246302396977564,10,3.9381478680027424,2672.0887100186874,2219.504719331903,515.8128089586214,10,777.5818843448017,0.0,0.0,0.0,10,0.0,0.0,0.0,0.0,10,0.0,0.0,0.0,0.0,10,0.0,4853.674479417314,4082.7767344120375,1266.1809259107367,10,1352.266314600144,0.003690036900369,0.0006437289647621,0.0,10,0.0013046033950068,4.662112,-0.24892248,-4.9732714,1000,1.1160932,1000,831.525641025641,68,234,308.76053804746215,13058.09680366516,10513.785352809307,756.0476131439209,234,4008.117727134372,104239.0,178.781724691391,200000.0,156.0,7542.326683282852,31200000.0,1118.6825742129713,156000.0
3.1071902e-08,2.1936315e-09,97.01036,4.1506624e-05,2.9212086e-10,0.0077193207,11.680932,165.98114,165.96455,8.14586,1258.741,244.35504,1259.8599,1.0,-0.25142232,-1.0,8023,0.8742567,0.2631391047366565,0.2609497614772516,0.2588177416875512,10,0.0014629747924811,1000,802.3,286,10,294.229859123781,12858.824191093445,9938.384760951996,3275.528928756714,10,3844.492364971925,0.0,0.0,0.0,10,0.0,-0.5554345407685867,-1.666617555209181,-2.146424872030579,10,0.619869892139219,-205.704225,-605.2405687500001,-767.7295375,10,225.13228262269985,378.4094828044381,296.42607654208734,97.85512489742668,10,110.73015067895122,400.8775284690589,316.50507312730343,115.15305905118932,10,116.80686808790188,0.0,0.0,0.0,10,0.0,0.0,0.0,0.0,10,0.0,0.0,0.0,0.0,10,0.0,0.0,0.0,0.0,10,0.0,-62.96687209550005,-176.16231709330046,-220.85613883205176,10,64.41181627921641,-5.253131261997105,-13.703776310002208,-17.97086344494304,10,4.867813167503893,2708.033121096089,2089.130829826475,663.989060311834,10,809.3187786792773,2510.139510649536,1940.09973275918,683.1443504199868,10,728.0772128574202,0.0,0.0,0.0,10,0.0,-7.101280176781032,-18.779786529766323,-23.81427243413693,10,6.592579206394245,233.1509958066794,171.02458778673216,41.25254184876847,10,71.77262045098486,15.148318443712768,10.07451926465013,4.9124626304396095,10,2.774740819738056,2700.047524883412,2049.2357421534107,604.0984931512485,10,839.698055162178,0.0,0.0,0.0,10,0.0,0.0,0.0,0.0,10,0.0,0.0,0.0,0.0,10,0.0,4769.27734372243,3708.8635257402,1282.7144333315116,10,1413.592653150759,0.0034965034965034,0.0009843166093166,0.0,10,0.0013516530211544,4.65191,-0.24857995,-4.645316,1000,1.1156502,1000,865.6828193832599,60,227,275.5165526099932,13036.901453971865,10999.545118571375,631.9874591827393,227,3611.581517953528,104466.0,153.59143209457395,200000.0,157.0,7695.918119430542,31400000.0,1302.1559684191884,157000.0
3.0595274e-08,2.159922e-09,96.82981,-4.2576583e-05,2.877003e-10,0.0077889604,11.668946,165.82213,165.80537,8.130702,1259.9126,238.99823,1261.0492,1.0,-0.2511698,-1.0,10000,0.87226415,0.2621650805282675,0.2600854598580174,0.2572996799792545,10,0.0016616922196831,1000,1000.0,1000,10,0.0,13001.496578216553,12775.829968357086,12634.770870685576,10,117.802314533425,0.0,0.0,0.0,10,0.0,-1.982196374173023,-2.120275025893728,-2.218911944300149,10,0.0730077313697702,-749.7289374999999,-759.7180862499999,-766.9400374999999,10,5.30150462466037,384.3289004041342,374.0112522937983,359.65080506662457,10,7.57645909091815,411.8922176116074,399.0011324266332,382.3678523853324,10,9.442067233853908,0.0,0.0,0.0,10,0.0,0.0,0.0,0.0,10,0.0,0.0,0.0,0.0,10,0.0,0.0,0.0,0.0,10,0.0,-215.45455344093176,-218.07384567990871,-220.24681125101,10,1.6490549375200367,-15.420551565869816,-16.571042114760832,-17.9359637574783,10,0.6961414773403347,2753.9226110334434,2682.1427294792725,2605.903583309273,10,46.57597846435517,2593.002482826203,2463.159208830002,2401.231731176007,10,55.29196663377006,0.0,0.0,0.0,10,0.0,-23.10612736074873,-23.55921251069767,-24.024571762866334,10,0.2859799446046451,233.93852100424616,225.6470512225013,217.1475957103009,10,4.928314362338895,16.469941787753804,11.908767195213802,9.604840912912032,10,2.694045741021025,2718.588491070849,2673.948359554096,2624.4697694304778,10,31.26847467331355,0.0,0.0,0.0,10,0.0,0.0,0.0,0.0,10,0.0,0.0,0.0,0.0,10,0.0,4805.087345933178,4752.615814490719,4669.702679689895,10,41.84686126902146,0.0,0.0,0.0,10,0.0,4.6753845,-0.2501951,-5.1024137,1000,1.1151528,1000,877.0132158590309,59,227,272.49954904664963,13080.934008598328,11161.279788851212,630.3268404006958,227,3563.2932760296912,104693.0,161.6342797279358,200000.0,158.0,7857.552403211594,31600000.0,1237.361284602757,158000.0
3.0129485e-08,2.1282913e-09,96.71159,-2.6528875e-05,2.820678e-10,0.007763457,11.655601,165.69025,165.67346,8.104313,1260.996,225.05373,1262.1237,1.0,-0.2530055,-1.0,9388,0.8696915,0.2614531247516298,0.2582513556075865,0.2550595629507964,10,0.0019977274109429,1000,938.8,540,10,140.4455766480383,12973.045258045197,11810.729593610764,6516.0090618133545,10,1975.781242574696,0.0,0.0,0.0,10,0.0,-1.092706176403652,-1.9933300472025088,-2.22950652493942,10,0.3404868848231119,-405.3095625,-710.18090875,-768.2229749999999,10,109.59221736096788,382.9903276934123,348.85391514754707,194.95919321748443,10,53.80417181591444,413.2735799421345,380.56850533622577,210.61541490300647,10,59.95077112217855,0.0,0.0,0.0,10,0.0,0.0,0.0,0.0,10,0.0,0.0,0.0,0.0,10,0.0,0.0,0.0,0.0,10,0.0,-118.99406578305776,-203.0445003407803,-218.39825317818983,10,29.705138279011912,-9.849548889081676,-16.226413671256655,-19.26530241202555,10,2.47613132036362,2729.893010699417,2516.2893015904665,1446.58072544159,10,387.2530182765386,2530.509177922042,2290.808937578095,1213.367409340116,10,403.5158238961122,0.0,0.0,0.0,10,0.0,-13.386336951058151,-22.18566041901763,-24.43050906070787,10,3.206938956281957,240.3514611761659,210.6894737070641,118.33784587219073,10,35.950913418081335,15.39622597530374,12.888640004869853,5.322173814026394,10,3.2095450984433684,2676.671234216013,2440.182954899599,1325.8843673909932,10,421.5123920028903,0.0,0.0,0.0,10,0.0,0.0,0.0,0.0,10,0.0,0.0,0.0,0.0,10,0.0,4837.6787973367445,4365.488421559972,2433.109630662475,10,738.6797704597648,0.0018518518518518,0.000303109713487,0.0,10,0.0006245974491324,5.165765,-0.24872825,-4.7433124,1000,1.1141218,1000,914.290909090909,80,220,230.02813446321755,13021.62336730957,11633.717965570364,741.8437833786011,220,3015.994618995595,104913.0,165.66837859153748,200000.0,159.0,8023.220786809921,31800000.0,1207.230985782197,159000.0
2.9674412e-08,2.0937763e-09,96.64381,-2.5000945e-05,2.8017655e-10,0.007756506,11.640679,165.50435,165.48755,7.753092,1263.974,202.46217,1265.2748,1.0,-0.24962254,-1.0,8875,0.8715913,0.2685513076261971,0.2609201341051742,0.2548945062869571,10,0.0036919344309624,1000,887.5,169,10,255.0361739048012,12950.553828716278,11227.71779050827,1831.6771922111511,10,3426.6209912445447,0.0,0.0,0.0,10,0.0,-0.3822340716553799,-1.921409394462876,-2.3091476763863694,10,0.5505019550086623,-127.18845,-675.9541099999999,-768.7558875,10,194.2380784259425,380.8482169713572,327.19343739090675,57.61027684083831,10,96.00814840171488,407.1195472874604,352.34007978847706,62.29467650133837,10,103.2753294689411,0.0,0.0,0.0,10,0.0,0.0,0.0,0.0,10,0.0,0.0,0.0,0.0,10,0.0,0.0,0.0,0.0,10,0.0,-38.61852907511038,-193.4157476478507,-219.1958696596374,10,54.51557737799028,-3.2055045628755985,-15.71381568462073,-18.65239403227897,10,4.34668387366376,2713.386515031444,2367.3813054892057,397.4255980876393,10,712.3954866187702,2583.726043689652,2219.542731659445,387.74056404960606,10,665.4070890624023,0.0,0.0,0.0,10,0.0,-4.526272397247007,-20.78862618475049,-23.811538446700773,10,5.7300578519633305,232.1923204154818,196.8875802911908,25.288107162703582,10,62.63896601579649,15.028792557455583,12.422912728226205,8.437111119620198,10,2.4915687185803512,2728.358558977385,2333.7131400738813,282.40780187832667,10,764.0738116334933,0.0,0.0,0.0,10,0.0,0.0,0.0,0.0,10,0.0,0.0,0.0,0.0,10,0.0,4844.219378738878,4136.995495709513,746.6648709501712,10,1234.1598541852954,0.0059171597633136,0.0007333590358214,0.0,10,0.0017787889290339,4.861638,-0.24751402,-5.1370344,1000,1.1125883,1000,914.467289719626,49,214,231.31890507679097,13048.61930847168,11622.00332847154,597.5685300827026,214,3034.6474387876274,105127.0,156.84436011314392,200000.0,160.0,8180.065151929855,32000000.0,1275.1494529718798,160000.0
2.9229678e-08,2.0602227e-09,96.60952,-3.7247264e-05,2.7815136e-10,0.007766009,11.624395,165.30977,165.29292,7.3315854,1267.3938,193.82945,1268.7528,1.0,-0.24858195,-1.0,9251,0.87309337,0.2643322977984492,0.2597739533627403,0.2417468630171484,10,0.0062814245660638,1000,925.1,251,10,224.7,13072.08129787445,11883.641706061364,2530.681886434555,10,3120.2072361630835,0.0,0.0,0.0,10,0.0,-0.4678492449685281,-1.96593846816837,-2.198263408860332,10,0.5010817206493042,-173.84789999999998,-704.04254625,-770.9862249999999,10,176.83261444512834,379.149383803373,339.5870989176076,94.9598277261995,10,81.83692760869468,418.5413266283951,373.87611764601417,100.30971208811472,10,91.44699608172937,0.0,0.0,0.0,10,0.0,0.0,0.0,0.0,10,0.0,0.0,0.0,0.0,10,0.0,0.0,0.0,0.0,10,0.0,-51.25128675554542,-202.80860991528064,-221.71706935714525,10,50.54264542138156,-3.780266162320441,-16.93622634594662,-19.220330194737485,10,4.41304368050164,2770.956115056044,2514.3769539141804,569.0937407544604,10,648.8315683168048,2637.0418296244625,2367.392762495213,526.5915987378426,10,615.5751990147701,0.0,0.0,0.0,10,0.0,-5.829129951993133,-21.24128045035504,-23.443104030907467,10,5.1462094766810615,238.18159073881813,211.0853722748289,42.97919478798569,10,56.52136416356951,16.408506067398434,13.015306138089992,7.551365361775039,10,3.223241644315326,2710.7366843917407,2467.182542851775,507.5914796807108,10,653.6619782093102,0.0,0.0,0.0,10,0.0,0.0,0.0,0.0,10,0.0,0.0,0.0,0.0,10,0.0,4808.7340261083855,4346.101804556236,866.7406509462678,10,1163.4608701646102,0.0039840637450199,0.0003984063745019,0.0,10,0.0011952191235059,4.333368,-0.24521612,-5.0187235,1000,1.1121786,1000,878.7354260089686,43,223,278.24784408154767,13048.470039367676,11182.651933797271,459.30198860168457,223,3635.944193400147,105350.0,178.820702791214,200000.0,161.0,8358.885859251022,32200000.0,1118.438731523801,161000.0
2.879526e-08,2.0294688e-09,96.55685,-4.8185568e-05,2.7415184e-10,0.007772733,11.61248,165.16422,165.14737,7.1020594,1269.441,195.10063,1270.9033,1.0,-0.24588656,-1.0,10000,0.8725508,0.264426118642999,0.2615239280533682,0.2591105939321392,10,0.0018767197004555,1000,1000.0,1000,10,0.0,13076.887585163116,12966.997515726089,12834.13365650177,10,83.71741240482879,0.0,0.0,0.0,10,0.0,-2.124602005340736,-2.170569682060332,-2.2823304171684446,10,0.0489068137049501,-761.512225,-767.2874175,-777.5390749999999,10,4.627593149718197,379.04795330743787,370.126926095854,363.184712822859,10,4.473502924435689,420.5516945913175,407.2951734342754,396.8295241062261,10,7.728573258161238,0.0,0.0,0.0,10,0.0,0.0,0.0,0.0,10,0.0,0.0,0.0,0.0,10,0.0,0.0,0.0,0.0,10,0.0,-216.5833205730389,-219.10507251770164,-221.8208993456113,10,1.761941903660391,-16.548875572002636,-18.015345956032,-19.1919823303477,10,0.7268925649001896,2783.2062877631224,2749.7566328763755,2707.484427916761,10,22.754366275610103,2645.670431102994,2593.973787728409,2471.992484166284,10,52.12823271462865,0.0,0.0,0.0,10,0.0,-22.55917804182404,-23.000531350716333,-23.731239826196784,10,0.3215634731366693,242.1888622117777,230.0476176558664,224.1950426399724,10,5.2301500436848505,15.283912064518296,13.013742888156088,9.80039319321895,10,2.4740221271145644,2694.908143642978,2679.522836119274,2628.089476232339,10,19.943110810540983,0.0,0.0,0.0,10,0.0,0.0,0.0,0.0,10,0.0,0.0,0.0,0.0,10,0.0,4813.977554653826,4739.039218432523,4628.082531317759,10,43.64041934598751,0.0,0.0,0.0,10,0.0,4.656434,-0.24397454,-4.842617,1000,1.1116141,1000,857.0213675213676,61,234,307.8882087967621,13082.361090660095,10909.42043139792,641.0846929550171,234,4004.366272539294,105584.0,156.1580138206482,200000.0,162.0,8515.043877124786,32400000.0,1280.7539946666172,162000.0
2.8370973e-08,1.9992494e-09,96.47858,-2.245423e-05,2.704289e-10,0.0077407393,11.603675,165.04095,165.024,6.8743315,1271.5133,187.53673,1273.0072,1.0,-0.24266115,-1.0,10000,0.8745841,0.2664224193671023,0.2636121644201831,0.2598206019621022,10,0.00188985766713,1000,1000.0,1000,10,0.0,13009.514766693115,12843.88894200325,12741.41205739975,10,86.85757618342784,0.0,0.0,0.0,10,0.0,-2.097290994538059,-2.176802606504044,-2.3042471211914872,10,0.0606431072363155,-762.933325,-770.5164725000001,-779.4536125,10,5.928934743275997,379.30362609585,371.3307348857572,363.809399617742,10,5.2515581998733385,430.47949661076296,412.1632665559336,397.97911871048257,10,9.756792135036148,0.0,0.0,0.0,10,0.0,0.0,0.0,0.0,10,0.0,0.0,0.0,0.0,10,0.0,0.0,0.0,0.0,10,0.0,-217.5437390318768,-221.08379248960105,-223.8291293946687,10,1.7409434061482854,-17.11282483112698,-18.149209042035377,-19.671270412261947,10,0.7345061944170955,2794.41599361522,2695.48874293,2656.6180047835896,10,39.43368250520131,2613.617008533399,2563.475908557936,2500.5147917744207,10,40.82339462777156,0.0,0.0,0.0,10,0.0,-22.61522652623177,-22.98451016927088,-23.40297280516438,10,0.26681393243789,242.54004392302755,234.57937244597127,228.64353708218303,10,4.078121156731005,15.57065503371187,12.021266677547072,9.779727367719929,10,2.656729739390737,2670.245046177285,2642.097798245537,2604.590355187112,10,21.99875787883737,0.0,0.0,0.0,10,0.0,0.0,0.0,0.0,10,0.0,0.0,0.0,0.0,10,0.0,4805.885671470684,4731.911307955311,4656.593538887197,10,56.13868637292956,0.0,0.0,0.0,10,0.0,4.7234917,-0.24313858,-5.0153213,1000,1.1117246,1000,897.0755555555555,71,225,262.4683829895247,13085.205346107485,11439.946724586487,715.7379035949707,225,3446.660879822367,105809.0,155.95328998565674,200000.0,163.0,8670.99717092514,32600000.0,1282.435272884556,163000.0
2.795659e-08,1.9707573e-09,96.35155,-9.821616e-07,2.6577e-10,0.007709105,11.597464,164.93509,164.9182,6.756824,1272.4135,176.32309,1273.9452,1.0,-0.24448448,-1.0,9492,0.87363786,0.2674809302122852,0.2626216055359305,0.2578989155485303,10,0.0030516105996402,1000,949.2,723,10,102.11934194852608,13003.200306892397,11971.006027460098,8157.646598339081,10,1561.9141565352145,0.0,0.0,0.0,10,0.0,-1.4537385998013337,-2.0512905809282325,-2.303993327889902,10,0.2530066477305541,-542.1891250000001,-727.7670212500001,-775.486375,10,81.02054693316516,379.9672245643052,351.82384055404697,266.84662642860656,10,38.163877270623104,427.9535175907979,392.1173623145778,297.179452214729,10,40.47231605111121,0.0,0.0,0.0,10,0.0,0.0,0.0,0.0,10,0.0,0.0,0.0,0.0,10,0.0,0.0,0.0,0.0,10,0.0,-158.86975480431977,-209.08801959951083,-224.9033274141704,10,21.97253118689518,-9.271920039517202,-16.47103695526698,-19.09664376299268,10,2.705751446837593,2764.0318681910167,2525.5276139008074,1837.260569554362,10,304.58477271130226,2555.5257245976736,2369.833524805628,1708.4441088348165,10,285.91190725930034,0.0,0.0,0.0,10,0.0,-16.54144533279524,-22.06178294823285,-23.88930965312972,10,2.659854899688976,238.38232810911435,220.8779912570651,173.55449779149484,10,22.029523080642058,16.231894527451693,12.091083430662104,8.032513247155316,10,2.7526563451948016,2669.770897907349,2487.189348318695,1767.9155257498844,10,306.9220964777437,0.0,0.0,0.0,10,0.0,0.0,0.0,0.0,10,0.0,0.0,0.0,0.0,10,0.0,4830.341083646252,4385.123609986769,2667.265394214616,10,669.4633335656729,0.0013831258644536,0.0002683515981488,0.0,10,0.0005370219558931,4.6831393,-0.24198385,-4.7610235,1000,1.1128272,1000,891.9686098654709,60,223,267.5997008808501,13044.163911819458,11342.438374232815,634.7586345672607,223,3498.665980249244,106032.0,155.03353810310364,200000.0,164.0,8826.030713558197,32800000.0,1290.0434476764108,164000.0
2.7552034e-08,1.9397135e-09,96.242966,-3.2385284e-05,2.6444924e-10,0.007731822,11.594963,164.87956,164.86249,6.592729,1273.1077,169.81511,1274.6533,1.0,-0.2436005,-1.0,9957,0.87492245,0.2703341909032397,0.26360904779895,0.2606484799794343,10,0.0029352806504622,1000,995.7,957,10,12.9,12788.04290008545,12568.356516647338,11986.789288043976,10,238.36613080991253,0.0,0.0,0.0,10,0.0,-2.048799561270516,-2.11096836423058,-2.2340509535967032,10,0.052604271044477,-737.748275,-761.56749,-772.5849625,10,8.997346681574014,374.5141658200212,361.57385648779297,348.108214738102,10,6.979723595953052,419.8771108926354,409.1878785359144,391.64646189931455,10,9.190996731750706,0.0,0.0,0.0,10,0.0,0.0,0.0,0.0,10,0.0,0.0,0.0,0.0,10,0.0,0.0,0.0,0.0,10,0.0,-214.85370753373107,-220.48566773444708,-227.9632006924776,10,3.2303019642845405,-16.6442510115997,-18.026487169999363,-19.18627663422231,10,0.7394203379400205,2725.2552096226864,2669.5226788128225,2572.0220818190164,10,51.55546419573464,2548.249794408844,2453.866627219614,2313.1804086314887,10,59.717553872631065,0.0,0.0,0.0,10,0.0,-22.400567950149103,-23.2426732574309,-23.59423636202948,10,0.3570453995079581,242.06926795915248,229.22263744611865,218.62438523899817,10,7.375582924326961,20.8586242235734,13.05840550056624,9.834767508274403,10,3.57507334405202,2689.3667693372545,2602.3271245457186,2441.9267566999624,10,69.03722693427574,0.0,0.0,0.0,10,0.0,0.0,0.0,0.0,10,0.0,0.0,0.0,0.0,10,0.0,4830.700327658045,4640.234671842469,4436.773904204756,10,108.6207413543748,0.0010449320794148,0.0001044932079414,0.0,10,0.0003134796238244,4.6678686,-0.24201258,-5.4753437,1000,1.1140249,1000,878.8712446351931,64,233,280.580974039352,13056.516221046448,11157.252455021691,720.569393157959,233,3668.940261178373,106265.0,155.64322566986084,200000.0,165.0,8981.673947095871,33000000.0,1284.9900735431013,165000.0
2.7157853e-08,1.9088433e-09,96.256165,-8.7505374e-05,2.6378483e-10,0.0077879997,11.599612,164.95781,164.94048,6.878671,1270.9215,188.30583,1272.3649,1.0,-0.24540481,-1.0,9383,0.87337375,0.2682175415959942,0.2620903887761063,0.2572219483882108,10,0.0031099852771333,1000,938.3,383,10,185.1,12864.049533843994,11740.567234301569,4411.913031220436,10,2457.554070603733,0.0,0.0,0.0,10,0.0,-0.7863058656397008,-2.043553468033146,-2.234225911054301,10,0.4207239751634129,-286.5687625,-717.5252325,-771.380975,10,143.75391227780605,371.7453697197984,342.5359197412296,136.14449995496813,10,69.06790948130313,424.0745979963005,388.70204903285,149.55224545082592,10,79.88653269811914,0.0,0.0,0.0,10,0.0,0.0,0.0,0.0,10,0.0,0.0,0.0,0.0,10,0.0,0.0,0.0,0.0,10,0.0,-84.18415337244667,-206.40405745001544,-225.7765627697477,10,40.84772347909462,-6.9462982173108285,-17.64227577667092,-20.25649734976924,10,3.67796173957124,2774.601974741923,2511.758047981096,981.463267606618,10,512.3595960722646,2539.6078667797283,2293.432415427833,823.9208908995653,10,493.9157539377607,0.0,0.0,0.0,10,0.0,-8.341469370761665,-21.92759081690349,-23.80345212573945,10,4.532532408744291,236.395311680318,213.34175336917747,83.83732380683027,10,43.63529401445437,18.1275528090276,10.175716969615214,4.166286861463103,10,3.160953119206284,2702.8143663686487,2456.8677734995736,916.5354866466452,10,515.5539888590095,0.0,0.0,0.0,10,0.0,0.0,0.0,0.0,10,0.0,0.0,0.0,0.0,10,0.0,4748.689272418774,4288.306902202852,1621.123103821024,10,903.535406319888,0.0026109660574412,0.0002610966057441,0.0,10,0.0007832898172323,5.286135,-0.24218078,-5.049574,1000,1.1157914,1000,829.734693877551,56,245,324.58723399080907,13058.568618774414,10494.161621678362,562.6780433654785,245,4242.454897731881,106510.0,179.75630855560303,200000.0,166.0,9161.430260181429,33200000.0,1112.6174185877603,166000.0
2.6777009e-08,1.8842787e-09,96.48277,-9.287123e-05,2.5788208e-10,0.0078114923,11.610356,165.06189,165.04472,7.1458335,1268.7617,197.11734,1270.1605,1.0,-0.23680045,-1.0,10000,0.8764745,0.2689490505615153,0.2661923777807245,0.2631981708983149,10,0.0020562528022666,1000,1000.0,1000,10,0.0,12799.410514354706,12617.706737732888,12380.80099248886,10,120.62913700020614,0.0,0.0,0.0,10,0.0,-2.09614217398654,-2.214832631905659,-2.276036539148044,10,0.0468171173352679,-765.0255,-774.9495149999999,-781.9208,10,4.9046063199965415,380.6770671346555,367.308470835859,354.694076156392,10,7.127687894766664,438.2734821679351,423.6930713847929,408.3530859835876,10,11.081326153958296,0.0,0.0,0.0,10,0.0,0.0,0.0,0.0,10,0.0,0.0,0.0,0.0,10,0.0,0.0,0.0,0.0,10,0.0,-220.6435215178168,-223.4347139818824,-226.0994768379266,10,1.9863560983166435,-17.358640842463874,-18.73268148284032,-19.75670310234413,10,0.7961407735957916,2713.461413523496,2656.1681938618126,2571.7392192391253,10,48.2765848958074,2518.9953487254297,2455.914706912766,2368.2200138918647,10,53.660143716331554,0.0,0.0,0.0,10,0.0,-22.39705322322893,-22.994255701894367,-24.373804380793075,10,0.5484134624920669,246.29087077409224,232.7496345946212,220.62424685432472,10,8.546392201023032,14.977772992276789,12.853401348177794,9.8695681094766,10,2.387845767749404,2668.808233197037,2639.1185321893795,2584.5147487621457,10,24.94952499150104,0.0,0.0,0.0,10,0.0,0.0,0.0,0.0,10,0.0,0.0,0.0,0.0,10,0.0,4797.316004683017,4654.72913088096,4405.255038821144,10,107.12302153485862,0.0,0.0,0.0,10,0.0,4.5979323,-0.24211045,-4.8320537,1000,1.1160455,1000,871.4122807017544,45,228,284.53411633397553,13066.326906204224,11037.305113363684,518.8549842834473,228,3704.470921327176,106738.0,155.7682590484619,200000.0,167.0,9317.198524713516,33400000.0,1283.9586268841645,167000.0
2.6423143e-08,1.8594298e-09,96.80996,-0.00018114412,2.5442165e-10,0.007925943,11.648832,165.42587,165.40878,8.207783,1258.4313,304.561,1259.226,1.0,-0.2355913,-1.0,10000,0.87502193,0.2687224452503524,0.265607666272193,0.2629312881821266,10,0.0019006080726165,1000,1000.0,1000,10,0.0,12766.90808057785,12601.2781126976,12411.74527311325,10,90.44219506595437,0.0,0.0,0.0,10,0.0,-2.062886342317938,-2.183430370701701,-2.2774569904156627,10,0.0607256420673818,-761.9267125,-774.92780375,-783.1445249999999,10,5.709175849906664,374.8523500554071,364.4365384594132,353.4216174902641,10,5.612431298204363,433.0218149564406,425.4513137957476,419.2004235189751,10,4.310087403029826,0.0,0.0,0.0,10,0.0,0.0,0.0,0.0,10,0.0,0.0,0.0,0.0,10,0.0,0.0,0.0,0.0,10,0.0,-220.3873689475622,-222.82967351118813,-226.2479612710021,10,1.804268013790398,-18.00159747412592,-19.06949164329085,-19.993034254374304,10,0.6696255364675592,2690.9003073199574,2636.341966074894,2539.316798258263,10,41.08686424018657,2500.50609249954,2439.731729021639,2348.645802709224,10,51.90449213297699,0.0,0.0,0.0,10,0.0,-22.23977640868172,-23.04697020167837,-23.769839015338828,10,0.3753268336228422,246.00571423106288,235.4328625642776,226.38590738974216,10,6.242785296717184,15.142560010637958,12.0046532582793,9.912261789488626,10,2.1894223683136347,2679.456952159543,2630.780601103258,2548.464353437472,10,34.716213082344446,0.0,0.0,0.0,10,0.0,0.0,0.0,0.0,10,0.0,0.0,0.0,0.0,10,0.0,4798.293377635711,4682.247190657894,4544.7706663836325,10,70.22228638629382,0.0,0.0,0.0,10,0.0,5.089831,-0.23982888,-5.1846523,1000,1.1209815,1000,627.690036900369,48,271,345.20838117302713,13057.979852676392,7797.245698850093,439.77819538116455,271,4453.046567438601,107009.0,155.7191722393036,200000.0,168.0,9472.917703151705,33600000.0,1284.3633646642254,168000.0
2.611861e-08,1.8416352e-09,97.25794,-0.00015013664,2.4785393e-10,0.007930771,11.65636,165.4769,165.45992,8.722426,1252.6577,303.66495,1253.3298,1.0,-0.23630755,-1.0,9349,0.8740711,0.2692385003604926,0.2649411518366872,0.257913718956887,10,0.0031402824238258,1000,934.9,697,10,105.14699234880663,12758.43185186386,11639.608039391042,8226.546289801598,10,1586.5902146273395,0.0,0.0,0.0,10,0.0,-1.4331901703809866,-2.0278997354104087,-2.28184491384795,10,0.2905321573089175,-524.5240624999999,-723.1879212499999,-786.2433125,10,87.57059523629334,377.0353647444321,346.1598807054703,257.4235384705139,10,38.51164504306992,432.988637812653,394.9632584743621,299.5920313440914,10,42.085089494403846,0.0,0.0,0.0,10,0.0,0.0,0.0,0.0,10,0.0,0.0,0.0,0.0,10,0.0,0.0,0.0,0.0,10,0.0,-153.52797386354652,-207.7844581231805,-225.8405699101852,10,23.189050935249764,-12.379620355572657,-17.316310647371196,-19.530522905909542,10,2.457109589329388,2688.4812893455864,2442.604192964058,1742.4925164466847,10,321.35338203792185,2509.046834252664,2243.883477543742,1604.8610489468297,10,308.7887277797423,0.0,0.0,0.0,10,0.0,-15.446227081767868,-21.24214085487972,-23.525281030773968,10,2.6823497101852887,246.13533753179,219.2058864047198,142.94827381035483,10,33.09638816884535,14.992277552090886,11.477010765430006,7.282104405180803,10,2.527000173026104,2667.729765857094,2441.6935395582404,1739.0406608506958,10,319.4394111249824,0.0,0.0,0.0,10,0.0,0.0,0.0,0.0,10,0.0,0.0,0.0,0.0,10,0.0,4742.997902643594,4309.011953158557,2990.9500814215635,10,624.1058330919017,0.0014347202295552,0.0003857053793098,0.0,10,0.0005921003643041,4.958474,-0.24377908,-4.6930313,1000,1.1145788,1000,877.3404255319149,37,235,259.236922491372,13080.285503387451,11127.252630697412,381.030312538147,235,3389.996651862656,107244.0,155.1226143836975,200000.0,169.0,9628.040322065352,33800000.0,1289.3026641834297,169000.0
2.5868596e-08,1.8239743e-09,97.61966,-0.00012983389,2.4551358e-10,0.007939408,11.652401,165.43423,165.41716,8.919371,1250.5669,304.36972,1251.1849,1.0,-0.23032658,-1.0,10000,0.8765271,0.2719855921823819,0.267937772570974,0.2657734441995959,10,0.0018477862358985,1000,1000.0,1000,10,0.0,12838.994048595428,12531.151403236388,12251.020426273346,10,176.74882216713726,0.0,0.0,0.0,10,0.0,-2.0473750652975413,-2.1702481061342667,-2.307544410006765,10,0.0778166292520695,-767.2953125,-778.47858,-791.5329624999999,10,8.386534124645873,378.4226089074926,368.2225686432884,359.690571966558,10,6.427892178921707,437.9973362910197,427.46104848355054,416.82692356296656,10,6.225998401660441,0.0,0.0,0.0,10,0.0,0.0,0.0,0.0,10,0.0,0.0,0.0,0.0,10,0.0,0.0,0.0,0.0,10,0.0,-223.1067584282237,-225.0246079832837,-228.4249214586921,10,1.6678087365136822,-17.13315122283094,-18.024245262227414,-19.64774355520331,10,0.7810418822372298,2699.6596813006004,2579.238523540282,2394.346084771943,10,77.77586501190594,2563.0114703657023,2395.108133237989,2299.154044190172,10,68.97023048590498,0.0,0.0,0.0,10,0.0,-22.13371063486674,-22.82123104614002,-23.64357901863548,10,0.4466037830246252,257.0849010027067,246.57450566595352,225.7118500075037,10,8.922221258535984,15.04482022022384,11.876223129422204,9.972381259822797,10,2.291365391431932,2678.739738693728,2622.474760931604,2535.734191141996,10,45.45124571415531,0.0,0.0,0.0,10,0.0,0.0,0.0,0.0,10,0.0,0.0,0.0,0.0,10,0.0,4777.504957767091,4708.067931921221,4560.075211423824,10,65.5465053161051,0.0,0.0,0.0,10,0.0,4.776018,-0.2419734,-4.6975207,1000,1.1141798,1000,868.4297872340426,64,235,286.84592640597043,13060.862754821776,11016.6616203998,698.1074876785278,235,3743.338028883043,107479.0,156.04373145103455,200000.0,170.0,9784.084057092668,34000000.0,1281.6919855749452,170000.0
2.5683939e-08,1.8126224e-09,97.923744,-0.00013498121,2.4209276e-10,0.007968881,11.649731,165.39874,165.3818,8.921711,1249.2089,306.89914,1249.7461,1.0,-0.23119815,-1.0,10000,0.876848,0.2725954948089907,0.2679368560447469,0.2638613124298122,10,0.0026896771533259,1000,1000.0,1000,10,0.0,12776.518271923063,12594.16128759384,12317.281722545624,10,168.46510278625638,0.0,0.0,0.0,10,0.0,-2.092587038642433,-2.183144141528691,-2.282631954347688,10,0.0589559483497896,-769.1309,-779.9312600000001,-794.6909625000001,10,8.071734060693295,375.252487337799,370.1732213980158,362.1023128409743,10,4.451827372785763,440.3795513419336,431.32589273820406,419.6980907732381,10,6.289862642689188,0.0,0.0,0.0,10,0.0,0.0,0.0,0.0,10,0.0,0.0,0.0,0.0,10,0.0,0.0,0.0,0.0,10,0.0,-220.96916221227548,-224.87324192681567,-228.6978184346817,10,2.384197035972026,-17.67238104700192,-18.35735900756913,-19.63186900703005,10,0.5687775218738085,2693.5132536843257,2619.2436696064806,2522.1798196723576,10,55.48150411720128,2498.2035559291703,2421.1602652755523,2297.9213559429427,10,58.16772862690365,0.0,0.0,0.0,10,0.0,-21.923622568737457,-22.60964048434085,-23.22635085893006,10,0.4285135338694695,258.36261287425623,247.18290557634103,235.9995671448213,10,7.72961334236284,16.061834437780853,12.375965603314848,9.947362246673432,10,2.4039974511690567,2693.629162499682,2633.262993318749,2601.1202799388343,10,27.566697142934103,0.0,0.0,0.0,10,0.0,0.0,0.0,0.0,10,0.0,0.0,0.0,0.0,10,0.0,4796.567639465693,4688.891474464811,4505.894189208335,10,92.36679054128577,0.0,0.0,0.0,10,0.0,5.011809,-0.2329435,-5.1804075,1000,1.1212654,1000,710.0689655172414,34,348,333.877654758754,13045.54147529602,8917.294491388675,334.7943563461304,348,4357.836457032736,107827.0,179.40623879432678,200000.0,171.0,9963.490300655363,34200000.0,1114.7884340258763,171000.0
2.5547843e-08,1.8047109e-09,98.30054,-0.00011029385,2.391164e-10,0.007974337,11.665329,165.50952,165.49257,9.734727,1241.7506,371.5571,1241.9591,1.0,-0.23532273,-1.0,10000,0.87619007,0.269071741066097,0.2663239267540841,0.2641883611317136,10,0.0015704231381175,1000,1000.0,1000,10,0.0,12880.192697525024,12569.23184299469,12164.40027332306,10,193.840418076648,0.0,0.0,0.0,10,0.0,-1.9978263831672776,-2.200418996502333,-2.2989770782915,10,0.0788568636007612,-755.8080875,-775.46269,-783.6774375,10,7.938214424175055,391.7143034677202,375.58915171249913,364.9147211643622,10,7.203487187603356,448.77802303147234,430.3510087661499,416.039641546162,10,10.102584552663837,0.0,0.0,0.0,10,0.0,0.0,0.0,0.0,10,0.0,0.0,0.0,0.0,10,0.0,0.0,0.0,0.0,10,0.0,-221.6971247768191,-223.50936468420247,-226.0636308342131,10,1.381138365428507,-17.129084848375015,-17.932392337784,-18.703530173679624,10,0.5319299764098177,2666.4829447103875,2588.126406924744,2431.608136511903,10,73.05532060126185,2517.409181713197,2419.958707984335,2241.162528924131,10,74.45864643536157,0.0,0.0,0.0,10,0.0,-21.7590031632092,-22.48683679037951,-23.22769196237597,10,0.4407650361362831,252.48292021352265,239.7218626884307,230.27163432283564,10,5.685801837019649,15.27178449760943,12.948622017704968,10.007434777621205,10,2.244703781728665,2703.9168213212206,2621.975272465058,2562.9647895711423,10,47.64092847058,0.0,0.0,0.0,10,0.0,0.0,0.0,0.0,10,0.0,0.0,0.0,0.0,10,0.0,4823.158119611443,4704.978188451038,4620.015594934659,10,72.55876846239175,0.0,0.0,0.0,10,0.0,5.713238,-0.23691323,-4.973745,1000,1.1140797,1000,836.2297872340425,56,235,307.7391102277781,13049.669724464417,10585.83566054892,600.3011417388916,235,4008.076582055487,108062.0,157.72364282608032,200000.0,172.0,10121.213947296144,34400000.0,1268.040709790968,172000.0
2.5447898e-08,1.796725e-09,98.46643,-6.2533785e-05,2.3910665e-10,0.007939847,11.624883,165.06348,165.04637,9.204167,1248.5227,312.65936,1249.1772,1.0,-0.23888381,-1.0,10000,0.8756282,0.2693572337980326,0.2651628728231449,0.260844332488929,10,0.0026673790063549,1000,1000.0,1000,10,0.0,12766.253396987917,12627.36453318596,12303.32598733902,10,129.7512250850433,0.0,0.0,0.0,10,0.0,-2.080334199435491,-2.1792672114669327,-2.255901015567876,10,0.0555972220715605,-760.1108624999999,-771.996785,-782.512925,10,6.766576931157702,386.45558682320143,377.6540273777989,368.5622417899832,10,6.006910131211816,444.06788244315686,433.8582537348267,417.9383696645946,10,8.438886250954994,0.0,0.0,0.0,10,0.0,0.0,0.0,0.0,10,0.0,0.0,0.0,0.0,10,0.0,0.0,0.0,0.0,10,0.0,-218.72676242562204,-222.5532027688539,-226.64336285176745,10,2.4151055870863165,-16.67793010260788,-17.931441105961653,-19.54871992059597,10,0.96148425807244,2644.2412627030267,2600.273812515473,2517.4939148167423,10,36.42692209769816,2476.0073270607168,2384.0627067745218,2305.779240238311,10,44.55879552609365,0.0,0.0,0.0,10,0.0,-21.846270081514447,-22.37835263796007,-22.79222772208494,10,0.2703199657502225,260.5862571668636,250.566321791826,236.70944220636483,10,8.643446210214849,15.094766753654485,12.032768603937871,10.082753018816245,10,2.290345010067731,2681.2358739424194,2625.632018945389,2565.5478329947587,10,35.033965594010375,0.0,0.0,0.0,10,0.0,0.0,0.0,0.0,10,0.0,0.0,0.0,0.0,10,0.0,4868.0315699865705,4764.078412330273,4604.783488215244,10,85.65379835961198,0.0,0.0,0.0,10,0.0,4.6921864,-0.23473465,-4.6701665,1000,1.1133624,1000,884.2534562211981,75,217,273.03261110659633,13032.80906009674,11209.535874982585,752.7714166641235,217,3559.720626427452,108279.0,157.6945824623108,200000.0,173.0,10278.908534288406,34600000.0,1268.2743875985736,173000.0
2.538985e-08,1.7929609e-09,98.58016,-6.105103e-05,2.3822727e-10,0.007947464,11.62488,165.05432,165.03725,9.006521,1248.1409,322.1228,1248.656,1.0,-0.24369054,-1.0,9117,0.8745322,0.2677295449579112,0.2636284379583838,0.2564460532274515,10,0.0034644886667887,1000,911.7,117,10,264.90000000000003,12824.438195228577,11438.075205087662,1397.0705676078796,10,3358.358787608516,0.0,0.0,0.0,10,0.0,-0.2680611992067071,-2.007239317534225,-2.3347656715902274,10,0.5830224309719964,-88.4042625,-700.8154649999999,-777.8351374999999,10,204.2963273017901,393.8758353293125,342.6232841153136,42.40366262909048,10,100.55570496158748,443.2536777229383,392.52300292119935,46.526013876039954,10,115.61912062516758,0.0,0.0,0.0,10,0.0,0.0,0.0,0.0,10,0.0,0.0,0.0,0.0,10,0.0,0.0,0.0,0.0,10,0.0,-26.7388420328929,-201.2659998149585,-224.7341215263613,10,58.24419582555824,-1.807831359809872,-16.67927215956806,-19.39693985041848,10,5.027745792829647,2665.6290005411543,2377.092988847906,296.76531335091045,10,694.2735778744063,2538.2338998088308,2169.012356016261,257.5935065899941,10,641.6431920273793,0.0,0.0,0.0,10,0.0,-2.827286130032257,-20.263094468793305,-22.893970334528447,10,5.831353555561435,264.1656745764418,228.98075714614987,27.15378074800872,10,67.97462375496521,18.13818732024389,11.811026005229404,1.0987426971884704,10,4.40267504859824,2718.9858573695446,2396.8907035411944,244.6159581452494,10,719.5854372125119,0.0,0.0,0.0,10,0.0,0.0,0.0,0.0,10,0.0,0.0,0.0,0.0,10,0.0,4904.263531397765,4264.689104979114,574.9789041807128,10,1250.9874426426986,0.0085470085470085,0.0008547008547008,0.0,10,0.0025641025641025,5.3582296,-0.22964948,-5.5325546,1000,1.1189331,1000,687.8345588235294,33,272,323.8650406280089,13077.106459617617,8602.797900509308,312.074022769928,272,4204.421452512512,108551.0,154.8363916873932,200000.0,174.0,10433.744930267334,34800000.0,1291.6860036611408,174000.0
2.5353954e-08,1.7920838e-09,98.712006,-6.948072e-05,2.3623267e-10,0.007966441,11.626815,165.03442,165.01746,9.106599,1245.8737,337.88098,1246.298,1.0,-0.24297598,-1.0,10000,0.8742604,0.2671702575128097,0.2632825117171028,0.2568071219464706,10,0.0032571091621365,1000,1000.0,1000,10,0.0,12825.237336158752,12599.33410654068,12303.632551193235,10,157.80413170932152,0.0,0.0,0.0,10,0.0,-2.168109039721166,-2.2501164165688268,-2.3022523849344543,10,0.0418448725346978,-755.47255,-773.21853625,-783.3616374999999,10,8.28114303645533,389.23127907953017,378.8387397631142,363.8037190783355,10,6.696268402627433,446.8411670273871,434.0398329999093,420.2042998935234,10,9.006756332439393,0.0,0.0,0.0,10,0.0,0.0,0.0,0.0,10,0.0,0.0,0.0,0.0,10,0.0,0.0,0.0,0.0,10,0.0,-214.9905060264894,-220.4636514841144,-224.22346946122053,10,2.8856670271155425,-17.69348525758015,-18.363386012189927,-19.56234522343724,10,0.5065932640128691,2646.715683952799,2589.6911204350413,2514.603847364096,10,39.615242545153606,2529.7772019403965,2413.682171846311,2303.4605528080565,10,78.1749601023687,0.0,0.0,0.0,10,0.0,-21.2254209755666,-21.944435906334384,-22.598241340923416,10,0.4312921524703756,258.0442133177294,249.30469309603728,239.59684650401107,10,5.844360821534332,15.683651226168427,13.81720674889364,10.160535524252005,10,1.9055709801411056,2681.319119540164,2626.0808931450374,2562.092122198339,10,29.34927402100395,0.0,0.0,0.0,10,0.0,0.0,0.0,0.0,10,0.0,0.0,0.0,0.0,10,0.0,4885.713046245341,4716.034819314901,4375.706650204716,10,161.0313621330243,0.0,0.0,0.0,10,0.0,4.761402,-0.23824641,-5.0062366,1000,1.1111966,1000,927.9078341013824,69,217,215.6005240612676,13133.43000984192,11816.165572535609,724.0553541183472,217,2827.969709367269,108768.0,156.28325700759888,200000.0,175.0,10590.028191804886,35000000.0,1279.72761656916,175000.0
2.5330447e-08,1.7899705e-09,98.825836,-5.2444273e-05,2.364656e-10,0.00795851,11.6044,164.75932,164.7423,8.528705,1250.6274,286.756,1251.2599,1.0,-0.2491885,-1.0,10000,0.874751,0.267469017752413,0.2618848151155453,0.2586843912913922,10,0.0028412144899113,1000,1000.0,1000,10,0.0,12682.17588853836,12469.948195457458,12275.177942276,10,127.063639929727,0.0,0.0,0.0,10,0.0,-2.196696063965682,-2.2408984168490527,-2.284884730300858,10,0.0347200826536344,-758.6897625,-767.022935,-774.4205499999999,10,4.695847842408881,389.0837821851451,377.6605586654067,369.6996902941201,10,6.44159944402211,436.45588592331984,426.3141830295088,416.8813881298346,10,6.657442405693201,0.0,0.0,0.0,10,0.0,0.0,0.0,0.0,10,0.0,0.0,0.0,0.0,10,0.0,0.0,0.0,0.0,10,0.0,-216.3437895144922,-219.44843287105925,-225.0570146504785,10,2.798344968765252,-17.108613457892034,-18.08184158410696,-19.133372717243432,10,0.6862683549196261,2638.2208330076505,2594.249009085417,2537.2723032804315,10,27.99812052981971,2556.391973479562,2465.5348026271204,2318.7182235047894,10,66.68422944959617,0.0,0.0,0.0,10,0.0,-20.783387932257988,-21.5122468508738,-22.095043355340664,10,0.3718581743653762,257.02177116973604,246.4278317009374,231.5089894439057,10,7.986101283160669,15.32893672484818,12.314757220069591,10.155880818347946,10,2.249554782334274,2645.6184222122083,2574.8857245017925,2517.530036500227,10,34.57371318524438,0.0,0.0,0.0,10,0.0,0.0,0.0,0.0,10,0.0,0.0,0.0,0.0,10,0.0,4831.730403218498,4587.768774927821,4302.943294439298,10,162.1376416367844,0.0,0.0,0.0,10,0.0,4.5914464,-0.2408005,-4.50374,1000,1.1100779,1000,921.675799086758,86,219,218.3064745067724,13081.003626823423,11736.232879094336,845.2154793739319,219,2852.451142504627,108987.0,190.4386546611786,200000.0,176.0,10780.46685051918,35200000.0,1050.2069569638193,176000.0
2.5309376e-08,1.7874864e-09,98.825874,5.047459e-06,2.3726376e-10,0.007901024,11.56275,164.29646,164.27948,7.6120305,1260.6865,229.74266,1261.7145,1.0,-0.24281095,-1.0,9143,0.8786323,0.2716529662110742,0.2662540484068926,0.2620392755796894,10,0.0027422908384659,1000,914.3,143,10,257.1,12795.228689670565,11438.093655633926,1330.9495635032654,10,3372.402317900905,0.0,0.0,0.0,10,0.0,-0.2895916577338777,-2.0174164155292056,-2.289790552309252,10,0.578463157333431,-104.7469125,-703.0556712499999,-776.3745624999999,10,199.491727214326,392.86239588515446,346.5148560713932,58.849614273822105,10,96.08024566652712,440.0692898354316,391.1971411278733,58.76109854202888,10,111.1701602971266,0.0,0.0,0.0,10,0.0,0.0,0.0,0.0,10,0.0,0.0,0.0,0.0,10,0.0,0.0,0.0,0.0,10,0.0,-33.3358311759104,-204.2258882051152,-226.38511988629887,10,56.99935007741452,-1.641303233321514,-16.536017056942118,-18.923818748691545,10,5.000213247506958,2667.559536170245,2367.046173432728,261.8305232632986,10,703.1852949400086,2549.8608571327704,2222.251262125076,307.0823882964611,10,642.6556554329633,0.0,0.0,0.0,10,0.0,-3.0508232661628045,-19.68208072021404,-22.07521193363512,10,5.553811085598903,257.4848725313749,224.7765453287797,21.66209164107727,10,67.93683766278706,16.214203861837746,11.887385084485146,1.662204332361341,10,4.1626150094196985,2661.2543201506587,2383.760438949349,210.21374202247867,10,725.1890289978279,0.0,0.0,0.0,10,0.0,0.0,0.0,0.0,10,0.0,0.0,0.0,0.0,10,0.0,4838.4349273485695,4237.8601113263485,521.5810708257934,10,1251.631484547852,0.0069930069930069,0.0006993006993006,0.0,10,0.002097902097902,4.7596607,-0.23919967,-4.6294346,1000,1.1115483,1000,885.1504424778761,64,226,270.044382495736,13137.43629360199,11266.48797957665,713.2128582000732,226,3522.8101925915203,109213.0,160.2689733505249,200000.0,177.0,10940.735828876495,35400000.0,1247.9021723223946,177000.0
2.5292639e-08,1.7867804e-09,98.81991,-4.4772536e-05,2.3663083e-10,0.007950366,11.570815,164.35469,164.33772,7.9244432,1256.8175,293.1073,1257.5408,1.0,-0.2418196,-1.0,10000,0.88013756,0.2700859619903123,0.2669091389861949,0.2617750883215723,10,0.0024606291477641,1000,1000.0,1000,10,0.0,12814.527309417725,12597.689076662064,12210.620070457458,10,162.9440249623155,0.0,0.0,0.0,10,0.0,-2.091421861908865,-2.2031581463295127,-2.2992914180744544,10,0.0596071794497242,-760.2687625,-769.9993499999999,-783.6379625,10,6.790474537944208,391.6277519402884,373.485657245954,361.8995624352857,10,8.442180381430694,433.06101815173866,425.1769584455855,409.2232618591547,10,8.644257466865485,0.0,0.0,0.0,10,0.0,0.0,0.0,0.0,10,0.0,0.0,0.0,0.0,10,0.0,0.0,0.0,0.0,10,0.0,-219.4152525196343,-224.6065184207335,-227.81926288774903,10,2.3322611122899604,-17.170340912512305,-17.9211991309261,-19.30064822503788,10,0.6955534159482655,2673.862101500128,2600.1205873445747,2547.214358299372,10,43.01212627028095,2579.1662121358136,2453.249691276896,2356.118486424084,10,69.9347454189321,0.0,0.0,0.0,10,0.0,-21.577307626497777,-22.054929297016272,-22.90687545436036,10,0.3971267276044615,251.93635346359085,241.5952643939356,230.88406530458613,10,6.234829173067683,15.493233494494742,13.067938960259356,9.968980261634051,10,2.4667115050272588,2644.3710802622504,2617.614440940932,2581.754532078088,10,17.33130017743662,0.0,0.0,0.0,10,0.0,0.0,0.0,0.0,10,0.0,0.0,0.0,0.0,10,0.0,4813.956274438536,4692.188570835193,4306.610551790765,10,136.28618876481147,0.0,0.0,0.0,10,0.0,5.0396504,-0.23394072,-5.6019006,1000,1.1180943,1000,702.5601503759399,31,266,334.4988819428699,13154.1134018898,8783.998190799153,232.2183666229248,266,4297.68268711392,109479.0,167.002854347229,200000.0,178.0,11107.738687992096,35600000.0,1197.5843214282074,178000.0
2.5279855e-08,1.7835806e-09,98.96657,-4.5019387e-05,2.3880795e-10,0.007962345,11.564117,164.23453,164.21736,8.347908,1255.2318,308.65454,1255.9648,1.0,-0.23781985,-1.0,10000,0.8806087,0.2715135281302119,0.2683091486474723,0.2652165716964037,10,0.0018317899057191,1000,1000.0,1000,10,0.0,12928.88124513626,12728.59118771553,12337.341094970703,10,155.6442549699985,0.0,0.0,0.0,10,0.0,-2.1710700348869185,-2.240829914417992,-2.3393493289831007,10,0.0563860420892013,-763.880725,-775.5988787499999,-785.6511874999999,10,7.550149991599992,381.9528416472859,375.5506883882859,365.0048523674576,10,4.768231981138812,434.16407701586354,427.3646127841947,418.11341094693233,10,5.037605732716936,0.0,0.0,0.0,10,0.0,0.0,0.0,0.0,10,0.0,0.0,0.0,0.0,10,0.0,0.0,0.0,0.0,10,0.0,-223.04477387830173,-225.6580852386991,-228.3621097397228,10,1.4702133943152005,-17.592390367272017,-18.559460275817457,-19.475301785640127,10,0.6462674657495837,2670.3460438906354,2612.7530298790075,2468.1184824296934,10,54.27943774665189,2609.70305643153,2478.169754933454,2351.288183052386,10,81.00061942306095,0.0,0.0,0.0,10,0.0,-21.594813698860023,-22.29448997932738,-23.266425502787065,10,0.4296358749280145,249.5871360746552,238.6210758871044,218.602444170998,10,8.989346171326746,24.192032060145284,14.949354188669924,10.01679961250086,10,3.680563160992463,2682.852611060917,2629.271039403795,2541.283508417967,10,43.2696318607375,0.0,0.0,0.0,10,0.0,0.0,0.0,0.0,10,0.0,0.0,0.0,0.0,10,0.0,4873.918941129035,4777.267733491768,4688.664057307058,10,65.30869665235429,0.0,0.0,0.0,10,0.0,5.028343,-0.22824274,-5.1843166,1000,1.121629,1000,683.0890585241731,22,393,349.32399960441103,13085.388480186462,8600.175110772367,173.11171531677246,393,4551.258569914069,109872.0,161.30580854415894,200000.0,179.0,11269.044500350952,35800000.0,1239.8809553423378,179000.0
2.5269099e-08,1.784356e-09,99.16248,-9.012719e-05,2.371719e-10,0.008023126,11.604706,164.6068,164.58987,9.262478,1243.513,458.98212,1243.6816,1.0,-0.24136782,-1.0,10000,0.88028,0.2710678931956539,0.2671919011006061,0.2638185383826638,10,0.0016777717919822,1000,1000.0,1000,10,0.0,12907.757930278778,12678.495403671264,12485.05754852295,10,117.15160836068657,0.0,0.0,0.0,10,0.0,-2.0834863745605743,-2.190836997721964,-2.292636268953233,10,0.0586920132913902,-757.9989499999999,-769.04208125,-779.47335,10,5.612640193753668,389.80900265555294,377.0272393132669,361.80799593546806,10,6.837456606765863,437.048049877508,429.5937348300056,420.1546218192243,10,5.184271843186368,0.0,0.0,0.0,10,0.0,0.0,0.0,0.0,10,0.0,0.0,0.0,0.0,10,0.0,0.0,0.0,0.0,10,0.0,-221.6425600614228,-224.9274347624936,-228.58048370853328,10,1.7208250203523738,-17.352750413309252,-18.40181017717994,-19.181480371784325,10,0.5961623649223744,2686.9161271736552,2626.7728153163607,2508.893252682029,10,51.07308380029761,2571.3948750245845,2491.0785057912644,2385.8584753693167,10,57.87759328547388,0.0,0.0,0.0,10,0.0,-21.28494871125029,-22.1375654271214,-22.937050681619976,10,0.5018145271099673,251.5265385397082,237.60857287899816,227.91735735178167,10,7.049679689764419,21.65035487552604,13.1935471371739,9.94585829353462,10,4.209160775920004,2667.209933318544,2622.561627651964,2560.527624977145,10,31.881966062672053,0.0,0.0,0.0,10,0.0,0.0,0.0,0.0,10,0.0,0.0,0.0,0.0,10,0.0,4775.881258925807,4699.072521804231,4612.475806614126,10,55.0014660274411,0.0,0.0,0.0,10,0.0,4.774082,-0.22939041,-5.2032957,1000,1.1148127,1000,692.6792452830189,53,212,369.7227300510634,13108.48380279541,8700.221234181017,489.6354422569275,212,4846.055842875675,110084.0,164.08040571212769,200000.0,180.0,11433.124910831451,36000000.0,1218.9145872231188,180000.0
2.5260704e-08,1.783929e-09,99.37683,-7.269373e-05,2.3692745e-10,0.00802284,11.607207,164.59537,164.57848,9.333467,1242.4591,405.8058,1242.6338,1.0,-0.24146359,-1.0,10000,0.8791646,0.2699561755604577,0.2665078627938889,0.2632128684648993,10,0.00209782204667,1000,1000.0,1000,10,0.0,12895.222853660583,12672.529095315933,12328.74854040146,10,154.77982434256649,0.0,0.0,0.0,10,0.0,-2.033731699855462,-2.171760791157784,-2.2714089520435765,10,0.0781727570639263,-758.038425,-769.3184062500001,-781.1115625,10,7.13612717626887,391.83238389855046,378.05990006435,367.7647824118549,10,7.329312927469694,443.5598302518012,426.9807335557187,415.3891093798237,10,8.88363665604983,0.0,0.0,0.0,10,0.0,0.0,0.0,0.0,10,0.0,0.0,0.0,0.0,10,0.0,0.0,0.0,0.0,10,0.0,-220.978381863544,-224.2027196311226,-227.4359028806441,10,2.020399241660733,-16.45186099124998,-17.517573531505253,-18.639079873699004,10,0.5821463154384249,2716.634340153877,2657.6630111196514,2545.777789101554,10,46.30817604034837,2597.151285451648,2507.5676438680507,2438.620648695496,10,46.041617927658,0.0,0.0,0.0,10,0.0,-21.086532904260032,-22.238710284944105,-23.13248115329369,10,0.5633241857493779,246.8723021011276,232.45366792678905,222.82537876144988,10,6.140851736861922,17.504481047142246,12.343540590520504,9.929741602735652,10,2.8223095437023176,2682.329427724217,2627.5073018193057,2582.356848460097,10,29.71409294143097,0.0,0.0,0.0,10,0.0,0.0,0.0,0.0,10,0.0,0.0,0.0,0.0,10,0.0,4781.983154236581,4647.819221866981,4403.613073448886,10,108.7467711621062,0.0,0.0,0.0,10,0.0,4.9521847,-0.228658,-4.783546,1000,1.1156454,1000,875.1434977578475,67,223,273.0013338562968,13093.512523651125,11184.252321551734,756.2139225006104,223,3584.516602143317,110307.0,194.6422996520996,200000.0,181.0,11627.767215013504,36200000.0,1027.5258787913865,181000.0
2.5254927e-08,1.7840993e-09,99.58691,-7.619046e-05,2.3629468e-10,0.008043144,11.607891,164.60509,164.58809,9.461268,1244.0254,380.3575,1244.128,1.0,-0.24135402,-1.0,10000,0.8781228,0.2678040980611209,0.2660082234219407,0.2631919612956973,10,0.0015981790533833,1000,1000.0,1000,10,0.0,12913.916138648989,12761.030673074722,12629.770684719086,10,84.56964875980852,0.0,0.0,0.0,10,0.0,-2.142287441576003,-2.208013808929994,-2.3358926578145427,10,0.0634095733069966,-765.6176250000001,-771.13623,-782.0984375,10,5.2193742893940485,401.5224892320919,383.0249010309101,369.0157268829394,10,8.414188775507093,444.0182505143535,436.40603624382936,425.276089660664,10,4.988963553559729,0.0,0.0,0.0,10,0.0,0.0,0.0,0.0,10,0.0,0.0,0.0,0.0,10,0.0,0.0,0.0,0.0,10,0.0,-221.03227904750025,-223.5511172322988,-225.18416651032592,10,1.4465419431779611,-16.985324936574063,-18.170887164459494,-19.755954890953376,10,0.8489186672672137,2709.187107138144,2666.4682896681834,2619.6798445025133,10,25.11129471756168,2600.546612463896,2496.3495955790527,2404.840279227696,10,55.98818077526123,0.0,0.0,0.0,10,0.0,-21.76117667851264,-22.246203600711706,-22.67356987117645,10,0.2562122302153658,238.4803430007271,233.03805551603924,227.43596337075329,10,3.284344107530229,15.566644062673634,11.662606153965427,9.979764236635262,10,2.305672883285005,2668.988104975968,2643.929613813325,2577.685892284267,10,25.489916254859217,0.0,0.0,0.0,10,0.0,0.0,0.0,0.0,10,0.0,0.0,0.0,0.0,10,0.0,4815.092108021981,4710.513138128405,4596.812726588381,10,63.48863253526311,0.0,0.0,0.0,10,0.0,4.8977294,-0.22836444,-4.9139214,1000,1.1145151,1000,878.0088888888889,58,225,271.7826744721044,13075.600476264954,11234.270343237982,495.1279530525208,225,3579.286390363104,110532.0,160.21334290504456,200000.0,182.0,11787.98056268692,36400000.0,1248.335478016561,182000.0
2.5251039e-08,1.7837888e-09,99.76241,-3.517974e-05,2.3629387e-10,0.008016173,11.583464,164.36104,164.34406,9.138547,1251.6887,334.02557,1252.0947,1.0,-0.24013294,-1.0,10000,0.8771839,0.2668528534696241,0.2656261316533133,0.264216554155151,10,0.0007352281003641,1000,1000.0,1000,10,0.0,12894.565896511078,12779.54171590805,12705.157051563265,10,54.68364800438068,0.0,0.0,0.0,10,0.0,-2.164339477179217,-2.27249362240456,-2.435842333942836,10,0.075882340248997,-765.1636625000001,-775.2771574999999,-787.3288749999999,10,5.208615183308053,389.84098134332976,379.5102047924559,372.0812404446282,10,5.561445220196411,445.224110820824,435.1604516465621,425.76400738002826,10,6.005783711486648,0.0,0.0,0.0,10,0.0,0.0,0.0,0.0,10,0.0,0.0,0.0,0.0,10,0.0,0.0,0.0,0.0,10,0.0,-221.25473060897167,-222.7425045202418,-224.32922066550464,10,0.9724058153236016,-17.88772419700077,-18.680024188291043,-19.80391592010268,10,0.5339782157225359,2725.7773238004056,2668.9875595225462,2613.9391537591428,10,30.38740171074616,2549.825244977496,2463.590947207106,2394.902302368075,10,48.74427316377956,0.0,0.0,0.0,10,0.0,-21.61519113149092,-22.26441712661132,-23.151964507611467,10,0.4408854015063784,241.641592622511,232.20862672135635,221.08824300229983,10,7.077370938906367,15.383447674879006,13.703567546049689,10.00244738522355,10,1.877484332393446,2685.568630845263,2655.826052446033,2629.141798228423,10,17.110498719777457,0.0,0.0,0.0,10,0.0,0.0,0.0,0.0,10,0.0,0.0,0.0,0.0,10,0.0,4832.691108342424,4755.624758180032,4654.934247038615,10,51.21477839334694,0.0,0.0,0.0,10,0.0,5.216415,-0.22890164,-4.9574237,1000,1.1138247,1000,838.8078602620087,70,229,318.98350798460393,13094.489221572876,10751.97560363253,763.7690515518188,229,4199.164220081461,110761.0,164.57221913337708,200000.0,183.0,11952.552785873411,36600000.0,1215.271939900808,183000.0
2.5248447e-08,1.7827096e-09,99.68438,2.5505708e-05,2.3716623e-10,0.007949245,11.56969,164.18813,164.1711,8.957222,1257.8264,316.52704,1258.305,1.0,-0.23894572,-1.0,10000,0.8777452,0.2688162515877784,0.266325050488107,0.262755634559928,10,0.0020820315720856,1000,1000.0,1000,10,0.0,13077.332110404968,12818.301768732072,12466.82717704773,10,169.1569840564669,0.0,0.0,0.0,10,0.0,-2.182502372054372,-2.2775783944942987,-2.3368387094699044,10,0.0406886938052049,-770.3546249999999,-777.23314375,-788.2368,10,5.220337416897309,397.84403575957725,387.6827883936611,372.8477192642154,10,7.333145861193381,452.8428912967397,437.4157373268498,424.7950076402096,10,7.227681902838362,0.0,0.0,0.0,10,0.0,0.0,0.0,0.0,10,0.0,0.0,0.0,0.0,10,0.0,0.0,0.0,0.0,10,0.0,-220.07049487662184,-223.34128422434924,-225.950768482493,10,1.970644440437797,-16.90818971219801,-18.59384385479699,-19.30980048310236,10,0.7184343661987364,2753.6756054913094,2705.3402635469947,2644.745690305492,10,37.59754311161958,2605.142403624694,2517.3926120197057,2346.2191992868165,10,71.23792805575737,0.0,0.0,0.0,10,0.0,-21.28812294175615,-21.840854001594305,-22.750542909208537,10,0.4120037208417346,249.25726938488648,234.2748160596089,222.61475882247464,10,7.592458065516883,15.512206751312544,11.571804822114013,10.019940093892895,10,2.251649958087565,2698.2844145582635,2658.89940363209,2617.7281573308974,10,25.559534979501247,0.0,0.0,0.0,10,0.0,0.0,0.0,0.0,10,0.0,0.0,0.0,0.0,10,0.0,4859.617465822625,4692.263804663672,4417.640563029614,10,123.802475372545,0.0,0.0,0.0,10,0.0,4.7520056,-0.22839874,-5.108442,1000,1.113416,1000,852.2918454935623,76,233,297.3554552342,13117.730993270874,10899.359783108142,717.2335884571075,233,3932.7724546438,110994.0,162.19798946380615,200000.0,184.0,12114.750781297684,36800000.0,1233.060906988796,184000.0
2.5245976e-08,1.7818411e-09,99.40097,7.973042e-05,2.378373e-10,0.007872348,11.5099,163.62048,163.60347,8.054157,1273.0471,233.95113,1274.1929,1.0,-0.23801203,-1.0,10000,0.87773633,0.2700158252905092,0.2666510225754385,0.2643206992056808,10,0.0017551315642289,1000,1000.0,1000,10,0.0,12908.354210853577,12611.371886205674,12329.544485569,10,195.3949830327194,0.0,0.0,0.0,10,0.0,-2.184994458701669,-2.2760957274136624,-2.461791606929244,10,0.0681268392364397,-763.52545,-776.70812625,-785.9077749999999,10,5.90598276993456,395.3369648500144,384.5771229602395,378.0085412491042,10,5.937929042655164,440.8735335067674,430.28316471230426,419.4533632127214,10,6.003670847714943,0.0,0.0,0.0,10,0.0,0.0,0.0,0.0,10,0.0,0.0,0.0,0.0,10,0.0,0.0,0.0,0.0,10,0.0,-221.6310605254885,-223.6556454039099,-227.24024508202103,10,1.793170516659788,-16.863539532338585,-18.64197216659769,-19.73493656092603,10,0.9765804912544372,2728.8166339499894,2685.280351609116,2620.674411338313,10,29.4737018422699,2612.8284028309063,2518.182944366416,2433.0236351582225,10,58.47163346747646,0.0,0.0,0.0,10,0.0,-21.155806367779405,-21.476487561173165,-21.846847523017946,10,0.177098454774078,238.65832205281413,230.2584473766716,223.3040564687697,10,5.549154495466914,15.00958429703755,11.923348098556117,10.06011034688424,10,2.153872212676512,2686.432478246561,2644.602698577461,2598.7579614736146,10,35.02940525020485,0.0,0.0,0.0,10,0.0,0.0,0.0,0.0,10,0.0,0.0,0.0,0.0,10,0.0,4788.214464684978,4531.969812268397,4186.641347048959,10,182.66264607486195,0.0,0.0,0.0,10,0.0,4.9678206,-0.23131981,-5.0852003,1000,1.11223,1000,855.7081545064377,53,233,300.3014948140973,13139.238434791563,10941.915447605526,527.7338428497314,233,3942.216416226423,111227.0,162.18064308166504,200000.0,185.0,12276.931429624556,37000000.0,1233.192791690259,185000.0
2.5243592e-08,1.7804395e-09,99.098335,5.5385273e-05,2.3904828e-10,0.007872483,11.5099,163.60591,163.58868,7.997954,1274.2406,230.73245,1275.3416,1.0,-0.2342151,-1.0,10000,0.8785633,0.2703824229099876,0.2681134922987686,0.2644433366965204,10,0.0022180551334389,1000,1000.0,1000,10,0.0,12977.142120361328,12821.729036664963,12660.190308094025,10,93.41014099486644,0.0,0.0,0.0,10,0.0,-2.245058702964288,-2.336302917784076,-2.465460423220925,10,0.0620987238138377,-775.9008624999999,-784.1906124999999,-795.1449250000001,10,6.485635582654945,401.4421161111939,391.95371338126535,380.9801813929881,10,5.998079542639518,452.08622550082646,439.805331346745,426.4432148098234,10,7.827837042703051,0.0,0.0,0.0,10,0.0,0.0,0.0,0.0,10,0.0,0.0,0.0,0.0,10,0.0,0.0,0.0,0.0,10,0.0,-221.14504149134024,-224.72504717539704,-227.3159043686341,10,2.083974987772756,-17.419096015826174,-18.487537805510136,-20.0452563075388,10,0.9870332092550236,2712.4187619982804,2671.9954359942703,2640.3461340903896,10,19.29204027364164,2550.672194909526,2468.222873775768,2319.479611654774,10,66.99238907285294,0.0,0.0,0.0,10,0.0,-21.219320257780787,-21.874288459837427,-22.53014634139077,10,0.353628867339037,239.0243284089011,234.1052413126184,227.47387451327145,10,4.362752408845704,14.755076209221803,12.912302461972285,10.071073021262926,10,1.915877126272312,2706.8090253508967,2672.3054432018494,2596.447704450511,10,30.03416312906638,0.0,0.0,0.0,10,0.0,0.0,0.0,0.0,10,0.0,0.0,0.0,0.0,10,0.0,4862.813791701317,4763.952335653668,4653.466633906624,10,82.43747899462694,0.0,0.0,0.0,10,0.0,4.479608,-0.23269637,-4.562512,1000,1.1106534,1000,891.8409090909091,48,220,266.7382393404558,13129.389921188354,11420.364444032582,474.9969549179077,220,3507.1732192089453,111447.0,193.1638698577881,200000.0,186.0,12470.0953040123,37200000.0,1035.3903146962464,186000.0
2.5241258e-08,1.7802155e-09,98.81716,5.840509e-05,2.390851e-10,0.007846967,11.503497,163.52992,163.51268,7.667215,1276.947,209.62769,1278.101,1.0,-0.23780002,-1.0,10000,0.87679005,0.2686032436518469,0.2659490059898804,0.2620801688224458,10,0.0018271524472393,1000,1000.0,1000,10,0.0,12848.5328040123,12714.803941774368,12561.51108789444,10,101.93571202390784,0.0,0.0,0.0,10,0.0,-2.2590328329063225,-2.372964702924876,-2.468691864197072,10,0.0624867747399884,-778.5851625,-784.9169525,-792.26325,10,3.864054085194223,396.1263631495781,388.32801441957,376.9745951191789,10,6.295823938459927,445.6789946752799,438.51766884933625,425.6024011970939,10,7.847807795993392,0.0,0.0,0.0,10,0.0,0.0,0.0,0.0,10,0.0,0.0,0.0,0.0,10,0.0,0.0,0.0,0.0,10,0.0,-218.71333092462385,-222.47589151526964,-225.2781974482167,10,1.853589510489508,-17.339476845186937,-18.686321967725213,-20.036130022062423,10,0.8823531635066618,2700.114482722118,2664.3893482854096,2616.780782750839,10,25.60697039809592,2524.505593479588,2431.0291486656743,2346.46633316866,10,52.65616747109751,0.0,0.0,0.0,10,0.0,-21.372046698100565,-21.66156941434003,-22.136737152752488,10,0.2055270957452205,245.56026624387567,232.59123484232973,222.07958980813007,10,5.7965245171878985,14.775299985623176,12.413660468182766,10.053864843107023,10,2.2508765470767647,2709.1102231738582,2664.4835829025265,2613.111255503747,10,35.78231780878086,0.0,0.0,0.0,10,0.0,0.0,0.0,0.0,10,0.0,0.0,0.0,0.0,10,0.0,4813.735864106815,4717.257583023182,4533.965336418897,10,92.71380405936507,0.0,0.0,0.0,10,0.0,5.0605903,-0.23351449,-4.6558847,1000,1.1092643,1000,922.9162790697676,61,215,227.4391561165137,13179.552174568176,11828.21770325594,642.1016969680786,215,3013.4250194134497,111662.0,159.3979353904724,200000.0,187.0,12629.493244171144,37400000.0,1254.7213959206304,187000.0
2.5238958e-08,1.7785501e-09,98.503815,9.4293944e-05,2.4056682e-10,0.007786012,11.497089,163.4259,163.40866,7.3562694,1278.9352,204.68198,1280.1459,1.0,-0.23618235,-1.0,10000,0.87660116,0.2698968700982962,0.2661829226229445,0.2593413880971448,10,0.0028430622985149,1000,1000.0,1000,10,0.0,12927.920842170715,12729.968810653689,12194.484020233154,10,201.8815353568177,0.0,0.0,0.0,10,0.0,-2.3286189735002423,-2.4324090871934936,-2.569073644472533,10,0.0815969805002208,-780.2036375,-790.0842299999999,-802.4478,10,6.057889885245232,399.8182794052144,390.9887756741676,372.3765856842169,10,8.359077206081132,452.0014340110344,440.80439698175326,426.1987565361244,10,7.941863809152194,0.0,0.0,0.0,10,0.0,0.0,0.0,0.0,10,0.0,0.0,0.0,0.0,10,0.0,0.0,0.0,0.0,10,0.0,-214.86294372213283,-222.25096063360803,-225.26338545308383,10,3.057545959134039,-17.9226391026307,-18.776381213975327,-20.08778898492233,10,0.6778530070609773,2736.3640421705336,2685.414145417126,2658.820336789385,10,24.08337571827965,2577.5697131148595,2463.150997167724,2252.5591215310114,10,83.76782254342946,0.0,0.0,0.0,10,0.0,-20.98548322104427,-21.612446087011485,-22.20727763244706,10,0.4047546612460023,242.28777413072285,232.9012388489872,226.6580176996108,10,4.883564585093488,14.92993909095892,12.784714220167102,10.0189288547148,10,2.211330015232704,2702.346590297804,2667.540777058142,2638.2190682580613,10,24.199233856385547,0.0,0.0,0.0,10,0.0,0.0,0.0,0.0,10,0.0,0.0,0.0,0.0,10,0.0,4867.818472554184,4675.851081541865,4111.821189784509,10,197.9373209263365,0.0,0.0,0.0,10,0.0,4.5573277,-0.23121986,-5.149579,1000,1.11135,1000,854.7615062761506,67,239,305.9301709223468,13134.48141860962,10961.351657215022,728.2748703956604,239,4041.0249109364254,111901.0,163.9492907524109,200000.0,188.0,12793.442539215088,37600000.0,1219.8893882501227,188000.0
2.5236693e-08,1.7777602e-09,98.1563,8.406455e-05,2.4117527e-10,0.00776844,11.492621,163.3739,163.3565,7.594529,1278.4082,224.94423,1279.56,1.0,-0.23801674,-1.0,10000,0.87589306,0.2664539323611811,0.2652288119074358,0.2639101076899381,10,0.0010420697747544,1000,1000.0,1000,10,0.0,12967.91274023056,12771.687185144425,12523.289526939392,10,128.54458577902048,0.0,0.0,0.0,10,0.0,-2.3937524469181675,-2.466794881457272,-2.588720944718479,10,0.0544991897135703,-783.8353374999999,-789.9618575,-796.3883874999999,10,3.400447622079505,397.8036254851429,389.7450935858881,380.5862798162316,10,5.021694074269658,454.7227070178468,441.1995897195769,421.9961631028872,10,10.512908223584548,0.0,0.0,0.0,10,0.0,0.0,0.0,0.0,10,0.0,0.0,0.0,0.0,10,0.0,0.0,0.0,0.0,10,0.0,-219.41025922060444,-221.2755842377021,-222.66768802347264,10,1.1851978947225752,-17.914988457420176,-19.088968244944223,-21.303739578013115,10,1.130542600870981,2698.1087551507703,2661.412146747424,2611.913306273351,10,26.857723969807942,2680.968249381376,2473.9529250656733,2303.078452876829,10,100.40021155557072,0.0,0.0,0.0,10,0.0,-21.14813451214857,-21.749888856790097,-22.080333503796385,10,0.322357809853266,236.0262888246241,230.1350806567058,225.555279960169,10,3.2947246722852666,14.993307469574802,11.904463898874877,10.04603976870008,10,2.24495917014926,2712.3298808966174,2666.6538962362933,2592.287037913513,10,38.87748374867156,0.0,0.0,0.0,10,0.0,0.0,0.0,0.0,10,0.0,0.0,0.0,0.0,10,0.0,4921.9562646302165,4736.484552347496,4381.921398856988,10,149.00609355930678,0.0,0.0,0.0,10,0.0,4.597549,-0.22944494,-4.7647495,1000,1.1115024,1000,834.4458333333333,70,240,316.2767333617385,13148.051898002625,10681.080335303148,746.0907020568848,240,4176.041601484912,112141.0,161.75079488754272,200000.0,189.0,12955.193338632584,37800000.0,1236.46996689599,189000.0
2.5234447e-08,1.7765851e-09,97.895424,4.0717332e-05,2.421709e-10,0.0077909157,11.484039,163.26723,163.24965,7.5535793,1278.7451,221.60149,1279.966,1.0,-0.23754501,-1.0,10000,0.8760733,0.2678042125353334,0.2655319521124945,0.2617453117574647,10,0.0018069752842873,1000,1000.0,1000,10,0.0,13085.157478809357,12839.363033485412,12673.20031261444,10,114.16237602926954,0.0,0.0,0.0,10,0.0,-2.415304959172004,-2.495052058768263,-2.627832840252222,10,0.0687598853811687,-783.89455,-793.1652537499999,-801.3425,10,4.734458526302976,400.48161631005,386.5191703628247,376.1382318957263,10,7.923841788615558,454.2000370162432,445.3304086601216,436.1769818011327,10,5.776944233964085,0.0,0.0,0.0,10,0.0,0.0,0.0,0.0,10,0.0,0.0,0.0,0.0,10,0.0,0.0,0.0,0.0,10,0.0,-217.9834322235077,-221.34205326749287,-223.713176179156,10,1.898468848964801,-17.900380810027556,-18.92793215400821,-19.826087304175854,10,0.6646045561345518,2735.53637426754,2671.361660936798,2624.5795296396955,10,37.8652189495754,2605.529029239371,2442.515571177069,2371.012984853124,10,68.95715826185773,0.0,0.0,0.0,10,0.0,-21.45883167600759,-21.899657465723187,-22.370716459143217,10,0.2910725316247995,247.7707553167226,233.9596179570629,225.5226704076996,10,6.409783146294909,14.559450248650071,11.417748988186016,10.06041455958162,10,1.8860590957786227,2713.072826490773,2686.078333147977,2661.6466734772216,10,17.25452685873914,0.0,0.0,0.0,10,0.0,0.0,0.0,0.0,10,0.0,0.0,0.0,0.0,10,0.0,4900.242805026881,4805.203438716136,4592.157109783238,10,92.07163872996269,0.0,0.0,0.0,10,0.0,4.7908096,-0.22703992,-4.993243,1000,1.111496,1000,843.3940677966102,61,236,311.121266017286,13144.795040130615,10826.168478284852,515.6197738647461,236,4093.450702243096,112377.0,161.26624584197998,200000.0,190.0,13116.459589481354,38000000.0,1240.1851296022237,190000.0
2.5232229e-08,1.7761037e-09,97.81973,-1.2194531e-05,2.4247473e-10,0.007837772,11.472719,163.15515,163.13773,7.660173,1279.1125,236.58008,1280.27,1.0,-0.23334369,-1.0,10000,0.8743106,0.2675277814622587,0.2655545392810173,0.2633810028763753,10,0.0014293133231795,1000,1000.0,1000,10,0.0,13022.313904762268,12756.488919496536,12239.560493946075,10,222.4993963631967,0.0,0.0,0.0,10,0.0,-2.3893186101153256,-2.519664409288985,-2.658538985375364,10,0.0813926326958785,-790.407925,-797.37921,-803.78995,10,4.431768079279984,395.7063644830466,383.136076073444,371.1342887789662,10,8.066086120769521,450.8727508307444,434.67672842605896,422.7073835120694,10,7.997317980554665,0.0,0.0,0.0,10,0.0,0.0,0.0,0.0,10,0.0,0.0,0.0,0.0,10,0.0,0.0,0.0,0.0,10,0.0,-219.2187065196213,-221.084451157424,-223.27336815470647,10,1.3797624781902111,-17.861085747617434,-18.71060687652845,-20.01507616470154,10,0.7001898932993904,2734.612815819526,2694.9994682067254,2637.646203823677,10,28.31271918137241,2636.389267238514,2527.572141525205,2356.006538932921,10,76.00589183079751,0.0,0.0,0.0,10,0.0,-21.31326307872362,-21.800574941511304,-22.556545366330493,10,0.3314007756554369,238.0463680905316,231.5002205930697,224.328734645013,10,4.090953891716864,14.962176303801227,13.66895228039867,10.179067739632975,10,1.7818153340174114,2712.090543830618,2678.3945448295462,2654.5438785544075,10,20.710087151761464,0.0,0.0,0.0,10,0.0,0.0,0.0,0.0,10,0.0,0.0,0.0,0.0,10,0.0,4857.660527111048,4639.4782480382655,4091.0265909797954,10,225.99082201495943,0.0,0.0,0.0,10,0.0,4.887442,-0.22572371,-4.5632305,1000,1.1107022,1000,872.2121212121212,73,231,286.48462411284174,13159.702039718628,11217.932337515282,764.5786561965942,231,3779.12434948799,112608.0,193.3531928062439,200000.0,191.0,13309.812786102297,38200000.0,1034.3765060058602,191000.0
2.523027e-08,1.7745736e-09,97.7779,4.029879e-06,2.438491e-10,0.007818203,11.473193,163.12125,163.10358,7.5844517,1279.3452,232.64594,1280.4457,1.0,-0.23792545,-1.0,10000,0.87435985,0.267706693922176,0.2644641288536421,0.2620130973405191,10,0.0015153153847213,1000,1000.0,1000,10,0.0,13098.761571884155,12844.60034251213,12550.6277885437,10,144.94831643121685,0.0,0.0,0.0,10,0.0,-2.4253828308349017,-2.4979221158641582,-2.5643143746953223,10,0.0411237601320139,-785.78935,-792.39943875,-801.5398749999999,10,4.583092125913206,399.04130094487937,386.77916796345824,371.5056465662869,10,7.914166932810883,451.3853462057491,441.2399093273765,430.597552822369,10,6.493753317473381,0.0,0.0,0.0,10,0.0,0.0,0.0,0.0,10,0.0,0.0,0.0,0.0,10,0.0,0.0,0.0,0.0,10,0.0,-218.2037751917885,-220.37426457535457,-223.5989211265952,10,1.5138067628773957,-16.81396760507031,-18.2244250266319,-20.00980376039688,10,0.964763072020074,2790.6279332472272,2721.642447776698,2636.250461652153,10,41.05002869372958,2572.99011591626,2504.328683635015,2387.3213485297547,10,52.79496543195536,0.0,0.0,0.0,10,0.0,-21.24402477346195,-21.665225141878427,-22.1646449465628,10,0.3283816862721096,239.04854394159693,226.5854100499037,211.32152135825064,10,7.167334941004302,14.740554769069211,12.081405224140832,10.000230641545349,10,2.0493702289124163,2720.885902961259,2673.22444799691,2588.5327206013208,10,37.11581521034786,0.0,0.0,0.0,10,0.0,0.0,0.0,0.0,10,0.0,0.0,0.0,0.0,10,0.0,4913.885654298251,4720.012323530024,4475.758924657372,10,117.964103381586,0.0,0.0,0.0,10,0.0,5.0139036,-0.2208041,-5.2489057,1000,1.1150776,1000,763.7743902439024,57,328,327.55522390887626,13194.652041435242,9761.936432833352,537.5007095336914,328,4327.141544821019,112936.0,159.45179629325867,200000.0,192.0,13469.264587163923,38400000.0,1254.2975660943096,192000.0
2.522996e-08,1.7761279e-09,97.88563,-4.9103648e-05,2.4227062e-10,0.007879954,11.499918,163.31471,163.29732,8.672157,1272.1837,321.59116,1272.7495,1.0,-0.23551516,-1.0,10000,0.8745858,0.271945151197818,0.2651415869264758,0.2623202464883956,10,0.0025699917141843,1000,1000.0,1000,10,0.0,13074.17733860016,12821.575470209122,12470.520780086516,10,214.0742947944556,0.0,0.0,0.0,10,0.0,-2.3561656690564297,-2.4818357327622502,-2.610406076957295,10,0.087230183622248,-782.78925,-792.965905,-799.4476999999999,10,4.465460087214536,396.4785138607952,383.4541817278085,369.6630020031838,10,7.98921009973121,451.5635372149869,441.7597928251571,433.5293561946204,10,6.030177181669272,0.0,0.0,0.0,10,0.0,0.0,0.0,0.0,10,0.0,0.0,0.0,0.0,10,0.0,0.0,0.0,0.0,10,0.0,-218.28948010113675,-221.0266706364871,-227.6903599403301,10,2.537130355418657,-17.508829360204782,-18.338530719372407,-18.898730230204528,10,0.4470895216012038,2775.204914489321,2724.784047065768,2675.5887996238266,10,24.06151034101652,2608.4822949744826,2523.4783325125545,2449.39828716972,10,53.07322979013992,0.0,0.0,0.0,10,0.0,-21.11278522446846,-21.78780908308972,-22.15033883100544,10,0.2854004277344265,235.87779185313127,230.16628683804544,222.40312882407355,10,4.025837503677125,22.62980773784037,13.529892949609732,9.9267221883116,10,3.671533850240529,2726.027253308581,2688.982184255253,2600.7087930666685,10,36.30004115465202,0.0,0.0,0.0,10,0.0,0.0,0.0,0.0,10,0.0,0.0,0.0,0.0,10,0.0,4875.42789164276,4657.520533269921,4403.518561880205,10,170.08865977722098,0.0,0.0,0.0,10,0.0,5.8081617,-0.22149426,-5.0122833,1000,1.1104908,1000,875.2976744186046,67,215,277.6996616627664,13224.232990264893,11198.161499032864,786.8682489395142,215,3671.368911391871,113151.0,161.8038046360016,200000.0,193.0,13631.06839609146,38600000.0,1236.0648777692568,193000.0
2.522996e-08,1.7760625e-09,98.01734,-6.519627e-05,2.42336e-10,0.007906584,11.50261,163.32446,163.30702,8.717339,1269.5944,343.06018,1270.0815,1.0,-0.23973936,-1.0,10000,0.87419736,0.2658090506339647,0.2638242407630401,0.261844490531499,10,0.0014034016547493,1000,1000.0,1000,10,0.0,13077.842524528503,12928.18455824852,12797.477556228638,10,79.00838824706597,0.0,0.0,0.0,10,0.0,-2.3748873118262623,-2.471329832512664,-2.543552508578193,10,0.0441082919837999,-782.276075,-789.8513274999999,-798.4608249999999,10,4.727819746051034,394.47654585647547,383.7280289307385,374.92555762258417,10,7.001668445326636,451.7973491407007,445.9630719780951,437.170648662186,10,5.334087522825207,0.0,0.0,0.0,10,0.0,0.0,0.0,0.0,10,0.0,0.0,0.0,0.0,10,0.0,0.0,0.0,0.0,10,0.0,-218.0842747055792,-219.8802306320972,-222.20008822891216,10,1.350276565453248,-18.52143916447593,-18.9604649962118,-19.43883970970062,10,0.3292057676097794,2755.3713753627508,2725.496961362604,2676.3549540208523,10,22.53944759327808,2577.205683621989,2527.39253302105,2451.853046924706,10,38.41255339544964,0.0,0.0,0.0,10,0.0,-21.490201278374883,-21.76577918683905,-22.18817455283853,10,0.1985513353008099,239.60984631719447,230.89690898094324,220.3432582714675,10,5.7535423202167175,15.285503976780667,11.523018479840928,10.02162309923736,10,2.1910544652237767,2730.839232096019,2693.733374086229,2672.786506867912,10,17.854719849707088,0.0,0.0,0.0,10,0.0,0.0,0.0,0.0,10,0.0,0.0,0.0,0.0,10,0.0,4839.170693938903,4748.991418604239,4607.728634125993,10,71.96290581345984,0.0,0.0,0.0,10,0.0,5.103338,-0.22080795,-5.385038,1000,1.1155055,1000,638.078947368421,44,266,346.3512784053602,13250.904120445251,8065.767697885969,363.3910112380981,266,4567.3691006950885,113417.0,160.4048237800598,200000.0,194.0,13791.473224401474,38800000.0,1246.845296088049,194000.0
2.522996e-08,1.7779321e-09,98.24243,-8.0945785e-05,2.4046648e-10,0.00794034,11.502063,163.30005,163.28273,8.967526,1267.9547,372.90854,1268.2853,1.0,-0.2453756,-1.0,10000,0.8712609,0.2647045361345987,0.2606143527663253,0.2570465630152101,10,0.0021692886351968,1000,1000.0,1000,10,0.0,13073.09803390503,12889.874743986127,12524.768741607666,10,167.2225580073832,0.0,0.0,0.0,10,0.0,-2.35707447348549,-2.5143716071069866,-2.6130058365514586,10,0.0688634306311775,-782.1379125000001,-788.27824875,-793.5461875,10,3.5114055387829106,392.668847424477,384.35984323570506,375.15909768672304,10,5.910833653925021,462.293696815024,447.8073503889024,435.583725482684,10,6.379414061243222,0.0,0.0,0.0,10,0.0,0.0,0.0,0.0,10,0.0,0.0,0.0,0.0,10,0.0,0.0,0.0,0.0,10,0.0,-213.3433216347724,-216.60272133855327,-221.2396679897193,10,2.2460281892945484,-17.39658298665326,-19.19766281259743,-20.373270101303792,10,0.8280018198335384,2780.026733860479,2722.10661408856,2659.8357658249283,10,32.927676373196206,2606.93129312428,2506.9853571966387,2406.0363855167493,10,64.13365570209233,0.0,0.0,0.0,10,0.0,-20.97045983087624,-21.6864417951856,-22.59263335433933,10,0.4990134184184943,242.6601326647126,232.1740406792556,225.32149360168992,10,5.550078932304408,14.536117300259091,12.098984526769826,9.989367689702854,10,2.0225291637744736,2703.337607869385,2682.007182430105,2611.0886147974893,10,25.846154532963027,0.0,0.0,0.0,10,0.0,0.0,0.0,0.0,10,0.0,0.0,0.0,0.0,10,0.0,4877.437265422432,4740.407183562018,4626.575035724643,10,76.57614589725003,0.0,0.0,0.0,10,0.0,5.23245,-0.22351907,-5.543097,1000,1.113874,1000,765.4489164086688,33,323,321.61527266810094,13230.30045223236,9824.96545021748,286.0934410095215,323,4261.710565861021,113740.0,163.95675373077393,200000.0,195.0,13955.429982185364,39000000.0,1219.8338613632902,195000.0
2.522996e-08,1.7763568e-09,98.515366,-9.572131e-05,2.4204172e-10,0.007976952,11.523465,163.44196,163.42465,9.300961,1261.1155,517.09937,1261.1461,1.0,-0.24768423,-1.0,10000,0.8712822,0.2649347945752474,0.2601496653197429,0.2572113046214859,10,0.0022227974999062,1000,1000.0,1000,10,0.0,13052.452421188354,12910.404156446457,12523.515442371368,10,149.70135245243523,0.0,0.0,0.0,10,0.0,-2.424446301004502,-2.4851055493812364,-2.575126123450606,10,0.0481017459234609,-776.2956125,-784.20837625,-789.7171125,10,4.478807562491037,386.9794678393413,379.9593966239903,371.4247662640156,10,4.8347993296227445,457.9550289035172,446.4990985459861,431.2190899680355,10,7.219188715434404,0.0,0.0,0.0,10,0.0,0.0,0.0,0.0,10,0.0,0.0,0.0,0.0,10,0.0,0.0,0.0,0.0,10,0.0,-213.78175428556432,-216.4377703949613,-221.2211882866387,10,2.1440439440066905,-17.165615639939407,-19.50769855518648,-21.0822979180561,10,1.0540102638517268,2735.404856023373,2708.306690771189,2651.919795222261,10,24.60917655217656,2532.856644561637,2497.7491315654383,2447.791392282036,10,27.8707705680242,0.0,0.0,0.0,10,0.0,-21.244911181313142,-21.814559264190123,-22.446985540936915,10,0.3233846973865812,248.94198857240823,233.7045960616527,223.2513238792891,10,7.575960897645361,14.6820656005236,12.272617608180951,9.9799787438743,10,2.221351874494893,2730.8927217674027,2694.012421511716,2654.909170014524,10,22.097969010485908,0.0,0.0,0.0,10,0.0,0.0,0.0,0.0,10,0.0,0.0,0.0,0.0,10,0.0,4851.221101637855,4772.30615898833,4509.460461160048,10,94.71446126511768,0.0,0.0,0.0,10,0.0,4.8061438,-0.22853047,-5.124148,1000,1.1083436,1000,862.085308056872,68,211,287.8797180404141,13271.645826339722,11098.32000440218,729.5083703994751,211,3828.791092071775,113951.0,185.5782446861267,200000.0,196.0,14141.0082321167,39200000.0,1077.712532189671,196000.0
2.522996e-08,1.7769617e-09,98.708824,-2.4989113e-05,2.4143695e-10,0.007921696,11.513406,163.29492,163.27756,9.290547,1261.0717,495.5144,1261.2344,1.0,-0.24255146,-1.0,9215,0.8727684,0.2689015799104224,0.262840613292875,0.2581190768942631,10,0.0029898418954205,1000,921.5,215,10,235.5,13050.513097286224,11795.889599466323,2300.781632900238,10,3168.7702440277967,0.0,0.0,0.0,10,0.0,-0.5141762475505762,-2.220620571027552,-2.5003190036841865,10,0.570664377198671,-165.0252375,-721.8122175,-792.3422,10,185.6544954261177,390.5792485906928,346.4907579921241,74.6284280413955,10,90.83010636913632,457.1259313000684,407.7493339518346,82.96614994571529,10,108.3905181574191,0.0,0.0,0.0,10,0.0,0.0,0.0,0.0,10,0.0,0.0,0.0,0.0,10,0.0,0.0,0.0,0.0,10,0.0,-48.87708393319019,-201.5709584655065,-223.36682198029828,10,50.94058112558682,-3.7293019445086255,-18.47066257690153,-21.4443909346138,10,4.965592582121382,2751.736913733916,2492.975987631613,512.1394065977368,10,660.697596204774,2546.088182424204,2259.986960254338,453.4478412749002,10,604.6037934645917,0.0,0.0,0.0,10,0.0,-4.511447374352923,-20.395628756415626,-22.75414942650673,10,5.300589668903241,239.57533556702623,211.0245862998542,44.65144026163168,10,55.70971710313415,15.261181325837494,10.83895398718628,3.623397921394684,10,3.195277293078498,2721.169343988815,2456.6602811394114,459.7353589572429,10,666.4127037461747,0.0,0.0,0.0,10,0.0,0.0,0.0,0.0,10,0.0,0.0,0.0,0.0,10,0.0,4833.3394939161135,4379.116448666614,844.8128398615153,10,1180.6688611142215,0.0046511627906976,0.0004651162790697,0.0,10,0.0013953488372093,4.5829563,-0.22909689,-4.606765,1000,1.1085262,1000,843.1189427312776,37,227,314.67888526337487,13302.630973815918,10926.22468627917,377.1290130615234,227,4190.318314413682,114178.0,160.49906659126282,200000.0,197.0,14301.507302999496,39400000.0,1246.1131659371752,197000.0
2.522996e-08,1.7779351e-09,98.716866,-2.5065825e-05,2.404633e-10,0.007922416,11.5089855,163.22923,163.21198,9.375336,1260.707,532.79333,1260.8171,1.0,-0.24491508,-1.0,10000,0.87238234,0.2647990669535722,0.2616534539475531,0.258350259013725,10,0.0018261372021991,1000,1000.0,1000,10,0.0,13055.77951145172,12856.793603038788,12367.69422006607,10,185.1954999244044,0.0,0.0,0.0,10,0.0,-2.3489863375367563,-2.39588043024536,-2.4590209468982414,10,0.0382830549168712,-776.6114124999999,-779.5898012499999,-781.407625,10,1.637961600515758,382.2682621351877,373.4235540177418,359.58782328538655,10,6.596403219884391,452.5208754395343,444.0664628703238,428.666024436474,10,7.302720658313052,0.0,0.0,0.0,10,0.0,0.0,0.0,0.0,10,0.0,0.0,0.0,0.0,10,0.0,0.0,0.0,0.0,10,0.0,-214.7360279359146,-218.20527789292524,-221.33612210372712,10,1.8746275119106728,-19.55453933898719,-20.615335010718745,-22.478944954698363,10,0.8408873835019939,2766.272748456143,2731.8144131324843,2672.41788956658,10,33.098701655839456,2549.0511690910844,2456.5535541571658,2322.7546536577,10,58.01498919190413,0.0,0.0,0.0,10,0.0,-21.80162717285046,-22.411785645255804,-23.036895031360693,10,0.4204385656422117,229.67705320278264,218.02844817329955,208.8474609165116,10,5.939891070091126,14.725505961941264,12.402303821047632,9.898897788327206,10,2.080880326047378,2716.833740444564,2674.043700339833,2593.2747548365423,10,32.20544751145751,0.0,0.0,0.0,10,0.0,0.0,0.0,0.0,10,0.0,0.0,0.0,0.0,10,0.0,4852.973711897901,4778.045216022857,4583.284519757182,10,75.72826793362267,0.0,0.0,0.0,10,0.0,5.2363234,-0.22920434,-5.1808405,1000,1.1131879,1000,578.2479674796748,41,246,371.4160546699625,13300.668411254885,7314.823033914091,379.03352975845337,246,4909.364962086269,114424.0,162.1605532169342,200000.0,198.0,14463.667860984802,39600000.0,1233.3455703770642,198000.0
2.522996e-08,1.7771871e-09,98.774025,-1.9924742e-05,2.4121144e-10,0.007921847,11.482672,162.93414,162.91696,8.993735,1265.933,464.3856,1266.3486,1.0,-0.24356647,-1.0,10000,0.87107813,0.263698991513253,0.2611821284750443,0.258334031683217,10,0.0021419099260717,1000,1000.0,1000,10,0.0,12926.907136917114,12639.734929943084,12440.213862419128,10,149.01670779145817,0.0,0.0,0.0,10,0.0,-2.263093850422475,-2.3651251704498497,-2.4589944759128795,10,0.0594427509317637,-772.52575,-780.002315,-789.144725,10,4.797006807683579,376.76939181688175,370.7240596167121,359.8692220520559,10,5.396136798627251,445.2863682328733,440.667181455745,437.0716503323366,10,2.7808790866762685,0.0,0.0,0.0,10,0.0,0.0,0.0,0.0,10,0.0,0.0,0.0,0.0,10,0.0,0.0,0.0,0.0,10,0.0,-214.8490426159315,-217.70557944366152,-220.63184063138792,10,2.1041485202524948,-18.181052960052043,-20.34310726590753,-21.87032499212048,10,1.2204507788861163,2730.3258697278,2692.275383739166,2634.6233645524508,10,34.90880842265192,2520.56647622882,2405.6536507459487,2339.4998551034564,10,51.68603704307035,0.0,0.0,0.0,10,0.0,-21.635512471672687,-22.541592794962146,-23.135375301386404,10,0.4496626659257524,231.82524047365672,222.6666915998348,210.90879863850165,10,7.300519421803776,15.056331493052928,11.371405255034404,9.866860014721617,10,2.108323745373945,2723.7520223258216,2648.702998791008,2592.720829454347,10,42.23542942223432,0.0,0.0,0.0,10,0.0,0.0,0.0,0.0,10,0.0,0.0,0.0,0.0,10,0.0,4767.540226061427,4679.4819030254985,4525.847929352306,10,75.94090192187481,0.0,0.0,0.0,10,0.0,4.479394,-0.23220211,-5.0861077,1000,1.1066188,1000,894.0643776824035,59,233,262.83435304972534,13270.740635871887,11591.347587366216,625.2977776527405,233,3510.892955956138,114657.0,159.179847240448,200000.0,199.0,14622.847712755203,39800000.0,1256.4404569247477,199000.0
2.522996e-08,1.7764435e-09,98.825005,-4.1635092e-05,2.419549e-10,0.007947634,11.46108,162.69618,162.67882,8.529025,1272.528,387.7742,1273.1158,1.0,-0.23951295,-1.0,9010,0.87369573,0.2769980721573546,0.264588111123316,0.2577453325203995,10,0.0050000322160224,1000,901.0,483,10,198.24429373881105,12698.60498189926,11194.393760490417,5476.757785797119,10,2618.323340627668,0.0,0.0,0.0,10,0.0,-1.035612136162272,-2.06404606016276,-2.459476322218748,10,0.4814821923600306,-378.96,-702.02142625,-785.9669875,10,154.15107907124977,376.79376317291553,327.3758728718019,156.73376135833212,10,76.74344891317554,454.7062421509029,394.036724747481,194.3358351298669,10,91.51759449628028,0.0,0.0,0.0,10,0.0,0.0,0.0,0.0,10,0.0,0.0,0.0,0.0,10,0.0,0.0,0.0,0.0,10,0.0,-113.19310940329127,-198.66086332330784,-222.0979571731021,10,41.38155335837052,-9.693348245722255,-18.29917471897961,-21.22641885773496,10,4.058610039655976,2745.909871909632,2412.9035814747112,1152.3624155615737,10,593.0526326812652,2574.520616511835,2120.6962097119804,1007.013991295628,10,494.5023260822946,0.0,0.0,0.0,10,0.0,-10.62932611983234,-20.42998659320166,-23.54225086503897,10,4.64273713178719,227.7969954943705,195.81504232404228,105.99606935088018,10,45.007648629309465,14.450964691921476,10.52480014016398,5.209880486113194,10,2.4394979050714847,2665.374195367822,2348.6036943663744,1118.2502227330135,10,562.0721849939974,0.0,0.0,0.0,10,0.0,0.0,0.0,0.0,10,0.0,0.0,0.0,0.0,10,0.0,4772.176308206779,4133.371446928387,2139.708728919404,10,927.9963903365074,0.0020703933747412,0.0003967926581572,0.0,10,0.0007945260764458,4.8934913,-0.23296395,-4.68828,1000,1.1068741,1000,887.2629310344828,66,232,268.13605464074686,13280.154726028442,11501.048564669902,647.6495790481567,232,3607.29649782166,114889.0,161.97762441635132,200000.0,200.0,14784.825342416763,40000000.0,1234.7384444033764,200000.0
2.522996e-08,1.7769868e-09,98.7699,-6.4508467e-06,2.4141172e-10,0.007908044,11.43462,162.38293,162.36566,8.189575,1281.3762,323.8508,1282.1748,1.0,-0.23974967,-1.0,10000,0.8718141,0.2664327619196539,0.2626896284985429,0.2600826507920579,10,0.0019100567346826,1000,1000.0,1000,10,0.0,12968.791593551636,12640.229049301148,12320.344443321228,10,193.27883343504067,0.0,0.0,0.0,10,0.0,-2.236869184381504,-2.3219862444080044,-2.4101156809802284,10,0.0496975359710877,-772.05205,-779.88586375,-785.197225,10,4.11662411912986,385.7863174097466,373.6939441811185,360.2044577740801,10,7.563787889300034,446.5211595539076,436.6820240254359,427.27073655408776,10,6.017169383149086,0.0,0.0,0.0,10,0.0,0.0,0.0,0.0,10,0.0,0.0,0.0,0.0,10,0.0,0.0,0.0,0.0,10,0.0,-216.21007201875884,-219.2493706419691,-223.1629690266388,10,1.92243757607946,-19.65776331383633,-21.158697293204234,-23.07556551194133,10,0.9621901524737786,2774.1649598663525,2719.631138966421,2677.776767800817,10,31.85966013542538,2526.6655421047512,2428.99645379347,2346.718814615216,10,63.50869147254077,0.0,0.0,0.0,10,0.0,-21.909577237237688,-22.57981870183739,-23.584439476847987,10,0.4879832851989362,229.23920209320056,216.3412776842976,206.22313756561948,10,7.231341004585357,14.340186339152794,12.13342508235431,9.904269803915652,10,1.939030451975873,2681.0937782680853,2634.699406789882,2569.2698360054424,10,35.49383758861308,0.0,0.0,0.0,10,0.0,0.0,0.0,0.0,10,0.0,0.0,0.0,0.0,10,0.0,4810.818843744255,4650.859361239987,4343.9818885848,10,129.52012464659546,0.0,0.0,0.0,10,0.0,5.4091945,-0.2304549,-5.437121,1000,1.1094807,1000,840.7892561983471,65,242,298.5604044262774,13278.12306690216,10844.835880807115,665.3503007888794,242,3986.46530281293,115131.0,183.748731136322,200000.0,201.0,14968.574078321457,40200000.0,1088.4428902620357,201000.0
2.522996e-08,1.7762941e-09,98.82533,-8.072639e-05,2.4210434e-10,0.007986753,11.461074,162.66428,162.64685,8.958343,1275.6238,411.9984,1275.9606,1.0,-0.2438838,-1.0,9396,0.87048435,0.2661857396085164,0.261015324306312,0.2582589642535901,10,0.0024028943997384,1000,939.6,396,10,181.2,13023.344717025757,11898.824507379531,4941.818532466888,10,2325.62846647455,0.0,0.0,0.0,10,0.0,-0.8552414106288924,-2.165099938570343,-2.432653021646985,10,0.4420124635203513,-301.94427499999995,-730.042755,-789.1644625,10,142.80750596092514,381.7182513280019,351.26786724227287,148.92154517367769,10,67.7452055035185,449.8924239535145,408.71291738069294,172.82770856471674,10,79.05256089939121,0.0,0.0,0.0,10,0.0,0.0,0.0,0.0,10,0.0,0.0,0.0,0.0,10,0.0,0.0,0.0,0.0,10,0.0,-89.03213964311081,-204.3640328644039,-219.902081339262,10,38.48200062873413,-7.915107703395831,-18.739789218127594,-21.27299986976104,10,3.670999577205164,2790.291954979852,2548.047417649599,1013.6113634501478,10,512.6178562330138,2594.050937704304,2307.8800768526585,973.0590992753506,10,450.6876655126744,0.0,0.0,0.0,10,0.0,-8.822242920513958,-21.088019611522327,-23.38176934495622,10,4.107766452245969,227.38441563035684,202.6956888391274,84.97498923381595,10,39.778776783700685,14.876038585479767,12.46062879547831,4.066458639929754,10,3.284444902183011,2676.2139495321185,2467.312426558424,1002.689811011416,10,490.0083149300927,0.0,0.0,0.0,10,0.0,0.0,0.0,0.0,10,0.0,0.0,0.0,0.0,10,0.0,4795.747140101299,4378.930316622935,1863.990767195423,10,842.6561437494821,0.0025252525252525,0.0002525252525252,0.0,10,0.0007575757575757,4.962203,-0.22616841,-5.4022613,1000,1.1158478,1000,635.9041916167664,35,334,361.9018746409832,13260.562532424929,8088.989151196565,286.67971754074097,334,4795.381353531052,115465.0,162.35651206970215,200000.0,202.0,15130.930598020554,40400000.0,1231.8569637301457,202000.0
2.522996e-08,1.7765042e-09,98.96455,-4.48662e-05,2.4189437e-10,0.007962029,11.448856,162.52272,162.50534,9.244498,1275.7622,407.37683,1276.2095,1.0,-0.24883594,-1.0,10000,0.8693141,0.2633016889489497,0.2588653071206016,0.2559755409133251,10,0.002328978427112,1000,1000.0,1000,10,0.0,13020.512609481812,12760.418395805358,12450.819710731506,10,201.12663112199547,0.0,0.0,0.0,10,0.0,-2.126479353313452,-2.29604905978591,-2.451591925353449,10,0.0752021101395173,-755.0777999999999,-773.2165625,-787.6052,10,8.904675443104667,385.7086038393381,376.5077852069304,366.056542151357,10,6.438772658352295,448.5891054514009,441.736951663964,436.4184113232705,10,3.395188599753172,0.0,0.0,0.0,10,0.0,0.0,0.0,0.0,10,0.0,0.0,0.0,0.0,10,0.0,0.0,0.0,0.0,10,0.0,-212.2679475223239,-215.78484610119327,-219.3248412014783,10,2.1002893277541754,-17.887926880761015,-18.990287740313967,-21.48224843676884,10,1.0477223018923894,2821.83120707592,2750.0977909106227,2650.6747337414326,10,46.2481793687025,2611.250913963292,2461.16400919736,2266.808401004824,10,109.92535449722531,0.0,0.0,0.0,10,0.0,-21.13583380348588,-22.05555038664391,-22.67980358184782,10,0.5365508819725939,242.60859485497983,221.15551416621125,204.5341218995724,10,11.077124393303876,14.682156323556704,12.172820829520628,9.866674522491095,10,2.1156855833133776,2713.9712052485565,2631.28795968884,2559.272235723593,10,44.122375978422056,0.0,0.0,0.0,10,0.0,0.0,0.0,0.0,10,0.0,0.0,0.0,0.0,10,0.0,4844.177281808738,4689.734628866668,4586.125014937631,10,76.5122124153272,0.0,0.0,0.0,10,0.0,4.7484145,-0.22839864,-5.2295218,1000,1.1092708,1000,859.7446808510638,64,235,290.535929450204,13329.725726127625,11074.684089104165,614.1063714027405,235,3874.278496949928,115700.0,157.83127975463867,200000.0,203.0,15288.76188158989,40600000.0,1267.1759381975232,203000.0
2.522996e-08,1.7788103e-09,99.02382,-4.3260556e-05,2.3958818e-10,0.007965167,11.453427,162.55518,162.5379,9.356352,1274.1526,388.53412,1274.5618,1.0,-0.24733171,-1.0,9881,0.86976147,0.2639352094482085,0.2594446969627125,0.2556964321732649,10,0.0029582837221443,1000,988.1,881,10,35.7,13169.25361776352,12656.007594299315,10970.203006744385,10,595.8605010163175,0.0,0.0,0.0,10,0.0,-2.12447026711859,-2.277322067642051,-2.4625052711128834,10,0.0876574521481291,-689.9243125,-765.301825,-780.1839,10,25.89539088997124,398.7066263255618,377.8255252538463,327.19530104212464,10,19.100728325979784,445.45682901416217,432.6378212187965,365.4173366475695,10,22.838116585636644,0.0,0.0,0.0,10,0.0,0.0,0.0,0.0,10,0.0,0.0,0.0,0.0,10,0.0,0.0,0.0,0.0,10,0.0,-189.5802076687328,-213.7228117700756,-220.56451580745707,10,8.523929322008902,-16.0325668927762,-18.45898947372844,-19.856469574376653,10,1.0480062319378776,2839.478662133048,2727.6978218141744,2358.7187939966934,10,128.875540101252,2699.749517429127,2517.294446171772,2269.4088882894166,10,129.95262823036674,0.0,0.0,0.0,10,0.0,-18.32108219175037,-21.621033078154767,-22.612320535634147,10,1.1734002905802337,234.1543995704289,214.63298526038065,195.2229953012663,10,13.958630550599562,30.773285367540737,13.317812326682454,9.946968391546708,10,6.065788033568608,2678.243792100341,2574.964815391628,2217.2074665355003,10,123.73959590453369,0.0,0.0,0.0,10,0.0,0.0,0.0,0.0,10,0.0,0.0,0.0,0.0,10,0.0,4815.4797336108495,4612.160989442296,3928.280580016073,10,237.4920170765313,0.0011350737797956,0.0001135073779795,0.0,10,0.0003405221339387,4.8105597,-0.22771867,-4.7250385,1000,1.1082373,1000,844.2542372881356,80,236,296.73536365146543,13324.180433273315,10890.301916370958,911.9155683517456,236,3965.033980990793,115936.0,162.80072712898254,200000.0,204.0,15451.562613010406,40800000.0,1228.4957415549225,204000.0
2.522996e-08,1.7803592e-09,99.08118,-6.7081364e-06,2.3803937e-10,0.007933202,11.453073,162.5297,162.51245,9.570151,1273.8093,389.20776,1274.071,1.0,-0.24786429,-1.0,10000,0.8705842,0.2624966782082656,0.259806346371526,0.2545821349762878,10,0.0023538752686607,1000,1000.0,1000,10,0.0,13198.741488456726,12886.493599128724,12282.474844932556,10,270.03437757058384,0.0,0.0,0.0,10,0.0,-2.131013413132528,-2.2544623653418427,-2.34065868818137,10,0.0623803672531516,-757.6634124999999,-769.4032774999998,-780.5786499999999,10,7.1132526081753005,395.240224044031,379.1035457418851,365.48909847235984,10,7.5479658660099185,443.14151167217415,435.4493287437247,425.5893352978354,10,5.094230909092698,0.0,0.0,0.0,10,0.0,0.0,0.0,0.0,10,0.0,0.0,0.0,0.0,10,0.0,0.0,0.0,0.0,10,0.0,-212.31394834574647,-217.0165044599591,-219.58918462122853,10,2.188468520960587,-16.49845546263824,-18.246478623157103,-20.774697180549413,10,1.2077448823023005,2844.951615088279,2777.464023041728,2654.139146734591,10,61.94304179032214,2685.861619879593,2543.2049678566755,2382.810917996506,10,104.00735895670287,0.0,0.0,0.0,10,0.0,-21.164096836981106,-22.07015913773277,-23.2664818250643,10,0.6110457747292761,228.2361651437793,215.2350065542788,201.64650466170065,10,8.103968434344745,14.494036125154164,12.091085942153166,9.837579497416444,10,2.059862005857604,2685.0391713861472,2602.83546924288,2557.8705585175894,10,36.95806794297104,0.0,0.0,0.0,10,0.0,0.0,0.0,0.0,10,0.0,0.0,0.0,0.0,10,0.0,4895.901524952882,4740.132584873953,4456.326888276721,10,126.78326161155977,0.0,0.0,0.0,10,0.0,5.3384137,-0.2278535,-5.1632366,1000,1.1056743,1000,864.6597510373444,62,241,286.05312523150275,13371.039820671082,11189.91127133963,679.1801300048828,241,3823.926409821644,116177.0,159.0782675743103,200000.0,205.0,15610.640884399414,41000000.0,1257.2427588612877,205000.0
2.522996e-08,1.7799056e-09,98.95574,1.1884373e-05,2.3849286e-10,0.007904575,11.443709,162.39958,162.38225,9.509164,1274.434,384.4735,1274.6897,1.0,-0.24724644,-1.0,10000,0.8689177,0.266975053738083,0.2590740634879344,0.2490403924417026,10,0.0049043924741441,1000,1000.0,1000,10,0.0,13207.19172668457,12807.722353696823,12323.955546855928,10,247.19881509114683,0.0,0.0,0.0,10,0.0,-2.1101807773003203,-2.2137833321324902,-2.2937879253861864,10,0.0536615048814067,-745.1103624999998,-768.3453475,-778.9601749999999,10,9.707703525306297,384.5614471440823,375.8275544611985,365.3593245551767,10,6.13894795543758,447.8713431463018,437.8301975780647,421.0596625376217,10,7.58506589390264,0.0,0.0,0.0,10,0.0,0.0,0.0,0.0,10,0.0,0.0,0.0,0.0,10,0.0,0.0,0.0,0.0,10,0.0,-207.57195957011348,-216.36698530335744,-223.72349940242816,10,4.455804075176504,-16.519213484398087,-17.783714048436774,-18.750092670781463,10,0.6811037846367984,2847.4131451956687,2765.0025014639687,2686.958606556728,10,47.48797558370215,2656.3247324538247,2452.422733938437,2164.6895449331296,10,126.74674419007552,0.0,0.0,0.0,10,0.0,-21.608692573414057,-22.12628799625617,-23.27743889168847,10,0.4695865729257814,238.6791947577952,220.0441474384957,202.91938908139736,10,11.907735464876096,14.859371934037176,11.718212130310242,9.958386407654793,10,2.104904360786395,2691.6920174848374,2621.4292852297394,2536.876226078047,10,46.69870821840584,0.0,0.0,0.0,10,0.0,0.0,0.0,0.0,10,0.0,0.0,0.0,0.0,10,0.0,4888.504225998693,4740.943797163284,4594.676330049802,10,100.31814482637168,0.0,0.0,0.0,10,0.0,5.110571,-0.22596319,-5.548262,1000,1.1056739,1000,885.5982532751092,71,229,265.2402638204353,13299.835577964785,11444.460194227477,805.4561929702759,229,3539.2645262476854,116406.0,184.32287335395813,200000.0,206.0,15794.963762044908,41200000.0,1085.0525296225,206000.0
2.522996e-08,1.7798176e-09,98.799126,7.128026e-05,2.3858082e-10,0.007832649,11.404935,161.99922,161.98203,9.019261,1280.5573,316.35837,1281.095,1.0,-0.2526921,-1.0,9278,0.86565727,0.2632730984897738,0.2562312785588559,0.2497096710623657,10,0.0038969907625326,1000,927.8,278,10,216.6,13321.095778942108,12049.773030376437,2955.0588297843933,10,3034.702411975336,0.0,0.0,0.0,10,0.0,-0.551585568946753,-2.104417558493662,-2.344744358929576,10,0.5197024663372588,-209.730675,-712.41914125,-776.6114125,10,167.73834198544924,396.1530249564025,357.5199052503761,100.56186560096076,10,85.91756643662407,455.1725650106222,413.5527222924397,111.65662015477209,10,100.79412165206996,0.0,0.0,0.0,10,0.0,0.0,0.0,0.0,10,0.0,0.0,0.0,0.0,10,0.0,0.0,0.0,0.0,10,0.0,-61.89446369621509,-197.5155174994403,-216.20187986993227,10,45.29314161565328,-3.947608676252418,-15.894932044406906,-19.674336739212308,10,4.103267035965006,2829.1981256754066,2565.3494643304407,651.9727544630915,10,638.6042593608163,2653.814555768864,2314.541062592069,688.0015076264589,10,552.1985968735393,0.0,0.0,0.0,10,0.0,-6.237236090514854,-20.13838646715743,-22.04168217427986,10,4.639031789395316,237.70337398673024,210.33879008513244,66.70902493055343,10,48.5377245598625,14.872740861629964,11.183674882845178,3.205493662950718,10,3.3808075945659684,2717.5683936301325,2472.675457630284,627.2651931589879,10,615.6683573253454,0.0,0.0,0.0,10,0.0,0.0,0.0,0.0,10,0.0,0.0,0.0,0.0,10,0.0,4909.696854619429,4461.671667845724,928.1636219560648,10,1178.4758052735292,0.0035971223021582,0.0003597122302158,0.0,10,0.0010791366906474,4.840478,-0.22435686,-5.1362762,1000,1.1052762,1000,861.7099567099567,57,231,281.60492087196474,13288.348815917969,11131.020899238008,615.2162914276123,231,3747.099923165325,116637.0,161.30479335784912,200000.0,207.0,15956.268567562103,41400000.0,1239.8887586452988,207000.0
2.522996e-08,1.7791008e-09,98.37473,7.091885e-05,2.3929772e-10,0.0077990587,11.37316,161.62476,161.60754,8.356373,1287.4575,267.1046,1288.3184,1.0,-0.25346425,-1.0,10000,0.8633616,0.261374918774916,0.2541358720695221,0.250616255664577,10,0.0030949336840082,1000,1000.0,1000,10,0.0,13248.271196365356,12990.550781202315,12770.073682785034,10,174.06952632730878,0.0,0.0,0.0,10,0.0,-2.2048777825698287,-2.282321409929932,-2.438757887098141,10,0.0648667830470723,-764.1373125,-768.88812875,-778.7233249999999,10,4.452274722827961,399.9643882813002,386.71562069840047,372.4719249777266,10,6.8363126799751175,454.3319995294473,447.0569170838934,435.7499463341381,10,6.002966602027609,0.0,0.0,0.0,10,0.0,0.0,0.0,0.0,10,0.0,0.0,0.0,0.0,10,0.0,0.0,0.0,0.0,10,0.0,-207.6997931576253,-211.13365878221748,-218.1045674904144,10,3.052758930597008,-15.48746005463134,-16.689473555547323,-18.00334462302111,10,0.921440458244167,2795.826344888709,2758.8803935081723,2670.8062194038416,10,34.57378566950347,2609.1564711356486,2461.085415025741,2304.2415478439907,10,103.90920710281746,0.0,0.0,0.0,10,0.0,-20.91256914438229,-21.484485606128395,-21.846733118985167,10,0.2553041561747653,243.6546810858544,232.4922896716269,224.0308277631006,10,5.909390352176848,14.67912634204184,12.550960611975546,9.939372906814366,10,2.029722764599509,2716.2952950713475,2681.665417108269,2634.530405067786,10,28.51621558580077,0.0,0.0,0.0,10,0.0,0.0,0.0,0.0,10,0.0,0.0,0.0,0.0,10,0.0,4928.815399884764,4826.429828261123,4563.885823526729,10,110.64608946208828,0.0,0.0,0.0,10,0.0,4.7752504,-0.22397324,-4.889949,1000,1.1041983,1000,857.3580786026201,57,229,298.0435523811224,13291.788026809692,11130.243596924443,571.3097381591797,229,3972.723528857522,116866.0,159.05012679100037,200000.0,208.0,16115.318700790403,41600000.0,1257.465203173398,208000.0
2.522996e-08,1.7763453e-09,98.0073,7.4079595e-05,2.420531e-10,0.007766505,11.355815,161.39838,161.38103,7.8214245,1291.6914,242.05421,1292.6564,1.0,-0.24834673,-1.0,10000,0.8672839,0.2620145705160663,0.257841786724082,0.2543090502652403,10,0.0024580066598212,1000,1000.0,1000,10,0.0,13244.175711631777,13045.674334144593,12695.128558635712,10,177.7860829949375,0.0,0.0,0.0,10,0.0,-2.19623587559055,-2.3039679523882386,-2.3725104718750925,10,0.062357140176581,-768.973,-774.3692325,-788.4539124999999,10,6.446801707809736,398.5762974432546,390.0663824157185,381.7971021736239,10,5.788537866427649,453.17128445675314,445.1920471203866,435.87925052215104,10,5.263943373571176,0.0,0.0,0.0,10,0.0,0.0,0.0,0.0,10,0.0,0.0,0.0,0.0,10,0.0,0.0,0.0,0.0,10,0.0,-210.93835612617104,-214.57414789983744,-218.02601209907647,10,2.378839739466092,-14.085058863597183,-16.776610368420286,-18.14010116699856,10,1.122932680180559,2798.148551236017,2728.7264016535446,2666.799084258484,10,41.3722053946949,2564.6461450211978,2526.4007565625016,2443.7351514912616,10,34.50934011631434,0.0,0.0,0.0,10,0.0,-20.962417815734952,-21.370681970901025,-21.913775948267443,10,0.2528964151122327,249.0231473343196,238.7154910453721,230.4410386129452,10,5.695643838144542,14.488686252175118,11.457341990710988,9.941979383557968,10,1.9659840316579364,2735.2044601760863,2691.2425737987583,2621.302641389523,10,35.59750105517611,0.0,0.0,0.0,10,0.0,0.0,0.0,0.0,10,0.0,0.0,0.0,0.0,10,0.0,4928.514226593854,4835.789252396714,4686.464106187278,10,84.7254133396971,0.0,0.0,0.0,10,0.0,4.866022,-0.22290678,-5.155736,1000,1.1022985,1000,893.2631578947369,51,228,271.5560118834192,13320.507313728333,11649.141193548838,578.1080951690674,228,3630.762483280328,117094.0,163.24872612953186,200000.0,209.0,16278.567432165146,41800000.0,1225.1244143939437,209000.0
2.522996e-08,1.7766497e-09,97.60053,0.00011980911,2.417488e-10,0.0076882336,11.335962,161.21617,161.1989,7.52183,1295.6687,229.39087,1296.6792,1.0,-0.24744926,-1.0,9241,0.8670251,0.2606094707399325,0.2575059664064473,0.2529743356226,10,0.0023346105755883,1000,924.1,241,10,227.7,13281.544786930084,12137.849051618576,2420.6099948883057,10,3239.481998509122,0.0,0.0,0.0,10,0.0,-0.4444820089049733,-2.1146115367266654,-2.3984213710609623,10,0.5586671547714352,-173.59131250000002,-714.9712000000001,-781.4273625,10,180.5002246241722,404.2645073276328,366.02114363836296,89.3343821315379,10,92.36347266901748,462.7588084356947,412.8657387701452,85.5187540121384,10,109.25607563232104,0.0,0.0,0.0,10,0.0,0.0,0.0,0.0,10,0.0,0.0,0.0,0.0,10,0.0,0.0,0.0,0.0,10,0.0,-51.61120806415956,-198.37687429845684,-217.2890867090743,10,48.95131281552494,-2.7124417442093485,-15.992441077411035,-18.584438204467368,10,4.476290611342015,2806.89658579581,2540.003508499098,556.8269078940675,10,661.6862448859856,2641.576387390732,2360.215711818097,567.8807241967878,10,598.3397589150314,0.0,0.0,0.0,10,0.0,-5.211828699338765,-19.62520569830505,-21.58311913971846,10,4.807427746175682,247.37425135706377,218.66820277633383,64.88990408543982,10,51.731858100892296,15.13981372665642,12.799078447128512,10.01781921555405,10,1.9900546642576469,2727.439780699301,2479.273280317503,470.8331177216654,10,669.8827176228843,0.0,0.0,0.0,10,0.0,0.0,0.0,0.0,10,0.0,0.0,0.0,0.0,10,0.0,4955.4002535515765,4507.367159897473,757.8914806135635,10,1249.9188312706683,0.0041493775933609,0.000414937759336,0.0,10,0.0012448132780082,5.182096,-0.21862043,-5.7178555,1000,1.1037256,1000,879.3434782608696,53,230,282.3673822246887,13370.861567497252,11475.92218942435,508.06437635421753,230,3796.890473578465,117324.0,157.54247283935547,200000.0,210.0,16436.109909772873,42000000.0,1269.498925562366,210000.0
2.522996e-08,1.7754663e-09,97.17326,4.49613e-05,2.4293217e-10,0.0077289008,11.332974,161.18454,161.16713,7.342492,1297.7284,253.16675,1298.6753,1.0,-0.24195337,-1.0,10000,0.86674076,0.2645320725995735,0.2591637023266574,0.2559378981062834,10,0.0027096413635175,1000,1000.0,1000,10,0.0,13278.136824131012,13128.340227031707,12704.055539131165,10,156.4075348463376,0.0,0.0,0.0,10,0.0,-2.196730612839909,-2.28421357231389,-2.4150003847178585,10,0.0566865213833532,-768.8348375,-778.2298874999999,-791.4934874999999,10,6.59448158961573,405.4626749013819,396.78027210521,375.8180219729935,10,7.845609028030409,459.72220018643,449.9539247193973,430.08916468751727,10,7.722616644040948,0.0,0.0,0.0,10,0.0,0.0,0.0,0.0,10,0.0,0.0,0.0,0.0,10,0.0,0.0,0.0,0.0,10,0.0,-212.9552958954968,-215.7282072646441,-220.9782006068242,10,2.4421482829470618,-15.986237104855109,-17.41313256072524,-18.3642063721868,10,0.7135653632868714,2780.582046445962,2757.447633662416,2700.2417742609327,10,21.09388254113848,2614.333417929826,2544.9854811477835,2450.6673785376524,10,44.804847291371,0.0,0.0,0.0,10,0.0,-20.892764611775103,-21.19220663958573,-21.55974272335828,10,0.2009013405978489,256.0697219415443,240.0855902224536,220.7291578988801,10,9.231130307968089,14.959756628951911,11.36347881040575,9.95620042962228,10,2.0522111160012035,2730.885576484059,2693.909421969456,2596.1947993157005,10,35.19776430749571,0.0,0.0,0.0,10,0.0,0.0,0.0,0.0,10,0.0,0.0,0.0,0.0,10,0.0,4930.274599525048,4860.194826341491,4728.282430135666,10,59.189066944034494,0.0,0.0,0.0,10,0.0,5.211833,-0.21116157,-6.070819,1000,1.11883,1000,572.0251572327044,26,477,393.315716741496,13400.87428188324,7306.279084891643,203.4816875457764,477,5246.282191224746,117801.0,183.5127069950104,200000.0,211.0,16619.622621536255,42200000.0,1089.8427867746395,211000.0
2.522996e-08,1.7728031e-09,97.146126,-5.094983e-05,2.455953e-10,0.007822641,11.403177,161.81662,161.79906,8.914454,1281.7998,502.02368,1281.9941,1.0,-0.2415318,-1.0,10000,0.86715233,0.2632293017646409,0.2595637164771657,0.2564740871694004,10,0.0023021371446122,1000,1000.0,1000,10,0.0,13323.512193202972,13159.87271900177,12915.635567188265,10,114.94146113841175,0.0,0.0,0.0,10,0.0,-2.2105544043145,-2.265329712346478,-2.348796250845131,10,0.0471702905160274,-771.538875,-777.78974125,-785.4143375,10,3.605842465101129,408.8176748677014,400.6994687392595,391.4644715135454,10,5.218390041156872,454.6799276329266,450.3523833723233,444.1193535955519,10,3.1512218961495737,0.0,0.0,0.0,10,0.0,0.0,0.0,0.0,10,0.0,0.0,0.0,0.0,10,0.0,0.0,0.0,0.0,10,0.0,-213.32714496996755,-216.1894341764205,-220.16467026954712,10,2.330790760923622,-16.64043109860168,-18.005495740546543,-19.047997081373765,10,0.8106867858468071,2819.8904328490485,2744.479398419425,2677.3779851450563,10,39.53992478923236,2674.4019459858,2553.4181228750867,2470.521402407431,10,65.03122114817107,0.0,0.0,0.0,10,0.0,-20.74935945011236,-21.259547889418208,-21.60973994703361,10,0.2765796342524509,246.1219961223084,234.72399529841064,226.27953545360128,10,5.442193532795828,15.091743922580235,12.384953092849406,9.966161937850153,10,2.194911818796568,2741.88847397071,2705.789424094416,2653.298962814601,10,25.86498945330087,0.0,0.0,0.0,10,0.0,0.0,0.0,0.0,10,0.0,0.0,0.0,0.0,10,0.0,4933.147589420436,4884.621580998515,4800.113297350352,10,40.47028978572131,0.0,0.0,0.0,10,0.0,4.9474993,-0.21214995,-4.9499073,1000,1.1059382,1000,858.004761904762,63,210,296.45927203803944,13333.76683139801,11116.092668657644,605.9058694839478,210,3984.214635440752,118011.0,163.03167819976807,200000.0,212.0,16782.654304027557,42400000.0,1226.7554515076108,212000.0
2.522996e-08,1.7736657e-09,97.23202,-4.987353e-05,2.447328e-10,0.007828435,11.434013,162.12926,162.11198,9.552614,1272.1399,575.2984,1272.0093,1.0,-0.24573891,-1.0,10000,0.86603427,0.264211499644653,0.2578174822372069,0.2542799098261438,10,0.003156840163587,1000,1000.0,1000,10,0.0,13156.794858932495,13011.193734025956,12805.527826309204,10,91.20891947692272,0.0,0.0,0.0,10,0.0,-2.182038368263444,-2.28380142925982,-2.384198305185435,10,0.0557186289809436,-763.1109624999999,-775.4113725,-791.039525,10,8.720928105371382,410.35335323248233,397.0912944898066,384.0544253753931,10,8.013899475327941,449.3253328535085,444.4924709668745,434.3330819494433,10,4.500024074356134,0.0,0.0,0.0,10,0.0,0.0,0.0,0.0,10,0.0,0.0,0.0,0.0,10,0.0,0.0,0.0,0.0,10,0.0,-211.61672684874503,-214.58037458662187,-220.6381872880052,10,2.8279794425575915,-16.850684796972672,-18.34929096889301,-20.7001150080492,10,1.0793696710775802,2751.3849259362664,2708.446307896604,2659.650502463922,10,31.18953215100464,2617.285700150491,2481.9176412326087,2432.7845939415056,10,53.060336986734775,0.0,0.0,0.0,10,0.0,-20.81742289355085,-21.178807597432847,-21.629468272054527,10,0.2165881955109081,245.86633575233336,238.87488362040963,233.48047645054567,10,4.032621578886987,14.665012587752486,12.540870704663147,10.008702879297898,10,2.000013991894994,2737.59754824839,2699.223139912204,2632.8660864013705,10,31.636569339420564,0.0,0.0,0.0,10,0.0,0.0,0.0,0.0,10,0.0,0.0,0.0,0.0,10,0.0,4943.022291593219,4853.052727295095,4797.81492889958,10,42.28229002988064,0.0,0.0,0.0,10,0.0,5.4016147,-0.2143358,-5.445769,1000,1.1121104,1000,473.26666666666665,59,255,336.3012880437262,13294.619311332704,5956.017727265171,572.9883885383606,255,4451.912927008739,118266.0,158.7334384918213,200000.0,213.0,16941.387753248215,42600000.0,1259.9739657898544,213000.0
2.522996e-08,1.7760333e-09,97.38616,-2.2442835e-05,2.4236527e-10,0.007813335,11.444756,162.19547,162.17828,9.907162,1268.6511,554.63385,1268.4098,1.0,-0.24410279,-1.0,10000,0.86609435,0.263514650660558,0.2581573731793635,0.2554821771356782,10,0.002533808890184,1000,1000.0,1000,10,0.0,13275.411710739136,13050.086933708191,12847.309860229492,10,120.33087540533285,0.0,0.0,0.0,10,0.0,-2.129521776863116,-2.240519152373716,-2.354509580452039,10,0.0740764819730308,-760.6635125,-775.8080962500001,-789.2039374999999,10,8.257444671630118,399.9572203413221,394.37563122235065,378.718040878066,10,6.572315787168618,453.6330188249563,444.0703909037202,434.141806095021,10,5.485957530460659,0.0,0.0,0.0,10,0.0,0.0,0.0,0.0,10,0.0,0.0,0.0,0.0,10,0.0,0.0,0.0,0.0,10,0.0,-212.28028497163564,-214.91547446399545,-219.4666716907793,10,2.27605410589849,-17.155407274507038,-18.323217374700807,-19.330998556225456,10,0.5988873022114256,2803.216384417832,2736.701294282414,2688.9131198986365,10,39.12491867483921,2644.61019684614,2486.239019848952,2365.891701827969,10,85.58284335289339,0.0,0.0,0.0,10,0.0,-20.81590771283757,-21.09046665766128,-21.364152197822484,10,0.1853187537293099,257.1879535348248,236.51714707482788,222.27518430605204,10,9.61333636069558,14.874354976350144,13.697384321419714,10.220397759994142,10,1.726949093095369,2761.211385308816,2726.8125052648,2694.072593992725,10,20.07936693401769,0.0,0.0,0.0,10,0.0,0.0,0.0,0.0,10,0.0,0.0,0.0,0.0,10,0.0,4907.217075438624,4836.369470626097,4724.135634948561,10,52.71186578584507,0.0,0.0,0.0,10,0.0,4.9559264,-0.21979554,-6.192917,1000,1.1046169,1000,899.0869565217391,68,230,258.3622016107852,13392.064284324646,11699.77555271938,709.2995751649141,230,3470.8663865083186,118496.0,163.73476719856262,200000.0,214.0,17105.122524499893,42800000.0,1221.487674376806,214000.0
2.522996e-08,1.7761728e-09,97.38342,1.36267645e-05,2.4222566e-10,0.007777047,11.446218,162.22981,162.21255,10.095814,1267.8583,522.36993,1267.546,1.0,-0.24397595,-1.0,10000,0.86809313,0.2620674754712357,0.2593805659660086,0.2570871811350524,10,0.0017233281857567,1000,1000.0,1000,10,0.0,13112.136662006378,12879.35255460739,12474.071197509766,10,197.4920209171993,0.0,0.0,0.0,10,0.0,-2.1415945610548324,-2.209318257032432,-2.3018840978165054,10,0.0508005455560101,-763.1504375,-772.3796924999999,-782.7300375,10,6.524175018812737,407.3079527780204,393.3383530463892,381.037146507821,10,7.784905595879288,455.306040556605,439.367403195172,422.4385343816774,10,9.535356435019962,0.0,0.0,0.0,10,0.0,0.0,0.0,0.0,10,0.0,0.0,0.0,0.0,10,0.0,0.0,0.0,0.0,10,0.0,-214.34908799782528,-216.4289355011092,-218.69097087031577,10,1.4768408530606574,-16.66891585770226,-18.46042344809227,-20.08131684296631,10,1.0285496780430956,2789.789102023845,2718.063410536646,2628.3066098050467,10,48.45121452291411,2490.7959706339366,2419.798574600295,2300.66542582114,10,63.71275705025651,0.0,0.0,0.0,10,0.0,-20.3001188636879,-20.86298874778833,-21.33429619134764,10,0.3346747979409629,247.224232438974,231.41052503785392,218.47661357666988,10,9.394729531877546,14.135944280491447,11.422987847065178,10.046935560104686,10,1.7265173344541924,2752.1310704902808,2696.5075409545816,2626.873789223546,10,31.686161927154448,0.0,0.0,0.0,10,0.0,0.0,0.0,0.0,10,0.0,0.0,0.0,0.0,10,0.0,4913.7387055787485,4790.640729991047,4595.282279396268,10,93.94286724790378,0.0,0.0,0.0,10,0.0,5.045881,-0.22305806,-4.7888336,1000,1.1043453,1000,865.5301724137931,67,232,288.6481854294158,13399.00843667984,11258.177984963204,764.7868566513062,232,3870.002169249752,118728.0,157.09784626960754,200000.0,215.0,17262.220376968384,43000000.0,1273.091928050782,215000.0
2.522996e-08,1.7741371e-09,97.35844,-2.3746008e-05,2.4426128e-10,0.00781242,11.43921,162.16452,162.14714,10.194586,1269.3632,490.0091,1268.9978,1.0,-0.24085599,-1.0,10000,0.86704373,0.2618142439527114,0.2596349587597161,0.2569684123707864,10,0.0017768059932657,1000,1000.0,1000,10,0.0,13093.760817050934,12932.146877098085,12787.181567192078,10,102.0746908932103,0.0,0.0,0.0,10,0.0,-2.110357137082427,-2.2299928008911607,-2.313196500489725,10,0.0625429312976652,-764.4531124999999,-776.575885,-782.6905625,10,4.880799212036177,406.2837292991361,399.95125133604233,394.0751075554607,10,3.9214739185872576,443.1689428661508,435.2749165287476,424.6167622272695,10,6.935778995856841,0.0,0.0,0.0,10,0.0,0.0,0.0,0.0,10,0.0,0.0,0.0,0.0,10,0.0,0.0,0.0,0.0,10,0.0,-213.66090405259587,-216.29693860255293,-218.61610825475185,10,1.760396888192333,-18.607548346701584,-19.26461952591154,-20.114695792930643,10,0.5079921254195001,2761.234338293568,2714.111709834024,2647.914975971345,10,31.467522766614955,2521.318664856464,2450.4193653383204,2349.622117707568,10,53.395749693099965,0.0,0.0,0.0,10,0.0,-20.56042690668009,-20.838973573058865,-21.28768488538956,10,0.2097054050436415,235.37711198197687,226.83640093396525,214.0682889979401,10,5.560938923554937,14.650264841147235,11.823103384205355,10.058316529902612,10,2.0637072691341043,2730.771343006717,2710.637311688704,2680.973943539586,10,12.819226685379377,0.0,0.0,0.0,10,0.0,0.0,0.0,0.0,10,0.0,0.0,0.0,0.0,10,0.0,4889.266019805053,4809.282393317152,4672.23037343773,10,72.25886647571542,0.0,0.0,0.0,10,0.0,4.957856,-0.22533521,-4.9890594,1000,1.1036098,1000,870.004329004329,63,231,274.9338763137349,13338.789286613464,11272.226511100154,662.582124710083,231,3690.604087435382,118959.0,187.44938468933103,200000.0,216.0,17449.669770240784,43200000.0,1066.954689296365,216000.0
2.522996e-08,1.7760008e-09,97.20305,6.119501e-05,2.4239774e-10,0.0077150497,11.391698,161.66054,161.64319,9.62134,1277.8547,420.3303,1277.8833,1.0,-0.24189933,-1.0,9183,0.86708504,0.2640378292927166,0.2586650267630687,0.2508281368159865,10,0.0035522505381565,1000,918.3,183,10,245.1,12969.097699165344,11752.197223615649,1890.085586547852,10,3291.038971138998,0.0,0.0,0.0,10,0.0,-0.3979427324047936,-2.042527121816132,-2.296976275319109,10,0.5518095462513962,-136.62297499999997,-712.1822912499999,-790.3487124999999,10,192.0431717853108,402.0114330003506,360.74372059513473,64.03023077541232,10,98.99711384175168,445.1339569730352,399.2549665530124,64.84402102914217,10,111.68424552425935,0.0,0.0,0.0,10,0.0,0.0,0.0,0.0,10,0.0,0.0,0.0,0.0,10,0.0,0.0,0.0,0.0,10,0.0,-38.50147675294373,-198.53977016944472,-220.05134386050904,10,53.38623821736864,-3.489503195708932,-17.391992522933435,-20.88751964787733,10,4.723780160815601,2749.20499184009,2474.9973302504195,443.45189142821744,10,678.3184946150534,2515.815576057116,2215.055670655399,320.1462154461302,10,635.7400839420344,0.0,0.0,0.0,10,0.0,-4.331438540282599,-19.27739998340051,-21.19336042277778,10,4.983602830412979,239.7212712979799,210.65641218857928,29.53463789484249,10,60.68222808032372,14.929696642822448,11.2620083250692,4.2117795395926265,10,3.0690758208664626,2733.5274771893373,2465.768041928599,379.09730167147,10,696.398156603528,0.0,0.0,0.0,10,0.0,0.0,0.0,0.0,10,0.0,0.0,0.0,0.0,10,0.0,4838.687658980365,4372.125173927829,730.9072513571448,10,1214.3818729006684,0.0054644808743169,0.0005464480874316,0.0,10,0.001639344262295,5.168812,-0.22060339,-5.639368,1000,1.1086694,1000,700.9924528301887,46,265,344.9310567422197,13403.49868106842,8962.808321778055,417.3033595085144,265,4589.62683618072,119224.0,155.41954398155212,200000.0,217.0,17605.089319229126,43400000.0,1286.8394468056051,217000.0
2.522996e-08,1.7743135e-09,96.88255,9.0299865e-05,2.440849e-10,0.0076603037,11.355759,161.2696,161.25209,9.236638,1281.8245,393.1989,1282.2205,1.0,-0.23650798,-1.0,10000,0.8700115,0.2641789148222055,0.26249354016989,0.2604607209465566,10,0.0010203745638502,1000,1000.0,1000,10,0.0,13029.495395183563,12872.773438549042,12610.376557826996,10,125.88159156148684,0.0,0.0,0.0,10,0.0,-2.12046843913272,-2.242821056914999,-2.343637158238101,10,0.0712166692685783,-769.1309,-781.67408125,-787.9999499999999,10,5.2161492611865015,403.4861651994236,396.1902309324951,388.98293120796166,10,5.257211135311693,447.0741884898592,436.561027957711,423.4523588334342,10,7.271636812542049,0.0,0.0,0.0,10,0.0,0.0,0.0,0.0,10,0.0,0.0,0.0,0.0,10,0.0,0.0,0.0,0.0,10,0.0,-217.7995060701477,-218.99885999339293,-220.55591609023585,10,0.8991843454419396,-19.01162825587293,-19.70451781288553,-20.9897570007028,10,0.6145776099313092,2750.7914330035646,2698.337626687014,2650.5193923031293,10,29.29944284094994,2519.047686356049,2446.387212443175,2320.164051739397,10,61.53783940251076,0.0,0.0,0.0,10,0.0,-20.74100788384182,-20.94495051436628,-21.17160120331181,10,0.1370740984725665,239.99868386053296,228.72504665546643,219.1921782081209,10,6.724959295263592,15.283671051825351,12.894699783924946,10.1226429649512,10,2.219885091918667,2759.205476677861,2722.176197178658,2684.553447117956,10,24.71320426323076,0.0,0.0,0.0,10,0.0,0.0,0.0,0.0,10,0.0,0.0,0.0,0.0,10,0.0,4816.465399422403,4763.568128885652,4679.449406996399,10,44.805336589927656,0.0,0.0,0.0,10,0.0,4.5272045,-0.2227906,-5.4905806,1000,1.1010966,1000,859.4225941422594,64,239,297.4022417210706,13326.316866874697,11214.353501545336,666.645580291748,239,3975.227040107312,119463.0,163.45958352088928,200000.0,218.0,17768.54890727997,43600000.0,1223.5440449072296,218000.0
2.522996e-08,1.7743347e-09,96.64904,2.568305e-05,2.4406369e-10,0.0077062403,11.335542,161.0568,161.0393,8.884264,1285.3789,354.85443,1285.8407,1.0,-0.23458584,-1.0,10000,0.8693551,0.2680039560569801,0.2626904415018493,0.2577633393524789,10,0.0029009175342209,1000,1000.0,1000,10,0.0,12951.538342952728,12713.691261339189,12448.417382240295,10,155.9495428215763,0.0,0.0,0.0,10,0.0,-2.1551746308439794,-2.2257116216188377,-2.319535169636993,10,0.044830480796391,-768.301925,-782.0056712500001,-793.3093375,10,7.114513498184215,394.9265560809606,384.4584016762468,373.6292783028333,10,6.09406186227421,442.4910355588711,434.3582291562573,428.7093479490106,10,4.105394678435631,0.0,0.0,0.0,10,0.0,0.0,0.0,0.0,10,0.0,0.0,0.0,0.0,10,0.0,0.0,0.0,0.0,10,0.0,-214.83549854532035,-219.0694373105955,-223.7177102531772,10,2.619799889063929,-18.63849116027845,-19.69502910004661,-21.470168980625346,10,0.8076973855909255,2761.672847279843,2686.231229976135,2619.5404203315707,10,38.70636178759417,2502.155370698413,2374.3981329292924,2272.5296654056383,10,66.55478345228718,0.0,0.0,0.0,10,0.0,-20.63932108410951,-21.066462614130973,-21.333211737349824,10,0.1981498000160995,247.33075472365857,233.15950698437337,222.73573818612115,10,6.860856097395423,14.39700422879412,10.64616731148818,10.134994093972942,10,1.253004865529931,2718.8615918066084,2694.2646637324738,2648.6938899559104,10,19.225170582355545,0.0,0.0,0.0,10,0.0,0.0,0.0,0.0,10,0.0,0.0,0.0,0.0,10,0.0,4837.967769443276,4728.670587842295,4645.339396437175,10,64.40736008561687,0.0,0.0,0.0,10,0.0,4.79587,-0.22056451,-4.8532887,1000,1.1010877,1000,855.827868852459,59,244,297.07063499132107,13346.011688232422,11169.790741664465,604.3240466117859,244,3979.266193420284,119707.0,158.81476855278015,200000.0,219.0,17927.363680124283,43800000.0,1259.3287250456965,219000.0
2.522996e-08,1.7727954e-09,96.56463,-2.1788126e-05,2.4560312e-10,0.0077469596,11.329489,160.948,160.93025,8.718353,1287.1782,344.46,1287.5485,1.0,-0.23771347,-1.0,10000,0.8686,0.2643104214821212,0.2614204518771046,0.2592999476212222,10,0.0018740341203182,1000,1000.0,1000,10,0.0,12687.965571403503,12528.465018844605,11948.965162277222,10,213.33997891256763,0.0,0.0,0.0,10,0.0,-2.02120835174135,-2.172111397945519,-2.3028850606309152,10,0.0693433844320343,-762.064875,-775.2692625,-788.9473499999999,10,6.47741328450253,392.2127673216488,378.44057328679975,370.8058370900859,10,7.319037795647854,437.7081803229295,428.5121988991887,419.8981475702706,10,6.081259918704385,0.0,0.0,0.0,10,0.0,0.0,0.0,0.0,10,0.0,0.0,0.0,0.0,10,0.0,0.0,0.0,0.0,10,0.0,-216.2570293153229,-218.1870966933804,-221.2572425815008,10,1.752261102573205,-18.502708598147308,-19.69696815357127,-21.11399297568105,10,0.8038101677046239,2703.363738173912,2647.182894321803,2519.803652215476,10,53.12483556014252,2416.456842902424,2329.694139746026,2139.08278921805,10,90.39009642514704,0.0,0.0,0.0,10,0.0,-20.80372284807912,-21.14422820175487,-21.53552428933296,10,0.1918553089782,244.7386332825282,232.31528016588743,223.9061598088624,10,5.989976747317744,14.735029517752151,11.530834518176992,10.15781509568351,10,1.9850095416243103,2703.2288010698107,2674.8853192987094,2626.2879195605647,10,21.539882997952507,0.0,0.0,0.0,10,0.0,0.0,0.0,0.0,10,0.0,0.0,0.0,0.0,10,0.0,4768.471847169079,4651.658909294429,4400.490804026536,10,94.05828016129372,0.0,0.0,0.0,10,0.0,5.7464023,-0.21726066,-5.3347254,1000,1.1084651,1000,746.643059490085,30,353,321.4422483936981,13325.835337162018,9641.580696360585,227.57803964614868,353,4288.840002492258,120060.0,161.013991355896,200000.0,220.0,18088.377680540085,44000000.0,1242.1280803972593,220000.0
2.522996e-08,1.7731869e-09,96.68085,-7.628475e-05,2.4521155e-10,0.007810753,11.365987,161.27054,161.25285,9.457484,1275.475,518.2153,1275.2695,1.0,-0.23507355,-1.0,10000,0.8684925,0.2654602690623458,0.2619515182527988,0.259029057289216,10,0.0019739363380187,1000,1000.0,1000,10,0.0,12745.557603359222,12368.071429300307,11945.815414428713,10,226.5716828311228,0.0,0.0,0.0,10,0.0,-2.184911627622866,-2.2595398676031624,-2.3628783213385995,10,0.0556221190518845,-777.7956624999999,-784.8024750000001,-794.47385,10,4.463625915518411,394.9891935584994,375.4663696383038,360.7462515689709,10,11.132144082364558,436.3579405192377,427.9954042746425,419.8188982114269,10,5.044875418504382,0.0,0.0,0.0,10,0.0,0.0,0.0,0.0,10,0.0,0.0,0.0,0.0,10,0.0,0.0,0.0,0.0,10,0.0,-215.0126426181214,-218.10997063851192,-221.7012416753384,10,2.02835397911632,-17.39517298321474,-18.91051820955401,-19.96765943178976,10,0.7371599643736704,2684.5066119516223,2648.650287103824,2559.2693356249447,10,34.3591301699727,2489.459172675457,2329.177272181999,2109.3634690599747,10,93.73582276025434,0.0,0.0,0.0,10,0.0,-20.7080426832058,-21.04464744878203,-21.3654086549934,10,0.2230475513035772,247.0085434920823,230.40538564227776,214.4462219217185,10,10.0047659530076,14.966287807241224,12.243670816319009,10.10403485976614,10,2.0457692304903774,2728.880395670441,2656.973578790172,2590.085185579909,10,36.484894234984296,0.0,0.0,0.0,10,0.0,0.0,0.0,0.0,10,0.0,0.0,0.0,0.0,10,0.0,4718.900200941266,4521.646562857441,4190.787299365868,10,157.45553956374934,0.0,0.0,0.0,10,0.0,5.84058,-0.21608761,-5.549012,1000,1.1074657,1000,671.3333333333334,51,255,298.1310191428651,13317.466607570648,8586.82726653043,540.8923835754395,255,3946.018190346036,120315.0,186.5961532592773,200000.0,221.0,18274.973839998245,44200000.0,1071.833456942158,221000.0
2.522996e-08,1.7734727e-09,96.96504,-8.981822e-05,2.449258e-10,0.007847021,11.369133,161.26718,161.24965,9.884998,1267.6498,578.1945,1267.3688,1.0,-0.24246445,-1.0,10000,0.86609024,0.2637757284721924,0.2585366568772299,0.2545865799250197,10,0.0029638219782563,1000,1000.0,1000,10,0.0,12844.536567687988,12515.652294635773,12034.876391887665,10,201.015363604026,0.0,0.0,0.0,10,0.0,-2.2222990110431047,-2.2852654960320065,-2.352342581153985,10,0.0407746438891,-773.0191874999999,-780.8253687499999,-795.6581,10,7.813538797190137,384.8156888760527,377.2384210003918,368.2234736747639,10,5.015723399495623,440.09499674103154,429.9715725694893,424.2730276125712,10,5.203842673798533,0.0,0.0,0.0,10,0.0,0.0,0.0,0.0,10,0.0,0.0,0.0,0.0,10,0.0,0.0,0.0,0.0,10,0.0,-211.27682125111363,-214.80740212574045,-219.3481404081081,10,2.6117256495832195,-17.06967037784583,-18.81088988840262,-20.58275591555758,10,0.8761650838736702,2722.3627578781425,2657.6750198253685,2545.355330722943,10,48.47354606213346,2479.684650249664,2369.771101052523,2316.634994607577,10,42.259805223230735,0.0,0.0,0.0,10,0.0,-20.97008039867717,-21.211637619362627,-21.59801120057906,10,0.2357903602308074,242.65055681168008,229.45674180298303,215.0177908312658,10,7.977680607890779,15.310890050595068,12.617512245491362,10.13354494552934,10,2.425573214392588,2715.183086600981,2660.8749908926065,2474.6175842944863,10,64.64824791285372,0.0,0.0,0.0,10,0.0,0.0,0.0,0.0,10,0.0,0.0,0.0,0.0,10,0.0,4777.24472633161,4608.536912812693,4463.7241475609735,10,82.4163675385575,0.0,0.0,0.0,10,0.0,5.674986,-0.21756627,-5.0779686,1000,1.104688,1000,687.4364406779661,56,236,319.9586046226558,13261.435104370115,8755.922314505457,580.4986124038696,236,4216.689682659456,120551.0,161.54181742668152,200000.0,222.0,18436.51566171646,44400000.0,1238.069517762937,222000.0
2.522996e-08,1.772972e-09,97.1712,-4.9868424e-05,2.4542637e-10,0.007823565,11.354981,161.11728,161.09978,9.57528,1267.1719,523.6749,1267.0886,1.0,-0.24844533,-1.0,10000,0.8655055,0.260714225274111,0.2567015142119341,0.2545107129938925,10,0.0018390564389951,1000,1000.0,1000,10,0.0,12921.787865161896,12542.246727609634,12280.565324306488,10,160.90027319954729,0.0,0.0,0.0,10,0.0,-2.209253876841795,-2.276577096375786,-2.3364917581396845,10,0.0372153793621125,-767.117675,-774.65937375,-786.5985874999999,10,5.276077417212533,395.6648314234693,383.5911069829172,362.3728827288155,10,9.036757305391252,434.11200272136807,427.85413977720793,421.37157955677344,10,3.688571418798277,0.0,0.0,0.0,10,0.0,0.0,0.0,0.0,10,0.0,0.0,0.0,0.0,10,0.0,0.0,0.0,0.0,10,0.0,-210.91280720898607,-213.30635382589827,-216.65834269004668,10,1.6629938841638352,-16.597611639917325,-18.03582615345595,-19.379456726330474,10,0.8055216174656081,2747.648375096167,2674.876368303384,2631.536736386257,10,34.72208023665319,2479.2336347501364,2392.7211879205474,2284.5772425141367,10,55.75867649794674,0.0,0.0,0.0,10,0.0,-20.608587242979155,-20.894358784949222,-21.673649963716592,10,0.2880464860792613,234.9021566802598,229.67597719677528,213.58237373674507,10,5.919769493773261,15.2057007383152,12.51310633750617,10.222754188424709,10,2.242071213991645,2727.157547324573,2679.873618345492,2617.0646623697708,10,29.610591132723908,0.0,0.0,0.0,10,0.0,0.0,0.0,0.0,10,0.0,0.0,0.0,0.0,10,0.0,4806.885752818649,4564.312765074732,4395.108033871139,10,125.77276229955552,0.0,0.0,0.0,10,0.0,4.405939,-0.22088866,-4.869632,1000,1.0978596,1000,884.921052631579,64,228,282.9640155888912,13323.646896362305,11518.245509929824,693.1446361541748,228,3755.697955360257,120779.0,161.69842386245728,200000.0,223.0,18598.214089393616,44600000.0,1236.870435856088,223000.0
2.522996e-08,1.772938e-09,97.3714,-7.1096176e-05,2.4546035e-10,0.0078608105,11.350026,161.02945,161.01189,9.192017,1268.9926,503.99677,1268.896,1.0,-0.24767777,-1.0,10000,0.8666475,0.25927332535935,0.2574375104096486,0.2551487380801444,10,0.0011933654590135,1000,1000.0,1000,10,0.0,12843.657571792604,12546.899486637116,12257.064704418182,10,164.12335542557983,0.0,0.0,0.0,10,0.0,-2.1114724972697623,-2.259648894777377,-2.3591262578186845,10,0.0740921164654611,-756.6765375,-774.7027962499999,-781.723425,10,7.455917628283688,398.17081422483136,390.04945356755786,377.6624785409331,10,6.733728821241835,446.4693770537615,433.907391618419,417.7425628301916,10,7.873981310764195,0.0,0.0,0.0,10,0.0,0.0,0.0,0.0,10,0.0,0.0,0.0,0.0,10,0.0,0.0,0.0,0.0,10,0.0,-212.625937685175,-214.0383799209551,-215.76363702775785,10,0.9095091170500093,-16.788413545786042,-17.790899881049974,-18.868959101308228,10,0.6388450037139928,2719.7280032517106,2678.488594241826,2631.718548687853,10,27.450497086668022,2517.4450939884746,2390.6308969451725,2314.0685783146714,10,54.59308996536254,0.0,0.0,0.0,10,0.0,-20.165988175450977,-20.716852924181588,-21.061388381266624,10,0.2346519262726536,239.3626582923897,224.7117628685893,209.73630509295708,10,8.82051405183328,15.091999459202096,13.679452047095069,10.287857070873564,10,1.6926487825790404,2711.241295360514,2673.693934847458,2630.3504637071865,10,28.6067307349506,0.0,0.0,0.0,10,0.0,0.0,0.0,0.0,10,0.0,0.0,0.0,0.0,10,0.0,4802.47559320375,4564.538674124868,4323.908742603263,10,152.34661915007234,0.0,0.0,0.0,10,0.0,4.83515,-0.2217149,-5.000153,1000,1.0988803,1000,869.1495726495726,61,234,297.0929936211753,13378.18502664566,11318.02845794319,623.4362106323242,234,3967.896277760261,121013.0,162.65060138702393,200000.0,224.0,18760.8646953106,44800000.0,1229.62963736054,224000.0
2.522996e-08,1.7715475e-09,97.58493,-7.275206e-05,2.468512e-10,0.007879546,11.384481,161.36948,161.35184,9.620246,1262.0952,580.3047,1261.6154,1.0,-0.24997552,-1.0,8711,0.86706084,0.2602168579246431,0.2571130279711014,0.2536360579601632,10,0.0018575772619611,1000,871.1,224,10,264.4225595519414,12743.37000799179,10771.038798809052,2590.788022994995,10,3336.284057264693,0.0,0.0,0.0,10,0.0,-0.4772677800159714,-1.894655707606281,-2.2581140546119967,10,0.5875746569106397,-169.30827499999998,-667.9446325,-773.0586625,10,204.41598500530947,394.8730754667783,340.8619420906555,78.36157595510414,10,104.74021583688544,447.850208576184,374.8939618841504,85.19708310570451,10,119.6948130096998,0.0,0.0,0.0,10,0.0,0.0,0.0,0.0,10,0.0,0.0,0.0,0.0,10,0.0,0.0,0.0,0.0,10,0.0,-48.46491173423629,-186.57133872676167,-217.2888172652737,10,56.20324078417038,-4.180615489580564,-15.220914951881884,-19.346329806210733,10,4.711780371080966,2734.8468544159578,2318.524853297169,576.7381841311028,10,715.2839703626438,2544.4147728262587,2123.806567814495,571.372535052966,10,661.6273535109659,0.0,0.0,0.0,10,0.0,-4.551457609950965,-17.954790183784457,-21.18340893636801,10,5.510294815146044,232.8634759261305,188.59583292102243,51.06115578291627,10,57.73173529088636,17.97110904461391,12.32591705450054,6.069711951196563,10,3.2887508332338293,2678.771985032231,2287.372187449007,536.7477435462237,10,720.795850161831,0.0,0.0,0.0,10,0.0,0.0,0.0,0.0,10,0.0,0.0,0.0,0.0,10,0.0,4782.852010600979,3834.153585006211,865.446117691395,10,1204.5553502514608,0.0044642857142857,0.0006517673804634,0.0,10,0.0014106113003233,5.666938,-0.21816844,-5.53294,1000,1.1081693,1000,641.4344262295082,62,244,318.69286020038726,13263.304580688477,8122.809198608653,673.476728439331,244,4176.883996600517,121257.0,157.6017735004425,200000.0,225.0,18918.46647286415,45000000.0,1269.0212524761878,225000.0
2.522996e-08,1.7709502e-09,97.509476,7.105286e-05,2.4744826e-10,0.0077297073,11.335845,160.89366,160.87608,9.28918,1270.1132,488.41364,1270.1493,1.0,-0.25747165,-1.0,9148,0.86580974,0.2585130290402355,0.2544561490243056,0.2509412118327416,10,0.0023443744846834,1000,914.8,148,10,255.6,12833.766961574554,11500.239934730527,1758.8031463623047,10,3251.316386851945,0.0,0.0,0.0,10,0.0,-0.3317805604528833,-2.0476384094664164,-2.2981589882924944,10,0.5740522065067245,-112.18795,-698.31077625,-778.565425,10,195.47536988271705,403.5385249844394,355.5994068936035,51.99475091010064,10,101.44186947773296,443.72354246591954,394.77159707314814,57.85638663388752,10,112.46193519906356,0.0,0.0,0.0,10,0.0,0.0,0.0,0.0,10,0.0,0.0,0.0,0.0,10,0.0,0.0,0.0,0.0,10,0.0,-31.663241037288607,-193.6378208999176,-215.3551416508639,10,54.02917447229143,-2.576885929891722,-16.620134070893222,-19.2890779378023,10,4.751877768182357,2742.5964960935926,2465.442963762499,393.0260312138072,10,691.709344090851,2558.025424302569,2230.5981337271587,302.84515824861205,10,646.3749274057619,0.0,0.0,0.0,10,0.0,-2.42553142267918,-18.50568817486414,-20.717387036713173,10,5.36534963595282,241.48697951751888,199.66971790396485,26.9847236885366,10,58.45435178708017,23.262183970985724,13.654862400477176,6.762341391855015,10,4.231491398783729,2670.5258418407952,2381.293670251028,343.2165490415753,10,680.5332206964509,0.0,0.0,0.0,10,0.0,0.0,0.0,0.0,10,0.0,0.0,0.0,0.0,10,0.0,4816.795615282471,4201.616507222138,694.761167874761,10,1180.5814626087913,0.0067567567567567,0.0006756756756756,0.0,10,0.002027027027027,4.832377,-0.22032431,-5.3801093,1000,1.100638,1000,856.2786885245902,68,244,300.77159686421066,13343.911076545715,11092.634245102525,703.2178449630737,244,3999.831560443865,121501.0,181.34928059577945,200000.0,226.0,19099.815757989883,45200000.0,1102.844187431834,226000.0
2.522996e-08,1.7703703e-09,97.072556,0.000105940344,2.480283e-10,0.007659865,11.293703,160.4209,160.40324,8.527416,1280.8599,387.2075,1281.3756,1.0,-0.25448874,-1.0,9885,0.8639081,0.2586036280551834,0.2542666641949087,0.2505009860512781,10,0.002095322711413,1000,988.5,885,10,34.5,13005.779378890991,12406.331032657625,10407.79818725586,10,731.6129491678627,0.0,0.0,0.0,10,0.0,-1.887306534891204,-2.165929840867291,-2.3196069193526334,10,0.1057482570590284,-672.25925,-754.84095,-779.118075,10,28.28161573880196,410.4362642767026,387.5105429478536,329.8243365562819,10,21.792248471469268,452.0459930932511,429.7281082649041,364.34142816024007,10,23.061476990280763,0.0,0.0,0.0,10,0.0,0.0,0.0,0.0,10,0.0,0.0,0.0,0.0,10,0.0,0.0,0.0,0.0,10,0.0,-191.6472895372069,-208.967748269845,-213.300080641194,10,5.974426913326377,-14.472244793552308,-17.723426976918017,-19.43358435348188,10,1.4278572506899443,2738.7014330252764,2646.786000279516,2321.8486729205406,10,111.9538586425356,2491.3395849708863,2378.971656757202,2105.3092194324145,10,110.36832665104784,0.0,0.0,0.0,10,0.0,-18.27319108868494,-20.503350847517574,-21.01082807361688,10,0.7962416151554675,229.73331580475045,212.5737644984772,197.583807081702,10,9.71762427861881,22.738636275528886,14.796701947448122,10.30490104185366,10,3.215249819432559,2685.7297251356176,2575.4211916000404,2151.7728091461904,10,150.32280465664178,0.0,0.0,0.0,10,0.0,0.0,0.0,0.0,10,0.0,0.0,0.0,0.0,10,0.0,4913.12351148669,4563.316195301124,3628.174387041252,10,396.75587231911976,0.0011299435028248,0.0001129943502824,0.0,10,0.0003389830508474,4.9058933,-0.2191837,-5.0732665,1000,1.1010528,1000,847.8065843621399,53,243,304.1728168460924,13395.466819763184,11017.169293898123,535.7293453216553,243,4108.184806492774,121744.0,161.65003991127014,200000.0,227.0,19261.46580195427,45400000.0,1237.240647201697,227000.0
2.522996e-08,1.7710489e-09,96.71546,5.703656e-05,2.4734956e-10,0.0076801986,11.291542,160.43224,160.41454,8.618897,1283.4482,361.59366,1283.8756,1.0,-0.24783741,-1.0,10000,0.8587462,0.2555120309346683,0.2530287967233857,0.2495049150147443,10,0.0017151235252635,1000,1000.0,1000,10,0.0,12952.618740081787,12815.702710390093,12619.605401992798,10,100.13543688511118,0.0,0.0,0.0,10,0.0,-2.1363546638709545,-2.2665084001037115,-2.354495534636128,10,0.0632221938812516,-762.0056625,-775.2061024999999,-784.9209000000001,10,6.765379316695795,406.2892127676303,397.4607973438543,390.8404145426069,10,4.1182744216722185,450.80486865019736,443.0532905443829,435.4113266513856,10,4.6582038661981615,0.0,0.0,0.0,10,0.0,0.0,0.0,0.0,10,0.0,0.0,0.0,0.0,10,0.0,0.0,0.0,0.0,10,0.0,-205.9311576628028,-209.21588911639657,-211.20595382572856,10,1.5626819512277157,-16.773130693574664,-18.040015049441514,-19.68836159566506,10,0.9361537068539804,2728.2660091003545,2665.842356261888,2581.0284746237694,10,45.6129089181243,2454.146682417312,2351.025972596008,2194.024908059966,10,74.67839992122917,0.0,0.0,0.0,10,0.0,-20.55914832884481,-21.033107349149187,-21.30611998849307,10,0.2142025796196439,225.375476451593,215.6000611836559,208.96255575129223,10,5.086223532821388,15.215774244451836,13.499428018403242,10.287558133898791,10,2.0497026910354457,2728.073329044646,2688.0354000477646,2632.9641459837408,10,27.149555609008644,0.0,0.0,0.0,10,0.0,0.0,0.0,0.0,10,0.0,0.0,0.0,0.0,10,0.0,4931.075087378802,4865.390614393317,4706.751729198941,10,62.64051970705259,0.0,0.0,0.0,10,0.0,4.9056053,-0.2165697,-4.8046007,1000,1.1013575,1000,877.7791666666667,86,240,254.7664559277225,13393.709087371826,11451.924074136714,891.1155762672424,240,3438.6993583117355,121984.0,158.1606204509735,200000.0,228.0,19419.6264269352,45600000.0,1264.5372750165443,228000.0
2.522996e-08,1.7708218e-09,96.617935,-4.7321264e-05,2.475766e-10,0.007776755,11.298897,160.52095,160.5032,8.972694,1283.6451,381.2165,1283.8671,1.0,-0.24361166,-1.0,10000,0.85968584,0.2598343957957155,0.2545951397017366,0.2507919513859367,10,0.0027244845060734,1000,1000.0,1000,10,0.0,13014.373408317566,12719.757180786131,12263.417370796204,10,246.27174423454656,0.0,0.0,0.0,10,0.0,-2.184626732863564,-2.268267076398171,-2.369539065579024,10,0.0700959144289122,-767.3742625,-778.6266112499999,-791.079,10,7.056941289546596,401.9705519382115,391.5957521065028,374.628964774224,10,7.451864392671873,446.6970397560023,435.80867722356953,423.1391393209964,10,6.870004569313193,0.0,0.0,0.0,10,0.0,0.0,0.0,0.0,10,0.0,0.0,0.0,0.0,10,0.0,0.0,0.0,0.0,10,0.0,-207.603135023342,-210.59959534800768,-215.87416623742345,10,2.5777012345269705,-17.071019458329914,-18.34488937176915,-19.30957445434146,10,0.731262562220653,2756.116441455404,2671.77475475898,2608.4092069314065,10,49.38364263132467,2426.034732665245,2291.824821587304,2128.222437718095,10,104.03387752046972,0.0,0.0,0.0,10,0.0,-21.04243773311168,-21.359741958398264,-21.83009094615022,10,0.2144411407515575,226.49482411146343,219.0284566607937,210.78887662698668,10,5.587622122909385,15.261734867030828,13.180144815526592,10.491776668604704,10,2.007120882524127,2745.4397586811288,2686.7248314931303,2621.070815536073,10,35.65094769773214,0.0,0.0,0.0,10,0.0,0.0,0.0,0.0,10,0.0,0.0,0.0,0.0,10,0.0,4910.892626645283,4838.129380025882,4618.70567630717,10,97.15717553298958,0.0,0.0,0.0,10,0.0,4.6145887,-0.21691069,-5.00833,1000,1.1007078,1000,848.2048192771084,56,249,289.5935148310408,13380.781155586244,11074.99466317102,607.0618095397949,249,3887.8924253976666,122233.0,155.0044641494751,200000.0,229.0,19574.630895137787,45800000.0,1290.285419180795,229000.0
2.522996e-08,1.7731807e-09,96.69193,-1.2941875e-07,2.452177e-10,0.0077354843,11.261401,160.09676,160.0791,8.737974,1292.154,312.0821,1292.7725,1.0,-0.24048032,-1.0,10000,0.85731965,0.258806867410877,0.254075681657072,0.2484620514392087,10,0.0025718213758327,1000,1000.0,1000,10,0.0,12870.802849769592,12649.100341176989,12423.584804534912,10,145.8725259725288,0.0,0.0,0.0,10,0.0,-2.126552595862868,-2.220355239393182,-2.3428929447551203,10,0.0622233564643594,-760.5450875,-776.8186562500001,-790.644775,10,7.718983984866962,394.00293143925046,389.19319274567215,381.7989528601884,10,3.462025409373501,456.7762670448212,441.8874048469343,426.41087139000047,10,8.890353054853614,0.0,0.0,0.0,10,0.0,0.0,0.0,0.0,10,0.0,0.0,0.0,0.0,10,0.0,0.0,0.0,0.0,10,0.0,-205.5763046044569,-210.1512583324265,-214.27997821988384,10,2.231242287271108,-18.04746698100064,-18.86925263963053,-19.42038831261977,10,0.4118048447731859,2690.125098244008,2642.49127130228,2595.511712557338,10,33.76785664417263,2384.343053178753,2209.421014777107,2054.042855462536,10,92.4422140078796,0.0,0.0,0.0,10,0.0,-20.611511737131508,-21.20728046954607,-21.66654865112164,10,0.2603268470229365,230.4603365437061,217.9063568706936,210.0360870314999,10,7.167357434785929,15.16379475507732,13.048985852171128,10.515808704053654,10,2.0522249883067305,2735.6751190891446,2696.776523917376,2654.0292175310724,10,26.980219993781898,0.0,0.0,0.0,10,0.0,0.0,0.0,0.0,10,0.0,0.0,0.0,0.0,10,0.0,4937.459812561432,4865.184855889844,4725.734737051549,10,53.28074774934897,0.0,0.0,0.0,10,0.0,4.9624844,-0.21777405,-4.8657913,1000,1.0978594,1000,889.7086956521739,73,230,239.88862889310056,13423.340388298036,11639.110308180983,671.525578090921,230,3223.958337921508,122463.0,154.8810694217682,200000.0,230.0,19729.51196837425,46000000.0,1291.3133977359437,230000.0
2.522996e-08,1.7718609e-09,96.76975,-0.00011676661,2.4653762e-10,0.007858345,11.27357,160.19736,160.1796,8.857934,1289.4308,418.92624,1289.7485,1.0,-0.24598992,-1.0,10000,0.8584813,0.2588408301952241,0.253472211006011,0.2485449810555501,10,0.0031617111693624,1000,1000.0,1000,10,0.0,12878.58415222168,12697.58623161316,12430.34148979187,10,137.13647218841868,0.0,0.0,0.0,10,0.0,-2.136856698414792,-2.184281577340193,-2.259769772394819,10,0.0357374288585055,-758.8279249999999,-770.2993599999999,-779.3549249999999,10,7.486081713809761,396.9024370632393,385.3692748743989,371.476990410556,10,8.031557847605177,440.9356937289769,435.0253159277141,425.3594331813107,10,5.317809760565143,0.0,0.0,0.0,10,0.0,0.0,0.0,0.0,10,0.0,0.0,0.0,0.0,10,0.0,0.0,0.0,0.0,10,0.0,-205.7483806038445,-210.0114030277585,-214.8232867845755,10,2.7995613066843203,-16.775453733409066,-17.678337080986893,-19.17500111012069,10,0.7279343609012443,2757.240176473242,2684.7683666106414,2605.7737494036755,10,43.0078816997872,2474.193971758201,2337.247382684573,2162.8936014489154,10,114.40224779281668,0.0,0.0,0.0,10,0.0,-20.81897495168239,-21.205121758011213,-21.557089886019384,10,0.25052584820988,221.5255898441833,205.4332472724396,190.98814576210617,10,10.079447488235235,14.388787396271166,11.884969378030574,10.250340575877829,10,1.8434758176570016,2711.6485713194897,2678.6547708968974,2643.728391453288,10,23.400086431941983,0.0,0.0,0.0,10,0.0,0.0,0.0,0.0,10,0.0,0.0,0.0,0.0,10,0.0,4898.3286478388645,4778.258603112666,4581.135505039577,10,91.84256669201169,0.0,0.0,0.0,10,0.0,6.328938,-0.21601656,-5.5323844,1000,1.1052341,1000,613.83,22,300,357.90350808562914,13439.903104782104,7912.159407031536,196.90351009368896,300,4791.262820991657,122763.0,178.29789566993713,200000.0,231.0,19907.809868335724,46200000.0,1121.718230316288,231000.0
2.522996e-08,1.7749416e-09,96.976456,-5.957596e-05,2.434568e-10,0.007817692,11.272529,160.12369,160.10617,8.891134,1287.3883,440.1975,1287.6788,1.0,-0.24271336,-1.0,10000,0.8583673,0.2575471194500447,0.2542892676719255,0.2474182894499018,10,0.0028567825553726,1000,1000.0,1000,10,0.0,13068.045995235443,12845.587161827088,12517.562207698822,10,171.91141290352436,0.0,0.0,0.0,10,0.0,-2.1198169084426595,-2.2062541589309967,-2.2706054075687216,10,0.0448074588846096,-764.7689124999999,-774.2409387499999,-781.9800124999999,10,5.846195857089595,396.4043902764422,384.9876193452604,374.23772741140886,10,6.459085738144635,441.7740532313526,435.1956258013233,426.0062813307967,10,4.685927126277981,0.0,0.0,0.0,10,0.0,0.0,0.0,0.0,10,0.0,0.0,0.0,0.0,10,0.0,0.0,0.0,0.0,10,0.0,-203.92766153499664,-210.53988663375884,-213.533932988076,10,2.6639727919423604,-16.065525375340847,-17.536701763115904,-19.846925715471407,10,0.9803311175957536,2741.234753620261,2714.1129325728944,2649.045021035762,10,28.19447446945661,2612.814185771836,2412.7488024775066,2232.0165806127434,10,115.436999918934,0.0,0.0,0.0,10,0.0,-20.87850093808748,-21.330810525835183,-21.711177014471662,10,0.272456079439621,212.65671467919287,201.17105735583183,188.56631383226173,10,7.755064553686323,15.169159499744218,13.07408886932239,10.318060918546765,10,1.952964472937963,2717.88398454246,2679.9539660461232,2634.0805101117594,10,28.88798521815185,0.0,0.0,0.0,10,0.0,0.0,0.0,0.0,10,0.0,0.0,0.0,0.0,10,0.0,4907.692301427493,4827.365722167231,4719.337285612652,10,63.008564427176125,0.0,0.0,0.0,10,0.0,4.6906495,-0.21758556,-5.2794075,1000,1.0975828,1000,851.843621399177,51,243,310.6176116201621,13442.257808685305,11166.110533286515,539.5210881233215,243,4182.827847655773,123006.0,155.28673267364502,200000.0,232.0,20063.09660553932,46400000.0,1287.9400355491132,232000.0
2.522996e-08,1.7717254e-09,97.23403,-0.00013254222,2.46673e-10,0.007911267,11.255931,159.91943,159.90176,8.787747,1288.683,436.278,1288.9648,1.0,-0.25355208,-1.0,10000,0.8595352,0.2556350790064892,0.252147428107494,0.2494955028562692,10,0.0021986493517432,1000,1000.0,1000,10,0.0,13253.164696216583,12885.36767115593,12511.654571533203,10,271.1894182995641,0.0,0.0,0.0,10,0.0,-2.111418901885992,-2.2031074002416142,-2.2833917671156847,10,0.0468375801050994,-751.7421625,-763.075435,-772.8612874999999,10,6.98910867013991,402.8275167712314,383.3834100547113,363.3551866522225,10,12.707199772927174,440.380393400396,426.7525084895459,413.6356094866662,10,7.957038935254242,0.0,0.0,0.0,10,0.0,0.0,0.0,0.0,10,0.0,0.0,0.0,0.0,10,0.0,0.0,0.0,0.0,10,0.0,-206.68768809344624,-209.169450278493,-212.2937194544172,10,1.9846729443989728,-14.569350098251228,-16.2235601009615,-19.4414626383082,10,1.3264932973172383,2811.92503160584,2741.3112685813257,2638.2859928388434,10,42.99719224967421,2751.582585116491,2611.0819655352857,2439.935076626756,10,96.58449340054746,0.0,0.0,0.0,10,0.0,-20.317062539215826,-20.74839750438374,-21.033676995233336,10,0.2192941044915729,218.9814119124033,200.41910397058533,186.2977454018064,10,9.787072890783332,14.800442291156635,13.68691451086828,10.132718240801848,10,1.480801451079305,2702.2951262610013,2652.7676755819257,2580.41528713686,10,36.569453344764725,0.0,0.0,0.0,10,0.0,0.0,0.0,0.0,10,0.0,0.0,0.0,0.0,10,0.0,4902.451808487855,4665.873094436322,4303.037024577815,10,173.94780666540757,0.0,0.0,0.0,10,0.0,4.9053993,-0.21677007,-4.6902385,1000,1.0970912,1000,871.5940170940171,67,234,280.8260588848909,13427.094611644745,11403.556490559864,715.2415447235107,234,3771.085177725008,123240.0,154.96735548973083,200000.0,233.0,20218.063969135284,46600000.0,1290.594392399329,233000.0
2.522996e-08,1.7703227e-09,97.34896,-1.8887518e-05,2.4807578e-10,0.0078068054,11.239818,159.71378,159.69608,8.615931,1290.7065,413.23984,1291.0521,1.0,-0.24757542,-1.0,9286,0.86219525,0.2772311065095336,0.2567368622479366,0.2500070597692005,10,0.0070813323421001,1000,928.6,286,10,214.2,13152.829535961151,11797.186303901672,2661.852527618408,10,3051.247375614979,0.0,0.0,0.0,10,0.0,-0.4871892767994023,-2.01548004936207,-2.2973502743015906,10,0.511755512047619,-216.0072,-712.29282125,-788.986825,10,165.62143839296164,394.56487880218793,355.0883720464189,96.10563864143089,10,86.6508996249684,425.3478685780426,384.7814623106998,97.71873532863864,10,95.83065279056152,0.0,0.0,0.0,10,0.0,0.0,0.0,0.0,10,0.0,0.0,0.0,0.0,10,0.0,0.0,0.0,0.0,10,0.0,-67.87873509169094,-197.0417165890045,-213.67505330989047,10,43.08737442356063,-4.651494995266528,-14.927661939853582,-16.96629254304128,10,3.4874220464228194,2749.271302834446,2515.614680041564,629.140735697971,10,629.1508249155446,2721.9924526924888,2434.182044054726,659.5708137109043,10,593.669074138161,0.0,0.0,0.0,10,0.0,-7.211789631436804,-19.393999929847148,-21.311191607999696,10,4.077335651584,212.7704223996621,189.26092129128705,53.213123798606574,10,45.64006829957062,14.50319014438126,11.206778873323724,3.1748281493441546,10,3.205727190592804,2724.6097887127617,2427.7927369626937,515.9794602905743,10,638.0229283930311,0.0,0.0,0.0,10,0.0,0.0,0.0,0.0,10,0.0,0.0,0.0,0.0,10,0.0,4863.737942130111,4235.14054849063,837.7919326725479,10,1140.8830438486746,0.0034965034965034,0.0003496503496503,0.0,10,0.001048951048951,4.7091656,-0.2181887,-5.079867,1000,1.0965261,1000,872.8478260869565,28,230,284.3663105612734,13400.199953079224,11361.510520156053,307.97521686553955,230,3806.2170256445,123470.0,154.03047108650208,200000.0,234.0,20372.094445705414,46800000.0,1298.444383044715,234000.0
2.522996e-08,1.7681667e-09,97.271835,7.5880166e-06,2.5023186e-10,0.0077741593,11.228146,159.55075,159.53297,8.216918,1292.5632,387.03635,1292.9673,1.0,-0.25540522,-1.0,8675,0.86259556,0.2880567681497274,0.2564844742724814,0.2484062027571379,10,0.0107114076226161,1000,867.5,104,10,284.8323190931816,12795.927959918976,10728.043516469002,888.1006970405579,10,3704.0237415225206,0.0,0.0,0.0,10,0.0,-0.2308280805619362,-1.8705671048681445,-2.266004836646544,10,0.6238353544545558,-82.14747499999999,-656.950845,-764.2952124999999,10,215.5007683655712,389.4173673883221,322.00540511332633,31.765846506432084,10,110.1726115609461,430.0843995914559,360.9992405084642,33.311337296510786,10,123.03726734038014,0.0,0.0,0.0,10,0.0,0.0,0.0,0.0,10,0.0,0.0,0.0,0.0,10,0.0,0.0,0.0,0.0,10,0.0,-25.817825558485467,-183.13121152952576,-213.33994591355872,10,58.75155267588308,-1.1293503417876207,-13.303130558790766,-16.82003134899803,10,4.531311236569092,2758.25198885588,2333.9672695005866,213.3109089846082,10,803.9570034133807,2734.560802510475,2230.5395332282087,186.27390826448283,10,778.476328351099,0.0,0.0,0.0,10,0.0,-2.971669252248544,-18.009381986202953,-21.04579958673424,10,5.597162553315807,216.50753906140065,178.50311421108194,13.810601213127503,10,59.86603754108658,14.500376822380954,10.896971184210638,1.4761778844843718,10,4.00898240662476,2691.4894658625103,2276.6310253607244,280.04953683191434,10,756.0874073898716,0.0,0.0,0.0,10,0.0,0.0,0.0,0.0,10,0.0,0.0,0.0,0.0,10,0.0,4440.0162057328125,3711.523565143004,215.55739220125056,10,1305.191769411125,0.0096153846153846,0.0011366698100498,0.0,10,0.0028740657204408,4.744219,-0.2209202,-5.176482,1000,1.0951275,1000,897.9649122807018,58,228,255.515695601418,13348.00126504898,11678.804578141162,621.6727256774902,228,3412.2648229769434,123698.0,152.94701671600342,200000.0,235.0,20525.041467666622,47000000.0,1307.6423737729122,235000.0
2.522996e-08,1.7666664e-09,97.14641,1.3699331e-05,2.517322e-10,0.0077580134,11.194429,159.17694,159.15892,7.684945,1299.7036,278.74078,1300.5223,1.0,-0.25250503,-1.0,8968,0.8634237,0.2653276572183797,0.2553706041580646,0.2481886217684949,10,0.0052870925924781,1000,896.8,442,10,185.88211317929435,12996.254460811617,11142.673246073722,4532.30122590065,10,2656.354347389241,0.0,0.0,0.0,10,0.0,-0.9071137903802112,-1.944546988493832,-2.261425587056551,10,0.4150632159610448,-336.1098875,-682.16944875,-777.7561875,10,139.72590718805833,396.8360148357396,336.7612942619233,142.60470241670134,10,76.97398580433462,428.9071444002748,373.2956052716437,167.61089809286375,10,81.9050029060309,0.0,0.0,0.0,10,0.0,0.0,0.0,0.0,10,0.0,0.0,0.0,0.0,10,0.0,0.0,0.0,0.0,10,0.0,-98.99141547114236,-190.0747391395179,-213.2516783599927,10,36.63294462639156,-8.150286983187373,-14.483344909372818,-17.265297186089093,10,2.8922120680726144,2731.121685550625,2377.7290723231145,985.2921143798326,10,548.9745045812119,2727.4088693468875,2315.2165942588285,1023.566327703518,10,524.7728216624037,0.0,0.0,0.0,10,0.0,-10.793709274670436,-18.874005774631776,-21.540817628171528,10,3.4426712762301923,228.67973659368428,188.00099604990857,92.343973434116,10,40.13117772299592,14.405767210913655,11.328092224630494,5.114710536235558,10,2.658087870972192,2698.4934069944647,2323.795895444456,1095.4520675532222,10,522.632910683053,0.0,0.0,0.0,10,0.0,0.0,0.0,0.0,10,0.0,0.0,0.0,0.0,10,0.0,4712.361924301069,3941.5268631375234,1380.1353602919878,10,1023.8943860395096,0.002262443438914,0.0004949025318042,0.0,10,0.000797872808144,4.5311227,-0.22503069,-4.9903517,1000,1.0950141,1000,874.4672489082969,64,229,278.6637876891926,13346.38297176361,11367.256876012643,646.4484448432922,229,3711.135727106049,123927.0,177.11550092697144,200000.0,236.0,20702.15697288513,47200000.0,1129.2066417295928,236000.0
2.522996e-08,1.7648737e-09,97.01066,-2.1842145e-05,2.5352473e-10,0.0077826944,11.196842,159.18697,159.16893,7.5416355,1300.1538,294.42804,1300.9368,1.0,-0.25740674,-1.0,10000,0.8645055,0.2563628530506365,0.2538599811363631,0.250686108934022,10,0.0019160716575088,1000,1000.0,1000,10,0.0,12748.83003807068,12570.5374063015,12192.636623382568,10,146.3255553803941,0.0,0.0,0.0,10,0.0,-2.111229809441746,-2.1716931365262786,-2.232734541255319,10,0.0402798905230402,-750.5381749999999,-757.9950025,-768.3611375,10,5.198737604919733,393.8591003604616,382.45421812579815,359.2385473079104,10,8.952964295055503,434.3754560987221,422.05841914366175,410.184349870976,10,5.9950347527832175,0.0,0.0,0.0,10,0.0,0.0,0.0,0.0,10,0.0,0.0,0.0,0.0,10,0.0,0.0,0.0,0.0,10,0.0,-208.9629374381309,-211.6539925916996,-214.36264180360573,10,1.8527477470286424,-14.947478764417584,-16.604227010077985,-17.840463493119785,10,0.7733767144858781,2740.9015337608844,2678.5624764926297,2616.793817692045,10,38.96474460826447,2642.1855954050857,2558.2888581228613,2466.324216009387,10,48.4687060539061,0.0,0.0,0.0,10,0.0,-20.0501044192005,-20.48344574369717,-20.87431406277473,10,0.2247027741810325,208.6455881124732,199.66312815698885,191.7054631791521,10,6.2193088333659805,14.64120643231018,13.197193754122504,10.176248049997032,10,1.903891312909597,2690.172610877112,2640.723227304972,2603.555911477405,10,27.293196719787275,0.0,0.0,0.0,10,0.0,0.0,0.0,0.0,10,0.0,0.0,0.0,0.0,10,0.0,4625.428919949341,4481.342865659256,4284.57418161695,10,84.20075620232909,0.0,0.0,0.0,10,0.0,5.148106,-0.22451076,-4.99214,1000,1.1032858,1000,675.5932203389831,45,354,360.4801938020003,13409.960617542269,8706.397619531654,372.5735054016113,354,4821.825313639568,124281.0,155.0184509754181,200000.0,237.0,20857.17542910576,47400000.0,1290.1690007966524,237000.0
2.522996e-08,1.765898e-09,97.147575,-8.232432e-05,2.5250052e-10,0.007854132,11.239885,159.58354,159.56558,8.662584,1287.9458,407.61392,1288.2212,1.0,-0.25566947,-1.0,9507,0.8653188,0.2599695390839832,0.2550123572146959,0.250225313256631,10,0.0031521202751432,1000,950.7,507,10,147.89999999999998,12886.604933738708,11766.01005153656,6180.512601852417,10,1887.5776060484795,0.0,0.0,0.0,10,0.0,-1.049513255457449,-2.037886170804499,-2.23353456839548,10,0.3344750994431521,-382.1377375,-719.4456912500001,-766.9400375,10,112.7176905102091,384.63183716460617,352.97688020490205,187.50266080790743,10,55.85138535015353,430.5945140838145,398.12411489706113,204.96454823867325,10,64.90530436946273,0.0,0.0,0.0,10,0.0,0.0,0.0,0.0,10,0.0,0.0,0.0,0.0,10,0.0,0.0,0.0,0.0,10,0.0,-111.08568594836632,-202.2387569870015,-216.26901806592315,10,30.478383667001665,-8.101808923563503,-15.424849890802747,-17.771513784332512,10,2.593697810862696,2755.562427291548,2545.5602985019204,1367.8250052416436,10,395.5947651040123,2661.53685004158,2373.146161053126,1300.5989541182803,10,375.2755528036875,0.0,0.0,0.0,10,0.0,-10.367476987308926,-19.97623410471217,-21.39539296163528,10,3.2183796971436984,218.7522537131952,192.37372649495893,115.31929839639956,10,27.74026427444427,15.342585512632622,12.132365177786198,5.16732316239119,10,3.091540056842589,2675.860607989015,2497.3173983701454,1299.6972325584893,10,400.3129244264695,0.0,0.0,0.0,10,0.0,0.0,0.0,0.0,10,0.0,0.0,0.0,0.0,10,0.0,4584.579076703119,4159.447120070151,2105.554571035131,10,702.1507220184194,0.0019723865877712,0.0001972386587771,0.0,10,0.0005917159763313,4.8525343,-0.22713515,-5.627026,1000,1.0991789,1000,736.8199233716475,49,261,354.9519342367146,13413.911241531372,9540.232939912898,517.6831111907959,261,4731.575624228302,124542.0,154.01926922798157,200000.0,238.0,21011.19470310211,47600000.0,1298.5388192172052,238000.0
2.522996e-08,1.7669254e-09,97.54639,-0.00012683254,2.5147318e-10,0.007930543,11.249156,159.68843,159.67035,9.52462,1281.7806,436.27216,1281.9264,1.0,-0.25555167,-1.0,10000,0.86416084,0.2572425539076357,0.2542703823861998,0.2494513089146921,10,0.0021843309974707,1000,1000.0,1000,10,0.0,13005.930680274963,12636.059985923766,12192.69098854065,10,264.6488228433593,0.0,0.0,0.0,10,0.0,-2.041808178028665,-2.17945709141161,-2.2634813275135235,10,0.0586445614380542,-746.3143500000001,-759.56413375,-771.7362499999999,10,7.143824734585083,396.2548968360989,382.9179375545438,371.5128230226596,10,8.590558144050823,433.78672848910287,424.1503128820928,413.9017906839255,10,5.510429017334284,0.0,0.0,0.0,10,0.0,0.0,0.0,0.0,10,0.0,0.0,0.0,0.0,10,0.0,0.0,0.0,0.0,10,0.0,-207.210603424372,-212.01907444432487,-214.9956147047604,10,2.143219643013875,-15.018212530924334,-16.23435026626692,-17.966310571548274,10,0.8690154601519725,2788.7965235230376,2716.7858160963624,2647.7548332917577,10,42.08707767721568,2643.849922168088,2570.32515455815,2442.125016717499,10,63.74174436462564,0.0,0.0,0.0,10,0.0,-20.228196944939945,-20.8696652627104,-21.448673711348604,10,0.4609394716888788,213.9687602993152,199.3626339508275,183.13439646187027,10,8.794915190225247,14.664889361946503,12.38244182679342,10.085812002338583,10,2.0909262462233804,2690.96864847808,2619.744214209988,2501.000820428486,10,59.19702529475535,0.0,0.0,0.0,10,0.0,0.0,0.0,0.0,10,0.0,0.0,0.0,0.0,10,0.0,4806.000630186154,4517.877545603047,4149.67032109705,10,193.3672219474728,0.0,0.0,0.0,10,0.0,5.227928,-0.21988717,-5.1148515,1000,1.0993178,1000,805.9705882352941,49,238,328.4513495952094,13408.568434715273,10500.227676862429,522.8735284805298,238,4392.9712434814655,124780.0,154.7913694381714,200000.0,239.0,21165.9860765934,47800000.0,1292.061700377206,239000.0
2.522996e-08,1.7691737e-09,97.95501,-0.00011755028,2.4922486e-10,0.00795395,11.259455,159.77713,159.75906,9.960631,1279.4473,437.55362,1279.4548,1.0,-0.25150436,-1.0,9677,0.8653856,0.260081737588001,0.2560341362399999,0.2526568790352109,10,0.0022839514874714,1000,967.7,677,10,96.89999999999998,13275.81868648529,12281.435870933532,7961.9037709236145,10,1473.367136568948,0.0,0.0,0.0,10,0.0,-1.3805816433558131,-2.086353367813374,-2.297965100618942,10,0.2436613375381344,-506.5432,-736.98048625,-785.749875,10,77.55077019068871,403.5107524203256,372.73598112250977,251.77771332322968,10,41.913077845465615,434.9557914498437,411.5512837347102,275.6876768202913,10,45.86642753592994,0.0,0.0,0.0,10,0.0,0.0,0.0,0.0,10,0.0,0.0,0.0,0.0,10,0.0,0.0,0.0,0.0,10,0.0,-148.49520174062854,-206.69934146746604,-215.80412504592368,10,19.46222423119689,-10.630578278116127,-15.781449662557568,-18.36687114567355,10,1.9995204880239563,2770.5908619569063,2626.2417888508644,1801.3399902596311,10,276.45707084604595,2729.3891567499177,2529.0598421478453,1732.5377867592874,10,281.0924265960896,0.0,0.0,0.0,10,0.0,-13.368360620415917,-20.21015879928669,-21.42915503858277,10,2.3028489775728,213.6038231496865,199.20566176512867,149.85001113176767,10,17.983532975761353,14.986166001731684,11.478398969240152,7.270747382038532,10,2.3509372168691813,2742.402610289084,2536.048578977411,1620.9089752128684,10,309.7492224140351,0.0,0.0,0.0,10,0.0,0.0,0.0,0.0,10,0.0,0.0,0.0,0.0,10,0.0,4862.422022489149,4378.632406623935,2660.503858692017,10,610.9047356342669,0.001477104874446,0.0001477104874446,0.0,10,0.0004431314623338,5.330505,-0.21648382,-5.6161947,1000,1.0999874,1000,817.9957264957264,52,234,317.5107575788864,13376.90483379364,10612.385903908656,584.451075553894,234,4244.241622842841,125014.0,154.07529830932617,200000.0,240.0,21320.06137895584,48000000.0,1298.06660895424,240000.0
0.086403355,0.0057653044,16.657467,-0.004067508,0.0011469637,0.005400106,5.8386397,159.28096,159.26216,6.5320377,1276.6091,455.96457,1276.1462,1.0,-0.24897277,-1.0,8917,0.8629755,0.2674961716360574,0.2561975089682097,0.2513519803671629,10,0.004250342016263,1000,891.7,254,10,235.11616277916755,13109.501072406769,11264.609366750718,2917.089094161988,10,3116.075929336611,0.0,0.0,0.0,10,0.0,-0.5207854797222043,-1.929518234302956,-2.261530763564251,10,0.5378910238733869,-192.1840375,-680.0081925000001,-775.328475,10,181.4222366766577,402.755940272504,336.8705881887269,83.79973175820979,10,94.41855524532512,430.326198482486,376.1765898329845,99.7177797364977,10,101.48802042668318,0.0,0.0,0.0,10,0.0,0.0,0.0,0.0,10,0.0,0.0,0.0,0.0,10,0.0,0.0,0.0,0.0,10,0.0,-57.65549375743852,-189.61591600166813,-214.2059668219918,10,48.42552992023539,-3.943037733773121,-14.18728904155562,-17.51937171093951,10,3.8820622123174418,2790.6092057728365,2378.4067552920906,668.0906653090444,10,638.3553606070574,2624.825917359276,2257.801816227927,595.7519197233752,10,601.5972902548807,0.0,0.0,0.0,10,0.0,-5.495820558176917,-18.7205400863546,-21.42497558061047,10,4.894527841549152,225.44983732730816,181.1126198520627,63.13358981873989,10,44.51206065656204,14.906164000091763,10.961402207416365,3.2785853944038945,10,3.376858457287781,2707.1484869423666,2284.625069361361,528.9645254348526,10,652.9447830635407,0.0,0.0,0.0,10,0.0,0.0,0.0,0.0,10,0.0,0.0,0.0,0.0,10,0.0,4883.056845253208,4153.50006512194,1076.4959727978196,10,1185.610098788724,0.0039370078740157,0.0005445303499958,0.0,10,0.0012169574222064,4.70726,-0.21122208,-5.1617393,1000,1.1009905,1000,753.1935483870968,60,217,349.47137083989827,13373.30166721344,9692.545922050003,604.3333239555359,217,4655.928390650272,125231.0,160.4159541130066,200000.0,241.0,160.4159541130066,48200000.0,1246.7587847222978,241000.0
0.0017060786,0.00011742786,26.474123,-0.0038967852,1.9058427e-05,0.0060147145,10.472145,158.96295,158.9426,10.37722,1275.7911,426.54547,1275.57,1.0,-0.24778044,-1.0,10000,0.8584362,0.2578312851532616,0.2531684560931648,0.2489221378559039,10,0.0024503782092317,1000,1000.0,1000,10,0.0,12992.02074098587,12812.402307701112,12413.083154201508,10,161.7419565975231,0.0,0.0,0.0,10,0.0,-2.14960451919461,-2.1996225393756563,-2.2383724830384097,10,0.0266001983570999,-759.2818875,-769.04208125,-778.7628,10,5.160948652643862,396.50408423153954,381.8048679774992,366.5537477183792,10,8.774810659073065,435.3781606005829,416.1885032356119,398.1282427975075,10,10.552078130395367,0.0,0.0,0.0,10,0.0,0.0,0.0,0.0,10,0.0,0.0,0.0,0.0,10,0.0,0.0,0.0,0.0,10,0.0,-206.2951553657676,-209.99230793643324,-214.8136300896586,10,2.285225723506634,-16.794069792921054,-18.49358052174127,-20.28472314071668,10,1.068088571948635,2768.6245303676,2709.150371641289,2636.2213242812186,10,43.58143811713208,2592.35856355582,2440.617719327078,2315.248123549647,10,71.5582772667884,0.0,0.0,0.0,10,0.0,-20.73023948846468,-21.013575051698474,-21.65065435687685,10,0.270488958387642,209.69095527847605,196.91207531152307,186.21601045289867,10,7.637180998412701,15.007363848013968,13.498993641304589,10.501609039341226,10,1.913972913882172,2752.11976908786,2667.4205216480987,2599.328472488324,10,44.96448500668174,0.0,0.0,0.0,10,0.0,0.0,0.0,0.0,10,0.0,0.0,0.0,0.0,10,0.0,4877.216016275312,4797.558112031265,4678.808017872338,10,55.97484440615802,0.0,0.0,0.0,10,0.0,4.8631353,-0.21401185,-5.127519,1000,1.0964108,1000,774.3198198198198,65,222,334.813517362989,13306.977516174316,10016.302958639892,721.5743951797485,222,4455.716175974733,125453.0,157.37529945373535,200000.0,242.0,317.7912619113922,48400000.0,1270.8474626845448,242000.0
9.702189e-05,6.690393e-06,35.827587,-0.0035068335,1.0713588e-06,0.0063730404,11.179153,158.64143,158.62135,10.272978,1277.1709,424.64688,1277.0464,1.0,-0.25135106,-1.0,10000,0.8583486,0.2581800461565596,0.2521988108048906,0.2475907034709739,10,0.0035776905419431,1000,1000.0,1000,10,0.0,13072.321764469149,12884.17787065506,12662.392025470734,10,128.18896065814852,0.0,0.0,0.0,10,0.0,-2.144406151742849,-2.2049529844603613,-2.2582490549853533,10,0.0365851545658029,-747.8933499999999,-765.854475,-774.617925,10,9.089469132090118,395.16981921353374,389.67802161139537,379.5968557023399,10,4.788589024907853,438.5658012367044,419.0916453857543,394.98755572509833,10,11.524815707326598,0.0,0.0,0.0,10,0.0,0.0,0.0,0.0,10,0.0,0.0,0.0,0.0,10,0.0,0.0,0.0,0.0,10,0.0,-205.08471789839925,-209.1877701028759,-214.9465956802704,10,3.265069133763269,-16.352905226178194,-19.068373497769983,-22.49067434602125,10,1.7608124237136955,2738.4495779502795,2677.931995807885,2603.299467013514,10,43.57871865458315,2730.762843510546,2524.9718937643656,2321.163901918925,10,123.62855515001289,0.0,0.0,0.0,10,0.0,-20.28674396321906,-20.73813007279768,-21.39455043660603,10,0.3097091628789439,222.71940394234645,198.6411100842512,178.83938902129742,10,11.177967480944629,15.356467245767146,13.873387335793216,10.617560137734944,10,1.6586446080676565,2693.593126545529,2653.315231826779,2596.256751388956,10,30.87445174319277,0.0,0.0,0.0,10,0.0,0.0,0.0,0.0,10,0.0,0.0,0.0,0.0,10,0.0,4913.340963805691,4814.540517363408,4655.791225008153,10,91.17490037392676,0.0,0.0,0.0,10,0.0,5.4835668,-0.21138448,-5.8880076,1000,1.1088477,1000,563.0107238605898,36,373,312.9876183090276,13341.000519752502,7146.045093746032,325.2881684303284,373,4128.359058124831,125826.0,158.28620886802673,200000.0,243.0,476.0774767398834,48600000.0,1263.53395807687,243000.0
6.734174e-06,4.6579873e-07,44.768814,-0.003137741,7.293521e-08,0.006719247,11.227971,159.03336,159.01357,10.820716,1261.7983,580.4678,1261.1488,1.0,-0.25373262,-1.0,10000,0.85552907,0.2549818801525057,0.2499698808087604,0.2463519116103524,10,0.0024364385010348,1000,1000.0,1000,10,0.0,12989.203857421877,12784.031451702118,12252.614423751833,10,219.70755086844363,0.0,0.0,0.0,10,0.0,-2.0517329638293127,-2.161689660808527,-2.2325039891259344,10,0.0507229926113625,-742.6629125,-760.722725,-775.9995499999999,10,8.52084585645146,410.39886282389887,386.6201381669565,372.31906213265154,10,9.84099329062812,438.27404640917166,421.829574811472,404.35923716799607,10,9.61362422392046,0.0,0.0,0.0,10,0.0,0.0,0.0,0.0,10,0.0,0.0,0.0,0.0,10,0.0,0.0,0.0,0.0,10,0.0,-203.62405665796533,-207.16950952939249,-211.23045133551767,10,2.158584839133737,-16.97293037216038,-18.657081030575394,-19.677929174188577,10,0.838588517027613,2745.0951284557777,2701.1377412783627,2645.734674901052,10,27.05128748822733,2637.5591551050816,2435.4350631226307,2319.4513918616,10,92.41653413253984,0.0,0.0,0.0,10,0.0,-20.107851999281863,-20.740475328659368,-21.28689911480861,10,0.3839538954945994,207.1221331374127,191.24416962255407,176.72166946289587,10,9.510247822809328,15.064548410668522,12.76837266837936,10.581004094793444,10,2.011301998623248,2738.1381338199017,2637.3341695975514,2479.4875124516843,10,73.53433320931437,0.0,0.0,0.0,10,0.0,0.0,0.0,0.0,10,0.0,0.0,0.0,0.0,10,0.0,4923.155529500426,4799.94419445818,4574.361661766074,10,109.72771788034932,0.0,0.0,0.0,10,0.0,5.1996055,-0.22049645,-5.128329,1000,1.0909406,1000,713.5189873417721,64,237,318.20760654501885,13362.54361629486,9178.81748662317,664.6977491378784,237,4277.306017537056,126063.0,157.35242772102356,200000.0,244.0,633.4299132823944,48800000.0,1271.0321848645897,244000.0
1.1679379e-06,8.085581e-08,53.00066,-0.00264937,1.25792115e-08,0.0068894234,11.199425,158.65985,158.64038,10.573736,1261.8496,562.7159,1261.3906,1.0,-0.25851014,-1.0,10000,0.8556432,0.2531140198607712,0.2489654312841399,0.2436750991095059,10,0.0025870534208841,1000,1000.0,1000,10,0.0,13063.498998641968,12740.526492834091,12390.89946460724,10,185.572772916032,0.0,0.0,0.0,10,0.0,-1.9234404893369863,-2.104812943803979,-2.212334246616108,10,0.0800424632889053,-730.8204125,-752.88496375,-764.2754749999999,10,10.23973225282198,397.5467430505724,380.38482472472543,367.327555548557,10,8.70586901279351,427.9523142962439,420.0340024024267,407.9088088051347,10,6.693528721558925,0.0,0.0,0.0,10,0.0,0.0,0.0,0.0,10,0.0,0.0,0.0,0.0,10,0.0,0.0,0.0,0.0,10,0.0,-203.0652132212483,-206.76310241860816,-210.191954334211,10,2.0039389642047536,-15.83466044547733,-17.366110168010056,-19.3008254831691,10,1.2389322983399338,2737.217564644677,2678.472739957788,2586.793309538266,10,45.31008760733462,2620.486538822711,2436.0793024989134,2171.881545235703,10,128.40116116194875,0.0,0.0,0.0,10,0.0,-20.2013819250278,-20.57716923815496,-20.987330637436266,10,0.205115120482583,201.6219937670004,191.2652452707406,180.3023038577853,10,6.935660641115223,15.260104301895469,13.007322124137952,10.544837285560211,10,1.9893576161162927,2735.5935375150675,2636.871037530646,2550.912450128271,10,47.35853249296656,0.0,0.0,0.0,10,0.0,0.0,0.0,0.0,10,0.0,0.0,0.0,0.0,10,0.0,4870.091946147737,4777.345072213305,4603.36767143246,10,89.02929133509447,0.0,0.0,0.0,10,0.0,4.8846636,-0.22292824,-5.0202746,1000,1.0870315,1000,824.1171548117155,42,239,328.2933982163013,13475.181544303894,10809.533714524872,351.4602255821228,239,4436.916950666534,126302.0,157.6848795413971,200000.0,245.0,791.114798784256,49000000.0,1268.3524291084225,245000.0
5.318273e-07,3.685651e-08,60.355583,-0.0022098683,5.689671e-09,0.007038315,11.1792,158.38516,158.36595,10.075114,1264.5903,575.0465,1264.1028,1.0,-0.25184807,-1.0,10000,0.8575012,0.2546793485687273,0.2517058690705388,0.2457751020712953,10,0.0026371379896657,1000,1000.0,1000,10,0.0,13066.619106769562,12862.746224355698,12610.952531814575,10,173.87309016891817,0.0,0.0,0.0,10,0.0,-2.057236433474293,-2.1230126766292488,-2.216702245970801,10,0.047069742794785,-750.4000125,-759.05688,-772.1507374999999,10,6.789351142200537,399.1261438649148,386.8101474105724,369.1910820059818,10,8.866912776116207,438.57011080171134,414.13377689408514,397.3738214783026,10,10.332264006243776,0.0,0.0,0.0,10,0.0,0.0,0.0,0.0,10,0.0,0.0,0.0,0.0,10,0.0,0.0,0.0,0.0,10,0.0,-203.59590062868543,-209.1637570786676,-211.74016868194727,10,2.3632036491372594,-17.18780022204179,-18.72199880866144,-20.59462409361949,10,1.1699978383728615,2772.3469090141984,2702.064110762879,2600.1402625791884,10,51.40377082616015,2707.5662198306923,2470.622899599619,2246.8855302192173,10,127.0715405518191,0.0,0.0,0.0,10,0.0,-20.06596850022058,-20.502688912223192,-20.921982886532515,10,0.2302595799670069,203.6032795780845,191.1323598368092,174.90817602587484,10,8.289617419145191,15.180447827384478,13.656623478455804,10.635097880502128,10,1.9104976213702327,2726.4433868049964,2669.5418692554567,2586.1637124488,10,42.24236912411254,0.0,0.0,0.0,10,0.0,0.0,0.0,0.0,10,0.0,0.0,0.0,0.0,10,0.0,4914.876457784365,4815.189026818495,4689.149260348389,10,65.39170458186132,0.0,0.0,0.0,10,0.0,5.3786125,-0.22110254,-5.9009924,1000,1.0965905,1000,680.6277602523659,70,317,315.7622996683248,13452.119940757751,8801.903621893387,779.7717990875244,317,4271.215703682135,126619.0,182.89122653007507,200000.0,246.0,974.0060296058656,49200000.0,1093.5461683675217,246000.0
3.43606e-07,2.3796316e-08,66.90668,-0.0018798183,3.6921641e-09,0.0072323526,11.192101,158.41742,158.39827,10.535449,1259.5016,668.4176,1258.6964,1.0,-0.24735081,-1.0,9045,0.8599832,0.2723547451060583,0.2555104272251774,0.2497438444435981,10,0.0063132300583069,1000,904.5,370,10,202.81087248961776,13016.68745279312,11389.457301282882,3820.6621446609497,10,2902.038693897396,0.0,0.0,0.0,10,0.0,-0.6612679229745215,-1.8545145299484416,-2.2078675283103384,10,0.4632320723527103,-276.7789625,-684.4550512499999,-773.7494750000001,10,154.7258099847732,402.9735913937253,345.12072372561,135.12047301997,10,80.77164044257391,430.2663320872805,375.7195805091674,142.63675875363936,10,88.53118819049321,0.0,0.0,0.0,10,0.0,0.0,0.0,0.0,10,0.0,0.0,0.0,0.0,10,0.0,0.0,0.0,0.0,10,0.0,-85.82952168216605,-191.60366685259584,-212.6848111380585,10,39.91928004958878,-5.046039251056291,-15.47025131952569,-18.898485972899536,10,4.128407128069255,2796.9028119023696,2416.719758913948,825.934475775061,10,608.6784933060875,2559.308742954425,2211.643625793799,807.8757191216148,10,526.9952213986841,0.0,0.0,0.0,10,0.0,-7.043501129552499,-18.474158005354745,-20.77795258490714,10,4.19633040496916,204.5430502335868,175.8693906420601,91.18767892667566,10,32.83241356468614,19.654791868388443,13.709776341461067,10.539087717002616,10,2.585228785389358,2768.29121099364,2388.3449268163545,860.0581906664688,10,591.7370607133275,0.0,0.0,0.0,10,0.0,0.0,0.0,0.0,10,0.0,0.0,0.0,0.0,10,0.0,4874.981813324406,4182.583493844383,1227.723825624808,10,1149.3910332710293,0.0027027027027027,0.0004184184184184,0.0,10,0.000880264139361,5.2682533,-0.2210192,-4.9668818,1000,1.0873758,1000,828.534188034188,69,234,310.72485029662835,13415.113181114197,10807.676834944989,714.5153999328613,234,4199.26933407288,126853.0,156.7760181427002,200000.0,247.0,1130.7820525169373,49400000.0,1275.7053174928617,247000.0
2.547651e-07,1.7699067e-08,72.40461,-0.0014710986,2.6821405e-09,0.007263467,11.146716,157.88864,157.86989,10.179898,1267.6981,583.26196,1267.2637,1.0,-0.23978798,-1.0,10000,0.86040926,0.2612227716130051,0.2563839857964048,0.2512360977095,10,0.0033531740723014,1000,1000.0,1000,10,0.0,13064.350584983826,12751.522321534158,12106.001826763151,10,277.768740099475,0.0,0.0,0.0,10,0.0,-2.027380414684892,-2.147390469119808,-2.241735200777673,10,0.067490941083662,-758.0976375,-770.7612175,-782.2958125,10,8.381181178560082,397.9310330469797,387.127229519942,363.0011064595628,10,10.552981076001752,426.3810527112889,418.3679479104911,404.4699039912673,10,6.963642835206203,0.0,0.0,0.0,10,0.0,0.0,0.0,0.0,10,0.0,0.0,0.0,0.0,10,0.0,0.0,0.0,0.0,10,0.0,-208.70395253827576,-213.12543632586767,-217.80156992456503,10,3.1362848622482207,-15.98905583955455,-18.06882918341093,-20.5248826364489,10,1.2022068691003611,2757.1859571683094,2678.1371471183493,2532.149230275025,10,64.59450141900727,2632.404196774063,2529.9699683312942,2367.5866922368136,10,74.95802047074034,0.0,0.0,0.0,10,0.0,-19.63570158526376,-20.22340159815196,-20.687809954609047,10,0.3448273063979374,239.1279731873668,207.8921282329497,193.931568825788,10,12.57064041897326,15.244886767463766,12.836654506444258,10.636625364331966,10,2.0370646459004043,2761.396126045113,2638.991722929485,2427.2166614043035,10,80.81458619725841,0.0,0.0,0.0,10,0.0,0.0,0.0,0.0,10,0.0,0.0,0.0,0.0,10,0.0,4871.797882500155,4689.400366067539,4382.392167048921,10,150.11880432207607,0.0,0.0,0.0,10,0.0,4.938869,-0.22181554,-5.452132,1000,1.0856422,1000,818.8455284552846,46,246,331.2374932756707,13495.902784347534,10702.670943412357,435.40885400772095,246,4463.835508260071,127099.0,158.0983066558838,200000.0,248.0,1288.8803651332855,49600000.0,1265.0356871646911,248000.0
2.0312247e-07,1.4101185e-08,76.7976,-0.0011652634,2.1486137e-09,0.0073090713,11.058562,157.00826,156.98946,9.040134,1285.7336,447.40347,1285.9216,1.0,-0.24317586,-1.0,10000,0.8578599,0.2590806400330376,0.254126391720802,0.2505920225731841,10,0.0026162380888534,1000,1000.0,1000,10,0.0,13026.651490211489,12713.41383061409,12329.503343582152,10,199.9748855760114,0.0,0.0,0.0,10,0.0,-2.009724310799082,-2.1036437048630736,-2.1998724378274424,10,0.0655500278510028,-754.9396375,-765.54459625,-780.1049499999999,10,9.823602002338292,403.44429398676414,389.51408505825583,374.5287969516894,10,9.985326075595207,425.2031755355695,416.4670716743872,404.80670768818896,10,5.788524206074238,0.0,0.0,0.0,10,0.0,0.0,0.0,0.0,10,0.0,0.0,0.0,0.0,10,0.0,0.0,0.0,0.0,10,0.0,-208.02106524453723,-211.0899544083611,-215.4568882876438,10,2.297557217829344,-16.10318117979056,-17.924011992329035,-19.117621411353216,10,0.8291659852454106,2730.4574967554427,2679.6323016005567,2606.1879189343863,10,44.92268715674097,2661.97142746104,2459.572418804963,2328.172750666822,10,112.48359731819735,0.0,0.0,0.0,10,0.0,-19.80571209727212,-20.475378859798965,-20.817163411320305,10,0.3016644851912144,224.1792032998842,197.23471983691297,186.99226558129988,10,11.249074840950296,15.1070393892777,12.86358788131379,10.57264683982805,10,1.937683871622178,2722.7984618489845,2683.455913205663,2609.568568749545,10,33.79278150206832,0.0,0.0,0.0,10,0.0,0.0,0.0,0.0,10,0.0,0.0,0.0,0.0,10,0.0,4865.239287978175,4680.721364458268,4479.557701321934,10,135.06343410715056,0.0,0.0,0.0,10,0.0,5.1527166,-0.22091968,-4.765412,1000,1.0839802,1000,874.0964912280701,53,228,282.47483878939033,13468.592062950134,11414.841476132407,468.01357412338257,228,3797.88673052221,127327.0,157.43691754341123,200000.0,249.0,1446.317287683487,49800000.0,1270.3500749425718,249000.0
1.6938988e-07,1.1771747e-08,80.403336,-0.0009941913,1.7794441e-09,0.007426458,11.049494,156.91704,156.89833,8.787681,1289.4156,422.0268,1289.539,1.0,-0.24613933,-1.0,10000,0.85632604,0.2584634459249003,0.2524175644494068,0.2492570645197372,10,0.0025422733698649,1000,1000.0,1000,10,0.0,13030.885033130646,12805.36703810692,12354.807868003843,10,179.22832516994774,0.0,0.0,0.0,10,0.0,-2.058110979907103,-2.135057390487785,-2.2096758539783705,10,0.0485498041558377,-754.4264625,-765.8564487499999,-778.6641125,10,6.852923953294604,409.76297715104266,395.4450167992563,368.60765695812006,10,11.35662649135202,432.5633504854943,417.8778632286379,407.4432578988496,10,7.527031585175876,0.0,0.0,0.0,10,0.0,0.0,0.0,0.0,10,0.0,0.0,0.0,0.0,10,0.0,0.0,0.0,0.0,10,0.0,-206.3719301193488,-209.2504505863293,-214.48312135136524,10,2.2029060589061755,-16.03606830165057,-17.698462310567287,-19.397391444004644,10,1.040435029800342,2761.1671051235194,2702.379148215186,2595.822541543702,10,48.011115861469776,2608.6554299601376,2494.639786327659,2402.8123072807257,10,67.9536851496439,0.0,0.0,0.0,10,0.0,-19.87798190346474,-20.28115591784896,-20.710827517677064,10,0.2646878593745878,214.85506715080697,202.2106829040069,195.22700466271377,10,7.355181245879175,15.093586974457333,13.346812234789098,10.68694365766122,10,1.7713539128501006,2708.164693519622,2682.501105348682,2629.348414356988,10,27.128266291667927,0.0,0.0,0.0,10,0.0,0.0,0.0,0.0,10,0.0,0.0,0.0,0.0,10,0.0,4880.64525026975,4702.937743182039,4406.643668202694,10,122.31385944011488,0.0,0.0,0.0,10,0.0,4.828023,-0.22355337,-5.023576,1000,1.0832936,1000,855.4635193133047,48,233,303.6518218727993,13406.074229240416,11144.681132693404,444.8504295349121,233,4067.567051894479,127560.0,158.36770915985107,200000.0,250.0,1604.6850020885468,50000000.0,1262.8837094443709,250000.0
1.4564408e-07,1.0125793e-08,83.360466,-0.0007960015,1.5257341e-09,0.00746484,11.028539,156.69402,156.6754,8.549264,1293.6351,350.43735,1293.9341,1.0,-0.24318522,-1.0,10000,0.85400605,0.2552603471857312,0.2516194496974054,0.2471159405086643,10,0.0023099590756548,1000,1000.0,1000,10,0.0,13151.215043067932,12794.824632310869,12427.463374614716,10,195.28476953891115,0.0,0.0,0.0,10,0.0,-2.055488910504037,-2.1640409857087297,-2.280201478746731,10,0.0658050515053918,-757.2094500000001,-769.4506475,-781.565525,10,7.701069688225148,412.6093535869832,400.90415515945085,391.3331201880951,10,6.315312251373361,428.7666574331032,419.7109299989209,411.3508233894841,10,4.731284706888444,0.0,0.0,0.0,10,0.0,0.0,0.0,0.0,10,0.0,0.0,0.0,0.0,10,0.0,0.0,0.0,0.0,10,0.0,-204.1591120671617,-208.18951164904675,-211.18806315366984,10,2.004758301583702,-17.108115013904836,-17.72213270624804,-18.475597277613502,10,0.39048934244044,2775.062199296245,2716.361879620098,2556.052984330434,10,66.05251172405546,2586.549103281741,2447.123076094516,2332.4817694377925,10,72.28916143817624,0.0,0.0,0.0,10,0.0,-20.27694102110242,-20.61891050025653,-20.98891780628627,10,0.2598403274788343,221.3864577972041,199.45077686271688,187.43347013226176,10,9.188588074381991,15.210413714100774,12.254117175321571,10.528843646377938,10,2.000466909271657,2729.6929310303003,2687.228668646872,2555.013433839187,10,47.33104030292587,0.0,0.0,0.0,10,0.0,0.0,0.0,0.0,10,0.0,0.0,0.0,0.0,10,0.0,4843.419147410649,4721.746754075245,4570.770505410455,10,80.04832861578564,0.0,0.0,0.0,10,0.0,5.438708,-0.22565,-4.9637046,1000,1.0831547,1000,858.7136563876652,59,227,291.22017638736673,13395.631289482117,11172.846984620135,587.114725112915,227,3930.470556336581,127787.0,181.287921667099,200000.0,251.0,1785.9729294776917,50200000.0,1103.2174574060273,251000.0
1.2803832e-07,8.896371e-09,85.76938,-0.0007124558,1.3466961e-09,0.0075740064,11.062721,156.99188,156.97353,8.8312235,1288.4995,475.4615,1288.4207,1.0,-0.24742283,-1.0,8345,0.8561515,0.2546458802848239,0.2516144989996228,0.2480330896207309,10,0.0019094426750025,1000,834.5,167,10,331.0091388466488,13061.564128398895,10626.170456385613,1558.071168899536,10,4529.138559731343,0.0,0.0,0.0,10,0.0,-0.2688045415012033,-1.8067415360056345,-2.258394353621397,10,0.7663828326320471,-114.1419625,-637.4146675,-773.78895,10,259.0643264690374,406.53762601815424,330.9977679950558,60.63424732554162,10,134.38965752307377,424.6515265154138,349.2499513414419,60.7201648392428,10,141.5927471105554,0.0,0.0,0.0,10,0.0,0.0,0.0,0.0,10,0.0,0.0,0.0,0.0,10,0.0,0.0,0.0,0.0,10,0.0,-35.407839719122094,-174.17271380401593,-210.3776682192488,10,68.53797726799209,-1.8289667666173488,-14.695861853040975,-19.78967452661994,10,6.51369961149971,2790.214899104005,2275.688759888337,335.67419152917506,10,964.1014130032512,2622.524348759627,2103.53511949158,418.4201754631315,10,839.6026857599439,0.0,0.0,0.0,10,0.0,-3.5302030877834465,-17.12229925869039,-20.95030533751456,10,6.694772722386343,217.233467151722,174.4922551949855,43.45823847455918,10,65.61432829589884,14.910430249184234,10.572382489659436,2.227969740305346,10,4.481620589520209,2684.720696823968,2182.7994936174955,229.69074791078623,10,932.310370911996,0.0,0.0,0.0,10,0.0,0.0,0.0,0.0,10,0.0,0.0,0.0,0.0,10,0.0,4864.466471679782,3870.048668122456,350.61209569779885,10,1726.5534374746385,0.0059880239520958,0.0011606001480185,0.0,10,0.0023226746505093,5.3067436,-0.21625927,-5.395044,1000,1.104922,1000,488.36103896103896,38,385,293.1805383930302,13302.0612077713,6128.982234901731,298.80007791519165,385,3871.794235183245,128172.0,153.87217950820923,200000.0,252.0,1939.8451132774355,50400000.0,1299.7801203519691,252000.0
1.144594e-07,7.960761e-09,87.91127,-0.00062868965,1.1959923e-09,0.0076615904,11.120909,157.5256,157.50714,9.743205,1274.4803,598.49994,1273.9897,1.0,-0.24941164,-1.0,10000,0.85391617,0.2553894265327044,0.250120362672139,0.2414746584227957,10,0.0042003913775618,1000,1000.0,1000,10,0.0,13105.441400527954,12723.288437414169,12323.13311958313,10,277.67124168827075,0.0,0.0,0.0,10,0.0,-2.0614026359663065,-2.16732984142684,-2.240478229456865,10,0.0599723570549806,-745.1301,-762.412255,-775.565325,10,8.234466076200714,398.3474243984918,386.3355224463688,367.1960979110034,10,11.171674424276716,428.6073472870394,414.5974159900505,407.1559444647803,10,5.927921867743681,0.0,0.0,0.0,10,0.0,0.0,0.0,0.0,10,0.0,0.0,0.0,0.0,10,0.0,0.0,0.0,0.0,10,0.0,-199.4770556131093,-207.23565401337424,-212.40962575236404,10,3.843532741561463,-17.116957161914407,-18.655403763617223,-19.82637590532228,10,0.8653887343860043,2788.608255597077,2709.989959762504,2629.245691331076,10,54.878200926867486,2605.2670839612174,2463.687651099813,2309.563456401275,10,85.51788197592356,0.0,0.0,0.0,10,0.0,-20.135055499201258,-20.768065370022537,-21.589553109929334,10,0.41881346112708,215.35669904082908,197.7966283353187,182.88213789870315,10,9.50336378905388,15.111995154026395,12.3292130536093,10.26235775570684,10,2.097306414805751,2698.537720809042,2628.17111248156,2544.1169897074665,10,48.75340652009147,0.0,0.0,0.0,10,0.0,0.0,0.0,0.0,10,0.0,0.0,0.0,0.0,10,0.0,4934.921475405747,4714.628727710596,4393.120164454004,10,159.09815978649343,0.0,0.0,0.0,10,0.0,5.3946047,-0.22597408,-5.2154064,1000,1.0940356,1000,622.0754189944134,38,358,400.1333470598192,13450.002068519592,7999.899182648299,264.0357494354248,358,5358.5257609693535,128530.0,158.6669614315033,200000.0,253.0,2098.5120804309845,50600000.0,1260.5018599687512,253000.0
1.0367389e-07,7.2131447e-09,89.72049,-0.0005380181,1.0807676e-09,0.0077156564,11.146441,157.77693,157.75839,10.324791,1265.5879,679.5958,1264.9008,1.0,-0.25827813,-1.0,10000,0.85093826,0.2488971516614131,0.2463374940794289,0.2427669464498815,10,0.0020323916422057,1000,1000.0,1000,10,0.0,13016.957616329191,12661.809481954577,12208.533259391785,10,216.5923563080565,0.0,0.0,0.0,10,0.0,-2.085349838112619,-2.1854776955825503,-2.2605160828885595,10,0.0485582082689578,-737.78775,-755.3541250000001,-765.8742125,10,7.687967810792482,399.59662081594274,384.67476126570654,366.98380394562616,10,10.615039230726524,434.9391727512938,414.36230362164525,406.360240837061,10,8.397369671001854,0.0,0.0,0.0,10,0.0,0.0,0.0,0.0,10,0.0,0.0,0.0,0.0,10,0.0,0.0,0.0,0.0,10,0.0,-200.22019417211743,-203.78838899311967,-206.0051127086168,10,1.7561457315871585,-16.666367685732173,-17.780527531166868,-19.31974843645912,10,0.9590734265283984,2743.1748686728106,2691.5277730315765,2587.106695613308,10,48.178015791167816,2547.633240115487,2354.372844930705,2232.774360740673,10,85.42689989140113,0.0,0.0,0.0,10,0.0,-20.39684938475059,-20.848697333188973,-21.233064034822966,10,0.2334657241143902,217.7702695131269,191.1672374696444,174.36678422799227,10,11.124701312999346,14.948550235671672,11.776095131864713,10.273795501063494,10,2.0312844287664142,2662.974019708832,2619.193143715544,2563.5326996036897,10,31.51307192192404,0.0,0.0,0.0,10,0.0,0.0,0.0,0.0,10,0.0,0.0,0.0,0.0,10,0.0,4915.047228435968,4791.14482412997,4555.125769384429,10,99.67437761010478,0.0,0.0,0.0,10,0.0,5.2318087,-0.2256022,-5.501463,1000,1.0839335,1000,853.4655172413793,52,232,297.98274166162827,13422.853793144226,11157.086285863714,515.9387431144714,232,4021.0354323416254,128762.0,157.14710903167725,200000.0,254.0,2255.6591942310333,50800000.0,1272.6928368735348,254000.0
9.488931e-08,6.6130275e-09,91.241135,-0.000491037,9.781179e-10,0.0077903275,11.148526,157.75021,157.73174,10.466074,1262.9547,661.9398,1262.2744,1.0,-0.25259158,-1.0,10000,0.8542389,0.2539692638269014,0.2494685735763532,0.2450287177429574,10,0.0031752677834805,1000,1000.0,1000,10,0.0,13183.69590330124,12900.783113718033,12552.06263780594,10,186.6729000704384,0.0,0.0,0.0,10,0.0,-2.166021327002378,-2.2399440174729137,-2.278589910190572,10,0.0335758268292474,-750.9724,-764.4886399999999,-774.4008125,10,6.2725750157326905,398.7329980050975,390.71777563649295,379.70769447115214,10,5.138511210369823,421.3683403958961,414.4260773078972,404.68999245618966,10,4.940406136545881,0.0,0.0,0.0,10,0.0,0.0,0.0,0.0,10,0.0,0.0,0.0,0.0,10,0.0,0.0,0.0,0.0,10,0.0,-202.8993995346217,-206.4673743239629,-210.3327790856685,10,2.884432159306624,-15.800558356239351,-18.15492080681349,-19.1443514151207,10,0.8640444219589872,2787.803522364205,2719.0116594359943,2650.3052578000347,10,40.00452172412525,2610.079872256796,2506.1238004312454,2379.3696396872306,10,75.79684996153371,0.0,0.0,0.0,10,0.0,-20.088010422996177,-20.890625438515325,-21.509055471868315,10,0.4521425452640781,214.94361420471392,194.13435526734244,175.9034947967259,10,10.527966568201634,15.069203439618368,12.659415709133604,10.328340318098553,10,2.15174240824014,2698.329083602898,2629.122525463434,2552.094449276942,10,37.6511856516854,0.0,0.0,0.0,10,0.0,0.0,0.0,0.0,10,0.0,0.0,0.0,0.0,10,0.0,4937.127283542583,4840.605472333423,4589.099596596994,10,96.1039546132118,0.0,0.0,0.0,10,0.0,5.016445,-0.21901502,-5.6820993,1000,1.0857685,1000,827.9957264957264,59,234,310.6244675018325,13456.644493103027,10822.095564849356,604.162449836731,234,4214.047256256377,128996.0,157.03831720352173,200000.0,255.0,2412.6975185871124,51000000.0,1273.5745234763303,255000.0
8.758833e-08,6.109869e-09,92.62072,-0.0004910131,8.971974e-10,0.007900667,11.176622,157.99377,157.97546,11.045409,1257.6761,760.7577,1256.5836,1.0,-0.25258952,-1.0,10000,0.8531366,0.2525839263133399,0.2491172927380453,0.2449201186885036,10,0.0021184278828652,1000,1000.0,1000,10,0.0,13098.330139160156,12899.415070533752,12394.529218673706,10,194.37236077827703,0.0,0.0,0.0,10,0.0,-2.096444406680652,-2.212753797332806,-2.305787326024376,10,0.064774836135574,-754.68305,-763.20372875,-772.3086375,10,4.410887906692687,393.0848909052833,379.07692362908045,354.5143517551518,10,11.107499244026334,421.9394487388949,413.0159989996864,405.49628555907344,10,5.597527080874007,0.0,0.0,0.0,10,0.0,0.0,0.0,0.0,10,0.0,0.0,0.0,0.0,10,0.0,0.0,0.0,0.0,10,0.0,-201.91043831482204,-206.1566208733077,-209.1693131267578,10,2.05165317035066,-16.49348692552446,-17.80994565468742,-18.921573748347388,10,0.9293011461942876,2783.244888457107,2731.676646965207,2648.755672804896,10,41.132863046850176,2567.456186521838,2454.740794591311,2176.006279811123,10,103.60810203961212,0.0,0.0,0.0,10,0.0,-20.27148215808657,-21.13505412345979,-21.665483989217776,10,0.3756648048438251,201.7074048324555,184.8171838828725,169.66088959050313,10,9.839654996141594,14.080587888946267,11.118395766820363,10.276534223495258,10,1.0697087855255991,2722.889797750628,2670.759164840756,2634.93250449878,10,21.03409060276224,0.0,0.0,0.0,10,0.0,0.0,0.0,0.0,10,0.0,0.0,0.0,0.0,10,0.0,4937.203646108521,4858.814910624842,4761.815841718346,10,60.20859188793971,0.0,0.0,0.0,10,0.0,5.569936,-0.20760258,-6.2992396,1000,1.0978297,1000,651.3546325878594,37,313,352.1124458965012,13417.29984664917,8339.35087839045,326.106556892395,313,4686.757939286212,129309.0,182.40346121788025,200000.0,256.0,2595.1009850502014,51200000.0,1096.4704214746273,256000.0
8.1478e-08,5.6843548e-09,93.92771,-0.00043140873,8.338848e-10,0.007945627,11.141242,157.58356,157.56537,11.31533,1260.5298,705.0078,1259.6846,1.0,-0.24477324,-1.0,10000,0.856918,0.2569888718770452,0.2531695793444103,0.2505637963004655,10,0.0018387382923351,1000,1000.0,1000,10,0.0,13078.725440979004,12863.21275281906,12625.92247247696,10,162.098476327462,0.0,0.0,0.0,10,0.0,-2.064591694924996,-2.195632755415299,-2.3097782038586443,10,0.0686662415859258,-764.8478625,-770.12369625,-778.328575,10,3.941011391940884,391.2359376670991,379.12762470391135,360.30040908719786,10,9.285798926719478,428.6329162446531,415.24518670638327,401.315642113426,10,7.570588385438459,0.0,0.0,0.0,10,0.0,0.0,0.0,0.0,10,0.0,0.0,0.0,0.0,10,0.0,0.0,0.0,0.0,10,0.0,-207.098000077522,-209.90539095518983,-214.2000939009237,10,1.8892416362712483,-17.51701808974986,-18.73288999671989,-19.96626483343298,10,0.811638688345739,2744.309978129869,2701.97306612654,2655.4437419822407,10,28.02517551612334,2592.9910319434857,2448.35554088404,2183.4892701307126,10,110.984021098206,0.0,0.0,0.0,10,0.0,-20.323434278006903,-21.091195881873222,-21.61646336340596,10,0.3652503626831612,207.559109661078,190.0260404437421,178.84325549326743,10,8.248485354470084,15.49611597986539,12.42416401417779,10.42329251513522,10,2.360190034282972,2720.013005111752,2686.2667004639607,2647.2375927103267,10,23.858284471314995,0.0,0.0,0.0,10,0.0,0.0,0.0,0.0,10,0.0,0.0,0.0,0.0,10,0.0,4940.87407449528,4842.185736811591,4708.7071347075325,10,76.59274872721468,0.0,0.0,0.0,10,0.0,5.1284046,-0.21066822,-5.0919495,1000,1.0880479,1000,808.8132780082988,50,241,319.30742348881245,13373.641011714935,10484.85385535268,521.5425419807434,241,4262.037350131306,129550.0,157.4793357849121,200000.0,257.0,2752.5803260803223,51400000.0,1270.0078966116755,257000.0
7.61909e-08,5.321735e-09,95.02649,-0.00041186035,7.7353735e-10,0.0080139795,11.075147,156.90306,156.88496,10.575756,1272.2747,559.843,1271.9111,1.0,-0.25927594,-1.0,10000,0.8528597,0.2498193795060243,0.2470248818241557,0.2426176753124303,10,0.0022113611969271,1000,1000.0,1000,10,0.0,12970.397107124329,12697.706228399276,12372.10262298584,10,179.13635603048434,0.0,0.0,0.0,10,0.0,-2.123760074984543,-2.1748126166143065,-2.261856281785776,10,0.0384621071431668,-750.1829,-757.138395,-764.4531125000001,10,4.431191393347283,391.8660023008069,373.722010575294,346.9838268132509,10,11.3437820573156,417.4630539517518,412.3785421045383,401.5657012687065,10,5.5351962916372965,0.0,0.0,0.0,10,0.0,0.0,0.0,0.0,10,0.0,0.0,0.0,0.0,10,0.0,0.0,0.0,0.0,10,0.0,-200.3917517969532,-204.47537833723567,-207.077706197848,10,2.066768758092558,-17.18327120936444,-18.241507273352333,-19.49719522013592,10,0.7927616864868412,2744.809174685759,2689.1640030409194,2635.0998113323067,10,35.3358156104843,2585.1459905085976,2372.265011470829,2236.950101780957,10,90.31262629723068,0.0,0.0,0.0,10,0.0,-20.496016438384235,-20.95198594499578,-21.592074798066893,10,0.3292795391591691,192.48941086237545,182.69511607267788,172.3282608437919,10,5.703892638888226,15.178023838986078,12.406082034542388,10.386004336298924,10,2.15500933153687,2694.5192441522668,2637.458067137403,2588.3899534863112,10,31.36855703773469,0.0,0.0,0.0,10,0.0,0.0,0.0,0.0,10,0.0,0.0,0.0,0.0,10,0.0,4881.870092379335,4816.365581398874,4580.633442055709,10,83.18583247339967,0.0,0.0,0.0,10,0.0,5.102375,-0.2194141,-5.039104,1000,1.0833936,1000,839.7948717948718,44,234,313.9331285552239,13390.294564247131,10944.675382015032,484.8968868255615,234,4202.010984479604,129784.0,157.54183888435364,200000.0,258.0,2910.122170448303,51600000.0,1269.504034079566,258000.0
7.171539e-08,5.0052207e-09,95.97418,-0.00039688047,7.3201234e-10,0.008074815,11.068706,156.73964,156.72144,9.903849,1275.2235,561.95844,1274.7861,1.0,-0.25352168,-1.0,9192,0.85479265,0.265156191152816,0.2507868236450939,0.2443669667974357,10,0.0052537005215908,1000,919.2,192,10,242.4,13054.247881889343,11767.337155342102,1985.168975830078,10,3264.1376445374435,0.0,0.0,0.0,10,0.0,-0.4908534432800966,-2.045276448856883,-2.2583801519696385,10,0.5192223479423087,-152.84720000000002,-702.5839450000001,-773.15735,10,183.3343619971285,397.28131416392887,354.9380574416694,72.6787083718033,10,94.67899798792313,417.2465424096132,377.9190014431396,81.65553569474008,10,98.88719152920058,0.0,0.0,0.0,10,0.0,0.0,0.0,0.0,10,0.0,0.0,0.0,0.0,10,0.0,0.0,0.0,0.0,10,0.0,-42.60360172655446,-189.8577922517689,-209.61040436314067,10,49.12203323218261,-3.37061194545056,-17.512927298648908,-19.98044480045996,10,4.810318179602555,2765.100018823932,2490.4948464101008,456.9700500590036,10,679.7119554124739,2640.0386144234017,2279.19418050338,403.1571642924332,10,632.693283872343,0.0,0.0,0.0,10,0.0,-2.903337278669673,-19.04938472188559,-21.39065489192233,10,5.391291735705072,197.36688559550248,170.23368920212056,48.33403268063751,10,41.242127119306,15.596321562205748,13.78447026322425,10.41044538632795,10,2.196966868342826,2716.8146214958915,2453.747643576652,468.34708922494406,10,662.3095825221005,0.0,0.0,0.0,10,0.0,0.0,0.0,0.0,10,0.0,0.0,0.0,0.0,10,0.0,4861.506124548792,4368.441020154324,598.9141224296944,10,1258.884872334273,0.0052083333333333,0.0005208333333333,0.0,10,0.0015624999999999,5.3779325,-0.22654063,-5.731848,1000,1.0920749,1000,647.3286219081272,46,283,323.2367686625631,13354.20894432068,8282.883837566043,343.78761291503906,283,4290.319620539995,130067.0,156.32651019096377,200000.0,259.0,3066.4486875534058,51800000.0,1279.3735352736144,259000.0
6.7696725e-08,4.7289657e-09,96.79065,-0.0003345774,6.867712e-10,0.008077829,11.07547,156.80058,156.78241,10.130856,1269.3759,613.0481,1268.7777,1.0,-0.2562717,-1.0,10000,0.8549861,0.2530542114177705,0.2490160429953036,0.2446754009449709,10,0.0029716375395648,1000,1000.0,1000,10,0.0,13039.75458431244,12678.50244755745,12179.827370643616,10,263.8234375723396,0.0,0.0,0.0,10,0.0,-2.148858757992842,-2.2308941825918565,-2.318902686454675,10,0.0531961941205503,-752.827725,-763.438605,-771.8744125000001,10,5.872973968261856,388.8335214611855,375.7292783846439,363.92792283534095,10,9.109427465612702,419.37082593980415,411.76981296295344,402.5366140278514,10,5.274716567264899,0.0,0.0,0.0,10,0.0,0.0,0.0,0.0,10,0.0,0.0,0.0,0.0,10,0.0,0.0,0.0,0.0,10,0.0,-201.95444984946656,-206.1161160231284,-210.2947830387014,10,2.739748459096496,-16.509163108487872,-17.277437090672418,-18.687105338540626,10,0.6493907041314788,2774.8502130857228,2703.640846616658,2585.561566060479,10,48.89461988562937,2619.8746495567266,2510.913377717701,2347.994877614,10,76.20915956849892,0.0,0.0,0.0,10,0.0,-19.97911110492916,-20.50802916278336,-21.18776179975991,10,0.3593142586157525,208.7700798602449,186.97065814146885,178.2841572064475,10,8.752362771434298,15.591621442922444,13.580436002685,10.374737182653362,10,2.081710803719605,2702.375664104429,2636.1283496760534,2547.1553155461343,10,49.67063836723395,0.0,0.0,0.0,10,0.0,0.0,0.0,0.0,10,0.0,0.0,0.0,0.0,10,0.0,4824.988383826847,4643.589787383879,4241.987630001024,10,186.8795604851963,0.0,0.0,0.0,10,0.0,5.264661,-0.23181412,-5.3365235,1000,1.0802785,1000,838.4291666666667,60,240,312.4666701948208,13399.95986366272,10934.113715679448,597.4205408096313,240,4193.245759331767,130307.0,158.30702877044678,200000.0,260.0,3224.755720853805,52000000.0,1263.3677831829573,260000.0
6.425257e-08,4.4852997e-09,97.30255,-0.00020682323,6.549061e-10,0.007991026,11.031561,156.33214,156.31389,9.69782,1274.3693,508.3193,1274.192,1.0,-0.24581793,-1.0,10000,0.85507065,0.255407703752819,0.2517715620523092,0.2472606954279383,10,0.0028508526631682,1000,1000.0,1000,10,0.0,13015.853994369509,12849.13032259941,12516.182208538055,10,142.55300830840562,0.0,0.0,0.0,10,0.0,-2.1578991338476587,-2.263497082078684,-2.3211048704384742,10,0.0466697626000843,-765.696575,-773.6271025,-784.0327125,10,5.695599592963724,394.0554988829978,383.5360609356306,373.47667836568405,10,6.397176460018697,432.4756629630368,413.8721845209023,404.7986241501079,10,8.808113029701568,0.0,0.0,0.0,10,0.0,0.0,0.0,0.0,10,0.0,0.0,0.0,0.0,10,0.0,0.0,0.0,0.0,10,0.0,-204.10446529801249,-208.18560991297613,-211.37208202664664,10,2.5999964501583035,-16.6019973706303,-17.399760227875785,-19.23274146861779,10,0.7870285158796277,2798.5741978400083,2721.771475542213,2605.0818482891204,10,48.487277218816885,2586.853904176802,2477.6403761715824,2329.6639496327466,10,85.11617585595297,0.0,0.0,0.0,10,0.0,-19.61628750966313,-20.614968771276686,-21.387552718898924,10,0.4650092130730211,219.33733966258004,192.0050557471488,176.5102715901996,10,12.231640658798565,14.905510518482608,12.938942380539237,10.456407006693546,10,1.976805554162864,2734.265130162078,2679.481915711088,2555.5608569730493,10,46.676961719288336,0.0,0.0,0.0,10,0.0,0.0,0.0,0.0,10,0.0,0.0,0.0,0.0,10,0.0,4872.509267498215,4782.158437766933,4605.931999432048,10,73.34747980724516,0.0,0.0,0.0,10,0.0,5.224087,-0.22845522,-5.0931277,1000,1.0795674,1000,856.1228813559322,70,236,299.0973952566704,13433.78759431839,11200.777138876712,721.0407762527466,236,4049.9960341529177,130543.0,182.3810887336731,200000.0,261.0,3407.136815071106,52200000.0,1096.6049242751008,261000.0
6.122626e-08,4.2664134e-09,97.58273,-0.0002185725,6.316871e-10,0.00802519,11.001319,155.99065,155.9724,8.966765,1280.7958,492.71555,1280.7823,1.0,-0.24073552,-1.0,9201,0.85352165,0.2554370411619087,0.2522089886742643,0.2477349771444366,10,0.0023207365685398,1000,920.1,301,10,208.5092084297478,13117.708946704865,11611.244918870923,3560.5592498779297,10,2739.167457220247,0.0,0.0,0.0,10,0.0,-0.7031295221124144,-2.074382281913409,-2.3647936798617746,10,0.4723614730864934,-234.0078,-713.7751074999999,-784.5458874999999,10,161.8640370619771,397.1210821639157,350.4089746609557,115.84722277882491,10,80.3725145861329,423.9597632359612,379.2395504960692,124.52688414644253,10,86.40141679333453,0.0,0.0,0.0,10,0.0,0.0,0.0,0.0,10,0.0,0.0,0.0,0.0,10,0.0,0.0,0.0,0.0,10,0.0,-63.12842486024241,-191.68378119499872,-210.91731776963843,10,43.20107654827675,-5.834833803379795,-16.09601496598546,-18.897389453903656,10,3.658876586312619,2750.988767256574,2463.839638943454,789.5545081868837,10,568.2919357492043,2632.377425617801,2250.536343832273,755.0763610976006,10,522.9497530247179,0.0,0.0,0.0,10,0.0,-5.529277064568737,-18.54698972499993,-20.74417586747089,10,4.404131041489808,220.87113888637825,185.74068452458727,69.27880619453563,10,41.37310288112389,15.08507596422332,11.321342091299403,3.3734124845226545,10,3.200269631153408,2731.965017336749,2441.435244201367,775.3756801520424,10,567.3431245037611,0.0,0.0,0.0,10,0.0,0.0,0.0,0.0,10,0.0,0.0,0.0,0.0,10,0.0,4866.789624199985,4279.731062645828,1173.750519412007,10,1072.118953887485,0.0033222591362126,0.0004433370247323,0.0,10,0.0010152091653643,5.4758024,-0.22056974,-5.4272313,1000,1.0926064,1000,637.5679347826087,22,368,371.6437353663307,13381.399092674255,8179.091533176277,182.1070785522461,368,4984.9658537028,130911.0,156.4193184375763,200000.0,262.0,3563.5561397075653,52400000.0,1278.614444799642,262000.0
5.8411022e-08,4.0686765e-09,97.78159,-0.00014240065,6.0420535e-10,0.007964926,11.036357,156.302,156.28369,9.420582,1274.6088,579.365,1274.2765,1.0,-0.24183977,-1.0,10000,0.8516994,0.256035044968452,0.2510609580059532,0.2461894436181474,10,0.0032652972266046,1000,1000.0,1000,10,0.0,12856.632143497469,12576.440808010102,12256.35976934433,10,178.54882831447577,0.0,0.0,0.0,10,0.0,-2.14264197903693,-2.2499724041357245,-2.420933128161734,10,0.0789533767672592,-761.8082875,-773.9665875,-785.6511875,10,7.766890581516513,390.5052350963865,375.59002517645007,360.7743916611532,10,9.403772438843673,425.8223753533895,412.6972304844735,403.46193424236174,10,6.398780689195366,0.0,0.0,0.0,10,0.0,0.0,0.0,0.0,10,0.0,0.0,0.0,0.0,10,0.0,0.0,0.0,0.0,10,0.0,-203.03110299334128,-207.31798944479868,-211.84362008816885,10,2.966274756230567,-15.059740184977889,-16.90789065445946,-19.363252956724345,10,1.1372361194391554,2728.526257770557,2662.996452679773,2586.92151852794,10,42.342370640104434,2446.47404750183,2323.738574153641,2157.8738647314367,10,97.98542862321882,0.0,0.0,0.0,10,0.0,-20.07852935314542,-20.42043874353418,-20.735871802961857,10,0.2140312045125767,217.84330125980352,197.22762452331392,183.2364692346517,10,9.093012512769926,14.533327681712976,11.118951028469777,10.51597792360361,10,1.2035480490689836,2747.334464894983,2689.3530755157094,2628.770806006525,10,32.84244523322242,0.0,0.0,0.0,10,0.0,0.0,0.0,0.0,10,0.0,0.0,0.0,0.0,10,0.0,4821.55241743518,4717.875855547138,4529.950877771258,10,84.75087427704047,0.0,0.0,0.0,10,0.0,4.968072,-0.2154295,-4.946372,1000,1.081692,1000,871.7619047619048,50,231,285.8110196994743,13391.677464485168,11352.70297246423,478.5642828941345,231,3847.327224814144,131142.0,157.8434512615204,200000.0,263.0,3721.399595499039,52600000.0,1267.0782246685244,263000.0
5.5901094e-08,3.891419e-09,97.9544,-0.00016269168,5.8066835e-10,0.007999044,11.009544,156.07317,156.05467,9.092588,1279.5116,482.5876,1279.4839,1.0,-0.23361479,-1.0,10000,0.85233736,0.2563942596927688,0.253555525041386,0.251009535101181,10,0.00170374633038,1000,1000.0,1000,10,0.0,13085.8445687294,12697.936006593703,12161.612977981567,10,266.36524478407847,0.0,0.0,0.0,10,0.0,-2.195483434228179,-2.2928160704795006,-2.339566312873868,10,0.0429642988267876,-774.0455374999999,-782.7931974999999,-789.4407874999999,10,4.196136796431772,387.8387607233032,369.40004493301865,350.13008604288854,10,11.763761424247924,419.8490546198128,407.47618863820696,397.5258773531135,10,5.890304791277523,0.0,0.0,0.0,10,0.0,0.0,0.0,0.0,10,0.0,0.0,0.0,0.0,10,0.0,0.0,0.0,0.0,10,0.0,-206.75675658574065,-209.36367108234865,-211.79257931012955,10,1.5947719069459638,-17.050771521735765,-17.88627966487111,-19.484362251989083,10,0.7109069193490449,2788.640539758616,2693.6410949444985,2587.6912530171867,10,58.34895471107976,2516.2757610197923,2361.170111103154,2182.828607483222,10,98.47482198009706,0.0,0.0,0.0,10,0.0,-19.982357637268017,-20.35967634179728,-20.59375292928945,10,0.1748699530172813,212.1540601033297,197.411228488942,181.6913898918623,10,8.51683143407642,14.910459000416877,11.875960361086294,10.54916954498924,10,1.847253883560942,2761.791775069324,2679.623584757029,2579.32028407043,10,52.1191944393366,0.0,0.0,0.0,10,0.0,0.0,0.0,0.0,10,0.0,0.0,0.0,0.0,10,0.0,4898.482004344,4801.287899333007,4655.532144213718,10,64.45065159091487,0.0,0.0,0.0,10,0.0,5.2163973,-0.21127564,-5.1919866,1000,1.0845001,1000,821.7564102564103,71,234,313.4385742204299,13371.568549156187,10663.88168472714,769.8779153823853,234,4206.646973521645,131376.0,157.41410160064697,200000.0,264.0,3878.813701629639,52800000.0,1270.5342022495015,264000.0
5.376613e-08,3.740448e-09,98.05647,-0.00020588543,5.608439e-10,0.008050404,10.996932,155.95131,155.93275,8.86044,1284.8167,429.30585,1284.8744,1.0,-0.22967401,-1.0,8748,0.8553479,0.28345929927449,0.2584805658514021,0.2507802467558849,10,0.0095834825919032,1000,874.8,354,10,217.2628822417672,12829.116930961609,10858.71039776802,3422.7257113456726,10,3034.9979697212057,0.0,0.0,0.0,10,0.0,-0.6765468240690247,-2.0133698404526807,-2.4478242706332205,10,0.5539263751036038,-280.19355,-686.57485875,-787.8025749999999,10,168.72255649584244,386.0969717292938,322.9981689758416,139.8772762974452,10,79.22002296670497,429.5884861409951,360.5148996249696,138.17952867012175,10,95.23372565707376,0.0,0.0,0.0,10,0.0,0.0,0.0,0.0,10,0.0,0.0,0.0,0.0,10,0.0,0.0,0.0,0.0,10,0.0,-85.15996651857228,-185.4222488341897,-215.6612527650856,10,41.72357038322144,-4.191517092151612,-15.341679453856475,-19.04913060559176,10,4.511466514242755,2715.325131943543,2289.037853406596,779.3885218463897,10,631.0777578298364,2450.044298842405,2014.4818848885952,751.1981923101275,10,520.9448187740137,0.0,0.0,0.0,10,0.0,-6.38501206547447,-17.50802894087566,-20.50779967406788,10,4.622360328680292,214.1464085242592,179.15622114852766,69.30753386100216,10,45.23879296180192,28.47964220287125,13.435383640788691,8.056456071857069,10,5.517066188236995,2720.1536377773123,2268.123072413755,739.2536637376281,10,650.8918344161057,0.0,0.0,0.0,10,0.0,0.0,0.0,0.0,10,0.0,0.0,0.0,0.0,10,0.0,4874.736458932349,4132.998272296592,1087.637290393246,10,1199.8531657111023,0.0028248587570621,0.0005778968338845,0.0,10,0.0009554382311322,5.0979023,-0.20844218,-5.625967,1000,1.0850734,1000,806.5791666666667,51,240,344.1863139821787,13397.367736816406,10490.97971320947,541.1304082870483,240,4588.764358275348,131616.0,155.67496275901794,200000.0,265.0,4034.488669872284,53000000.0,1284.7281056337647,265000.0
5.180587e-08,3.6090784e-09,98.3594,-0.00016182156,5.3539123e-10,0.008030575,11.0063505,156.05861,156.04015,9.029482,1283.5416,443.64264,1283.4731,1.0,-0.23179848,-1.0,9699,0.8527515,0.2627109096401078,0.2543186132042654,0.2468728546266363,10,0.0045934244333612,1000,969.9,780,10,65.75173001526272,12737.09479188919,11862.078477549552,9006.32317328453,10,1046.3566257680336,0.0,0.0,0.0,10,0.0,-1.6973110837839078,-2.2580396119214465,-2.4707255906299386,10,0.2104475107010502,-611.9611875,-760.6911449999999,-790.4474,10,50.84869981281575,372.0738698045744,350.1750671097181,278.79662734644364,10,25.938285602399624,433.9383633697512,406.1389933237863,317.85152100620394,10,33.54535349592122,0.0,0.0,0.0,10,0.0,0.0,0.0,0.0,10,0.0,0.0,0.0,0.0,10,0.0,0.0,0.0,0.0,10,0.0,-169.57442828939617,-203.461500715727,-211.2736147093754,10,11.589826735923657,-12.385053783744894,-15.93907857153049,-17.602942010664734,10,1.475687019990758,2713.1185886895623,2525.392315308599,1936.340484355909,10,219.86413580330768,2421.889848146823,2137.314453504573,1631.772340027132,10,212.95855510317708,0.0,0.0,0.0,10,0.0,-16.771082613305158,-19.854209078185217,-20.892663308055155,10,1.0867923386953144,232.03411324370023,200.66853272635151,150.0504618375703,10,22.331623638861085,15.405742620376287,12.211275879405472,10.5339535344049,10,1.9013416164930883,2732.4386839406225,2519.3460720850408,1858.3328009874,10,258.9235655228538,0.0,0.0,0.0,10,0.0,0.0,0.0,0.0,10,0.0,0.0,0.0,0.0,10,0.0,4793.037942804138,4510.657744014556,3463.8990119911523,10,374.1225062058093,0.0012820512820512,0.0003367163860745,0.0,10,0.0005181164544948,5.1315465,-0.21115394,-5.1906033,1000,1.0851355,1000,811.4938271604939,63,243,335.6219381280708,13390.23536491394,10559.047879269829,629.3937873840332,243,4510.926314659625,131859.0,182.9687762260437,200000.0,266.0,4217.457450866699,53200000.0,1093.082678505296,266000.0
4.994053e-08,3.4787215e-09,98.72208,-0.00021426207,5.165226e-10,0.008112027,10.988766,155.8649,155.84633,8.991636,1287.3788,392.65875,1287.5088,1.0,-0.22862718,-1.0,8502,0.8545757,0.2663689099074248,0.2565245589584123,0.2522189922744665,10,0.0050705717096589,1000,850.2,132,10,286.0439826320421,12804.554282188416,10510.44380540848,1551.6937465667725,10,3601.891461528416,0.0,0.0,0.0,10,0.0,-0.3302004610765344,-2.043736447127442,-2.4732528417816653,10,0.6836808250222615,-104.8456,-672.6480787499999,-806.9282125,10,227.3845695543263,395.1576188480071,313.425476092518,50.9393027496713,10,107.61707773233957,431.991140093292,354.23390654053986,46.95543368351719,10,124.53504371534896,0.0,0.0,0.0,10,0.0,0.0,0.0,0.0,10,0.0,0.0,0.0,0.0,10,0.0,0.0,0.0,0.0,10,0.0,-29.50957609065283,-179.4131282083361,-218.6212490236119,10,60.23989253857246,-2.0502508240990207,-13.692896502988445,-18.157998463488457,10,4.894326523248689,2743.725086559266,2233.325867413046,342.3914687333353,10,767.2963097887979,2401.6978791154406,1930.721308604403,298.14579902582574,10,666.8620443189907,0.0,0.0,0.0,10,0.0,-2.0871023586985475,-17.304214686890724,-20.94896200776197,10,6.03093665121373,231.71778520513345,179.1187250313948,36.45497770616832,10,59.1025874817612,15.558628805395603,13.226712827369203,9.84241329682878,10,2.1728234358974183,2730.3256539527497,2234.405095799789,311.2958882505365,10,775.0896536123739,0.0,0.0,0.0,10,0.0,0.0,0.0,0.0,10,0.0,0.0,0.0,0.0,10,0.0,4819.843084568025,3959.0181517482815,561.1394517004414,10,1351.0525133513263,0.0075757575757575,0.0010807987389656,0.0,10,0.0022680293120919,5.121577,-0.21604301,-4.645775,1000,1.0831742,1000,838.4224137931035,54,232,317.7857837053258,13359.82198047638,10947.57443774877,584.811131477356,232,4266.153728293982,132091.0,164.47223043441772,200000.0,267.0,4381.929686546326,53400000.0,1216.0107482688315,267000.0
4.8172087e-08,3.3561842e-09,99.026764,-0.00017711631,4.975824e-10,0.008099256,10.954675,155.46259,155.44405,8.59112,1295.6486,320.68774,1296.0441,1.0,-0.24053916,-1.0,10000,0.8497376,0.2527340056326668,0.249931649312842,0.2460259185925742,10,0.0018561777772483,1000,1000.0,1000,10,0.0,12842.527207374573,12495.319081306458,12185.384582996368,10,187.29382692142147,0.0,0.0,0.0,10,0.0,-2.276591406151425,-2.4328550567657965,-2.547936550975588,10,0.088211408337179,-774.42055,-784.9860337499999,-796.6252375,10,5.987083925011119,384.8591015517644,366.0447782408916,351.11529971090766,10,11.724328712998725,425.57476651063,415.5771883998879,407.461061265676,10,4.90317976515025,0.0,0.0,0.0,10,0.0,0.0,0.0,0.0,10,0.0,0.0,0.0,0.0,10,0.0,0.0,0.0,0.0,10,0.0,-201.20667329198693,-205.30105407834213,-207.3603898817533,10,1.8621693671156367,-14.963834009055317,-16.156978536848193,-17.240460818239008,10,0.6359626987324751,2731.0889541247825,2636.9238693681245,2538.9647777261625,10,57.956297440285546,2419.3053631931057,2242.4728012668406,1995.105679224224,10,112.72139052544692,0.0,0.0,0.0,10,0.0,-19.97435955849772,-20.374722163845902,-20.71651362710646,10,0.2376532366913995,216.85466266376392,203.8243494863487,183.7226363789757,10,8.537522778695957,17.731830086406866,13.661811744659833,10.49472699748986,10,2.481873454338132,2712.809889788825,2693.004758950945,2650.878988192057,10,20.767898020131444,0.0,0.0,0.0,10,0.0,0.0,0.0,0.0,10,0.0,0.0,0.0,0.0,10,0.0,4850.297725781838,4749.45730710828,4678.549003713094,10,59.23023139825198,0.0,0.0,0.0,10,0.0,4.926543,-0.21848893,-5.1741753,1000,1.0828764,1000,843.1666666666666,31,234,312.986581864703,13399.406264305117,11002.315894125364,334.3975839614868,234,4212.064678983244,132325.0,166.30252623558044,200000.0,268.0,4548.232218027115,53600000.0,1202.627551891091,268000.0
4.6540993e-08,3.2399567e-09,99.389824,-0.0002056746,4.8332294e-10,0.00815686,10.94301,155.3473,155.32874,8.40568,1297.2483,314.22476,1297.6432,1.0,-0.2390021,-1.0,10000,0.8523991,0.2592509366240996,0.251812298930346,0.2475502019716678,10,0.0032030763104946,1000,1000.0,1000,10,0.0,12848.320965766909,12602.630225133897,12347.296175956726,10,162.3296243929633,0.0,0.0,0.0,10,0.0,-2.4001592388937243,-2.483248436560125,-2.617645917893342,10,0.0631649391222567,-782.9668875,-790.3625287499999,-800.0595625,10,5.006272430833163,394.77856945120607,379.35686525294943,361.0398781187455,10,10.01856737382568,424.9354517912312,418.9404428918473,411.7928422218008,10,4.547638303637286,0.0,0.0,0.0,10,0.0,0.0,0.0,0.0,10,0.0,0.0,0.0,0.0,10,0.0,0.0,0.0,0.0,10,0.0,-202.927580395372,-206.93396417221007,-214.66213078605423,10,3.20392256332042,-15.5142819245688,-16.709756295620544,-18.112757281568783,10,0.7280424436516124,2705.496114142281,2670.802981998617,2596.9555051677,10,36.9923559358867,2488.076629014863,2330.8775541989125,2173.837471721543,10,85.22137007224345,0.0,0.0,0.0,10,0.0,-19.91693656471337,-20.4388868327032,-20.6690145542372,10,0.2132214991121379,213.9553869050815,199.21950841913548,182.2074985661607,10,9.22497438902833,15.51470208913533,13.453784872850472,10.516246281370142,10,2.062334934628131,2734.0853493136524,2693.506794541716,2633.837337656094,10,29.73481110021456,0.0,0.0,0.0,10,0.0,0.0,0.0,0.0,10,0.0,0.0,0.0,0.0,10,0.0,4826.215505994627,4728.177404572024,4657.155991821093,10,50.74262660919111,0.0,0.0,0.0,10,0.0,5.5531187,-0.22120826,-5.3403125,1000,1.0920857,1000,698.7166666666667,37,360,356.0103115703876,13396.878945350649,9027.520998421476,261.0234217643738,360,4801.076229750109,132685.0,165.87936401367188,200000.0,269.0,4714.111587762833,53800000.0,1205.695483517262,269000.0
4.5137394e-08,3.1422576e-09,99.81817,-0.00018884602,4.687338e-10,0.008174299,10.985472,155.7024,155.6837,9.123796,1287.6698,446.92282,1287.6111,1.0,-0.23826396,-1.0,10000,0.8511641,0.2565148782066571,0.2512501205501798,0.245581048944309,10,0.0027382205703558,1000,1000.0,1000,10,0.0,13019.626964092256,12836.151142454148,12684.623844146729,10,110.54955456864936,0.0,0.0,0.0,10,0.0,-2.362010619294357,-2.5297744441581487,-2.6443524106824645,10,0.0813770482493134,-783.0063624999999,-793.3942087500001,-802.5859625,10,6.68510057387898,383.6749105193727,375.3340527175278,367.7838905294386,10,4.507950812100935,414.2689269139044,409.3862339888884,402.93185597164006,10,3.736825523117558,0.0,0.0,0.0,10,0.0,0.0,0.0,0.0,10,0.0,0.0,0.0,0.0,10,0.0,0.0,0.0,0.0,10,0.0,-200.62472379025067,-206.03641065052344,-210.8099340176645,10,2.4921494462469167,-15.78220066679032,-16.712992210638397,-17.94859469591274,10,0.7183290969110535,2770.904811349608,2725.1376056235617,2680.05658713737,10,30.657606495540065,2492.1407875890973,2416.8926641873954,2347.144088570346,10,44.83558935271229,0.0,0.0,0.0,10,0.0,-20.167304315078457,-20.65140949933846,-21.206787610552176,10,0.3090757461164261,208.46167607247145,195.1560303452107,180.60981113887368,10,10.264949730999009,15.806143336819812,13.779158018411067,10.366803364378846,10,2.1458957957667737,2756.289286279124,2721.6686055822406,2667.9766347884583,10,27.050376113130607,0.0,0.0,0.0,10,0.0,0.0,0.0,0.0,10,0.0,0.0,0.0,0.0,10,0.0,4910.5073914807135,4813.788448465243,4708.731469349949,10,55.84646588883636,0.0,0.0,0.0,10,0.0,5.095189,-0.22701252,-5.3856874,1000,1.080798,1000,784.0088495575221,52,226,353.012897946202,13403.104863166807,10206.454345080703,485.6684799194336,226,4732.956731580739,132911.0,164.72085881233215,200000.0,270.0,4878.832450389862,54000000.0,1214.175311141752,270000.0
4.391717e-08,3.0577239e-09,100.0827,-0.000114058515,4.5564952e-10,0.008120676,10.9666605,155.43489,155.41621,8.937546,1288.276,401.91968,1288.4114,1.0,-0.23416917,-1.0,9509,0.85306376,0.2641892305117685,0.2539477230118759,0.2477254708189865,10,0.0050343269314864,1000,950.9,509,10,147.3,12917.21531677246,12034.075861883164,5937.065083026886,10,2038.46584267404,0.0,0.0,0.0,10,0.0,-1.1101178082432257,-2.318394903942168,-2.603134060387051,10,0.4133930909458508,-397.6514125,-751.9237475,-804.10575,10,118.324361055885,379.9120930413511,352.79548777177416,188.99864988607763,10,54.79628475411592,428.416234650752,394.9219112755133,197.98683925779923,10,65.99579005377696,0.0,0.0,0.0,10,0.0,0.0,0.0,0.0,10,0.0,0.0,0.0,0.0,10,0.0,0.0,0.0,0.0,10,0.0,-112.13641105354584,-198.3545263187609,-214.91704560676945,10,28.953883865590694,-7.984473638018227,-16.226417421147808,-19.38765130480332,10,2.937460235998896,2740.3671565793984,2533.006010565309,1250.6553806671902,10,429.9179338441755,2479.5583973502225,2262.961801156981,1117.2301657148842,10,384.9363917167621,0.0,0.0,0.0,10,0.0,-10.560482220078292,-19.15816930720073,-20.557806770943127,10,2.8800570469787328,228.6097903599753,194.13379272907903,97.80544524062417,10,34.55584978264548,17.903376655273032,12.987522077446163,10.073741516545669,10,3.052631907396816,2738.672541095646,2531.377131890088,1236.0171454517215,10,433.3287618833383,0.0,0.0,0.0,10,0.0,0.0,0.0,0.0,10,0.0,0.0,0.0,0.0,10,0.0,4876.745675836456,4543.15870804433,2256.531223516562,10,765.898006797761,0.0019646365422396,0.0001964636542239,0.0,10,0.0005893909626719,5.1029344,-0.22497037,-5.0825624,1000,1.0781802,1000,861.1357466063348,35,221,297.5817460799775,13469.541162490845,11296.926409792575,358.2050380706787,221,4021.803570394961,133132.0,188.4250099658966,200000.0,271.0,5067.257465362549,54200000.0,1061.4302211590614,271000.0
4.277018e-08,2.975555e-09,100.296524,-0.00016061327,4.4605872e-10,0.008184332,10.948584,155.2168,155.19812,8.542185,1291.3939,369.16995,1291.6206,1.0,-0.23604363,-1.0,10000,0.8515588,0.2606786786170268,0.2521644539059905,0.2470012886008028,10,0.0038717248840452,1000,1000.0,1000,10,0.0,12956.233971595764,12701.322990942,12406.128772735596,10,186.2228571369141,0.0,0.0,0.0,10,0.0,-2.176801976815092,-2.464400523604033,-2.6338828271123504,10,0.1150424278231788,-784.2300875,-790.7809637500001,-805.3886875000001,10,5.689054568086911,379.7186458528478,368.75390370143697,356.8226547810976,10,6.898539855958776,417.20737621398274,409.8831722620612,398.97759759006624,10,5.612517937608443,0.0,0.0,0.0,10,0.0,0.0,0.0,0.0,10,0.0,0.0,0.0,0.0,10,0.0,0.0,0.0,0.0,10,0.0,-202.53818647125573,-207.34233592715344,-216.02906886045207,10,3.878927823084597,-15.607286864462187,-16.429853712773173,-18.07663524977046,10,0.7935443839286176,2739.3252235104605,2702.2437758482365,2628.624606480836,10,32.74539438036104,2470.329636595024,2409.573199813088,2324.923647989014,10,46.8539890897721,0.0,0.0,0.0,10,0.0,-19.689536724347786,-20.172759502444887,-20.424366045039257,10,0.2015159213755166,233.7925539765652,206.09270614027383,184.6397275551736,10,15.146064755844652,16.94662869830752,13.272225259969709,10.444854168443854,10,2.2857244826002803,2713.5206223528767,2654.234242297624,2557.397649030969,10,51.56731560146577,0.0,0.0,0.0,10,0.0,0.0,0.0,0.0,10,0.0,0.0,0.0,0.0,10,0.0,4906.618816932783,4768.954244253638,4466.192960229459,10,145.4142647227426,0.0,0.0,0.0,10,0.0,5.820613,-0.22212015,-4.954711,1000,1.0799809,1000,834.8869565217391,59,230,321.468363856076,13462.190683364868,10981.457225554925,621.224853515625,230,4338.6500695856,133362.0,164.4118766784668,200000.0,272.0,5231.6693477630615,54400000.0,1216.4571321762317,272000.0
4.166447e-08,2.8922842e-09,100.61718,-0.0002051571,4.4087392e-10,0.008254533,10.938937,155.12717,155.10832,8.677401,1292.9326,394.186,1293.0156,1.0,-0.22186379,-1.0,8205,0.85764146,0.2808772008462118,0.2613321243819808,0.2494719492324825,10,0.0092603778480743,1000,820.5,317,10,253.2904459311484,12967.771220207214,10135.561896896364,3548.4733452796936,10,3464.6203022369414,0.0,0.0,0.0,10,0.0,-0.7160871465132795,-1.9531611144043024,-2.559501991110493,10,0.6576281734435618,-247.231925,-653.05663625,-802.4477999999999,10,199.7544868639104,376.7775882839785,297.7252070612236,106.05901093819878,10,97.98191095874168,419.870182692868,333.50271040773066,116.9066891919818,10,110.40986033994712,0.0,0.0,0.0,10,0.0,0.0,0.0,0.0,10,0.0,0.0,0.0,0.0,10,0.0,0.0,0.0,0.0,10,0.0,-69.48330809281515,-175.89905762247918,-214.1869984014668,10,50.185538650128215,-5.426398827634119,-13.483533511533938,-17.54663709671432,10,4.210053192494929,2740.511939218978,2165.9088266642657,770.732419242725,10,723.8963324592637,2523.812282494277,1883.569099452028,640.2908533047017,10,662.6216351814725,0.0,0.0,0.0,10,0.0,-7.5164971585727,-17.12596139855664,-21.13554412419291,10,4.869326014715607,208.3391411877104,161.86203950180462,63.08544598962688,10,49.38477450189893,15.290745022099248,11.088243226177417,3.7287209866981215,10,3.792841083946675,2695.666585122006,2122.706630026919,719.8927104698483,10,724.0009999153276,0.0,0.0,0.0,10,0.0,0.0,0.0,0.0,10,0.0,0.0,0.0,0.0,10,0.0,4861.809290099003,3846.541528583617,1389.3659054869036,10,1308.8455495409148,0.0031545741324921,0.000822844605115,0.0,10,0.0011045975428618,5.1082067,-0.22105752,-5.047889,1000,1.0808173,1000,778.1115702479339,55,242,353.7398772759728,13425.941331863403,10181.360344074974,555.0659618377686,242,4764.565948077639,133604.0,158.14381432533264,200000.0,273.0,5389.813166379929,54600000.0,1264.671658851993,273000.0
4.0596603e-08,2.8235005e-09,100.95374,-0.0001600951,4.2422774e-10,0.008236395,10.934185,155.02374,155.00497,8.957455,1294.4042,409.6892,1294.3365,1.0,-0.22254236,-1.0,8576,0.8573954,0.2694661049909418,0.259939751620371,0.2548970304091561,10,0.0047184146060824,1000,857.6,344,10,208.5474526336872,12838.848908424376,10670.483630681038,3938.2345731258392,10,2845.091998164396,0.0,0.0,0.0,10,0.0,-0.6705159997509205,-2.02600972628815,-2.540905369003007,10,0.5693425981937572,-268.62737500000003,-681.36810625,-804.7570874999999,10,168.83359464055883,375.94301101922326,309.7818258122646,124.76291915893655,10,77.98319793653734,424.9095506414859,352.8009797920835,131.02784238665816,10,93.88882759520146,0.0,0.0,0.0,10,0.0,0.0,0.0,0.0,10,0.0,0.0,0.0,0.0,10,0.0,0.0,0.0,0.0,10,0.0,-78.07410915273411,-183.85123431675711,-217.19476677914025,10,42.50851715868568,-5.427722618710495,-13.009069873407366,-15.85423682379183,10,3.184104973030341,2769.8718427281533,2283.5205618812,866.4103177457104,10,600.5597388325771,2489.4069243054846,1968.1297049391349,698.9016577121685,10,560.6726610697928,0.0,0.0,0.0,10,0.0,-7.326773793234796,-18.079049220559565,-20.982741721379497,10,4.172335024049675,206.67039369475333,168.14851466693494,63.3705548124936,10,42.41465959843288,15.531172726584929,13.36122504865725,7.378998884658146,10,2.4589199215065207,2715.8437003743084,2238.705095614036,748.9771453356911,10,620.7837853600134,0.0,0.0,0.0,10,0.0,0.0,0.0,0.0,10,0.0,0.0,0.0,0.0,10,0.0,4862.698213444898,4052.846179561736,1572.2273924216684,10,1032.6428606357308,0.002906976744186,0.0006966852909489,0.0,10,0.0009555263396282,5.2147093,-0.2198962,-5.2620564,1000,1.0816059,1000,786.4,57,255,337.3664743853717,13451.227291107178,10318.769573689442,648.2705602645874,255,4567.948639359511,133859.0,161.23480439186096,200000.0,274.0,5551.047976493835,54800000.0,1240.4269708041763,274000.0
3.9565474e-08,2.752356e-09,101.13551,-0.00012922792,4.128819e-10,0.00822007,10.8817,154.46269,154.44406,8.710257,1303.4169,376.53183,1303.7357,1.0,-0.22328006,-1.0,7931,0.8570835,0.2675661585079813,0.2590150969239698,0.2503605443346611,10,0.0059054459684392,1000,793.1,380,10,254.2842700601042,12891.108315944672,9810.283825683591,4408.586285352707,10,3396.864469491082,0.0,0.0,0.0,10,0.0,-0.8577711997587347,-1.8797787831850497,-2.518138231007144,10,0.6458644478073258,-298.9639125,-630.565755,-815.7706125,10,205.20244662786047,383.15600982950247,292.2114118526817,134.5691745088728,10,95.6013733826292,437.8663122552426,330.2489395829333,147.34052530913357,10,115.83454453104387,0.0,0.0,0.0,10,0.0,0.0,0.0,0.0,10,0.0,0.0,0.0,0.0,10,0.0,0.0,0.0,0.0,10,0.0,-81.2985177811963,-169.66117439906492,-219.0871128692832,10,53.17018461317132,-4.709898811757093,-12.06210480385204,-15.744754270629397,10,4.048443011601433,2730.347266039269,2098.002781827036,964.1422738778064,10,709.5514691096871,2419.285388452492,1811.5025967533488,769.8117064516048,10,640.4961651653034,0.0,0.0,0.0,10,0.0,-9.07688689291074,-16.961121481673622,-20.999356734397573,10,4.90384689420959,198.155866273882,148.76532760050767,63.73180383741754,10,51.25577187701616,14.905514703618596,10.647334222123298,4.544482468263326,10,3.2758288856053843,2711.6886037418985,2077.1250371029582,968.5875635970316,10,717.7107415289825,0.0,0.0,0.0,10,0.0,0.0,0.0,0.0,10,0.0,0.0,0.0,0.0,10,0.0,4917.676493841156,3705.797420807767,1666.821165499857,10,1283.642780217282,0.0026315789473684,0.000954840546183,0.0,10,0.0010413090859263,4.935949,-0.21783838,-5.43711,1000,1.0819492,1000,793.8853754940711,63,253,348.6051010893148,13452.648054122925,10423.176607408544,591.3219909667969,253,4713.095727262516,134112.0,161.44391465187073,200000.0,275.0,5712.491895437241,55000000.0,1238.8203075431466,275000.0
3.8571486e-08,2.6844003e-09,101.368835,-0.00019187242,4.0131817e-10,0.008301377,10.886971,154.5456,154.52693,8.767034,1302.654,402.16367,1302.7217,1.0,-0.21643136,-1.0,7869,0.8575351,0.2903114877000368,0.2628902512843857,0.2498831272809504,10,0.0108398718037715,1000,786.9,270,10,306.5294276248204,12798.180568695068,9638.809740543364,2598.1710007190704,10,4052.680338583418,0.0,0.0,0.0,10,0.0,-0.5168022329981539,-1.903638678944888,-2.559382157309961,10,0.8227795343347106,-214.704525,-632.35989375,-820.9615749999999,10,251.74252328547703,390.1520156626802,297.5709855589528,98.56381324011188,10,119.23017224559752,428.5211222180343,330.10058656065667,110.3099040517165,10,134.6933807144963,0.0,0.0,0.0,10,0.0,0.0,0.0,0.0,10,0.0,0.0,0.0,0.0,10,0.0,0.0,0.0,0.0,10,0.0,-66.32330935426819,-169.60249410401906,-218.3508973101781,10,63.737068823010446,-3.253808048336975,-11.983789772455737,-16.72535293516435,10,4.977866082105153,2746.385907974671,2111.768218084096,660.225136517738,10,852.1105212494509,2448.3563553441377,1833.5782926762847,549.14263978285,10,758.6645613233864,0.0,0.0,0.0,10,0.0,-5.173921340598779,-16.564025703940786,-21.29248102343398,10,6.094622987453832,212.21019775617503,158.45844743208005,41.863684517302616,10,64.56399859840374,15.430392325521533,11.218961453738777,3.224471895789706,10,4.4224385876846375,2703.690826639592,2050.119228337218,606.421418583876,10,862.0430878031893,0.0,0.0,0.0,10,0.0,0.0,0.0,0.0,10,0.0,0.0,0.0,0.0,10,0.0,4782.215016307095,3511.912732073533,712.0969900864513,10,1532.583764771876,0.0037037037037037,0.0010664443701151,0.0,10,0.0014517474661963,5.0822535,-0.21314226,-5.395628,1000,1.0932485,1000,708.7479224376731,56,361,339.2114289357221,13420.097848892212,9162.661685825717,512.1850433349609,361,4574.28735980171,134473.0,185.12662386894223,200000.0,276.0,5897.618523359299,55200000.0,1080.3416376327757,276000.0
3.7616562e-08,2.6226765e-09,101.763245,-0.00017842448,3.8664896e-10,0.008319483,10.954183,155.1817,155.16322,9.59997,1289.8188,523.098,1289.419,1.0,-0.21690813,-1.0,6038,0.8577914,0.2726910931882678,0.2611325012968722,0.2530039776908124,10,0.005548237520543,1000,603.8,162,10,314.42926072488865,12586.614474773409,7231.122880613804,1818.3540592193604,10,3918.0874435971455,0.0,0.0,0.0,10,0.0,-0.3761990152454788,-1.45087155343396,-2.572925005617813,10,0.7730881276622072,-127.66215,-482.03909375,-802.5464875,10,253.6403335059283,388.2488923559343,227.8814902237412,58.889488710659286,10,122.019153549215,430.1434313795269,246.58224698761683,49.49308902405325,10,137.750695301455,0.0,0.0,0.0,10,0.0,0.0,0.0,0.0,10,0.0,0.0,0.0,0.0,10,0.0,0.0,0.0,0.0,10,0.0,-35.441322579967604,-130.1791265262197,-210.34769083541576,10,66.50229458961003,-1.4741736509566326,-9.354379920145764,-17.43992270793291,10,4.852701032465874,2713.5142458980263,1555.3474682994242,355.5038563465598,10,854.9435657275345,2421.466340202288,1416.9211473409473,404.91897274205405,10,714.7865440139088,0.0,0.0,0.0,10,0.0,-3.373875139379943,-12.980066407657729,-20.665950062561112,10,6.609834057360529,202.3167247675272,118.78861539441344,34.82070188751686,10,59.29845968347274,15.208674360758334,9.852032905663206,4.398593429198391,10,3.7023168297079234,2674.4235129968365,1508.55834712124,354.2037250909742,10,842.6639942259114,0.0,0.0,0.0,10,0.0,0.0,0.0,0.0,10,0.0,0.0,0.0,0.0,10,0.0,4706.490486250073,2655.7476321756653,676.4289786175536,10,1456.4331597482833,0.0061728395061728,0.002332793392921,0.0,10,0.002081662101961,4.9161015,-0.22181071,-4.9795732,1000,1.0792733,1000,797.0,54,223,346.4359471400911,13416.83625793457,10354.141447761134,562.6848983764648,223,4649.018752181027,134696.0,158.69058966636658,200000.0,277.0,6056.30911898613,55400000.0,1260.3141775481645,277000.0
3.671244e-08,2.555959e-09,102.07723,-0.00017476031,3.8103667e-10,0.008340937,10.946303,155.02663,155.00812,9.150249,1289.2465,473.58792,1289.0004,1.0,-0.23096663,-1.0,9958,0.8506463,0.2569235954049349,0.2529099295420838,0.247848644940303,10,0.002894691496118,1000,995.8,958,10,12.599999999999998,12783.022245883942,12553.044061231612,11573.81317138672,10,341.59823535495923,0.0,0.0,0.0,10,0.0,-2.150250476985605,-2.497548585711828,-2.618908591233489,10,0.1242438711048934,-752.5316625,-794.2468687500001,-808.9019625000001,10,15.128363716164747,399.5480488113831,389.0458851867365,369.92880413220473,10,8.78211045354015,443.4835579852535,431.68186004613017,404.7619784089969,10,9.973036048910714,0.0,0.0,0.0,10,0.0,0.0,0.0,0.0,10,0.0,0.0,0.0,0.0,10,0.0,0.0,0.0,0.0,10,0.0,-202.7811598481574,-206.78265367615032,-211.17658779941783,10,2.773514235787944,-15.518785870354913,-16.46931099750103,-17.885585064592515,10,0.6968167377291161,2727.0698168464987,2665.442508083356,2514.301434410544,10,56.67889492547423,2388.197122843447,2327.502935702508,2263.732032027854,10,45.16951770228452,0.0,0.0,0.0,10,0.0,-20.01256771592008,-20.36452023136512,-20.829730726655377,10,0.2880974619859271,214.510547422095,203.48880969461328,191.17562576015453,10,5.877068636210576,15.277200447054536,13.278265624272814,10.55573785849339,10,2.0603596598728893,2719.226123076858,2648.88533546524,2401.052280008681,10,88.44087851876215,0.0,0.0,0.0,10,0.0,0.0,0.0,0.0,10,0.0,0.0,0.0,0.0,10,0.0,4837.328070433748,4712.2786963895815,4179.169995921743,10,186.13530642422785,0.0010438413361169,0.0001043841336116,0.0,10,0.000313152400835,5.2294617,-0.2254729,-4.954879,1000,1.0777875,1000,854.1160714285714,61,224,313.1354609183801,13421.261900901794,11154.98932576286,565.2078046798706,224,4210.274477251331,134920.0,164.4102005958557,200000.0,278.0,6220.719324350357,55600000.0,1216.469533369339,278000.0
3.588743e-08,2.501275e-09,102.21287,-5.564455e-05,3.6971937e-10,0.008232674,10.928815,154.85867,154.84035,8.977569,1289.9324,463.41534,1289.7643,1.0,-0.23884533,-1.0,9472,0.84952337,0.2620040055708736,0.2506040806413623,0.2429367494187204,10,0.0049159938190938,1000,947.2,488,10,153.14098079873983,12849.01113653183,11886.4446259737,5873.541385650635,10,2019.1780440001835,0.0,0.0,0.0,10,0.0,-1.2456265623983585,-2.362469864443034,-2.6071887937147142,10,0.3766192888333002,-391.5722625,-749.3558987499999,-799.1911125,10,119.48668717698304,399.9171961934294,371.1185277600645,184.007680547062,10,62.65545722371623,437.5026481696374,406.3554192788981,189.46629503483223,10,72.68470669088829,0.0,0.0,0.0,10,0.0,0.0,0.0,0.0,10,0.0,0.0,0.0,0.0,10,0.0,0.0,0.0,0.0,10,0.0,-106.0167195624268,-194.2267100659884,-210.6011198023968,10,29.563922725378337,-8.987344034397683,-16.282865450258036,-18.284622944218388,10,2.485045592747809,2741.699967216002,2500.1064307784845,1226.0124177519135,10,426.9316231407559,2519.4635498274047,2194.922107981403,1077.8644233885716,10,390.9437272313799,0.0,0.0,0.0,10,0.0,-9.859998173172036,-19.217275539351967,-21.1800721345687,10,3.145610525227404,219.4374074999488,192.29317979296928,98.69029801853416,10,32.92956293818447,16.347158351008854,13.248341158621455,10.465578594270042,10,2.33385469542594,2718.027115118117,2492.495036252808,1220.8041809046426,10,425.9886430116232,0.0,0.0,0.0,10,0.0,0.0,0.0,0.0,10,0.0,0.0,0.0,0.0,10,0.0,4871.97858941829,4507.959044223268,2275.729495149597,10,750.1759612920947,0.0020491803278688,0.000306544049047,0.0,10,0.0006551512950574,4.914359,-0.22853136,-5.069986,1000,1.077744,1000,801.2887931034483,49,232,345.846959195466,13420.630422592165,10477.73897500182,532.9728326797485,232,4652.745365434871,135152.0,163.8961546421051,200000.0,279.0,6384.615484714508,55800000.0,1220.2848836614485,279000.0
3.518261e-08,2.449664e-09,102.28771,-0.00015494162,3.6494482e-10,0.008337958,10.920169,154.77022,154.75172,8.864809,1290.7648,466.48303,1290.5868,1.0,-0.2504089,-1.0,9269,0.84717953,0.2705528376091987,0.2474674011425937,0.2408462570788919,10,0.0079437037563676,1000,926.9,269,10,219.3,12745.670503616331,11633.789895677566,2725.100803375244,10,2970.0927820286465,0.0,0.0,0.0,10,0.0,-0.5493481190206915,-2.319103309489108,-2.591025743242621,10,0.5935632296264839,-209.13855,-728.12229625,-798.4608249999999,10,173.1176176869726,411.361992580481,369.35496555876495,96.55775021980112,10,91.19561407265569,438.9030762414544,398.2546685294896,97.07851378849747,10,100.61378367454677,0.0,0.0,0.0,10,0.0,0.0,0.0,0.0,10,0.0,0.0,0.0,0.0,10,0.0,0.0,0.0,0.0,10,0.0,-61.29704526044458,-186.3332271477817,-202.9159836012986,10,41.71391189584598,-4.325442643882351,-16.067250631493238,-19.028684164273976,10,4.115931729060573,2678.302325084753,2443.421237878333,667.9733151444361,10,592.1342041442492,2437.3895280332827,2181.238420011774,592.3807452401185,10,532.504697556674,0.0,0.0,0.0,10,0.0,-5.462765898856135,-18.280702558195,-20.205016666813,10,4.281732387199552,206.63529839184096,186.8256742388618,66.63340415985759,10,40.29140764552627,15.264211792031386,11.14975750567753,7.835712767226997,10,1.706331210328067,2708.2395855084296,2447.13942407399,557.0039817434597,10,630.5592522945411,0.0,0.0,0.0,10,0.0,0.0,0.0,0.0,10,0.0,0.0,0.0,0.0,10,0.0,4832.238997482989,4365.985253167911,860.6698825336787,10,1169.0082369222607,0.0037174721189591,0.0003717472118959,0.0,10,0.0011152416356877,5.2169895,-0.2288979,-4.9955783,1000,1.0783892,1000,780.0241935483871,63,248,343.33774314264537,13403.98184299469,10181.56665888525,666.9988079071045,248,4620.841173269951,135400.0,163.52835988998413,200000.0,280.0,6548.14385676384,56000000.0,1223.029449659696,280000.0
3.4577e-08,2.4082687e-09,102.51213,-8.937327e-05,3.5789186e-10,0.008290344,10.912281,154.64781,154.62926,9.050019,1290.0223,453.49683,1289.8765,1.0,-0.2540924,-1.0,8939,0.8462052,0.2592765494734835,0.244253733866657,0.2372536654548595,10,0.0058466410299599,1000,893.9,97,10,269.77785305691793,12936.306487083437,11303.143112373353,1018.5790023803712,10,3510.9777710661965,0.0,0.0,0.0,10,0.0,-0.2285445121884566,-2.2227358378323587,-2.6088969298725253,10,0.6820681383935032,-70.79841250000001,-697.2864000000001,-790.8618875,10,211.7823020351431,412.1706518284124,361.5259008102199,39.49898279698021,10,109.86602981015606,438.4231724068417,382.6937293186333,35.08880608717167,10,118.58249682604892,0.0,0.0,0.0,10,0.0,0.0,0.0,0.0,10,0.0,0.0,0.0,0.0,10,0.0,0.0,0.0,0.0,10,0.0,-19.77738805261519,-178.57002900385277,-201.8597890115122,10,53.23724257704023,-1.534892560339902,-15.61247891880414,-18.867288841765536,10,4.813412711633343,2711.6006652028364,2378.42991575091,210.66443704193136,10,738.2911126676049,2526.4886530989525,2158.480376737365,212.06412924386063,10,658.1762539245445,0.0,0.0,0.0,10,0.0,-1.2929025700538463,-17.72036380817936,-20.23836549943626,10,5.561687898303963,208.4944496623361,176.7175410622121,17.627111211619148,10,54.32974658511874,19.43751836370089,13.370451665081896,2.6457295885863847,10,4.220619185002305,2685.7053075161007,2344.728661252739,202.7427979668952,10,731.2485212976641,0.0,0.0,0.0,10,0.0,0.0,0.0,0.0,10,0.0,0.0,0.0,0.0,10,0.0,4855.464342569276,4224.746660493633,372.61561137211766,10,1326.4921678308174,0.0103092783505154,0.0011496926806572,0.0,10,0.0030736589980674,5.2285843,-0.22688289,-5.104893,1000,1.0767274,1000,798.2396694214876,50,242,339.9825475538605,13425.018303871157,10433.070597268334,445.3267312049866,242,4577.570614069214,135642.0,192.27304410934448,200000.0,281.0,6740.416907310486,56200000.0,1040.1874112226633,281000.0
3.4014437e-08,2.3689075e-09,102.53511,-0.00012064888,3.5224776e-10,0.008323458,10.845572,153.97156,153.95297,8.480156,1300.237,359.70355,1300.5631,1.0,-0.23864701,-1.0,10000,0.84685683,0.2579439607827977,0.2483826790860893,0.2425426871732831,10,0.0047182402350134,1000,1000.0,1000,10,0.0,12874.875970363615,12601.861455202104,11946.094479084017,10,245.67588833580004,0.0,0.0,0.0,10,0.0,-2.43548720609133,-2.614894953958254,-2.6904606517783183,10,0.0798284516804354,-789.9144875,-799.92337375,-812.434975,10,7.311130477580179,409.1545117824625,402.2277460111035,396.3849632241215,10,3.825815766335962,434.62024431510247,428.3410971139694,422.6964608938425,10,4.007991763852538,0.0,0.0,0.0,10,0.0,0.0,0.0,0.0,10,0.0,0.0,0.0,0.0,10,0.0,0.0,0.0,0.0,10,0.0,-196.8467682271912,-202.7974806406673,-212.8657678630602,10,4.660408390762031,-14.737732096693671,-16.059479209151053,-17.731255819681955,10,0.8693376474728516,2732.3733547361767,2698.015737803106,2663.570556217416,10,21.817925843240555,2570.8322079974296,2467.145042705887,2382.447455783803,10,57.65082383452137,0.0,0.0,0.0,10,0.0,-18.67537324373504,-19.512284078143303,-20.02471829854745,10,0.4002706311497564,215.621806110598,200.7821791106512,186.2092712192448,10,10.411297723833442,15.125587444162177,12.414364880510467,10.371529875775552,10,1.8268226323873,2663.227924869406,2607.7628792213523,2498.5894263451046,10,49.15325082273991,0.0,0.0,0.0,10,0.0,0.0,0.0,0.0,10,0.0,0.0,0.0,0.0,10,0.0,4776.9446816428,4628.790934365619,4055.8834818948767,10,197.8171295771529,0.0,0.0,0.0,10,0.0,5.183097,-0.22907697,-5.0254726,1000,1.0756208,1000,810.8477366255144,53,243,336.8465316273314,13439.000155448914,10599.69400744183,493.1660799980164,243,4551.884090466615,135885.0,158.79403924942017,200000.0,282.0,6899.210954904556,56400000.0,1259.4931204304023,282000.0
3.3470236e-08,2.3309883e-09,102.64977,-5.3896398e-05,3.4662992e-10,0.008265879,10.852364,153.97855,153.96005,8.765344,1299.7919,366.0326,1299.9731,1.0,-0.22999895,-1.0,9928,0.849062,0.2591937930729763,0.2520388669780334,0.2426752032661739,10,0.0053056943501296,1000,992.8,928,10,21.6,13015.75206899643,12636.482112455367,11671.7072763443,10,348.17901554191445,0.0,0.0,0.0,10,0.0,-2.4714764779027654,-2.6328432270223496,-2.7651059209284536,10,0.0912149718516782,-760.5253499999999,-801.8675175000001,-822.777425,10,16.19222012332643,417.2598056270168,406.7827847883626,382.5046715929957,10,10.018485968547813,438.0058663263205,422.4484114651224,395.6190196944344,10,10.911413595413102,0.0,0.0,0.0,10,0.0,0.0,0.0,0.0,10,0.0,0.0,0.0,0.0,10,0.0,0.0,0.0,0.0,10,0.0,-194.1832307908704,-204.5929008233536,-213.0251040404412,10,6.081059407990864,-14.948845438699683,-16.273393253074353,-18.02773349492441,10,0.97051916076365,2778.9463982613383,2703.361118338556,2526.011250791379,10,66.55959405243348,2683.0452958671203,2516.8574967288755,2328.574469123386,10,90.6894814322377,0.0,0.0,0.0,10,0.0,-17.479487077499968,-18.928106069621244,-19.476190248020373,10,0.5540824478016788,231.81315212395765,211.97108872408663,191.4529705220445,10,12.404437302253154,19.222464394295063,13.427015498154152,10.319708729483382,10,2.857411231256918,2666.7778700388308,2619.880059523546,2412.181246353924,10,71.85437273730345,0.0,0.0,0.0,10,0.0,0.0,0.0,0.0,10,0.0,0.0,0.0,0.0,10,0.0,4763.420051755691,4587.110041320513,4202.712136577578,10,161.25480889670644,0.0010775862068965,0.0001077586206896,0.0,10,0.0003232758620689,5.5228796,-0.22819161,-5.2337193,1000,1.0767897,1000,812.3265306122449,49,245,330.25801834911096,13402.93655204773,10608.182813379715,448.8320074081421,245,4468.447128360367,136130.0,158.18146681785583,200000.0,283.0,7057.3924260139465,56600000.0,1264.370624595976,283000.0
3.2938992e-08,2.2902131e-09,102.74974,-8.303965e-05,3.449069e-10,0.00830302,10.85427,153.97319,153.95438,8.8044815,1299.924,349.80603,1300.0414,1.0,-0.21925646,-1.0,9122,0.853888,0.2986586768144925,0.2614755099365836,0.2511442733319101,10,0.0128853309831582,1000,912.2,122,10,263.4,12880.989061832428,11520.695836400986,1190.8927755355835,10,3446.858209992137,0.0,0.0,0.0,10,0.0,-0.2705302006114995,-2.3684517856650955,-2.696734088011606,10,0.7021243432635729,-99.24015,-740.5075775,-819.6786374999999,10,213.7967338913447,418.7412155554263,374.8035567492728,43.23303591146586,10,110.60075859837796,429.9338510050504,385.618358722276,42.74851116656716,10,114.37624254371866,0.0,0.0,0.0,10,0.0,0.0,0.0,0.0,10,0.0,0.0,0.0,0.0,10,0.0,0.0,0.0,0.0,10,0.0,-31.25021587280348,-193.326206411707,-218.87532043003617,10,54.142750101407664,-1.338157540958702,-15.240436406699866,-17.82650036422111,10,4.673043905274111,2796.187488936324,2496.234552941016,253.2237707443316,10,748.4858434274511,2701.705358525924,2337.887072119515,195.87966088666064,10,719.1468071789938,0.0,0.0,0.0,10,0.0,-4.2954419634710375,-17.55931471595681,-19.363421882069307,10,4.426432769755187,235.4454170355845,200.5269755679168,14.439457273735808,10,62.94462545255752,15.707549379414644,12.03429012509292,6.098853641125505,10,2.734836050454816,2664.069090328517,2370.8794764991144,190.50692191292416,10,727.1689318431962,0.0,0.0,0.0,10,0.0,0.0,0.0,0.0,10,0.0,0.0,0.0,0.0,10,0.0,4627.566238056905,4123.803236543465,550.7741344488338,10,1194.508393700068,0.0081967213114754,0.0008196721311475,0.0,10,0.0024590163934426,5.1720076,-0.22161603,-5.4433,1000,1.077269,1000,851.8553191489361,68,235,300.4885318790978,13345.981349945068,11108.952860867725,724.6710104942322,235,4039.4692064267538,136365.0,155.76973128318787,200000.0,284.0,7213.162162303925,56800000.0,1283.9464917378714,284000.0
3.241993e-08,2.2526112e-09,102.849266,-8.7646746e-05,3.4098274e-10,0.008315588,10.846736,153.92906,153.91019,8.352146,1301.0548,310.45053,1301.3044,1.0,-0.2249081,-1.0,10000,0.85373354,0.2644032261653992,0.2561684442885185,0.2496292254405752,10,0.0046757010243216,1000,1000.0,1000,10,0.0,13058.09353208542,12663.269176197053,12296.645154476166,10,212.73712936388108,0.0,0.0,0.0,10,0.0,-2.4735050935359992,-2.607343283756749,-2.7920864483635413,10,0.0909279728025496,-795.5594124999999,-808.7243249999999,-818.4943875,10,6.658234336493159,422.4025252545883,414.5635926368548,401.9144323984504,10,6.650759391988869,431.7798676158216,427.63484480669774,418.4017865869444,10,4.121338862397804,0.0,0.0,0.0,10,0.0,0.0,0.0,0.0,10,0.0,0.0,0.0,0.0,10,0.0,0.0,0.0,0.0,10,0.0,-203.65674508509784,-210.3427780389821,-218.2799800541311,10,4.6596256429476615,-15.233229772858934,-17.08031836159655,-18.824309229203752,10,1.2419984938366524,2762.819323142822,2705.0801521299654,2634.017942886136,10,41.35261096771986,2647.2695963704164,2537.5149434248524,2367.727616430251,10,91.50479643643436,0.0,0.0,0.0,10,0.0,-18.52244378649313,-18.8992842098301,-19.648303477832464,10,0.3233016803473729,244.5536232912131,218.19940524128023,196.93972360530185,10,14.609999588665245,15.792571644952602,12.906910064726963,10.721221663252829,10,2.0071128268875515,2690.216504540336,2639.500692453914,2582.49070495851,10,38.76970815483413,0.0,0.0,0.0,10,0.0,0.0,0.0,0.0,10,0.0,0.0,0.0,0.0,10,0.0,4787.432591349099,4561.141761162073,4223.325542790961,10,165.60920784783232,0.0,0.0,0.0,10,0.0,4.9375715,-0.21964444,-5.5863247,1000,1.0789579,1000,843.9621848739496,66,238,315.5793302738104,13398.747513771055,10966.886489047723,591.357310295105,238,4230.361693322388,136603.0,158.00116157531738,200000.0,285.0,7371.163328886032,57000000.0,1265.8134788753578,285000.0
3.1912634e-08,2.21593e-09,102.947655,-3.244026e-05,3.3708075e-10,0.008268255,10.843607,153.91173,153.8929,8.071744,1301.42,293.62463,1301.7782,1.0,-0.22315335,-1.0,10000,0.8537654,0.2620758770241079,0.2567304167812577,0.252271838765543,10,0.002658463797498,1000,1000.0,1000,10,0.0,12957.665455818176,12700.306826114656,12369.383721351624,10,162.69968345956457,0.0,0.0,0.0,10,0.0,-2.500822874730437,-2.5762931894476635,-2.635393236688537,10,0.043515549742849,-799.4674375,-807.12756125,-817.8035749999999,10,6.081722059580069,420.28730424661455,414.4192827554554,408.0594030497177,10,3.7388166245299033,439.58548804171903,429.00848811047337,421.48888038952407,10,5.589905636410228,0.0,0.0,0.0,10,0.0,0.0,0.0,0.0,10,0.0,0.0,0.0,0.0,10,0.0,0.0,0.0,0.0,10,0.0,-206.9521685607681,-210.9925106978434,-216.5652277347222,10,2.5231040247864795,-15.731191336450184,-17.243767566651513,-18.539629144531567,10,0.7802145488688679,2757.78967575954,2706.105131843657,2602.571432087052,10,46.82463508312477,2574.204554480678,2480.051721279485,2291.5262654669805,10,92.82296564989144,0.0,0.0,0.0,10,0.0,-18.83272675955972,-19.239257180771947,-19.914982875362703,10,0.288286466643065,220.35365488946888,208.0375661338596,195.4223022380005,10,7.791691741488186,15.947985221259046,13.35403607741117,10.68567931073678,10,2.102537667509148,2693.699707014851,2654.4204800277034,2617.565590934998,10,21.937091244496468,0.0,0.0,0.0,10,0.0,0.0,0.0,0.0,10,0.0,0.0,0.0,0.0,10,0.0,4770.843408140056,4647.07726703876,4453.02447832709,10,77.90068373746138,0.0,0.0,0.0,10,0.0,5.22819,-0.21757263,-5.3130937,1000,1.0805675,1000,847.0502092050209,57,239,305.0614685126359,13358.693449020386,11008.324184750414,626.276873588562,239,4120.289671892048,136842.0,182.91110730171204,200000.0,286.0,7554.0744416713715,57200000.0,1093.4273098576775,286000.0
3.1416842e-08,2.1828563e-09,102.95899,-3.97404e-05,3.3049066e-10,0.00827646,10.859744,154.06973,154.05106,8.101638,1299.7391,293.02466,1300.0408,1.0,-0.23127703,-1.0,10000,0.85435927,0.2591117769239788,0.2549452629871693,0.2502944350950357,10,0.0023091836249198,1000,1000.0,1000,10,0.0,12986.39121580124,12817.09061717987,12609.373019218445,10,131.61471054678273,0.0,0.0,0.0,10,0.0,-2.4733878937299947,-2.532881458800073,-2.602531587864367,10,0.0371010333336538,-790.1710750000001,-797.8706737499999,-806.908475,10,6.052171840642851,425.1911830492521,418.0889195721964,409.85243781136944,10,4.965851871650361,431.900977317052,423.49063543238543,416.01571705149286,10,4.836249439377327,0.0,0.0,0.0,10,0.0,0.0,0.0,0.0,10,0.0,0.0,0.0,0.0,10,0.0,0.0,0.0,0.0,10,0.0,-205.45419150895577,-209.8926922586817,-213.6393600015292,10,2.1256710540936536,-15.669525186210294,-17.36273187147824,-19.479704367147207,10,1.1198373168655638,2786.1068699145235,2705.53965649364,2656.526773905952,10,42.21812639974248,2638.62709618537,2521.976847839148,2394.839050384926,10,70.88210016506949,0.0,0.0,0.0,10,0.0,-19.353627994971884,-19.621793815448008,-19.92467435142765,10,0.183093136167655,221.55172207369893,205.8633366349324,188.23188523107808,10,8.327162822163302,17.158288925787268,13.335461442808649,10.341381283837368,10,2.5074357656796167,2697.455913058849,2648.0767540406014,2597.5452049037867,10,29.3144899844227,0.0,0.0,0.0,10,0.0,0.0,0.0,0.0,10,0.0,0.0,0.0,0.0,10,0.0,4847.272664058892,4724.056190773799,4609.647031743528,10,69.00824924108554,0.0,0.0,0.0,10,0.0,5.3236814,-0.21553406,-5.240296,1000,1.0857215,1000,771.1455938697318,29,261,339.8252789033439,13372.895468711851,9979.318949717215,287.7490043640137,261,4563.895743082279,137103.0,158.2975881099701,200000.0,287.0,7712.372034788132,57400000.0,1263.4431287800735,287000.0
3.0932274e-08,2.1496163e-09,103.19971,-0.00017852968,3.2496572e-10,0.008434507,10.879418,154.253,154.23425,8.639347,1295.0032,345.1698,1295.1832,1.0,-0.23308574,-1.0,10000,0.8522755,0.25666245721073,0.2531976072676663,0.2485757467667148,10,0.0024252271689906,1000,1000.0,1000,10,0.0,13088.102427482603,12870.113848257064,12671.64125919342,10,130.34990437922303,0.0,0.0,0.0,10,0.0,-2.529124463572048,-2.596638782310939,-2.732673179614081,10,0.0654082425110698,-792.2435125,-800.11285375,-807.4413875,10,5.187434442468473,431.5754086724512,418.08316067519206,413.51311494036383,10,4.75904442169515,432.72554616788887,424.9872054611344,419.1597373014525,10,4.356091109125001,0.0,0.0,0.0,10,0.0,0.0,0.0,0.0,10,0.0,0.0,0.0,0.0,10,0.0,0.0,0.0,0.0,10,0.0,-203.68971959735484,-207.87039484929028,-211.16522624473768,10,2.26546148814506,-16.500078945277423,-17.85845364769197,-19.108999019526664,10,0.8470803311694033,2755.128188899025,2701.8474264932943,2656.2782185143697,10,33.95148786772394,2659.967540991656,2520.598784734289,2378.793039475138,10,93.03489999369351,0.0,0.0,0.0,10,0.0,-19.34432616071125,-19.729705791555048,-20.063808806810165,10,0.195513926759222,215.09147183440223,203.60130720780177,188.7498866587375,10,6.580905033919717,15.886544191303216,12.95188149134295,10.639699317362185,10,2.301856563971634,2685.4438525875576,2646.889682035857,2609.3276373127246,10,21.74967297686332,0.0,0.0,0.0,10,0.0,0.0,0.0,0.0,10,0.0,0.0,0.0,0.0,10,0.0,4837.66134338591,4787.3438328517495,4675.46038213397,10,52.72985658051906,0.0,0.0,0.0,10,0.0,5.027191,-0.2169359,-5.624983,1000,1.0835631,1000,770.5953307392996,68,257,346.5829635739134,13378.882230758669,9997.414124271632,627.3737921714783,257,4631.856270345915,137360.0,158.09625482559204,200000.0,288.0,7870.468293905258,57600000.0,1265.052105254708,288000.0
3.0458665e-08,2.1175035e-09,103.57308,-0.00013471102,3.191898e-10,0.008420557,10.885579,154.27858,154.2598,8.988826,1292.0598,366.22067,1292.1643,1.0,-0.22651322,-1.0,9687,0.85403126,0.2696543208167202,0.256299518781808,0.2501116930575315,10,0.00552742673788,1000,968.7,687,10,93.90000000000002,12964.32896566391,12231.237606191637,7850.47839307785,10,1471.0843993225194,0.0,0.0,0.0,10,0.0,-1.5749077481937022,-2.481227826151526,-2.660444098453489,10,0.3049728672784471,-554.7224375000001,-779.1614975,-810.5796499999999,10,74.90433716720065,426.949128512529,405.0269939527187,265.9963268501324,10,46.51273687574341,439.529348794641,415.06031783235846,284.9255735797544,10,43.60364024050476,0.0,0.0,0.0,10,0.0,0.0,0.0,0.0,10,0.0,0.0,0.0,0.0,10,0.0,0.0,0.0,0.0,10,0.0,-154.38560403336902,-203.83027428026745,-214.09653623906115,10,16.78236431984126,-10.973736071399705,-17.25019576846652,-19.410739857809773,10,2.190833851687642,2782.775740935987,2596.312955989544,1744.9553569184177,10,288.30461549259,2646.680269636305,2389.355092247353,1587.8344058735263,10,285.87508017090835,0.0,0.0,0.0,10,0.0,-12.593921517286354,-18.59444288831272,-19.96743417409447,10,2.0295698492657235,223.3842800974263,200.8383894503146,160.39400366079752,10,16.707310727942307,25.4027638167168,15.424934241546584,11.53589000840763,10,3.7394400611644727,2674.6562836879766,2548.40047022354,1741.706653510184,10,269.6895602060952,0.0,0.0,0.0,10,0.0,0.0,0.0,0.0,10,0.0,0.0,0.0,0.0,10,0.0,4802.96011728119,4484.144738459086,2623.5041443181804,10,626.0954063249015,0.0014556040756914,0.0001455604075691,0.0,10,0.0004366812227074,4.92626,-0.21729481,-5.317323,1000,1.0799446,1000,813.0286885245902,54,244,332.5288524347304,13383.11111831665,10601.697075139791,534.5492401123047,244,4472.583742394033,137604.0,156.4150218963623,200000.0,289.0,8026.883321523666,57800000.0,1278.6495668716288,289000.0
2.999583e-08,2.0871496e-09,104.01956,-0.0001583884,3.1251685e-10,0.008479954,10.882418,154.2376,154.21883,9.256349,1291.2325,372.0809,1291.2778,1.0,-0.22953883,-1.0,10000,0.84984404,0.2611458155718061,0.252731998278261,0.2473566490206218,10,0.0038282150370918,1000,1000.0,1000,10,0.0,12870.1531624794,12685.552533531189,12081.900905132294,10,219.65752426240243,0.0,0.0,0.0,10,0.0,-2.455744357659379,-2.57984857115296,-2.684638652811806,10,0.0689015643495871,-788.2762749999999,-801.8852812499999,-813.1257875,10,7.548860975875858,424.1639924335356,417.9697125122103,409.1822225945288,10,5.058961290195168,441.2796272609445,430.528018017014,419.4208693590068,10,6.778764616624355,0.0,0.0,0.0,10,0.0,0.0,0.0,0.0,10,0.0,0.0,0.0,0.0,10,0.0,0.0,0.0,0.0,10,0.0,-202.80077535280807,-207.2829918361972,-215.30956916402468,10,3.626283737413652,-15.630439437384982,-17.11663660560559,-18.899935301555207,10,0.8350438236543029,2761.9713073877097,2709.094403449504,2671.331473826511,10,29.5486599560913,2558.779348304106,2444.157775147573,2280.6752562656698,10,77.0157640015698,0.0,0.0,0.0,10,0.0,-18.317107672707905,-19.250439137745303,-19.81854950041037,10,0.4023382191024656,215.76835634335944,199.4236573423051,181.3488282353044,10,10.687038269544813,15.934625427892891,14.052927131404608,10.652114525669395,10,1.950072834422662,2705.203222804084,2663.691606584696,2549.761077944767,10,44.3274419714963,0.0,0.0,0.0,10,0.0,0.0,0.0,0.0,10,0.0,0.0,0.0,0.0,10,0.0,4850.5764006177205,4653.464165758212,4197.718861800055,10,178.96978588327252,0.0,0.0,0.0,10,0.0,5.554616,-0.21771319,-5.1137996,1000,1.0781288,1000,821.7603305785124,45,242,331.9299444357406,13398.48157978058,10699.697447118138,391.4057588577271,242,4501.519197126749,137846.0,157.26938891410828,200000.0,290.0,8184.15271449089,58000000.0,1271.703294461383,290000.0
2.9543497e-08,2.0532958e-09,104.32555,-0.0001430512,3.1018363e-10,0.008489095,10.881061,154.1852,154.1662,9.271697,1290.7797,373.1436,1290.7596,1.0,-0.22558953,-1.0,8389,0.85078406,0.2841123721937333,0.25796520913561,0.2496920217484948,10,0.0110509823334471,1000,838.9,150,10,322.8140176634218,12882.64661026001,10623.748406076433,1782.37371635437,10,4238.61144129542,0.0,0.0,0.0,10,0.0,-0.3691274744141635,-2.162059933206097,-2.732479581364584,10,0.8697108324766188,-122.5896125,-675.9008187500001,-811.1915125,10,258.911819471339,421.9813843964012,345.8559028294219,56.82253581261254,10,138.8896323677397,437.33907071869794,360.507099332573,56.31700127340439,10,143.9164327659675,0.0,0.0,0.0,10,0.0,0.0,0.0,0.0,10,0.0,0.0,0.0,0.0,10,0.0,0.0,0.0,0.0,10,0.0,-34.125030924507215,-174.9195975245966,-216.7504529562616,10,64.91630685400393,-2.002324119502567,-13.707079518840557,-18.33483693880106,10,5.659929431745407,2787.366710995723,2279.437695901561,379.6648533864847,10,893.1890947594925,2691.934081832086,2062.7626707163968,392.3348906452802,10,811.9291825325413,0.0,0.0,0.0,10,0.0,-2.25275592865378,-16.215991646679036,-19.889131970268988,10,6.1786569571347,237.42669515210008,172.90204403904428,39.36324387106855,10,65.69384277032069,15.559835422937866,13.12204598383587,9.64886591238726,10,2.143817038967012,2690.414605262055,2226.3716212087884,357.1491765381412,10,874.718707341442,0.0,0.0,0.0,10,0.0,0.0,0.0,0.0,10,0.0,0.0,0.0,0.0,10,0.0,4792.754825085196,3875.985415009754,617.7093074494451,10,1592.8349666818838,0.0066666666666666,0.0010850767085076,0.0,10,0.0022400273686347,5.7378254,-0.21718168,-5.082332,1000,1.0778329,1000,829.7375,60,240,307.6454700794677,13333.594303131104,10764.693728139997,667.544900894165,240,4142.306007313667,138086.0,179.17302417755127,200000.0,291.0,8363.32574415207,58200000.0,1116.2394613700903,291000.0
2.9101427e-08,2.0233533e-09,104.65755,-0.00011512814,3.047613e-10,0.008487732,10.863434,153.98637,153.96742,9.013323,1290.2937,342.0127,1290.43,1.0,-0.22634748,-1.0,10000,0.8489364,0.2617013518394114,0.252900418654041,0.2490650999558504,10,0.0033924182302792,1000,1000.0,1000,10,0.0,12916.36893749237,12556.581125974655,12059.555961608889,10,235.54566807144857,0.0,0.0,0.0,10,0.0,-2.3882895177558083,-2.56948285443194,-2.70656302523345,10,0.0923824426898232,-790.7039875,-804.99196375,-816.1653625000001,10,7.57313471683465,421.1009368022944,410.8089555566,403.0256242066275,10,5.601110465389056,445.70357603384224,432.1152849166222,422.352968547688,10,6.509396321477492,0.0,0.0,0.0,10,0.0,0.0,0.0,0.0,10,0.0,0.0,0.0,0.0,10,0.0,0.0,0.0,0.0,10,0.0,-202.66917788046112,-207.18523614978216,-216.1688539028681,10,3.543460811086422,-14.670205773501422,-16.402485112389705,-18.88486164453486,10,1.055258111620275,2793.9158623608128,2710.855625154544,2591.005561792754,10,48.16590914422748,2595.466341141443,2388.850821274227,2005.37830457726,10,165.45612734524363,0.0,0.0,0.0,10,0.0,-18.300813121680093,-19.41284389641003,-20.19298827766814,10,0.5347939584641725,253.80913762569105,204.1841147610245,183.22881849633268,10,19.72577529815777,16.474237227165418,14.242236962507452,10.543894328142638,10,1.834987170199173,2718.134622165944,2646.3811085386874,2529.769168223284,10,57.304519758154775,0.0,0.0,0.0,10,0.0,0.0,0.0,0.0,10,0.0,0.0,0.0,0.0,10,0.0,4782.274692847797,4598.759132599813,4185.803939120298,10,171.4154158272147,0.0,0.0,0.0,10,0.0,5.223825,-0.21686512,-5.0338883,1000,1.0757048,1000,833.7603305785124,51,242,317.0512257485391,13351.513365745544,10791.654078014626,532.6634845733643,242,4252.2807650178565,138328.0,157.93192791938782,200000.0,292.0,8521.257676124573,58400000.0,1266.3683818390714,292000.0
2.8669465e-08,1.9920177e-09,104.619835,5.238386e-05,3.015397e-10,0.008317203,10.83405,153.66946,153.65054,8.55709,1292.0679,331.41098,1292.3405,1.0,-0.22976331,-1.0,9190,0.84840524,0.2729984318095431,0.2533888393561764,0.2487364186003201,10,0.0068307527794353,1000,919.0,190,10,243.0,13048.399052143095,11683.899668169022,2174.7880234718323,10,3175.0106317707614,0.0,0.0,0.0,10,0.0,-0.4880857114999263,-2.373222821021707,-2.71071212355623,10,0.6318531090881506,-154.5841,-737.5844537500001,-807.8756125,10,194.36781077521323,414.0954480551545,375.711574693188,63.856097351281896,10,103.99122314210152,439.08992590124205,394.6763705464856,66.11012575773057,10,109.66921761885652,0.0,0.0,0.0,10,0.0,0.0,0.0,0.0,10,0.0,0.0,0.0,0.0,10,0.0,0.0,0.0,0.0,10,0.0,-43.50190798616931,-189.35600277163203,-210.1922979289995,10,48.665442883755375,-3.396179707126984,-14.873057813436196,-17.365509924424146,10,3.9389159265374913,2773.32775194041,2507.809885318928,447.87604239860207,10,686.9336980208116,2546.870542180297,2206.22861324114,410.48905472744616,10,601.7336995899545,0.0,0.0,0.0,10,0.0,-4.550691351437855,-18.33856835770883,-20.546370133867487,10,4.6247763406125175,225.54545872377028,186.24726979445376,38.58208241443428,10,51.03759694555283,15.32069383010712,13.011698435487824,10.960519989357172,10,1.7711189031288816,2694.262598327391,2424.233837974899,427.441869424985,10,667.0755064494081,0.0,0.0,0.0,10,0.0,0.0,0.0,0.0,10,0.0,0.0,0.0,0.0,10,0.0,4838.554324403655,4354.864586820708,872.8386043734611,10,1164.3300562749787,0.0052631578947368,0.0005263157894736,0.0,10,0.001578947368421,5.291522,-0.21719126,-5.537974,1000,1.0757625,1000,799.0318725099602,65,251,343.04907565369166,13349.317434310911,10334.9595728215,623.3467645645142,251,4574.3636516159,138579.0,156.47947454452515,200000.0,293.0,8677.737154960632,58600000.0,1278.1229013080012,293000.0
2.8247573e-08,1.961084e-09,104.4308,-3.6531985e-06,2.987222e-10,0.008358116,10.8281145,153.55275,153.53378,8.382118,1292.1785,328.15762,1292.4407,1.0,-0.22158061,-1.0,9969,0.8536876,0.2694150780620107,0.2569891456990031,0.249865018358551,10,0.0055049016953877,1000,996.9,969,10,9.3,12838.944055080414,12382.562005233764,11496.73406267166,10,472.9090378078507,0.0,0.0,0.0,10,0.0,-2.264699149578144,-2.5161627604980525,-2.685320937445374,10,0.1251683032510107,-768.1045499999999,-803.5886275,-814.2705625000001,10,12.606660624477229,410.98235401520736,402.0348344245944,389.6354238937853,10,5.8620757917534,437.12495209681447,425.1629662764124,396.9544184963992,10,10.626049716083806,0.0,0.0,0.0,10,0.0,0.0,0.0,0.0,10,0.0,0.0,0.0,0.0,10,0.0,0.0,0.0,0.0,10,0.0,-204.05891331677668,-210.6241699142664,-223.8206864765264,10,5.555363941594183,-14.76146283310664,-16.944558491062306,-19.02500189331829,10,1.148063307468284,2760.1202026437013,2710.6357943929856,2602.6011679237567,10,51.13183218709182,2616.103077630645,2461.085684504856,2328.661857873906,10,94.41474110140604,0.0,0.0,0.0,10,0.0,-18.254979358780112,-19.4261390482008,-20.25137931406312,10,0.7089393136423371,233.8430716155993,213.9351926031221,195.25312581672287,10,12.008452075226034,23.83289795368552,15.868723908646194,10.681015106010344,10,3.906006997283464,2608.607395704693,2548.153102911483,2410.046522614731,10,68.79983631600204,0.0,0.0,0.0,10,0.0,0.0,0.0,0.0,10,0.0,0.0,0.0,0.0,10,0.0,4759.267922728359,4454.654237171317,3650.924734558857,10,357.00630452941056,0.001031991744066,0.0001031991744066,0.0,10,0.0003095975232198,4.823166,-0.21573173,-5.3583236,1000,1.0755382,1000,839.510460251046,59,239,306.2635103251642,13352.560424804688,10895.506663583812,618.2233724594116,239,4109.576819453978,138818.0,166.5780987739563,200000.0,294.0,8844.315259218216,58800000.0,1200.6380278802235,294000.0
2.7835709e-08,1.932525e-09,104.19819,-1.8006474e-05,2.9433234e-10,0.008353861,10.8225355,153.5176,153.49861,8.424929,1291.0795,337.40143,1291.3065,1.0,-0.22438993,-1.0,9129,0.8519709,0.2728948216226007,0.2566368267393867,0.248167507211705,10,0.0065563709392087,1000,912.9,129,10,261.3,12832.838825702667,11462.815961647031,1582.8760747909546,10,3299.733322693241,0.0,0.0,0.0,10,0.0,-0.3466138814654703,-2.3878531929441182,-2.8134732497712616,10,0.689579476446191,-105.29956249999998,-738.8062050000001,-819.2049374999999,10,211.24909936701664,415.711942472522,372.67355457581897,49.64857843748237,10,107.75204233907976,434.0381356412808,391.4498799460901,51.31454741123572,10,113.42627344845978,0.0,0.0,0.0,10,0.0,0.0,0.0,0.0,10,0.0,0.0,0.0,0.0,10,0.0,0.0,0.0,0.0,10,0.0,-29.50885334713932,-190.921949413438,-214.7071833297149,10,53.9370870196961,-2.1731415387972683,-15.792402837350611,-18.525227738731594,10,4.589406087484805,2758.6858801088165,2478.6706772585726,343.380424163577,10,712.4481477268668,2546.964518435222,2203.0282824316337,334.3779276942656,10,627.3059758469415,0.0,0.0,0.0,10,0.0,-2.182158789794991,-17.97832073526817,-20.57037164289828,10,5.290810515634118,225.51679917235367,191.87773284799883,37.20436486987367,10,52.214521167592494,15.809846083716028,12.98152890361751,10.4084622726243,10,2.0306287861269627,2666.260185717216,2377.892694549681,271.9950998813913,10,703.4877591751865,0.0,0.0,0.0,10,0.0,0.0,0.0,0.0,10,0.0,0.0,0.0,0.0,10,0.0,4796.314869503991,4215.267594879754,593.664353375299,10,1218.2658223041508,0.0077519379844961,0.0007751937984496,0.0,10,0.0023255813953488,5.241868,-0.2170389,-5.823362,1000,1.077044,1000,788.7701612903226,57,248,338.92842223686995,13351.61093235016,10219.941659278928,608.967622756958,248,4529.387133571734,139066.0,162.37309408187866,200000.0,295.0,9006.688358306885,59000000.0,1231.7311629175922,295000.0
2.7433963e-08,1.9053938e-09,104.25196,-3.4559336e-05,2.8932307e-10,0.008374715,10.819492,153.42284,153.40381,8.466521,1290.7103,337.44604,1290.9543,1.0,-0.228489,-1.0,10000,0.852332,0.2618228066878026,0.254220641048675,0.2502190794333428,10,0.0033436415144049,1000,1000.0,1000,10,0.0,12887.190487384796,12672.33151626587,12237.219319820404,10,199.450065920466,0.0,0.0,0.0,10,0.0,-2.54299315241407,-2.659099981936321,-2.736478303353102,10,0.0547670843694776,-799.3095375,-808.219045,-823.4682375,10,8.279565773340336,416.62091885193576,407.689703483056,390.4383525625108,10,7.452801786859793,437.25275372985794,426.42039391866746,421.228039286979,10,4.727834491486956,0.0,0.0,0.0,10,0.0,0.0,0.0,0.0,10,0.0,0.0,0.0,0.0,10,0.0,0.0,0.0,0.0,10,0.0,-204.60931987199444,-208.2815810947364,-215.3505076708097,10,3.149794945622427,-15.98896844500263,-18.02528281200413,-19.420775744080373,10,0.8298245563326081,2771.861877802516,2712.6029935590623,2640.962346831416,10,42.26455897890035,2609.936795861681,2473.8568663871924,2294.9790897224893,10,87.91246464606418,0.0,0.0,0.0,10,0.0,-19.14923866714595,-19.654253474320672,-20.77470197844011,10,0.4658464142252712,225.98161675808225,210.6550443212585,191.2668667953364,10,10.449126608694256,16.98442681375813,11.460545810637878,10.367264087435023,10,1.8816212351693724,2694.5440931422463,2605.532829920007,2475.080295450329,10,59.54870469888717,0.0,0.0,0.0,10,0.0,0.0,0.0,0.0,10,0.0,0.0,0.0,0.0,10,0.0,4793.545227451595,4679.312180786656,4380.08271733291,10,110.12576463171985,0.0,0.0,0.0,10,0.0,4.9338236,-0.2147174,-5.020775,1000,1.0760875,1000,833.3571428571429,46,238,310.3595545834678,13333.096969127657,10835.000657231869,428.5225024223328,238,4139.842658492429,139304.0,188.6744282245636,200000.0,296.0,9195.362795114515,59200000.0,1060.0270629253291,296000.0
2.7042868e-08,1.8781663e-09,104.35551,-8.263224e-05,2.85263e-10,0.008431072,10.844352,153.63837,153.61949,8.797379,1286.4089,443.83734,1286.3099,1.0,-0.22616057,-1.0,10000,0.85512227,0.2696211898340702,0.2565440838839685,0.2518794658082434,10,0.0047265879225952,1000,1000.0,1000,10,0.0,12844.379496097565,12395.55217294693,11383.101464271544,10,426.2197001847087,0.0,0.0,0.0,10,0.0,-2.3404732389520726,-2.526773126568322,-2.6965250911512006,10,0.1081822721559294,-793.486975,-802.98268625,-817.645675,10,6.760486759743731,421.89997002618406,406.8595719633298,384.2772953399765,10,10.624946368445492,442.6498752573568,426.1179329941756,408.56700546999406,10,9.265528872865614,0.0,0.0,0.0,10,0.0,0.0,0.0,0.0,10,0.0,0.0,0.0,0.0,10,0.0,0.0,0.0,0.0,10,0.0,-206.74623744211192,-211.07937461363403,-223.9369011661177,10,4.58201801558881,-15.47268890022892,-16.885507084853025,-18.53593027095832,10,0.8041071197468189,2759.338111519342,2644.3336821657563,2509.0193512620995,10,62.10645605229456,2558.318970384988,2386.800605069043,2100.769438886522,10,117.35753566783916,0.0,0.0,0.0,10,0.0,-18.641075051143,-19.213711514217263,-19.96192793543095,10,0.4044109942760167,234.58241171025344,204.19776733630383,187.7427032707209,10,12.234674334350307,40.03373424495543,15.677309277786268,10.415846438018509,10,8.330856331633445,2684.1335717961447,2609.8284149258884,2477.3669392426154,10,56.23603360630372,0.0,0.0,0.0,10,0.0,0.0,0.0,0.0,10,0.0,0.0,0.0,0.0,10,0.0,4789.252883340888,4550.076142070154,3578.2881246006787,10,336.7358346994183,0.0,0.0,0.0,10,0.0,5.264587,-0.21285929,-5.98052,1000,1.0907232,1000,617.4649122807018,45,342,352.975319610638,13289.26582145691,7878.908279094083,402.9857521057129,342,4713.786968613626,139646.0,158.02599024772644,200000.0,297.0,9353.388789892197,59400000.0,1265.6145972347574,297000.0
2.6668758e-08,1.8531298e-09,104.5765,-7.480627e-05,2.803709e-10,0.008440927,10.876009,153.87137,153.8525,9.534796,1277.6674,523.7917,1277.3558,1.0,-0.22766425,-1.0,7838,0.85732114,0.2759964923827868,0.2586754130441713,0.2514717167431634,10,0.0064389215508622,1000,783.8,216,10,333.33520666140265,12973.415424346924,9686.190346384048,2277.012909412384,10,4355.209903789697,0.0,0.0,0.0,10,0.0,-0.468431162180108,-1.975531574820676,-2.6615902085072745,10,0.8940568094951314,-165.4989375,-627.3899912499999,-811.2704624999999,10,271.7168274999933,417.46688200061726,315.85484005470863,84.68420509698595,10,137.5736582070173,436.88895502796953,327.8777473729046,84.0917414705601,10,144.31002609599864,0.0,0.0,0.0,10,0.0,0.0,0.0,0.0,10,0.0,0.0,0.0,0.0,10,0.0,0.0,0.0,0.0,10,0.0,-47.34341566396733,-166.14103250699412,-214.3985376988843,10,69.18491446829503,-2.51113809963735,-12.956906065303237,-17.98502770430288,10,6.163881904334877,2696.7943949973933,2051.7309591802205,560.9325390731938,10,880.0528372598585,2533.482975823151,1892.6723419304049,543.3129805581507,10,792.787394371337,0.0,0.0,0.0,10,0.0,-4.816822587629346,-15.078494378889706,-20.006040324336325,10,6.2332679752137015,234.03828376631893,161.6804493318978,39.533109120638784,10,70.72238256771429,20.29589609212554,12.97478722097886,5.400588027017394,10,3.964536765110073,2727.514120923154,2052.6493754100584,452.0981366072691,10,930.46457192812,0.0,0.0,0.0,10,0.0,0.0,0.0,0.0,10,0.0,0.0,0.0,0.0,10,0.0,4872.222834448945,3533.509422544475,660.5159178914774,10,1691.353700843597,0.0046296296296296,0.0011579660915944,0.0,10,0.0018433714551158,5.59665,-0.21396081,-4.9810643,1000,1.077533,1000,825.641975308642,36,243,321.19780869761166,13395.275566577911,10732.063981256368,298.48147535324097,243,4324.988755183864,139889.0,154.87286734580994,200000.0,298.0,9508.26166152954,59600000.0,1291.381785767725,298000.0
2.6325674e-08,1.8300121e-09,104.68952,-5.2778007e-05,2.76042e-10,0.00842794,10.866982,153.7361,153.71722,9.416617,1277.8503,486.033,1277.6046,1.0,-0.2261346,-1.0,9259,0.8586131,0.2766708779741192,0.2596840057275155,0.2532371438669156,10,0.0062459582577479,1000,925.9,259,10,222.3,12694.665083408356,11336.348471021653,2597.297616004944,10,2928.1911536440234,0.0,0.0,0.0,10,0.0,-0.5191611248607992,-2.244190350217837,-2.555603153171389,10,0.5833373690561608,-205.4871125,-737.84893625,-809.2177624999999,10,177.5942637906831,415.58888316648085,372.0254536211361,90.87100737585948,10,94.02079779905128,439.7063619699485,388.2401732205334,99.79951296104429,10,96.70666912993217,0.0,0.0,0.0,10,0.0,0.0,0.0,0.0,10,0.0,0.0,0.0,0.0,10,0.0,0.0,0.0,0.0,10,0.0,-60.483484363573226,-197.71414897723693,-219.4944383283888,10,45.82240534783247,-3.576431854264152,-14.984269496736664,-17.620241765420204,10,3.936847874741917,2691.1531300212155,2405.5968259727792,670.5516579222076,10,581.0537550511118,2493.378508006188,2150.763204103935,574.8961385538598,10,532.1849073179773,0.0,0.0,0.0,10,0.0,-6.29456391371488,-18.02712242123238,-20.379172060893914,10,3.942249781603311,221.23195394242856,183.26629289239503,45.3430744864615,10,47.08061563424815,16.619926128794937,12.665550792881458,10.1272825456484,10,2.520773209847798,2672.759113842918,2392.05194708353,543.8153371795731,10,618.001914958262,0.0,0.0,0.0,10,0.0,0.0,0.0,0.0,10,0.0,0.0,0.0,0.0,10,0.0,4778.022596071798,4211.573608939637,773.4338160541013,10,1159.308013967545,0.0038610038610038,0.0003861003861003,0.0,10,0.0011583011583011,4.9375215,-0.21442875,-5.1457095,1000,1.0764934,1000,866.2327586206897,49,232,288.333853962149,13351.223989486694,11296.252298100091,456.4250774383545,232,3879.306621066508,140121.0,156.57470846176147,200000.0,299.0,9664.83637547493,59800000.0,1277.3455046786423,299000.0
2.6023017e-08,1.8101136e-09,104.7212,-2.2543297e-06,2.7172803e-10,0.00837995,10.855181,153.58093,153.5622,9.112026,1279.9307,493.50818,1279.6813,1.0,-0.23143992,-1.0,10000,0.8569939,0.2646797162361906,0.2560730034020787,0.2491656407727589,10,0.0039535720397947,1000,1000.0,1000,10,0.0,12625.232631206512,12430.939241170883,12193.58839225769,10,126.77627856076477,0.0,0.0,0.0,10,0.0,-2.314582362931432,-2.4719310642391035,-2.568231386703866,10,0.0779186050938247,-780.1839,-796.35878125,-805.1320999999999,10,8.875983595402332,417.2951763694503,407.09705199789136,393.1704888600977,10,6.841053213584685,442.2226428114184,428.6853994484566,418.7288957319077,10,8.000399074664463,0.0,0.0,0.0,10,0.0,0.0,0.0,0.0,10,0.0,0.0,0.0,0.0,10,0.0,0.0,0.0,0.0,10,0.0,-205.0207128740065,-211.18904292366537,-219.6365807017316,10,3.8741347556259735,-14.45094400737183,-15.730681182022092,-17.075437817233368,10,0.7921426333816395,2702.6964781062043,2618.9898024395047,2562.299971256733,10,51.12317775689327,2471.851120577173,2390.6058027513423,2319.9077798480803,10,46.65161558228531,0.0,0.0,0.0,10,0.0,-18.3234621993112,-19.116993704626324,-20.00933544518298,10,0.4907372063336743,215.5289109485428,199.7267466349362,181.2961515067612,10,9.955884211951894,15.092847635373284,12.41290780235173,10.523490689475032,10,2.079486762752196,2658.117230818641,2586.036413299206,2516.797138811371,10,40.56022753557778,0.0,0.0,0.0,10,0.0,0.0,0.0,0.0,10,0.0,0.0,0.0,0.0,10,0.0,4784.073388606281,4628.296391938541,4389.742950784605,10,109.27830751919504,0.0,0.0,0.0,10,0.0,5.425682,-0.21281539,-5.9374332,1000,1.0909605,1000,631.6317073170732,27,410,354.953694636511,13349.782031059263,8126.607181851166,174.05646419525146,410,4778.981500063779,140531.0,157.7755491733551,200000.0,300.0,9822.6119287014,60000000.0,1267.623538931568,300000.0
2.5779956e-08,1.7920013e-09,104.69451,-1.0590983e-05,2.7039493e-10,0.008386152,10.909529,154.0372,154.01842,9.902701,1267.7706,708.0783,1266.9773,1.0,-0.23431319,-1.0,9423,0.85893637,0.2670981822423232,0.2569708119330706,0.2509723252232735,10,0.0050075390408025,1000,942.3,423,10,173.1,12712.472653388975,11742.81412115097,5159.053687095642,10,2199.981402396449,0.0,0.0,0.0,10,0.0,-1.0531935003554678,-2.313762311853872,-2.552120906581136,10,0.425755984318128,-335.024325,-746.68738875,-800.94775,10,137.3143031224238,426.9383246273909,391.99801150282633,169.24094943870958,10,74.72235083305726,443.2097782138544,406.467485872134,181.20267813884885,10,75.59944773299576,0.0,0.0,0.0,10,0.0,0.0,0.0,0.0,10,0.0,0.0,0.0,0.0,10,0.0,0.0,0.0,0.0,10,0.0,-94.55305880102682,-199.5576892562055,-221.0901329653634,10,35.20618238543691,-6.880446366968108,-15.061736102226808,-17.74350618354881,10,2.8837359342898616,2697.2409090747124,2475.558640707872,1150.1532540525277,10,446.5714018639001,2577.2068981366338,2281.235496875729,1143.3795773060806,10,386.9485524002272,0.0,0.0,0.0,10,0.0,-7.527167142445875,-17.560392070793977,-19.56979698446513,10,3.400931358560219,247.69951923438367,195.5619296968752,116.72541537852432,10,31.91747773146762,15.416036773537405,13.03879616309477,10.487542087928771,10,1.7168833400950787,2637.770622240929,2433.35341288824,987.9929270236388,10,482.6556024218633,0.0,0.0,0.0,10,0.0,0.0,0.0,0.0,10,0.0,0.0,0.0,0.0,10,0.0,4823.746204072919,4334.13311741436,1750.874440489278,10,871.1733588522486,0.0023640661938534,0.0002364066193853,0.0,10,0.000709219858156,5.568436,-0.21752319,-5.1002903,1000,1.0775328,1000,803.6339285714286,55,224,337.05185843935567,13331.54364681244,10448.18322274408,608.9424996376038,224,4531.000042378764,140755.0,186.4377243518829,200000.0,301.0,10009.049657821655,60200000.0,1072.7442672627756,301000.0
2.5591264e-08,1.7805745e-09,104.63012,4.0570347e-05,2.6672645e-10,0.008329838,10.871292,153.57695,153.55815,10.133381,1270.2505,654.26483,1269.7002,1.0,-0.24000058,-1.0,7845,0.8582658,0.2759437055506107,0.2589158577176083,0.2455597852392556,10,0.0106918783458531,1000,784.5,242,10,329.8221490439961,12650.92373752594,9716.24716413021,2545.9143586158752,10,4372.098237828097,0.0,0.0,0.0,10,0.0,-0.5489644402557932,-1.9018016036634031,-2.5328264548311785,10,0.8351524784516083,-194.7893875,-615.7586825,-793.3488124999999,10,258.1442350795496,416.4437151666102,319.56783772560874,82.65228824903213,10,144.19552854588073,446.6052316173483,334.43668340790293,88.77482799742995,10,149.18956446832357,0.0,0.0,0.0,10,0.0,0.0,0.0,0.0,10,0.0,0.0,0.0,0.0,10,0.0,0.0,0.0,0.0,10,0.0,-55.824304124569295,-165.148260347252,-212.9225700260281,10,65.63418559870158,-3.030784767344419,-12.592681309033557,-18.071727899405296,10,5.5067745257127125,2657.5594444426906,2043.340608799664,637.9585306453666,10,870.0385546337208,2433.258528636591,1862.2639697438085,523.1265209039586,10,810.6042676749951,0.0,0.0,0.0,10,0.0,-5.105471325459851,-15.087731015953434,-19.556407298032745,10,6.068412944614406,209.9518804732054,154.5105104528059,50.97339788181008,10,61.468159546192425,15.07821788656866,12.978313010293974,10.61560475627912,10,1.8284861201485605,2676.4958229105023,2029.9389474873965,565.9038387478213,10,902.8448446983364,0.0,0.0,0.0,10,0.0,0.0,0.0,0.0,10,0.0,0.0,0.0,0.0,10,0.0,4848.570101391098,3610.440243111654,784.2620274998454,10,1709.5634780071846,0.0041322314049586,0.0010834316498098,0.0,10,0.0016740938333226,5.5232882,-0.21998915,-4.950268,1000,1.076258,1000,806.0134529147982,45,223,331.2535300405274,13390.945932388306,10492.288530905686,472.4904165267944,223,4448.855823948232,140978.0,154.05661511421204,200000.0,302.0,10163.10627746582,60400000.0,1298.224031806276,302000.0
2.5460292e-08,1.7710609e-09,104.41214,5.3127274e-06,2.6576272e-10,0.0083476575,10.867561,153.48538,153.4665,9.705613,1271.6947,678.7427,1271.1191,1.0,-0.23904157,-1.0,8390,0.8574519,0.2780126182030435,0.2573939014161888,0.2472056448456043,10,0.0104263929785472,1000,839.0,318,10,262.3638694637659,12593.78216791153,10326.81815609932,3671.83034324646,10,3517.833476162765,0.0,0.0,0.0,10,0.0,-0.7160293900870142,-2.01223313972104,-2.545572836685005,10,0.6779747870195444,-254.9492875,-657.74626625,-802.2899,10,204.0279372881688,415.1375516268868,339.76250042026584,117.21159342914368,10,113.32277672507982,438.3712717980764,355.48253574681297,127.96268336141104,10,118.31702544852368,0.0,0.0,0.0,10,0.0,0.0,0.0,0.0,10,0.0,0.0,0.0,0.0,10,0.0,0.0,0.0,0.0,10,0.0,-74.53162760793813,-176.48044664838403,-210.2183509104777,10,50.517347446101866,-4.859058032149219,-13.895702065970609,-18.712194932964177,10,4.59710244000949,2670.8278636035534,2160.5875443832474,743.4625594062823,10,725.0187431015727,2476.191014615486,1985.101245418092,693.515912956391,10,641.4559135512934,0.0,0.0,0.0,10,0.0,-6.333624648104512,-16.00914246411207,-19.48853267583081,10,4.84545977756882,215.1121087115327,172.0839699703981,62.53098610899018,10,55.20661873025898,33.6147424338911,14.416139995594026,5.574413115748884,10,7.174637927846915,2671.282275424216,2134.929536816177,713.4827027923045,10,764.4980318132202,0.0,0.0,0.0,10,0.0,0.0,0.0,0.0,10,0.0,0.0,0.0,0.0,10,0.0,4835.799698757121,3860.739169661383,1232.6575226281254,10,1337.615362287729,0.0031446540880503,0.0007246040984272,0.0,10,0.0011750690016812,5.539474,-0.21273586,-5.4725585,1000,1.0923325,1000,571.5673981191222,39,319,324.4252999352205,13309.14473438263,7229.974622418327,298.7604560852051,319,4317.775515834091,141297.0,155.50698018074036,200000.0,303.0,10318.61326289177,60600000.0,1286.115901469805,303000.0
2.5382802e-08,1.766742e-09,104.36514,-9.839548e-06,2.63882e-10,0.00835905,10.906324,153.87434,153.85558,10.200262,1261.5006,757.46906,1260.7239,1.0,-0.23977433,-1.0,9952,0.85617185,0.2606333708641217,0.2535945844346822,0.2475555017815815,10,0.0044582721312202,1000,995.2,952,10,14.4,12773.435090065002,12383.02143805027,11411.604931116104,10,401.4406908372632,0.0,0.0,0.0,10,0.0,-2.2255484494653768,-2.4010034410133607,-2.564387408496519,10,0.0911433955293736,-751.643475,-780.46219875,-794.0988375,10,11.280765887627112,417.38565610437206,402.6948145855415,369.1056882026454,10,13.497713001939788,433.85025382280446,417.6977771692367,390.7182421157763,10,11.806195711171322,0.0,0.0,0.0,10,0.0,0.0,0.0,0.0,10,0.0,0.0,0.0,0.0,10,0.0,0.0,0.0,0.0,10,0.0,-203.4509636267304,-208.4460027157137,-216.3346648384465,10,4.0964974561702165,-14.808188489227742,-16.530217337156756,-18.926823114348217,10,1.2948642659314566,2717.014260192479,2603.311683080331,2492.9373347283586,10,62.7405778036417,2606.505210058107,2429.896356458344,2265.6156592694915,10,93.12845522748326,0.0,0.0,0.0,10,0.0,-18.02993093753333,-18.92816723114016,-19.880091465004053,10,0.5371349623622663,223.5691981214286,204.9790996759594,187.9935105245691,10,11.143069003213574,19.32292479779625,14.408705157657968,10.486603258591618,10,2.819470712515556,2627.8952050161147,2533.455771954644,2260.3267257276,10,103.66653080647852,0.0,0.0,0.0,10,0.0,0.0,0.0,0.0,10,0.0,0.0,0.0,0.0,10,0.0,4874.959175692706,4602.911774539245,4214.693365162703,10,206.48566410502005,0.0010504201680672,0.0001050420168067,0.0,10,0.0003151260504201,5.198032,-0.2167027,-5.498787,1000,1.0788863,1000,826.4875,37,240,317.5391705660106,13329.625999450684,10652.724560932256,323.5268063545227,240,4253.963580932205,141537.0,157.57398533821106,200000.0,304.0,10476.187252044678,60800000.0,1269.245044292859,304000.0
2.5338414e-08,1.763596e-09,104.3751,1.2876044e-05,2.6347716e-10,0.00833713,10.907991,153.87152,153.85283,10.155968,1260.762,685.803,1260.063,1.0,-0.2390253,-1.0,10000,0.8553968,0.2623061056234593,0.2533149713280572,0.2467181960273629,10,0.004387391753277,1000,1000.0,1000,10,0.0,12842.582060813904,12685.654037046432,12139.601003170012,10,201.16067800507287,0.0,0.0,0.0,10,0.0,-2.2915703144250634,-2.434576296399236,-2.527191197064548,10,0.0716618874453282,-769.52565,-785.8189562499999,-800.434575,10,7.524137187570585,415.5241613455529,406.5921859453027,385.0206526211583,10,8.338516873562295,430.52568081632137,421.897189967528,413.2389033565164,10,4.717603224895944,0.0,0.0,0.0,10,0.0,0.0,0.0,0.0,10,0.0,0.0,0.0,0.0,10,0.0,0.0,0.0,0.0,10,0.0,-202.35399543897847,-209.0331815024708,-217.4194114929812,10,4.19772643366898,-14.760890729028702,-17.093094314081,-18.09795084495176,10,0.9392792562851424,2813.75568857404,2662.21007815942,2518.9871837212886,10,78.24281960716195,2704.271140554869,2525.364667687521,2381.6004779227733,10,107.8744856572081,0.0,0.0,0.0,10,0.0,-18.482002039630665,-19.03995037739845,-19.549874488082256,10,0.2970194067824294,247.28986424177504,221.5383207649765,194.45633182328467,10,13.877285920904626,15.874507049033518,14.389848484459405,11.309340810034982,10,1.6339700911672803,2675.7108324025703,2577.550990520914,2239.721859575207,10,118.13149438092528,0.0,0.0,0.0,10,0.0,0.0,0.0,0.0,10,0.0,0.0,0.0,0.0,10,0.0,4855.295825619614,4688.643846545951,4476.529062137768,10,122.75349373069828,0.0,0.0,0.0,10,0.0,5.375888,-0.21392916,-5.502587,1000,1.0782756,1000,825.3583333333333,43,240,328.7678207041492,13342.745339393616,10646.582087107872,494.4951057434082,240,4388.716724766762,141777.0,161.45125341415405,200000.0,305.0,10637.63851094246,61000000.0,1238.76399700014,305000.0
2.5314607e-08,1.7620388e-09,104.16114,7.317811e-05,2.6312982e-10,0.008259712,10.857864,153.40344,153.38467,9.633197,1269.9098,531.3303,1269.6716,1.0,-0.23777714,-1.0,9773,0.8582692,0.2703136658307409,0.2553556637617424,0.2503971621030081,10,0.0054877322346456,1000,977.3,773,10,68.1,12845.064887046814,12220.986538946629,9246.38806772232,10,1014.1629169234157,0.0,0.0,0.0,10,0.0,-1.73242604400264,-2.364191787028976,-2.537978976007813,10,0.2241138847375196,-594.73035,-767.7532225,-804.2044375,10,58.12798555515254,412.6872438157262,392.2190628951547,295.1233070546012,10,32.828930169463895,431.0191217905536,405.2142004085479,312.7618484629362,10,31.667749927385845,0.0,0.0,0.0,10,0.0,0.0,0.0,0.0,10,0.0,0.0,0.0,0.0,10,0.0,0.0,0.0,0.0,10,0.0,-163.04597485531775,-206.38403715307072,-225.3079979371469,10,15.407338731739516,-11.908262492344246,-16.783177441701504,-18.634793879582645,10,1.843103130613972,2730.756110560511,2536.764047622401,1867.3621290865085,10,233.2418026803604,2654.818190342794,2459.479034733308,1858.0703532369496,10,219.4752341241924,0.0,0.0,0.0,10,0.0,-14.415210821306278,-18.52338331840179,-19.65538373842743,10,1.44296909308652,265.6689223690236,219.51693005441496,177.64462775658018,10,22.303742771064872,23.76550783432761,17.309153943231216,12.713654702619486,10,3.216715315975693,2668.712251635324,2506.537402205416,1811.1674836419688,10,242.7960713215037,0.0,0.0,0.0,10,0.0,0.0,0.0,0.0,10,0.0,0.0,0.0,0.0,10,0.0,4853.640793542081,4497.42650496126,3535.5181992287626,10,392.8332608609126,0.001293661060802,0.0001293661060802,0.0,10,0.0003880983182406,5.048845,-0.21344659,-5.297097,1000,1.0796747,1000,789.7222222222222,35,252,339.2867083434802,13355.06562614441,10123.433414547217,387.6154079437256,252,4522.720976263087,142029.0,187.7176158428192,200000.0,306.0,10825.35613489151,61200000.0,1065.430109486715,306000.0
2.529597e-08,1.7598727e-09,103.78528,0.00013634338,2.6380512e-10,0.008166478,10.898482,153.8669,153.84807,9.964799,1263.7692,588.9939,1263.1632,1.0,-0.24160297,-1.0,9128,0.8542931,0.274854197649362,0.2540543695435913,0.2462197141970299,10,0.0074757104525459,1000,912.8,128,10,261.6,13007.117140769958,11608.516370153427,1621.310447692871,10,3332.142803747033,0.0,0.0,0.0,10,0.0,-0.3254419172784928,-2.2600245932142573,-2.6099754952529968,10,0.6503186740386504,-103.8982,-717.9870900000001,-798.3226625,10,204.8400029426353,417.51411713804544,373.847845014842,49.99118526787348,10,108.09489695108444,421.2130846762069,377.8711032738565,52.18605901145324,10,108.61533606416684,0.0,0.0,0.0,10,0.0,0.0,0.0,0.0,10,0.0,0.0,0.0,0.0,10,0.0,0.0,0.0,0.0,10,0.0,-29.64710099980981,-189.56326753917827,-211.09936113901253,10,53.378865819935,-2.1107360437565927,-16.230723688489398,-19.256918504144185,10,4.761011858076738,2658.2413595628564,2381.535360059478,338.3999992117669,10,682.037438531498,2640.631302106828,2298.528566754007,330.88800098528844,10,660.168101543451,0.0,0.0,0.0,10,0.0,-1.9672957300600733,-17.055831770010506,-19.5566204932054,10,5.0610232541505775,236.7723160962341,202.29843506362573,34.07559320826425,10,57.2667842798673,23.556458580246183,15.055516668039644,10.852258698667058,10,3.653926821971049,2669.446766504016,2388.420869669012,307.6203681486087,10,694.7748039989036,0.0,0.0,0.0,10,0.0,0.0,0.0,0.0,10,0.0,0.0,0.0,0.0,10,0.0,4859.483547695717,4332.077563353044,605.1311842644673,10,1245.5404601052796,0.0078125,0.00078125,0.0,10,0.00234375,5.2689395,-0.2067464,-5.727891,1000,1.0898956,1000,685.4489795918367,34,294,338.4037998466617,13406.752173423769,8678.622672486097,262.0902552604676,294,4463.291950771332,142323.0,159.59740710258484,200000.0,307.0,10984.953546762466,61400000.0,1253.1531910881577,307000.0
2.52825e-08,1.7595927e-09,103.331314,0.00013268049,2.6300723e-10,0.008133823,10.897339,153.84778,153.829,10.048581,1260.6218,563.51215,1260.1837,1.0,-0.23623957,-1.0,9591,0.85989213,0.2728384343804367,0.2574090952789354,0.251095473756742,10,0.005762087978497,1000,959.1,591,10,122.7,13029.83840084076,12058.148056077956,6344.357044696808,10,1922.375570365973,0.0,0.0,0.0,10,0.0,-1.364053767551956,-2.319087715107235,-2.5286981679473803,10,0.3269789640495034,-470.7591125,-755.559395,-793.6251374999999,10,95.12244487946182,414.0998258362675,384.72952516775104,217.3494180877664,10,56.16154123937432,430.5091774538415,398.9935634920612,223.9665364472825,10,58.63587906252555,0.0,0.0,0.0,10,0.0,0.0,0.0,0.0,10,0.0,0.0,0.0,0.0,10,0.0,0.0,0.0,0.0,10,0.0,-135.35430984169142,-203.825267100393,-215.8397239078482,10,22.955233959942568,-11.271798718642664,-17.260631276844002,-20.01017983069481,10,2.183672444613497,2696.036789595665,2473.7194370737634,1374.437716823613,10,373.2762657988851,2697.7762539122514,2424.113736192793,1279.6331721496215,10,393.79402545706665,0.0,0.0,0.0,10,0.0,-10.319478396583298,-17.967111766437718,-19.307239469912645,10,2.578097051495796,247.76261924396,220.04307118804604,123.10929314743154,10,34.2646059914138,28.649743199762767,18.3218120948982,12.25468558625695,10,5.1137946827848735,2686.2264579874177,2477.367188891272,1248.0182869134155,10,411.786002574582,0.0,0.0,0.0,10,0.0,0.0,0.0,0.0,10,0.0,0.0,0.0,0.0,10,0.0,4793.049997132376,4462.262570465531,2352.592134478232,10,710.5045990810335,0.0016920473773265,0.0001692047377326,0.0,10,0.0005076142131979,4.970592,-0.20899034,-5.373033,1000,1.0774795,1000,830.5909090909091,53,242,310.77210233027165,13345.480028152466,10725.21079219225,529.7262592315674,242,4133.00544885625,142565.0,157.9942591190338,200000.0,308.0,11142.947811603546,61600000.0,1265.8687797593886,308000.0
2.527094e-08,1.757553e-09,102.88434,0.00010669033,2.6412214e-10,0.008124058,10.9518175,154.37447,154.3556,10.2881155,1250.9539,731.2407,1250.1395,1.0,-0.24229449,-1.0,9861,0.8559626,0.2575178436539589,0.2529248798124242,0.2492010343227158,10,0.0027667966324013,1000,986.1,861,10,41.7,13008.601274490356,12627.611942720414,10857.9233417511,10,603.7665518953162,0.0,0.0,0.0,10,0.0,-2.0217324612777507,-2.392432966029729,-2.487144671482876,10,0.1368801195602611,-670.4631375,-772.8691825,-793.5067125,10,34.577376072653244,412.9285485562162,399.9965512500236,335.8169641012073,10,21.66991156597136,424.1947778308207,406.224980055389,352.3046884350595,10,18.67139352923733,0.0,0.0,0.0,10,0.0,0.0,0.0,0.0,10,0.0,0.0,0.0,0.0,10,0.0,0.0,0.0,0.0,10,0.0,-182.2347563318018,-205.82271884547785,-213.20606399110403,10,8.23231319371421,-14.70591644394776,-17.554356649571737,-19.140098916123904,10,1.3030167791910183,2697.522254529326,2547.802921921163,2152.67737852151,10,143.52040418587762,2690.911908783133,2564.649043725586,2155.573052603284,10,151.3746528639359,0.0,0.0,0.0,10,0.0,-17.274148049962896,-19.155664520788346,-19.91665072889551,10,0.7502937233598926,232.8312714371736,211.6124984508912,181.4413195905931,10,15.520663336253817,15.784946373649827,14.551318976224843,11.5215807496652,10,1.5285433349833926,2674.719423931772,2591.3030944509005,2304.7549724617365,10,107.09694931384256,0.0,0.0,0.0,10,0.0,0.0,0.0,0.0,10,0.0,0.0,0.0,0.0,10,0.0,4915.925647071794,4711.927610231649,4071.9255097808727,10,222.8391002998399,0.0011614401858304,0.000116144018583,0.0,10,0.0003484320557491,5.7616687,-0.2028985,-5.9772596,1000,1.0978655,1000,422.9325842696629,22,356,297.6648838804617,13303.427662849426,5240.099325944538,176.82378959655762,356,3872.2603248925457,142921.0,164.13062930107117,200000.0,309.0,11307.078445911407,61800000.0,1218.541602208399,309000.0
2.526064e-08,1.7571948e-09,102.61353,5.50661e-05,2.6365693e-10,0.008154016,10.965022,154.39047,154.37183,10.676026,1247.0708,756.12585,1246.1648,1.0,-0.2429558,-1.0,8402,0.85868514,0.2702483883406634,0.2556009294609059,0.2507346371162003,10,0.005368031940842,1000,840.2,193,10,319.6200244039788,13228.958015441896,10751.092636466026,2120.651673078537,10,4239.922102473079,0.0,0.0,0.0,10,0.0,-0.4471832053680076,-2.05064482563037,-2.520563860780194,10,0.7898306484750286,-152.8274625,-657.51336375,-789.5986875,10,250.27392397274,412.1466204299705,337.5824305330938,71.81061290415319,10,132.12370512020118,416.3493482288032,342.6178702994088,75.7188988972081,10,133.09497736434372,0.0,0.0,0.0,10,0.0,0.0,0.0,0.0,10,0.0,0.0,0.0,0.0,10,0.0,0.0,0.0,0.0,10,0.0,-43.99155143001101,-176.6750188212509,-213.9569661663405,10,66.19768456445094,-2.744558850461682,-14.968627968906125,-18.83718567418653,10,5.791549320101239,2721.70227504158,2219.3807111100623,493.6305527994663,10,857.1863868895463,2750.1054943813715,2182.586275207802,428.0356140731992,10,863.4329227668846,0.0,0.0,0.0,10,0.0,-3.3663095159511265,-16.14095738069602,-20.534500340553333,10,6.171477137417997,226.58942271587904,180.07690501332942,51.00395468738927,10,64.20514658996852,17.955693329982168,12.604244992520536,5.242774245541346,10,3.491968309189477,2700.3230879177254,2203.230781950412,479.0944115462246,10,853.2713252429486,0.0,0.0,0.0,10,0.0,0.0,0.0,0.0,10,0.0,0.0,0.0,0.0,10,0.0,4885.147307517256,3971.00464215393,671.6290617391612,10,1603.769244153203,0.005181347150259,0.0009966036145474,0.0,10,0.0019951796767996,4.9698396,-0.21493854,-5.1861014,1000,1.0776975,1000,841.636,52,250,310.3805398281277,13389.71063899994,10966.592655473709,551.2222623825073,250,4172.7964607595695,143171.0,162.9700379371643,200000.0,310.0,11470.048489570618,62000000.0,1227.2194480135863,310000.0
2.5253305e-08,1.7568785e-09,102.47554,4.1209707e-05,2.633858e-10,0.008156833,10.944975,154.10353,154.08484,10.45242,1252.642,745.68884,1251.7317,1.0,-0.24721564,-1.0,10000,0.8610206,0.2596340155517259,0.2545507573264861,0.2505867084183514,10,0.002963392479429,1000,1000.0,1000,10,0.0,13028.301216125488,12827.093622541428,12587.841766357422,10,136.05125865499355,0.0,0.0,0.0,10,0.0,-2.3268556574062296,-2.405349099888181,-2.4960493032189097,10,0.0511487547186397,-764.275475,-777.17393125,-790.9408374999999,10,8.501774336065527,417.3874225356018,407.5991500219674,395.3069600895886,10,6.395134276114335,421.0563218099138,412.5533303192073,401.18619704513407,10,6.941923865959538,0.0,0.0,0.0,10,0.0,0.0,0.0,0.0,10,0.0,0.0,0.0,0.0,10,0.0,0.0,0.0,0.0,10,0.0,-207.4979601756036,-210.97664085596176,-215.19034176174148,10,2.671497484458755,-16.344007997864857,-17.895408665509933,-20.129929222257843,10,1.1487191069474576,2740.7931408156574,2622.467717634555,2482.120732445117,10,74.91784748368144,2696.2661876039874,2590.739539221986,2469.7186285410257,10,70.05779778465987,0.0,0.0,0.0,10,0.0,-18.338357519624203,-18.774524007228308,-19.345388059456965,10,0.3116680393493039,243.4441596633178,216.5733687724676,192.3214044061151,10,16.943245506692005,16.365034763891455,13.650301183959778,11.15386943067228,10,2.066394635653125,2652.526968977797,2622.9844111507905,2596.449934812593,10,18.62517540130576,0.0,0.0,0.0,10,0.0,0.0,0.0,0.0,10,0.0,0.0,0.0,0.0,10,0.0,4892.929832146074,4765.744743509356,4635.447744475728,10,86.48112974846644,0.0,0.0,0.0,10,0.0,5.676925,-0.21903333,-5.005564,1000,1.0784503,1000,834.9402390438247,56,251,307.53187962615687,13430.847544670103,10901.556045848534,515.52712059021,251,4150.601908756958,143422.0,188.3020453453064,200000.0,311.0,11658.350539684296,62200000.0,1062.1233541740985,311000.0
2.5248637e-08,1.7585745e-09,102.43154,-2.6944851e-06,2.6131622e-10,0.008197218,10.89978,153.53041,153.5117,10.389974,1261.2385,687.06866,1260.4773,1.0,-0.24739651,-1.0,9270,0.8656396,0.2629613177363299,0.2566345012989518,0.2506623726395213,10,0.003806552799403,1000,927.0,270,10,219.0,13091.526685714722,11812.702726745603,3269.506494998932,10,2863.476391520044,0.0,0.0,0.0,10,0.0,-0.627104646625019,-2.161403207015688,-2.437959540185356,10,0.5203518040770281,-203.0001875,-716.80481375,-787.5657249999999,10,171.384361830107,413.8833667529568,376.58178638644176,112.07349722361116,10,88.30369843862503,418.7656217704845,380.34331322537207,102.31160126832346,10,92.73777055064409,0.0,0.0,0.0,10,0.0,0.0,0.0,0.0,10,0.0,0.0,0.0,0.0,10,0.0,0.0,0.0,0.0,10,0.0,-56.55422829690058,-198.3274077744688,-220.66141362052173,10,47.37919738943103,-4.1278647405506455,-17.58347078062296,-21.544849576571984,10,4.6141762934642685,2719.470581005453,2439.7930121899544,627.6711942235593,10,605.6237264221121,2645.92649995768,2351.582865656085,567.5334779769503,10,600.1296838359967,0.0,0.0,0.0,10,0.0,-5.157673628791198,-17.463128262685654,-19.40312248797729,10,4.109330014515251,211.5940888107185,187.7540792938485,55.65823428907488,10,44.38859501262178,16.099281296287224,12.40041065491128,3.243831208350978,10,3.5171269278324564,2652.8853247421544,2416.344705970106,707.6589728416964,10,570.9986545508453,0.0,0.0,0.0,10,0.0,0.0,0.0,0.0,10,0.0,0.0,0.0,0.0,10,0.0,4913.000937651291,4410.423751513174,1308.672931017532,10,1045.9504804475057,0.0037037037037037,0.0003703703703703,0.0,10,0.0011111111111111,6.2116,-0.22268334,-5.92308,1000,1.081755,1000,795.7186311787073,67,263,315.7241129663563,13422.088187217712,10347.20891703988,634.1343402862549,263,4260.815469418398,143685.0,163.4309151172638,200000.0,312.0,11821.781460523604,62400000.0,1223.7586741559724,312000.0
2.5245242e-08,1.7613796e-09,102.71525,-0.00014162192,2.582398e-10,0.008358842,10.872203,153.20776,153.18925,10.847648,1266.1981,682.5833,1265.3063,1.0,-0.2505606,-1.0,9858,0.8633433,0.2599700857227888,0.2550006058024437,0.251130704884546,10,0.0030193940079628,1000,985.8,858,10,42.60000000000001,13157.026268959044,12576.97709326744,10323.910956859589,10,772.0122432181564,0.0,0.0,0.0,10,0.0,-2.038453554043567,-2.341794066464648,-2.412471825185401,10,0.1067653553047025,-662.4891875000001,-762.07277,-778.7430625,10,33.45144923614585,420.81752803725385,401.0942970146412,345.5012158837192,10,20.517701333015143,426.4287069248812,408.7936173916744,344.7258599514615,10,22.217409935141472,0.0,0.0,0.0,10,0.0,0.0,0.0,0.0,10,0.0,0.0,0.0,0.0,10,0.0,0.0,0.0,0.0,10,0.0,-183.71938861007217,-208.7291802291388,-216.5632759362316,10,8.794371317333475,-16.591825832039923,-18.906420365303163,-20.887942233368733,10,1.223468947363662,2703.7856024546163,2602.182313158656,2036.996320627956,10,190.45524553249925,2709.679890903404,2511.1345588969707,1989.434377344116,10,185.38555054082025,0.0,0.0,0.0,10,0.0,-16.526258686320812,-18.35233715323546,-18.866933640832347,10,0.651557538458107,223.9290012920084,195.67006371483683,159.36454282227805,10,15.761388140674615,17.62309732267127,14.94640111268652,11.058968491696149,10,2.000761917833336,2657.9652790924174,2534.165632011516,2014.351108239302,10,179.1647069249016,0.0,0.0,0.0,10,0.0,0.0,0.0,0.0,10,0.0,0.0,0.0,0.0,10,0.0,4935.420591907016,4719.686100239219,4127.35540722673,10,219.42382082613287,0.0011655011655011,0.0001165501165501,0.0,10,0.0003496503496503,5.6083903,-0.22286974,-5.7533107,1000,1.0839528,1000,733.5287769784172,48,278,360.91691420056526,13407.19628238678,9515.917600983768,484.52570629119873,278,4852.589774933881,143963.0,166.2107446193695,200000.0,313.0,11987.992210149763,62600000.0,1203.2916431366064,313000.0
2.5242901e-08,1.7645517e-09,103.22987,-0.00016486619,2.548802e-10,0.008423255,10.786781,152.2528,152.23439,10.931195,1278.7494,534.1174,1278.3276,1.0,-0.24189115,-1.0,8803,0.86584914,0.2707119751476817,0.2592274255907599,0.2537293354716297,10,0.0052198107369363,1000,880.3,395,10,239.4176476369276,13058.402080535889,10988.987123727798,4639.992461204529,10,3175.662779572528,0.0,0.0,0.0,10,0.0,-0.8757130579558434,-2.089015285233642,-2.462936004339665,10,0.5998472170304072,-306.8983875,-686.178135,-790.5066125,10,189.60044102511867,414.1518633785379,352.8584379021894,145.9678581621608,10,103.4508461067964,426.5353045460426,367.1884517448559,156.94395341388525,10,104.8228541834004,0.0,0.0,0.0,10,0.0,0.0,0.0,0.0,10,0.0,0.0,0.0,0.0,10,0.0,0.0,0.0,0.0,10,0.0,-88.04085787185394,-189.34327922646247,-220.9748537692924,10,50.22333226220796,-6.899887536490948,-16.363451494599197,-21.557642974973803,10,4.736488270500341,2693.091854662985,2287.342507049655,803.5322375858987,10,687.068146507034,2670.5266864517243,2176.010494567646,909.8782991136948,10,631.7199804373602,0.0,0.0,0.0,10,0.0,-7.799551556541223,-16.442227023020077,-19.37558630920429,10,4.228181437882916,230.93198088756543,188.06171776166087,85.36775855855,10,49.43764083681238,16.854392565629524,13.198716394694149,5.626761709170175,10,3.566643369792958,2633.803896188546,2256.4734510668886,921.1704260009342,10,646.812685995231,0.0,0.0,0.0,10,0.0,0.0,0.0,0.0,10,0.0,0.0,0.0,0.0,10,0.0,4902.647812412374,4077.281649281126,1596.9174659877135,10,1179.28866768369,0.0025316455696202,0.0004982625961777,0.0,10,0.0009966884179831,5.4376698,-0.22429392,-5.225414,1000,1.0809606,1000,755.1060606060606,54,264,356.5777839740932,13383.423399925232,9808.745297381623,530.165500164032,264,4791.694698775836,144227.0,165.46653771400452,200000.0,314.0,12153.458757400513,62800000.0,1208.7036011213563,314000.0
2.5240587e-08,1.7661784e-09,103.80457,-0.00015005367,2.5306837e-10,0.00845442,10.76111,152.01837,152.00012,10.869726,1283.7903,519.0388,1283.3292,1.0,-0.24048552,-1.0,9897,0.86196154,0.2613922664594074,0.2567380668433383,0.2508417936423101,10,0.0031762791301208,1000,989.7,897,10,30.9,12893.181282997131,12477.88268544674,10874.41648221016,10,570.361879454567,0.0,0.0,0.0,10,0.0,-2.0916121050754297,-2.377448371880073,-2.475185523403915,10,0.1037929194599312,-695.0560624999999,-775.7173037499999,-793.013275,10,27.410626853533618,410.4521563175558,400.45457739045935,363.6862198671637,10,13.472396362942316,433.3450213936711,413.87332207248,367.23763518940615,10,16.915439544674282,0.0,0.0,0.0,10,0.0,0.0,0.0,0.0,10,0.0,0.0,0.0,0.0,10,0.0,0.0,0.0,0.0,10,0.0,-192.09651414331177,-210.6537240252813,-217.54799788050724,10,6.873931505884204,-14.358821220155338,-17.296007607503103,-18.707809800607365,10,1.1120778666821642,2717.659677253754,2628.712293707925,2324.3842685759846,10,110.72080539238311,2593.267828502891,2415.171224699747,2044.5808083319728,10,158.21684793481404,0.0,0.0,0.0,10,0.0,-16.500987992953974,-18.584316976359368,-19.48492059492408,10,0.7672131795919847,227.3186351487072,210.2610135339045,195.45443005068063,10,10.362725142079702,18.962868183112995,13.853500620297092,10.365509610295774,10,2.453837811177517,2656.0413383426594,2561.8314884249585,2265.139531240349,10,111.85994452934456,0.0,0.0,0.0,10,0.0,0.0,0.0,0.0,10,0.0,0.0,0.0,0.0,10,0.0,4846.432700440217,4657.216921150628,4040.196322859592,10,218.85954289174168,0.0011148272017837,0.0001114827201783,0.0,10,0.0003344481605351,5.6172867,-0.22271249,-5.4282875,1000,1.0785729,1000,789.0823529411765,43,255,339.43537471829586,13434.064435005188,10274.572168377334,391.087959766388,255,4579.763681934379,144482.0,168.1353359222412,200000.0,315.0,12321.594098567964,63000000.0,1189.5179493529872,315000.0
2.52383e-08,1.7655567e-09,104.35116,-0.0001631188,2.535071e-10,0.008511213,10.762361,151.97433,151.95602,10.868694,1284.6927,501.4561,1284.1826,1.0,-0.2434414,-1.0,9395,0.8600771,0.2654826200255242,0.2555152047704517,0.2506383989020888,10,0.0042076458338224,1000,939.5,395,10,181.5,12924.919641971588,11849.96161327362,4919.324885368347,10,2314.123118741422,0.0,0.0,0.0,10,0.0,-0.9857261339102964,-2.2788512762791613,-2.518159699276646,10,0.4353120320808636,-312.7801625,-736.5087599999999,-797.15815,10,141.37574201865704,415.73851965331545,383.7094061474159,156.43367847083326,10,75.91115027394402,429.2742532250106,394.6066943440725,167.10563180414363,10,76.17066359275182,0.0,0.0,0.0,10,0.0,0.0,0.0,0.0,10,0.0,0.0,0.0,0.0,10,0.0,0.0,0.0,0.0,10,0.0,-87.58608581581225,-198.1448012023705,-216.4371648884884,10,36.927799269278246,-6.815501655688634,-15.788471177528535,-17.651932682350733,10,3.053528785338599,2704.363077718312,2484.81871447832,1086.0679280598038,10,467.9315851425646,2488.982796844704,2258.7331121352963,1034.1968338314678,10,411.3905821466254,0.0,0.0,0.0,10,0.0,-7.253027725570939,-17.653546694427344,-19.34980599603209,10,3.4833834112645223,213.36267357282344,192.68932170311183,93.82290236418793,10,33.553991453927885,16.10722406683719,13.268307021255438,8.796083118795128,10,2.474589881377745,2650.2385419791262,2440.5011828644906,982.7792923521272,10,487.9904965448179,0.0,0.0,0.0,10,0.0,0.0,0.0,0.0,10,0.0,0.0,0.0,0.0,10,0.0,4868.245800434286,4462.985528324051,1721.9392981561168,10,917.2619479063598,0.0025316455696202,0.000253164556962,0.0,10,0.000759493670886,5.574854,-0.2218806,-5.4882727,1000,1.0758576,1000,801.3346613545817,44,251,350.11595056271165,13406.440905570984,10467.358491278414,380.84888553619385,251,4714.056173947588,144733.0,191.6039516925812,200000.0,316.0,12513.19805598259,63200000.0,1043.8198076461902,316000.0
2.5236043e-08,1.7657706e-09,104.792076,-8.96729e-05,2.531123e-10,0.008473038,10.752092,151.84741,151.82913,10.440245,1287.9806,464.266,1287.4882,1.0,-0.23706013,-1.0,9987,0.8587973,0.2672520264302435,0.2558713911450291,0.248702225847358,10,0.0057272945864872,1000,998.7,987,10,3.9,12787.757225513458,12456.320865011216,11943.571902751924,10,245.9738419144646,0.0,0.0,0.0,10,0.0,-2.301538069327771,-2.391142977047527,-2.470195976445381,10,0.0503713591588135,-775.2100499999999,-785.718295,-793.960675,10,6.25958374739839,413.7200701627058,406.5509033143306,397.3374326614979,10,4.717640622463407,430.8446565333698,419.73374125591016,410.5994510351102,10,6.412520370162744,0.0,0.0,0.0,10,0.0,0.0,0.0,0.0,10,0.0,0.0,0.0,0.0,10,0.0,0.0,0.0,0.0,10,0.0,-204.82312245905032,-211.3794274471604,-223.1785374980384,10,5.673367756121155,-13.530307786726482,-16.15741749372804,-17.160262702471016,10,1.0124415195298355,2677.1900464116056,2594.445173101595,2398.0182909748914,10,79.0163597456051,2466.82099093502,2359.523421644012,2155.142636830414,10,101.23119419431676,0.0,0.0,0.0,10,0.0,-18.34278132136713,-18.66262103840546,-18.86267035070473,10,0.1467409474131794,246.213991537588,221.22884710824368,203.3459537509627,10,12.305085711839174,15.75878783905789,13.601694678289112,10.606303255379553,10,2.017073618035866,2637.673389437716,2592.7564872784965,2477.827964371453,10,47.55800585072544,0.0,0.0,0.0,10,0.0,0.0,0.0,0.0,10,0.0,0.0,0.0,0.0,10,0.0,4822.318054506148,4681.233108273727,4482.181298537014,10,104.64189465378884,0.0010131712259371,0.0001013171225937,0.0,10,0.0003039513677811,5.527174,-0.21883066,-5.082731,1000,1.0761163,1000,768.5057471264367,37,261,363.339392764928,13379.493760108948,10012.914219732029,304.72779750823975,261,4884.846113468556,144994.0,166.98913049697876,200000.0,317.0,12680.187191724775,63400000.0,1197.6827438095947,317000.0
2.5233799e-08,1.7624786e-09,104.83251,2.2587536e-05,2.5622568e-10,0.008364013,10.718185,151.48819,151.46983,9.793061,1293.2253,423.12967,1292.9899,1.0,-0.23546891,-1.0,9718,0.8577017,0.2616104983978816,0.2557254327749095,0.2513856262963687,10,0.0027588393906347,1000,971.8,718,10,84.60000000000001,12675.833329677582,12159.3912607193,8967.93508195877,10,1079.8903809655983,0.0,0.0,0.0,10,0.0,-1.6746720618789834,-2.334192024813712,-2.5553885353320176,10,0.2309417727128385,-556.005375,-766.25119875,-796.8028750000001,10,70.22860860675733,419.589211834061,398.3127499899789,285.6904131422858,10,37.84068344084757,431.9211796791841,410.54704107547593,308.70357149693154,10,34.667923741994386,0.0,0.0,0.0,10,0.0,0.0,0.0,0.0,10,0.0,0.0,0.0,0.0,10,0.0,0.0,0.0,0.0,10,0.0,-152.3826742783176,-205.4714962915425,-217.0738316456942,10,17.907081915571823,-12.689648171236367,-16.104737004683653,-17.555806561093927,10,1.4146740830213995,2700.1012759679707,2561.435156590157,1876.811764670076,10,232.34076945464128,2487.5969517710155,2305.7145091177726,1735.884316481096,10,209.41965122021423,0.0,0.0,0.0,10,0.0,-13.55251663469324,-18.203780010079743,-19.00069419888422,10,1.5640494278872996,234.7037063668296,212.09340279852668,167.09380228191688,10,18.850267189870493,15.93112247776014,14.106881797244188,11.138850156163016,10,1.7190235355930588,2641.513089062431,2509.842287848997,1773.2392771399134,10,246.96241856269103,0.0,0.0,0.0,10,0.0,0.0,0.0,0.0,10,0.0,0.0,0.0,0.0,10,0.0,4823.38696356244,4559.867724576217,3396.4063290921595,10,408.2186230071896,0.0013927576601671,0.0001392757660167,0.0,10,0.0004178272980501,4.8377852,-0.21590194,-5.0525208,1000,1.0718886,1000,871.4763948497854,39,233,294.4537105220815,13343.993138313292,11398.621060517724,364.46780014038086,233,3956.644107954988,145227.0,167.15969514846802,200000.0,318.0,12847.34689116478,63600000.0,1196.460664889128,318000.0
2.5231591e-08,1.760802e-09,104.54694,0.000111920766,2.5772556e-10,0.008251835,10.681663,151.13931,151.12077,8.828521,1299.0409,359.7247,1299.1265,1.0,-0.23725815,-1.0,9715,0.85692114,0.2645515625559141,0.2551258883134529,0.2500859574234296,10,0.0042059419549463,1000,971.5,715,10,85.5,12722.2593832016,12017.969723415375,7845.561385631561,10,1403.306393454097,0.0,0.0,0.0,10,0.0,-1.5860937122424894,-2.3303235620825777,-2.5344759294922405,10,0.2591537201835923,-557.031725,-764.6603562500001,-793.3093375,10,69.3216035706096,422.2317793304389,390.4114197736173,275.36595800405945,10,40.3347743239888,430.357398626358,404.4733495645385,298.685828628782,10,36.35612819302916,0.0,0.0,0.0,10,0.0,0.0,0.0,0.0,10,0.0,0.0,0.0,0.0,10,0.0,0.0,0.0,0.0,10,0.0,-158.25427415387617,-204.5913394525795,-214.66257114507687,10,15.698397453961196,-9.559125335424929,-16.185503334398692,-18.59047631342208,10,2.4088313158617725,2679.196622774043,2536.164857623224,1782.1552987966109,10,257.5644452569288,2457.163042578107,2216.383248721417,1650.692386342689,10,228.9026960463556,0.0,0.0,0.0,10,0.0,-13.705276504202004,-18.18581553347393,-18.89862869148879,10,1.501070362577903,232.51433821404825,212.3610625940483,155.55637678151732,10,20.97102172397516,15.44345451233294,12.56883173751716,10.744677977324152,10,1.940901484419009,2660.301208848521,2505.475774192784,1734.692706558085,10,261.75382531512554,0.0,0.0,0.0,10,0.0,0.0,0.0,0.0,10,0.0,0.0,0.0,0.0,10,0.0,4883.049577333776,4551.269370280706,2525.020932852789,10,680.3353122788558,0.0013986013986013,0.0001398601398601,0.0,10,0.0004195804195804,5.861778,-0.21574305,-5.346174,1000,1.0729753,1000,816.855421686747,36,249,338.7981166359506,13354.808817863464,10638.543374810832,370.36556911468506,249,4552.040168217623,145476.0,171.43645238876343,200000.0,319.0,13018.783349514008,63800000.0,1166.6130348198265,319000.0
2.523002e-08,1.7575367e-09,104.08274,0.00013489003,2.6086677e-10,0.00819173,10.661958,150.96405,150.94542,8.271206,1302.0804,325.05243,1302.315,1.0,-0.24044155,-1.0,10000,0.85454315,0.2568711157491876,0.2527932918135842,0.2473895541204398,10,0.002619485344175,1000,1000.0,1000,10,0.0,12831.424800872805,12573.64539871216,12352.831823825836,10,132.95691499065998,0.0,0.0,0.0,10,0.0,-2.3899605380268985,-2.4896451149890773,-2.6213990075445803,10,0.0657437620973459,-780.9536625,-788.655235,-795.6383625,10,4.859770119800561,415.1511962996456,402.40391263364376,383.8360953492928,10,10.151869132545748,435.4485919418333,418.1108545437036,406.2825300462848,10,8.834612933178647,0.0,0.0,0.0,10,0.0,0.0,0.0,0.0,10,0.0,0.0,0.0,0.0,10,0.0,0.0,0.0,0.0,10,0.0,-203.23971033401835,-208.2790022720438,-212.57436170430336,10,2.633458027222724,-15.396699658828409,-16.937318403523044,-17.70241966866687,10,0.7312457676582451,2707.617191341265,2643.409863457292,2624.2267268778314,10,23.35034060671652,2457.115365149816,2350.7207424035964,2237.692609059871,10,71.39400147012678,0.0,0.0,0.0,10,0.0,-18.23298333956124,-18.666315026847407,-18.985706488408244,10,0.2198162196515891,226.37855181126832,213.2654005704065,199.1805421298788,10,8.860987545084532,15.484535197363329,12.963267476652051,11.03269500160276,10,1.5789467617797066,2675.623702027603,2608.222175484745,2488.4414667405063,10,47.52910778161583,0.0,0.0,0.0,10,0.0,0.0,0.0,0.0,10,0.0,0.0,0.0,0.0,10,0.0,4850.160868968607,4761.259620648491,4589.327089585237,10,69.76103580844433,0.0,0.0,0.0,10,0.0,5.07246,-0.21548706,-5.378355,1000,1.072127,1000,836.3983402489627,38,241,321.1013965793547,13332.277167320251,10898.456874127703,396.94154930114746,241,4318.153243636374,145717.0,168.49276757240295,200000.0,320.0,13187.276121854782,64000000.0,1186.9945688562457,320000.0
2.522996e-08,1.7552612e-09,103.58981,0.0001238741,2.6313746e-10,0.008163312,10.652697,150.89674,150.87805,7.9232593,1304.3384,302.05682,1304.6534,1.0,-0.23496652,-1.0,10000,0.8578352,0.263446024648765,0.2559246761730718,0.2516118159152761,10,0.0037110070988055,1000,1000.0,1000,10,0.0,12946.92149734497,12461.128315210342,12128.936706542969,10,226.49866510651697,0.0,0.0,0.0,10,0.0,-2.454799946245225,-2.531467565850368,-2.596168696820333,10,0.0386894864649018,-790.6842499999999,-796.46536375,-805.2702625000001,10,4.272614423052547,408.508493332757,391.8198664711007,374.7669630933936,10,9.900675910265871,429.3527809651084,415.7763073078581,407.96646032716944,10,7.598866644704837,0.0,0.0,0.0,10,0.0,0.0,0.0,0.0,10,0.0,0.0,0.0,0.0,10,0.0,0.0,0.0,0.0,10,0.0,-206.52999294790035,-211.0117191760583,-218.18973136008265,10,3.719408821336149,-16.36966158399438,-17.719865564975326,-18.94491971704802,10,0.7364511914497985,2743.728011989505,2642.6140754714334,2563.610322896952,10,51.87635334720123,2585.50437652209,2345.347865913312,2145.669237499755,10,132.21981057084915,0.0,0.0,0.0,10,0.0,-18.302863827046103,-18.63075140149396,-19.110788729796568,10,0.2196057322044947,237.3722214017712,224.2519551571721,211.88694088578137,10,9.010697327870568,21.177629199509177,15.087097600194287,10.987552236392446,10,2.6346703112246006,2639.983915085184,2584.3688544401666,2519.3559640097064,10,36.6900600994521,0.0,0.0,0.0,10,0.0,0.0,0.0,0.0,10,0.0,0.0,0.0,0.0,10,0.0,4780.971337854396,4687.302363762568,4502.140013277824,10,97.8984083827243,0.0,0.0,0.0,10,0.0,5.2960124,-0.21396822,-5.058754,1000,1.0729312,1000,825.4333333333333,40,240,342.947110434766,13395.29223060608,10775.107578815834,326.82608938217163,240,4639.239226885408,145957.0,198.22470211982727,200000.0,321.0,13385.500830411913,64200000.0,1008.9559871256588,321000.0
2.522996e-08,1.7552538e-09,103.191986,6.9622234e-05,2.6314456e-10,0.008185736,10.701846,151.38753,151.36873,8.5356865,1296.6285,450.9881,1296.4768,1.0,-0.23286912,-1.0,9387,0.8621696,0.2699005502119573,0.2597380259497756,0.2518545028660254,10,0.0047997747240626,1000,938.7,387,10,183.9,13041.52127790451,11815.37413854599,4605.853120803833,10,2423.918226589802,0.0,0.0,0.0,10,0.0,-0.9132921996925653,-2.299314883575642,-2.541208056584468,10,0.465079678942252,-306.7010125,-743.8353199999999,-801.5990875,10,145.8510855859008,409.1604747698424,369.5294310839713,137.32047858687463,10,77.9103224728156,427.48705171676806,386.537875821332,151.1758650378887,10,79.12907933375364,0.0,0.0,0.0,10,0.0,0.0,0.0,0.0,10,0.0,0.0,0.0,0.0,10,0.0,0.0,0.0,0.0,10,0.0,-87.58021775738418,-201.495827828478,-219.5592998564745,10,38.11025624903293,-6.842503829624491,-16.920148292809493,-18.820939878274267,10,3.402139267360545,2748.484127338032,2499.715469803553,972.4271069138472,10,513.4414315476961,2690.334661332305,2317.888753768272,966.9530165438626,10,473.5527218134522,0.0,0.0,0.0,10,0.0,-8.025242563168053,-17.502577095447286,-19.23255964048551,10,3.1702753218313484,234.35236870996656,199.83097628643185,86.91031713150784,10,38.93385943944276,21.35113813719373,13.686049800939148,10.691120639199628,10,3.0581022632904102,2643.456103675875,2394.5603820489405,857.0073190266569,10,514.8047270867546,0.0,0.0,0.0,10,0.0,0.0,0.0,0.0,10,0.0,0.0,0.0,0.0,10,0.0,4838.413009213299,4423.870072763791,1748.7072791807402,10,897.331561189594,0.0025839793281653,0.0002583979328165,0.0,10,0.0007751937984496,5.92966,-0.20953202,-5.406151,1000,1.086273,1000,585.0275862068966,30,290,342.498959370734,13353.959794998167,7435.270873230362,250.254864692688,290,4556.762871713817,146247.0,161.37897419929504,200000.0,322.0,13546.879809379578,64400000.0,1239.3188207592018,322000.0
2.522996e-08,1.7550916e-09,103.027176,1.19567685e-05,2.6330702e-10,0.008230219,10.748035,151.8174,151.7986,9.066689,1286.9271,526.8422,1286.6003,1.0,-0.22362724,-1.0,9178,0.8683196,0.2751411256072475,0.2655977584968002,0.2581865656210328,10,0.0050338030701215,1000,917.8,178,10,246.6,12628.332313537598,11300.587539100648,2020.494285106659,10,3105.2029793361994,0.0,0.0,0.0,10,0.0,-0.4476205644399893,-2.18781227353982,-2.5187806865965,10,0.5924859540048463,-139.97834999999998,-729.8473537500001,-809.31645,10,196.83133321757435,400.2110298886512,357.1912415948398,64.61180972159151,10,97.72945154563016,430.7475405046711,382.496195018549,60.94993256001052,10,107.35317957898692,0.0,0.0,0.0,10,0.0,0.0,0.0,0.0,10,0.0,0.0,0.0,0.0,10,0.0,0.0,0.0,0.0,10,0.0,-40.8792905889818,-202.6837644136108,-231.90085111392867,10,54.14372922568006,-3.408120900949624,-15.74672338205148,-18.811559470957164,10,4.209749604467937,2716.5084852299506,2430.7434227384256,364.4725574577793,10,689.424627328242,2617.4601340911904,2292.2122372679864,394.3042830189663,10,636.7898052249943,0.0,0.0,0.0,10,0.0,-3.8091136179458864,-16.86200652469274,-18.80065545982564,10,4.357897293431292,241.12084556229564,203.35647297680697,46.58218557306361,10,53.52217256567178,15.70457381640102,13.114716754903338,7.025558705708514,10,2.807885830126188,2599.7319191398105,2295.7156182463286,395.7666011291632,10,638.9474927769172,0.0,0.0,0.0,10,0.0,0.0,0.0,0.0,10,0.0,0.0,0.0,0.0,10,0.0,4747.420366127845,4100.228363312429,836.4039462723205,10,1103.8871674271118,0.0056179775280898,0.0005617977528089,0.0,10,0.0016853932584269,5.6018515,-0.20717523,-5.9455814,1000,1.0909915,1000,638.566985645933,42,418,356.1215339576223,13366.8022813797,8196.93328121775,395.4207091331482,418,4788.819381432539,146665.0,164.44347190856934,200000.0,323.0,13711.323287725449,64600000.0,1216.223409045998,323000.0
2.522996e-08,1.7560484e-09,103.142235,-1.1080257e-05,2.6234998e-10,0.008262459,10.815405,152.45839,152.43959,10.223755,1272.4646,674.9543,1271.6019,1.0,-0.22902018,-1.0,9641,0.86319774,0.2821052675645162,0.2615577548490638,0.2543790338447256,10,0.0075250488520998,1000,964.1,641,10,107.7,13121.706461906431,12252.718738937378,7140.509790420532,10,1721.540469214429,0.0,0.0,0.0,10,0.0,-1.425406337811324,-2.2918908159129594,-2.445090420265764,10,0.2908786541066264,-522.8463750000001,-761.60893875,-798.3818749999999,10,79.73029536927885,403.5811845393505,379.5515848120158,237.79028417544416,10,47.76660320821544,426.5274917757706,402.7575339233107,262.7800260171075,10,47.06446672685274,0.0,0.0,0.0,10,0.0,0.0,0.0,0.0,10,0.0,0.0,0.0,0.0,10,0.0,0.0,0.0,0.0,10,0.0,-152.1955435259584,-208.84865429766987,-221.0366176101988,10,19.139660026814987,-10.354013626120867,-16.637797956031118,-18.758027331307154,10,2.2976458105169923,2775.7525863018864,2602.0972973931657,1644.17181201279,10,324.40943965557955,2670.124094016709,2473.450062469172,1471.0236928126014,10,351.2683859381084,0.0,0.0,0.0,10,0.0,-10.988593897130064,-17.825326212376954,-19.037671317102493,10,2.2891598795946657,230.04684443463617,210.4976647324345,143.62595987187245,10,23.34802311435581,17.858736124247933,12.921837419845344,10.388626497101924,10,2.538786267632937,2689.05934760524,2470.403181939904,1375.490028287075,10,368.0281763601994,0.0,0.0,0.0,10,0.0,0.0,0.0,0.0,10,0.0,0.0,0.0,0.0,10,0.0,4866.94894829196,4509.7536798559495,2540.8428470476856,10,664.7104092475777,0.0015600624024961,0.0001560062402496,0.0,10,0.0004680187207488,5.1695848,-0.20829064,-5.0896797,1000,1.0772761,1000,764.7837837837837,50,259,357.53590359922873,13427.154932975767,9890.747644538416,430.0226383209229,259,4797.802553638829,146924.0,167.60160970687866,200000.0,324.0,13878.924901723862,64800000.0,1193.3059613793891,324000.0
2.522996e-08,1.7559381e-09,103.36429,-0.000101339756,2.624605e-10,0.008370484,10.869903,153.01889,153.00006,10.979432,1259.8983,778.8419,1258.6722,1.0,-0.22261776,-1.0,8963,0.8652068,0.282326065952102,0.2652265632865495,0.2576904942353689,10,0.0067213923957827,1000,896.3,161,10,252.1087265447192,13127.84699344635,11392.655328321456,1290.979993581772,10,3454.4264038730885,0.0,0.0,0.0,10,0.0,-0.3080934239302815,-2.1216689888684783,-2.4590047057362208,10,0.6150625644904447,-122.6290875,-711.7855674999998,-809.7112,10,201.02138614809644,421.025257402368,361.5398145501032,49.3355042915186,10,108.0133160808896,438.88024455820033,380.02259161722407,48.63953614078026,10,113.80078745116056,0.0,0.0,0.0,10,0.0,0.0,0.0,0.0,10,0.0,0.0,0.0,0.0,10,0.0,0.0,0.0,0.0,10,0.0,-39.12216989204922,-196.5803385456892,-225.6487111838192,10,54.05366880111559,-2.0316218129551906,-14.74027848642005,-17.153571846750527,10,4.347043887653492,2823.9278150457094,2420.413137035948,311.66382227928705,10,723.7983793977153,2765.6580248366254,2308.040187119608,283.08635810853133,10,693.6130319433867,0.0,0.0,0.0,10,0.0,-3.858928252812201,-17.338631058660866,-19.96721468010365,10,4.703162273668624,228.1609968883234,188.90519524012927,36.88770993233953,10,52.1822504558756,17.85923311590922,12.087615915163065,2.331585849691561,10,3.994876734612091,2631.5678898705173,2296.39461283195,281.4015236422133,10,690.766945810042,0.0,0.0,0.0,10,0.0,0.0,0.0,0.0,10,0.0,0.0,0.0,0.0,10,0.0,4853.706861173989,4181.076729751069,408.40218630410857,10,1290.9132931886863,0.0062111801242236,0.0007458062917241,0.0,10,0.001859333347932,6.1027694,-0.20227669,-5.6745653,1000,1.0903583,1000,540.0225080385852,34,311,325.8875135980384,13352.592079162598,6827.678010332767,299.48873376846313,311,4336.902568222888,147235.0,167.95786046981812,200000.0,325.0,14046.88276720047,65000000.0,1190.7748731768338,325000.0
2.522996e-08,1.7585529e-09,103.67603,-7.3296986e-05,2.5984565e-10,0.008367378,10.9121065,153.40675,153.3879,11.9231615,1248.1055,883.9252,1246.5789,1.0,-0.22173266,-1.0,9869,0.86399007,0.2672272542430506,0.2632896460785087,0.2536249892428509,10,0.0036362501547184,1000,986.9,869,10,39.3,12891.032908439636,12380.0483148098,10851.785368919373,10,533.1229196139841,0.0,0.0,0.0,10,0.0,-2.060267214765161,-2.2907207077186453,-2.4347608729288144,10,0.1025113910561083,-686.3715625,-782.1023849999999,-801.5201375,10,32.49327958470692,411.0994197368469,391.3395635317194,334.89617227349163,10,21.03679601286891,429.5691421070406,413.6200902321239,358.4799157737369,10,19.44386218932569,0.0,0.0,0.0,10,0.0,0.0,0.0,0.0,10,0.0,0.0,0.0,0.0,10,0.0,0.0,0.0,0.0,10,0.0,-190.9549790189705,-216.2321074736696,-222.5696223191877,10,9.17747421521188,-13.185054478152272,-17.038285182260218,-18.597244090122345,10,1.464473106613884,2761.359510193998,2630.550008163013,2306.059256463373,10,116.90920882874366,2604.1483542230635,2394.3000961532857,2139.8515578011484,10,111.81095542703056,0.0,0.0,0.0,10,0.0,-17.168885656578446,-18.403945237401167,-19.0132517054234,10,0.4745379921471687,232.49835450115856,215.3317655659311,162.06207681720213,10,19.30046080908887,14.84708640344845,12.756909996666938,10.5660091376654,10,1.895854328734348,2616.85754863087,2536.5320691974407,2127.235034574921,10,138.61955861552235,0.0,0.0,0.0,10,0.0,0.0,0.0,0.0,10,0.0,0.0,0.0,0.0,10,0.0,4887.205551201386,4616.460065209611,4137.89099400005,10,195.96738522671137,0.001150747986191,0.0001150747986191,0.0,10,0.0003452243958573,5.19248,-0.2063247,-5.5004745,1000,1.0770339,1000,790.1666666666666,38,258,342.9604008676621,13413.104760169985,10234.525008418936,340.5633521080017,258,4627.115040596115,147493.0,200.04156732559204,200000.0,326.0,14246.924344062803,65200000.0,999.792206559128,326000.0
2.522996e-08,1.7587367e-09,103.832466,-5.4126733e-05,2.596618e-10,0.008360724,10.881168,153.04692,153.02805,11.792092,1250.9972,806.7698,1249.757,1.0,-0.21909669,-1.0,9090,0.8625975,0.2723852857450425,0.2638716884679887,0.2589175910637608,10,0.0050530792698545,1000,909.0,90,10,273.0,13150.638619422913,11288.546714830398,997.4442467689514,10,3474.1427342496963,0.0,0.0,0.0,10,0.0,-0.2699787153170395,-2.1113509073920094,-2.4338492211134937,10,0.6207908979686431,-73.0879625,-722.3549987499999,-805.5465875,10,216.5228520600731,405.5989201363346,357.7409720896786,32.71692021283393,10,108.876714799644,435.2286698237,382.1796089424604,29.50638392204403,10,117.87013555995236,0.0,0.0,0.0,10,0.0,0.0,0.0,0.0,10,0.0,0.0,0.0,0.0,10,0.0,0.0,0.0,0.0,10,0.0,-20.63254807293823,-198.7396334255768,-229.06935360681567,10,59.53576105243785,-1.6198753175994127,-15.092278193495329,-17.27697525399048,10,4.509386535976173,2811.4052831164367,2419.1342249285944,198.22430662912703,10,744.2724106297312,2655.01480126886,2202.646685300504,186.9439030322048,10,684.41904330194,0.0,0.0,0.0,10,0.0,-1.399618734087177,-17.035115744046585,-19.662627788758968,10,5.227198198436589,238.11965516422768,195.95716987714,17.655993048795743,10,61.41383681260693,15.683930109759189,11.576103932143493,1.628926890249673,10,3.8132122971173983,2613.361704070365,2319.0836997774627,218.22068459403303,10,704.081890842827,0.0,0.0,0.0,10,0.0,0.0,0.0,0.0,10,0.0,0.0,0.0,0.0,10,0.0,4843.879954684733,4167.135150931883,389.9845117946061,10,1313.0516821858705,0.0111111111111111,0.0011111111111111,0.0,10,0.0033333333333333,5.4636183,-0.20455274,-5.615043,1000,1.0872579,1000,628.3245382585752,33,379,377.2881819610549,13411.616417884828,8050.571084495742,236.5731406211853,379,5074.830610101605,147872.0,165.52472400665283,200000.0,327.0,14412.449073553084,65400000.0,1208.278710024984,327000.0
2.522996e-08,1.7611862e-09,103.98583,-6.386794e-06,2.572123e-10,0.008325251,10.8876,153.0864,153.06784,11.955247,1248.4515,852.1117,1247.1691,1.0,-0.2238754,-1.0,9006,0.8575758,0.2747129423946108,0.2603605584962778,0.2542836661017897,10,0.0058786669903698,1000,900.6,116,10,263.581562329386,12935.064807891846,11391.337182331084,1169.138162136078,10,3439.4678134175906,0.0,0.0,0.0,10,0.0,-0.2808839234249174,-2.15543585208939,-2.428981484099065,10,0.6291571305193525,-94.5228875,-716.1811087499999,-816.4219499999999,10,209.178894738821,409.97250862532223,355.1387956568004,45.47062214054132,10,105.78650901634262,435.0932800080352,379.3013922196884,39.0037837698182,10,115.43915570578176,0.0,0.0,0.0,10,0.0,0.0,0.0,0.0,10,0.0,0.0,0.0,0.0,10,0.0,0.0,0.0,0.0,10,0.0,-26.90321644217015,-193.0340687518854,-220.4253126151892,10,55.960671809879976,-2.19408741724319,-15.063087801661652,-17.44732429945757,10,4.354365126532235,2713.5067071673825,2403.9314587279287,245.8811510617818,10,723.6328968840774,2515.211680363353,2160.4762323808486,232.23204061629053,10,652.9573991209709,0.0,0.0,0.0,10,0.0,-1.84062765774866,-17.145852500386752,-19.40444564976668,10,5.117889950342983,226.4401402129008,187.4711743969821,26.38001901687576,10,56.10710289852435,16.174176040592577,12.003715354775812,1.4714704481557583,10,3.922974776842021,2681.5624327106416,2349.232633683867,218.82355283767484,10,718.073053762575,0.0,0.0,0.0,10,0.0,0.0,0.0,0.0,10,0.0,0.0,0.0,0.0,10,0.0,4910.691473461679,4304.444580449977,460.1119861072159,10,1293.7085921381904,0.0086206896551724,0.000974428516079,0.0,10,0.0025706739906406,4.922151,-0.20929861,-4.9976673,1000,1.0701307,1000,833.6824034334763,51,233,322.9657929630729,13374.15276813507,10871.80593962646,424.4085974693298,233,4334.580587104424,148105.0,165.2426679134369,200000.0,328.0,14577.69175028801,65600000.0,1210.3411456947117,328000.0
2.522996e-08,1.7585121e-09,103.72581,4.8040823e-05,2.598863e-10,0.008250023,10.809493,152.30853,152.28998,10.88869,1261.5156,724.2657,1260.6484,1.0,-0.21858543,-1.0,9230,0.8576879,0.2690648898755343,0.260815882782145,0.2555633812595939,10,0.0037121879185962,1000,923.0,589,10,154.43833720938594,12802.467736244202,11526.348478746417,7394.406052112579,10,2058.6997268723894,0.0,0.0,0.0,10,0.0,-1.462525767211183,-2.243565919959522,-2.477782334499744,10,0.3828100527807939,-477.450125,-740.14638125,-811.1323,10,122.06236139375748,404.00152052853934,356.56414460484405,240.4431799847156,10,55.91471627972932,425.9699149018612,385.6024162615155,244.65588266818128,10,64.79876941451468,0.0,0.0,0.0,10,0.0,0.0,0.0,0.0,10,0.0,0.0,0.0,0.0,10,0.0,0.0,0.0,0.0,10,0.0,-128.0038212419449,-198.69614521033355,-217.04638886803485,10,31.653766732227066,-9.031822991809944,-15.313914785637117,-18.387083433676324,10,2.8828562346387816,2707.0411623104064,2436.5892997936376,1539.9896898577158,10,410.6235181500534,2479.027998977411,2153.341027718294,1418.853733104295,10,332.5720021736627,0.0,0.0,0.0,10,0.0,-10.454963998493508,-17.33245425726013,-19.197500697797693,10,3.144549801367347,234.8512311276893,201.9586444228775,136.0181626788673,10,32.062843549581686,17.98472506044606,12.09240093873765,7.097944666435265,10,2.8089186534355424,2674.8680074141885,2423.102820934685,1543.9165682867117,10,437.3578398569254,0.0,0.0,0.0,10,0.0,0.0,0.0,0.0,10,0.0,0.0,0.0,0.0,10,0.0,4916.827252229899,4342.815800998011,2438.4329315700243,10,880.104642520088,0.0016977928692699,0.0003257855271766,0.0,10,0.0006522984922141,5.352651,-0.21334697,-5.1003017,1000,1.0684448,1000,833.6111111111111,37,234,324.12083329739534,13398.154353141785,10874.999279050904,383.7319869995117,234,4366.091364862412,148339.0,165.74857020378113,200000.0,329.0,14743.440325737,65800000.0,1206.6469095577002,329000.0
2.522996e-08,1.7588606e-09,103.45084,8.054906e-05,2.5953795e-10,0.008195519,10.744154,151.59256,151.57402,10.029137,1274.5747,599.1622,1274.0918,1.0,-0.22021045,-1.0,9064,0.85898674,0.2698182626127754,0.2614727879856423,0.25708784322141,10,0.0042714019697195,1000,906.4,215,10,234.82257131715423,12890.946790218351,11321.795470666886,2604.208466529846,10,3012.5663525885407,0.0,0.0,0.0,10,0.0,-0.4877400693391879,-2.2015855648193066,-2.5291124434288763,10,0.5894254142640207,-168.4595625,-726.2492074999999,-815.8693000000001,10,189.6076173647112,398.6322842648496,351.5811982016246,83.25726771539053,10,92.32815256865094,427.7922290249808,380.15855558417695,86.89498821343912,10,99.24866611341076,0.0,0.0,0.0,10,0.0,0.0,0.0,0.0,10,0.0,0.0,0.0,0.0,10,0.0,0.0,0.0,0.0,10,0.0,-48.861103656158434,-195.57791297951565,-223.074379984659,10,49.87070022754668,-2.809550182851756,-15.519006524236762,-18.34156774064009,10,4.368311309132983,2715.842591580078,2395.211540093921,552.1184211974394,10,634.4449087856698,2489.2384762701686,2102.6317774190147,571.5104729309274,10,543.1942565110469,0.0,0.0,0.0,10,0.0,-3.96475582895525,-17.17456962329469,-19.217751302219867,10,4.496324271256071,244.33352605808344,199.33011429020365,52.86456869081587,10,51.53013911533008,15.870102080989389,11.3341420392602,6.912885806382389,10,2.299387254671081,2692.930448828081,2356.5742411489623,454.6568157724335,10,648.9891873984845,0.0,0.0,0.0,10,0.0,0.0,0.0,0.0,10,0.0,0.0,0.0,0.0,10,0.0,4876.39480060184,4296.847555373324,974.3978903053344,10,1160.0927429490257,0.0046511627906976,0.0005829019092228,0.0,10,0.0014008181329091,5.197116,-0.21715361,-5.0558376,1000,1.0666758,1000,811.2416666666667,42,240,350.29305578409,13399.17476463318,10578.788287795089,432.2204151153565,240,4709.721109783669,148579.0,174.06907844543457,200000.0,330.0,14917.509409427645,66000000.0,1148.9691436649616,330000.0
2.522996e-08,1.75569e-09,103.08948,0.00010775933,2.6270844e-10,0.008139397,10.690002,150.95973,150.94093,9.193894,1286.4269,509.48907,1286.2067,1.0,-0.22464095,-1.0,9236,0.8607564,0.2642695214768369,0.2600356608966068,0.254444155866894,10,0.0026441871118983,1000,923.6,236,10,229.2,13140.36022567749,11743.435369586943,2575.609827041626,10,3061.374463464908,0.0,0.0,0.0,10,0.0,-0.4147737841493756,-2.176043907962736,-2.5074738000780714,10,0.5909772009230806,-167.334525,-731.48556625,-800.2569375,10,188.10420628460489,404.4945583667561,351.35325151881545,88.34765901071528,10,88.23549845209739,433.0574116442791,385.21207822725125,93.30081675337294,10,97.58261957272852,0.0,0.0,0.0,10,0.0,0.0,0.0,0.0,10,0.0,0.0,0.0,0.0,10,0.0,0.0,0.0,0.0,10,0.0,-51.230536888412765,-199.84926792348017,-219.87406134625684,10,49.57934190148929,-2.403797072344683,-15.78984642104147,-17.981671975975907,10,4.481418613574313,2769.7474998985736,2482.844581276788,569.1991902930379,10,638.7295807188146,2624.7643246359144,2281.7696256608406,569.2276835055845,10,575.7535624005297,0.0,0.0,0.0,10,0.0,-4.729740409408954,-17.968678721594102,-19.788258920523017,10,4.421072011196081,210.53137708292,179.69040650828646,39.78053197870908,10,47.27885196768507,14.750570914429288,11.573542472152116,6.540328139937563,10,2.452918058435684,2695.44990073868,2396.687156685798,444.34151039918254,10,654.189018087628,0.0,0.0,0.0,10,0.0,0.0,0.0,0.0,10,0.0,0.0,0.0,0.0,10,0.0,4905.083028276495,4432.843443257661,942.5985542233528,10,1165.9313289410666,0.0042372881355932,0.0004237288135593,0.0,10,0.0012711864406779,5.3070846,-0.21912442,-5.0040917,1000,1.0665363,1000,798.6708860759494,53,237,350.5637914171989,13368.23601102829,10383.975173268323,526.0364856719971,237,4716.858246097176,148816.0,204.64854073524475,200000.0,331.0,15122.15796136856,66200000.0,977.2852485605622,331000.0
2.522996e-08,1.7545979e-09,102.76421,-1.1795526e-05,2.6380054e-10,0.0082329335,10.722217,151.23502,151.21634,9.417035,1280.366,668.9412,1279.764,1.0,-0.22185852,-1.0,8214,0.8628016,0.2733941403598852,0.263786037013248,0.2559161652424813,10,0.0065859699898104,1000,821.4,219,10,282.0124819932621,13025.252462387083,10011.98390812874,2163.790403366089,10,3765.272942234,0.0,0.0,0.0,10,0.0,-0.4795967275336619,-1.9183889702192984,-2.449450378505645,10,0.6770598301830693,-168.55825000000002,-650.4493125,-805.6452750000001,10,223.4920807497232,397.756261179725,318.62530117096856,85.50629824425243,10,110.65125018978428,427.988094880654,346.23453083657466,83.72072841524054,10,121.16502239654592,0.0,0.0,0.0,10,0.0,0.0,0.0,0.0,10,0.0,0.0,0.0,0.0,10,0.0,0.0,0.0,0.0,10,0.0,-50.80535343362381,-179.3056192183167,-226.4398248180846,10,59.84132110569443,-3.6001995289371767,-13.251468848652824,-18.09831046788345,10,4.667902120927304,2739.142204584656,2160.471742603016,469.61920761260126,10,795.2153804809656,2636.7802135253364,2073.243447624165,473.1738053967569,10,754.2612019160581,0.0,0.0,0.0,10,0.0,-5.165228885328939,-16.092063269169305,-20.71992501984472,10,5.44769278064926,232.59169303428257,165.41189688642555,30.94538423661953,10,59.25434989094608,19.187839461762643,12.658999830549488,6.6421767235866565,10,3.4982899939919787,2637.7196788937954,2048.7218975629594,484.95956346615486,10,745.4230395982519,0.0,0.0,0.0,10,0.0,0.0,0.0,0.0,10,0.0,0.0,0.0,0.0,10,0.0,4855.571645201525,3578.663289452016,709.9365168852728,10,1441.2025335339342,0.0045662100456621,0.0010942048032998,0.0,10,0.0014667861903375,5.5589876,-0.21834967,-6.100702,1000,1.0804204,1000,487.86861313868616,34,274,340.3619545568444,13358.611042022703,6105.833548927649,246.4384179115296,274,4541.2190388278495,149090.0,166.96125531196594,200000.0,332.0,15289.119225740433,66400000.0,1197.882704141757,332000.0
2.522996e-08,1.7535652e-09,102.43426,0.00012945531,2.6483327e-10,0.008065283,10.6646,150.55246,150.53383,8.977586,1286.7661,526.41583,1286.6228,1.0,-0.21873827,-1.0,7927,0.86364114,0.2684859972844031,0.2640568769819765,0.2586947689175164,10,0.0030733100020803,1000,792.7,131,10,255.79955042962845,12744.977058410645,9603.479123878478,1484.3300609588623,10,3331.6447157001976,0.0,0.0,0.0,10,0.0,-0.2749772188183376,-1.891678169892964,-2.48614599820732,10,0.6309461883364651,-95.5492375,-632.1230437500001,-810.42175,10,207.33721047251865,394.26976593788135,304.07959873263343,47.04033814898533,10,99.30535084784702,435.12888267831454,330.110288957149,47.48726365086524,10,109.79850431170168,0.0,0.0,0.0,10,0.0,0.0,0.0,0.0,10,0.0,0.0,0.0,0.0,10,0.0,0.0,0.0,0.0,10,0.0,-29.982255265091634,-173.83066845867268,-216.62647117040964,10,55.17060013681857,-1.8161304100414228,-12.732232529639928,-17.67702678056649,10,4.47760973006468,2761.029796921055,2114.413057489574,323.3635422675992,10,705.1012103850586,2574.722748552493,1989.143986455784,302.4739925995524,10,667.6390012258313,0.0,0.0,0.0,10,0.0,-2.8424258426588427,-15.16792542933429,-19.382780034650025,10,4.914622122389443,214.1985032441721,165.0034945674889,27.1113285247041,10,50.65551544946809,15.987394986394804,11.5737302403444,2.0273405376827007,10,3.7449256881573,2630.4306702526874,1981.1087826796104,200.6497787110967,10,704.731519425767,0.0,0.0,0.0,10,0.0,0.0,0.0,0.0,10,0.0,0.0,0.0,0.0,10,0.0,4705.926025038038,3380.664715663166,636.4827775634842,10,1233.1271995090171,0.0076335877862595,0.0015319818863417,0.0,10,0.0021187055556421,5.009749,-0.22155355,-5.150774,1000,1.0654349,1000,854.3714285714286,51,245,304.94097923422254,13386.814324855804,11150.996306424451,449.2676239013672,245,4131.073304544464,149335.0,163.31481218338013,200000.0,333.0,15452.434042692184,66600000.0,1224.6286624352692,333000.0
2.522996e-08,1.752083e-09,102.18883,-2.193913e-06,2.663154e-10,0.008177299,10.650938,150.36948,150.35071,8.929246,1288.8188,507.47083,1288.5836,1.0,-0.2193669,-1.0,9056,0.865414,0.2705868179657699,0.2650638668485165,0.2571600672597104,10,0.0038320602160828,1000,905.6,336,10,200.5573234763568,13188.056601524351,11336.791132450104,3572.2933082580566,10,2777.745376923297,0.0,0.0,0.0,10,0.0,-0.6819681564443468,-2.15205065339904,-2.5290021748889577,10,0.522142695686912,-256.4493375,-722.3471037500001,-812.4152375,10,163.15215280919958,402.9171124160791,355.40841709462046,123.7761260041079,10,81.68018467221866,427.27623140948464,378.3338486550626,125.499304568162,10,90.18032949769064,0.0,0.0,0.0,10,0.0,0.0,0.0,0.0,10,0.0,0.0,0.0,0.0,10,0.0,0.0,0.0,0.0,10,0.0,-76.73067817284792,-199.4886013548728,-224.18048364661664,10,42.8079145786454,-6.931615795617258,-14.409510311608864,-17.525701258367977,10,2.7943030121644705,2803.651139680872,2456.9833189397737,801.0737748228202,10,589.8935005269993,2711.3024011308908,2288.4369380278195,673.6375691436162,10,582.4713337349189,0.0,0.0,0.0,10,0.0,-7.737950031926687,-17.53469704032176,-20.01549007636948,10,3.419246387112807,235.34566592298543,184.96594091320225,70.53699106617229,10,43.12756308467693,16.121828833044837,12.385350272826148,5.394961643591739,10,2.879109126873762,2655.072008611889,2271.9273351548463,823.9503833215799,10,528.3489457379072,0.0,0.0,0.0,10,0.0,0.0,0.0,0.0,10,0.0,0.0,0.0,0.0,10,0.0,4887.842704377379,4157.599558967243,1225.1637228634904,10,1049.3276683202605,0.0029761904761904,0.0005319594543086,0.0,10,0.0009377929041717,5.5134315,-0.21901397,-5.4146724,1000,1.0696132,1000,794.2397003745318,47,267,347.05055087959136,13387.092757225037,10365.949280602685,429.7961211204529,267,4682.086296471234,149602.0,165.21963214874268,200000.0,334.0,15617.653680086136,66800000.0,1210.5098976370164,334000.0
2.522996e-08,1.7526954e-09,102.203995,-2.4754261e-05,2.6570302e-10,0.008201073,10.659351,150.37715,150.35826,9.305759,1288.3746,521.03564,1287.9121,1.0,-0.2213508,-1.0,7865,0.86410034,0.2773958754602452,0.263948355566919,0.2595554705452823,10,0.0048940494358559,1000,786.5,238,10,308.9790445968788,13086.021379470823,9782.356881809235,2906.1224393844604,10,4146.017159037719,0.0,0.0,0.0,10,0.0,-0.5715127574304704,-1.8882003455244945,-2.565592450600476,10,0.7725136909812286,-199.50665,-625.1971550000001,-809.3954,10,246.5554908913465,398.5830831819241,300.87342731224743,88.60743198706437,10,124.38400681000005,432.5870266555252,329.84081669330834,98.39100890434952,10,136.3140236620795,0.0,0.0,0.0,10,0.0,0.0,0.0,0.0,10,0.0,0.0,0.0,0.0,10,0.0,0.0,0.0,0.0,10,0.0,-51.02289011010863,-172.1382006655652,-221.6779772859184,10,66.38335117126786,-4.110568684092238,-12.567409547831598,-17.947366092022783,10,4.783081076404442,2804.478874700343,2087.7536122326187,600.897751383289,10,880.8151029561709,2698.834951138793,1958.5087183643384,580.6232048411443,10,861.964924226687,0.0,0.0,0.0,10,0.0,-4.060064731816963,-14.96371314218903,-19.687377929065747,10,5.871737382959853,213.5572134808744,159.53129232431135,58.183853220237225,10,57.68265106089622,27.8234468165322,15.289312283188512,7.996275523358966,10,5.017604251719972,2642.4070418303822,1997.3904660893563,632.0450149822418,10,815.2363070669813,0.0,0.0,0.0,10,0.0,0.0,0.0,0.0,10,0.0,0.0,0.0,0.0,10,0.0,4848.154201933847,3599.1989982023647,1021.4697268722646,10,1542.8085387135748,0.0042016806722689,0.0011072470815113,0.0,10,0.001549139989249,5.1637926,-0.21793263,-5.3208055,1000,1.0735961,1000,744.9611307420495,43,283,372.6550739529667,13421.426708221436,9672.808921732149,365.5634160041809,283,5015.531703212836,149885.0,164.59271836280823,200000.0,335.0,15782.246407032011,67000000.0,1215.1205836405488,335000.0
2.522996e-08,1.7549282e-09,102.31709,-4.496397e-05,2.634702e-10,0.008230331,10.6772175,150.54541,150.52657,10.092035,1283.8893,557.8588,1283.1698,1.0,-0.22191502,-1.0,8960,0.86205566,0.2712102336151683,0.2625146349102946,0.2584837761654421,10,0.00349562175882,1000,896.0,454,10,177.6716071858416,13128.116775512695,11503.811256074903,5604.859701156616,10,2414.2885174542207,0.0,0.0,0.0,10,0.0,-1.1300796095081989,-2.174692333791508,-2.5794722112185218,10,0.456138191382762,-366.367475,-713.7001050000001,-807.3426999999999,10,142.1565570288386,402.180265403282,345.27288481676845,177.19053814156933,10,69.36232562025779,429.8667361451552,377.3110557264347,196.99490902444668,10,74.36865988192329,0.0,0.0,0.0,10,0.0,0.0,0.0,0.0,10,0.0,0.0,0.0,0.0,10,0.0,0.0,0.0,0.0,10,0.0,-102.80039993697166,-194.83276063837133,-219.75721968155227,10,36.849036083648286,-7.967793649825477,-13.80958064554846,-16.377021938255446,10,2.511502279668472,2810.802164497265,2445.391839282161,1199.6924760159511,10,512.4195824071387,2766.331619270055,2354.0436777099944,1205.442525857567,10,471.6876049886578,0.0,0.0,0.0,10,0.0,-8.008609877988809,-16.741029749879356,-19.03299888693298,10,3.2910055225777484,210.18653083259136,178.7796895817034,104.21166792061616,10,31.99306780946927,27.62232450529349,14.72203331519483,8.935680734951465,10,5.089684328623495,2702.86761795653,2308.1473999559707,1042.3981032178926,10,513.7192173973069,0.0,0.0,0.0,10,0.0,0.0,0.0,0.0,10,0.0,0.0,0.0,0.0,10,0.0,4934.21522359887,4239.782099956363,2056.52203396699,10,906.3447392526564,0.0022026431718061,0.0004867375283066,0.0,10,0.000777462480611,5.571722,-0.21714345,-5.6772966,1000,1.0743897,1000,719.0,41,282,380.48256966069135,13450.531911849976,9338.907138354823,338.225193977356,282,5141.510829663184,150167.0,190.20346856117249,200000.0,336.0,15972.44988155365,67200000.0,1051.5055351668143,336000.0
2.522996e-08,1.7541535e-09,102.43441,-6.004749e-05,2.6424496e-10,0.008254801,10.615381,149.91803,149.89899,10.020667,1291.9631,447.09924,1291.688,1.0,-0.2290235,-1.0,10000,0.85899943,0.2629869618270357,0.2584811879805901,0.2555258424674498,10,0.0021697430339296,1000,1000.0,1000,10,0.0,13128.50922203064,12962.359690189362,12732.860909938812,10,129.11059148319538,0.0,0.0,0.0,10,0.0,-2.3520743695163766,-2.4364723548999185,-2.5070931035171387,10,0.0485813690531432,-783.7169125,-791.83494625,-801.8359375,10,6.498585288093602,397.6823872628968,383.83723977906766,372.1095344679936,10,9.096698036029393,428.61258354383926,422.9926837003638,418.7315492246876,10,3.148652366577031,0.0,0.0,0.0,10,0.0,0.0,0.0,0.0,10,0.0,0.0,0.0,0.0,10,0.0,0.0,0.0,0.0,10,0.0,-211.3082528909032,-214.0784621582557,-217.9050685478711,10,1.8531171418423649,-13.376028543803791,-14.7396948152253,-16.15937605965489,10,0.8903527208211481,2771.4946547601285,2733.515670910468,2642.82126631781,10,36.70251899718124,2742.3811083257865,2618.2731413793963,2521.835688260925,10,57.791263575180935,0.0,0.0,0.0,10,0.0,-18.34019181347553,-18.59607565469417,-18.873190134998296,10,0.1541249273904006,213.5278314504557,192.3098369088554,184.0514538237595,10,8.351929579756602,18.28318076440853,13.284744165106565,10.57608054866634,10,2.3393472477311943,2667.3942844143508,2636.0750994023274,2595.1251142988463,10,24.45364779130633,0.0,0.0,0.0,10,0.0,0.0,0.0,0.0,10,0.0,0.0,0.0,0.0,10,0.0,4914.154150879841,4804.468570235194,4615.074242641978,10,90.08305431749444,0.0,0.0,0.0,10,0.0,4.8920135,-0.21623985,-5.547834,1000,1.0717994,1000,768.6015037593985,52,266,364.6160394693851,13458.220613479614,10036.633426391272,486.317138671875,266,4953.544672997253,150433.0,166.7894868850708,200000.0,337.0,16139.239376068115,67400000.0,1199.1163456112404,337000.0
2.522996e-08,1.7558736e-09,102.56021,-5.3613992e-05,2.6252486e-10,0.00825843,10.613555,149.92049,149.90149,10.169337,1292.8176,447.1679,1292.4116,1.0,-0.22402212,-1.0,9393,0.86000323,0.2666850873709451,0.2604872523204524,0.2572613569504494,10,0.0029677428224612,1000,939.3,611,10,127.27925989728256,13270.841223716736,12188.670177888873,7542.095986366272,10,1813.555108764279,0.0,0.0,0.0,10,0.0,-1.5372345524510955,-2.2832668761288675,-2.5072134565741893,10,0.3150929330235891,-488.029425,-747.9762475,-808.3098375000001,10,100.94358823582373,408.8215008240403,371.7308743725042,243.86348115753896,10,49.88526068109821,432.73789484067856,398.6563895902631,248.5994504900817,10,58.03118062446407,0.0,0.0,0.0,10,0.0,0.0,0.0,0.0,10,0.0,0.0,0.0,0.0,10,0.0,0.0,0.0,0.0,10,0.0,-130.62660124962787,-202.6674144157012,-221.2832328731036,10,27.23029401076912,-9.499299058525478,-14.63628219762929,-17.149727070592366,10,2.22856749016156,2772.149082235478,2529.4152036987707,1515.0568204767674,10,396.9380541172461,2739.663730566688,2482.8137108700867,1540.8167159180443,10,372.2147282404691,0.0,0.0,0.0,10,0.0,-11.990828490639077,-17.20553000166927,-18.54455689458792,10,2.3067272165358985,238.5077789254437,195.13167356269204,137.92814874599202,10,25.745455223974453,32.411289567470924,16.227359761419557,11.214339682064386,10,5.632666704350436,2735.7637196912087,2487.084622848505,1546.1370256557043,10,371.2549299920042,0.0,0.0,0.0,10,0.0,0.0,0.0,0.0,10,0.0,0.0,0.0,0.0,10,0.0,4887.290416976288,4503.810064023997,2813.1359052691537,10,660.7820510315926,0.0016366612111292,0.0002915433589645,0.0,10,0.0005885527516296,5.5253534,-0.21736984,-5.7374144,1000,1.069722,1000,778.4867924528302,38,265,359.7491274919525,13468.439987182615,10228.173724429618,321.59864568710327,265,4890.839323442438,150698.0,166.119948387146,200000.0,338.0,16305.359330654144,67600000.0,1203.9493266269012,338000.0
2.522996e-08,1.7564004e-09,102.637344,-3.1590935e-05,2.619981e-10,0.008242578,10.6161,149.93379,149.9149,10.3347,1292.9474,459.299,1292.4786,1.0,-0.22628076,-1.0,10000,0.85659266,0.2605341118822661,0.2578750329752483,0.2550359059103778,10,0.0020092009519117,1000,1000.0,1000,10,0.0,13159.31000995636,12935.769557476044,12729.772297859192,10,126.8472393365152,0.0,0.0,0.0,10,0.0,-2.380591806161493,-2.4581744666496386,-2.556690133565178,10,0.05955005294266,-791.15795,-796.9884075000001,-806.829525,10,4.029198766396513,400.6980784494052,390.18833031365966,379.1996971006506,10,6.439617007656317,432.58707819932937,425.3237123147659,417.3127571216281,10,5.421174806361452,0.0,0.0,0.0,10,0.0,0.0,0.0,0.0,10,0.0,0.0,0.0,0.0,10,0.0,0.0,0.0,0.0,10,0.0,-209.8985562429152,-213.01605687145505,-215.8160838293065,10,1.973201632414988,-14.716481148948295,-16.08186766889534,-17.996525582121897,10,0.910566661749868,2782.525784947744,2707.4387958410894,2619.296620993648,10,45.410477550143376,2694.5875919851887,2565.795949988908,2408.1813449047413,10,82.35582547143044,0.0,0.0,0.0,10,0.0,-17.88202726354906,-18.395799361240805,-18.74679634725341,10,0.2460570279958416,212.2700645235729,199.96773855266383,183.91152211462128,10,10.729707400841743,15.347810977982412,12.400643981128397,10.386929309115216,10,1.83056990472834,2724.8145344211043,2653.829768985945,2601.96221847838,10,36.319574021445,0.0,0.0,0.0,10,0.0,0.0,0.0,0.0,10,0.0,0.0,0.0,0.0,10,0.0,4924.341462600665,4829.71714136317,4737.106042408781,10,55.09582340989771,0.0,0.0,0.0,10,0.0,5.13239,-0.2165906,-5.2455573,1000,1.068029,1000,800.1048387096774,53,248,336.7902769109408,13473.627900123596,10516.375468185832,517.636179625988,248,4590.699159197849,150946.0,166.04739475250244,200000.0,339.0,16471.406730651855,67800000.0,1204.4753866695994,339000.0
2.522996e-08,1.7586805e-09,102.57943,-2.784335e-05,2.5971797e-10,0.008234198,10.604664,149.77841,149.75966,10.167758,1295.8315,447.69775,1295.439,1.0,-0.22068763,-1.0,9613,0.8562467,0.2642514393984587,0.2593012106012983,0.2561385002840363,10,0.0023395229190326,1000,961.3,613,10,116.1,13136.833682060242,12430.180275583269,7750.558054447174,10,1564.8820780508593,0.0,0.0,0.0,10,0.0,-1.4417003844984786,-2.3142508772608004,-2.4817943527171047,10,0.294589430076959,-483.4305875,-767.30518125,-804.2439125000001,10,94.679444603972,404.4706633652272,378.4287532648945,244.40788262673456,10,45.08594980943963,437.7973380026504,412.25487549492647,257.4302993103157,10,51.7834604992532,0.0,0.0,0.0,10,0.0,0.0,0.0,0.0,10,0.0,0.0,0.0,0.0,10,0.0,0.0,0.0,0.0,10,0.0,-131.54369411821145,-206.11045525652443,-219.18366267890863,10,24.96370920762892,-9.338657704718422,-15.103890588422544,-17.832123183480732,10,2.1479993492611915,2822.824606459918,2609.091662025826,1575.159977390712,10,347.5388835186548,2748.155268833057,2448.5321751190395,1454.578836780212,10,343.47205998630693,0.0,0.0,0.0,10,0.0,-11.236641760964456,-17.734199493645523,-18.86236554844306,10,2.178720469530423,224.25079296690487,197.01123063852373,131.5066060279535,10,23.88218650364957,25.249972594747568,14.597207889977131,10.57181171223024,10,4.089856640138397,2671.8852095114216,2546.336009488245,1622.5606472329523,10,308.5543276185066,0.0,0.0,0.0,10,0.0,0.0,0.0,0.0,10,0.0,0.0,0.0,0.0,10,0.0,4948.591996236485,4640.919616899164,2961.597757771546,10,564.5599651435301,0.0016313213703099,0.0001631321370309,0.0,10,0.0004893964110929,5.100083,-0.21431611,-5.112872,1000,1.0658294,1000,796.3821138211382,47,246,346.2915267064768,13498.741466522217,10489.287741164366,415.74716091156006,246,4695.955206543573,151192.0,165.7151312828064,200000.0,340.0,16637.121866464615,68000000.0,1206.890393483041,340000.0
2.522996e-08,1.7586865e-09,102.56265,-5.497843e-05,2.597118e-10,0.00825999,10.691888,150.62698,150.60823,10.799276,1279.5725,785.55817,1278.4802,1.0,-0.22071478,-1.0,9633,0.85591376,0.2633722359215174,0.2589640517209721,0.2535817251012472,10,0.0033014288302229,1000,963.3,633,10,110.1,13167.811637878418,12489.274542188645,8171.52073097229,10,1445.0863990955374,0.0,0.0,0.0,10,0.0,-1.5846383490363425,-2.3537311293262664,-2.5445985215855886,10,0.2663845116582479,-504.4905,-770.8085874999999,-805.566325,10,88.910300168596,416.6804353514444,388.5156318491167,257.0832571779887,10,44.37788642464541,433.86948452876254,410.18096652046086,264.5357352927097,10,48.83636796385458,0.0,0.0,0.0,10,0.0,0.0,0.0,0.0,10,0.0,0.0,0.0,0.0,10,0.0,0.0,0.0,0.0,10,0.0,-133.00206704883095,-206.14057049837515,-218.2607846366506,10,24.560404547412045,-9.667458763300022,-15.50086217668508,-18.06224898600437,10,2.105167843249285,2792.836489083945,2617.9414951317167,1747.0434150087528,10,292.8898188890935,2730.7513439545023,2499.9337194715727,1554.8135152723526,10,328.4742206546826,0.0,0.0,0.0,10,0.0,-11.270116073340173,-17.508731052163796,-18.81658077256084,10,2.100171128913316,237.7466631606195,213.6498364986153,138.20262929457562,10,26.27776784642457,20.912693048211672,14.435146086804366,10.4898940035212,10,3.429837167465278,2708.1562062431167,2525.126694579531,1658.7141967585155,10,291.7210658033244,0.0,0.0,0.0,10,0.0,0.0,0.0,0.0,10,0.0,0.0,0.0,0.0,10,0.0,4868.440537166534,4640.371297019139,3067.846019153072,10,526.5907241710597,0.0015797788309636,0.0001579778830963,0.0,10,0.000473933649289,5.412945,-0.20709845,-5.5681295,1000,1.0889008,1000,373.2762148337596,24,391,334.3037050103192,13361.74960231781,4660.363233555308,185.10294008255005,391,4438.347577393076,151583.0,190.66825771331787,200000.0,341.0,16827.790135622025,68200000.0,1048.9422958944378,341000.0
2.522996e-08,1.7563574e-09,102.61509,-4.5703368e-05,2.620412e-10,0.00825491,10.724532,150.83821,150.8195,11.006459,1270.016,874.4914,1268.9082,1.0,-0.22569543,-1.0,8354,0.8547984,0.2642436845987858,0.2572208956917879,0.2484550035883583,10,0.0040622198770122,1000,835.4,131,10,329.8421440628835,13149.541915416718,10803.896335411073,1558.2908263206482,10,4329.455772496767,0.0,0.0,0.0,10,0.0,-0.3786475757435342,-2.0269465218351925,-2.4732659713947083,10,0.7684296953197173,-107.332525,-664.6366275,-812.3757625,10,260.8387985891354,417.5772892734296,336.2884620079662,50.72655045784319,10,134.76541023061768,437.2717750192895,357.97350263212013,49.648699271491154,10,143.76336478331797,0.0,0.0,0.0,10,0.0,0.0,0.0,0.0,10,0.0,0.0,0.0,0.0,10,0.0,0.0,0.0,0.0,10,0.0,-27.691127292284406,-177.17761800982652,-218.26157719420524,10,69.86185842385086,-3.097751534111601,-12.944714729851285,-16.32414517314394,10,4.823739168921273,2806.553015855694,2284.8157136225045,309.0791275780329,10,915.2100222459956,2720.7787179468623,2156.74666500073,294.95290865682733,10,885.650198625103,0.0,0.0,0.0,10,0.0,-1.8250346157424784,-15.42734308559866,-19.01256896456446,10,6.300409108339037,264.5875900395118,184.19858039109008,32.69369413850016,10,74.63972538717564,22.52082515735456,13.243061930927997,9.322935575640022,10,3.759215721190056,2685.5511712048747,2192.2115648650697,335.18743041896664,10,876.2648501413719,0.0,0.0,0.0,10,0.0,0.0,0.0,0.0,10,0.0,0.0,0.0,0.0,10,0.0,4877.531084451455,3986.228376421391,591.3082996963162,10,1581.9084828425928,0.0076335877862595,0.0012117892718994,0.0,10,0.0025238130046693,5.261343,-0.21148069,-5.2698455,1000,1.0750376,1000,601.6805555555555,26,360,427.3164461818303,13459.277359962463,7797.656250275726,171.32608079910278,360,5777.87493772302,151943.0,164.03945183753967,200000.0,342.0,16991.82959651947,68400000.0,1219.218899841696,342000.0
2.522996e-08,1.7576335e-09,102.51963,4.6692303e-06,2.6076483e-10,0.0081969,10.709748,150.59901,150.58043,10.782005,1270.1942,871.352,1269.0918,1.0,-0.2249908,-1.0,10000,0.85138386,0.2600780886579062,0.2551434817686796,0.2487438490959048,10,0.0031871886715036,1000,1000.0,1000,10,0.0,13014.082239627838,12849.253615760805,12704.970159053802,10,87.9368723296877,0.0,0.0,0.0,10,0.0,-2.379547909971428,-2.4610010659380914,-2.545773936315006,10,0.0527373799955757,-788.8486624999999,-800.5391837499999,-808.6256375,10,6.454579267698405,407.7464251155168,400.4231012943187,384.7805467477384,10,6.791947086241736,441.36600590656366,427.1260498590862,412.6187699067328,10,9.464634614281485,0.0,0.0,0.0,10,0.0,0.0,0.0,0.0,10,0.0,0.0,0.0,0.0,10,0.0,0.0,0.0,0.0,10,0.0,-203.9428589487233,-209.75684619320987,-214.30556730255915,10,2.889946555702839,-15.116949994715425,-15.944354751299056,-17.051450977796122,10,0.5550007835978749,2800.460036809936,2735.131681730724,2679.8591782952008,10,36.73955417785359,2613.99131222318,2467.754252595286,2333.1992192924035,10,100.87347654634404,0.0,0.0,0.0,10,0.0,-18.092994298897693,-18.535080898647863,-18.85951790355459,10,0.2256669058758207,235.794104916314,224.5077441598315,211.4249588495773,10,7.156184350265315,15.465933618505549,13.497572327539633,10.45606421926036,10,2.009142085777352,2644.5528911841016,2622.8137712316934,2600.8402712967527,10,13.782949457494812,0.0,0.0,0.0,10,0.0,0.0,0.0,0.0,10,0.0,0.0,0.0,0.0,10,0.0,4932.452215166444,4810.713759157201,4496.999540690167,10,130.05713954729933,0.0,0.0,0.0,10,0.0,5.102889,-0.21576948,-5.8029704,1000,1.062577,1000,848.8775510204082,37,245,311.96978089218976,13478.556283950806,11201.209137949894,295.8165588378906,245,4234.697419254211,152188.0,167.83235716819763,200000.0,343.0,17159.661959409714,68600000.0,1191.66532231663,343000.0
2.522996e-08,1.7557823e-09,102.35103,7.701747e-06,2.626161e-10,0.008180382,10.69216,150.34793,150.32928,10.443744,1273.9982,787.2835,1272.8651,1.0,-0.22732057,-1.0,9518,0.85326546,0.2612868553195379,0.2556370122850092,0.2496593936447816,10,0.0033580077821357,1000,951.8,518,10,144.6,12951.258852005005,12082.932558107375,6478.826596736908,10,1872.9922992758093,0.0,0.0,0.0,10,0.0,-1.1737333317626415,-2.313717136330656,-2.51950787126424,10,0.382934831703637,-406.8096125,-758.6502875000001,-807.5992875,10,117.37299508352316,406.4826106482458,379.9583378257726,200.0042132801796,10,60.239547930055565,436.3551006664477,408.85167169558895,217.2632881874929,10,64.22148788972204,0.0,0.0,0.0,10,0.0,0.0,0.0,0.0,10,0.0,0.0,0.0,0.0,10,0.0,0.0,0.0,0.0,10,0.0,-111.55323445747212,-200.27987902520533,-215.634545781368,10,29.724392012450185,-8.033192417450817,-15.907766776377702,-18.82351300252654,10,2.7586398913255508,2779.1392702825783,2567.3297247399346,1437.132618660832,10,378.7757102226255,2549.120842062318,2333.304347873841,1313.5765336898291,10,352.1357974169708,0.0,0.0,0.0,10,0.0,-9.899951644519676,-17.483698097937367,-18.87877805218995,10,2.5462531170818337,271.34291202468194,222.4804909380526,123.0740830454982,10,36.295815421053454,26.49292274210716,16.62504724060662,10.787391358069511,10,4.16579200110563,2637.8949174544127,2458.77035537484,1287.8792944034,10,392.0767235910541,0.0,0.0,0.0,10,0.0,0.0,0.0,0.0,10,0.0,0.0,0.0,0.0,10,0.0,4910.842644419334,4504.514437666064,2323.127797375628,10,737.3808301724405,0.0019305019305019,0.0001930501930501,0.0,10,0.0005791505791505,5.825804,-0.21591502,-5.342128,1000,1.0642195,1000,848.1927710843373,47,249,297.19992288796146,13471.009026527405,11133.537644338116,496.0866260528565,249,4047.613117223116,152437.0,169.1389446258545,200000.0,344.0,17328.800911188126,68800000.0,1182.4597844240543,344000.0
2.522996e-08,1.7555253e-09,102.138466,2.8047052e-06,2.628732e-10,0.008168274,10.685816,150.23071,150.21205,10.388111,1276.5684,798.82477,1275.33,1.0,-0.2296979,-1.0,8697,0.8551666,0.2603258724299201,0.2554951529427752,0.2496738292173138,10,0.0030156990734211,1000,869.7,334,10,260.6806667169624,12819.13080739975,10901.03814983368,4003.426540851593,10,3366.0726151606377,0.0,0.0,0.0,10,0.0,-0.8169529362651848,-2.0546189701761324,-2.42249060170043,10,0.5980194263501113,-263.2193,-687.72358125,-798.381875,10,206.6410264730535,412.3233017155508,344.0069492568475,135.69264537819544,10,104.1999495134784,440.8388267136229,371.7360112699485,136.13129693855973,10,113.71118221451734,0.0,0.0,0.0,10,0.0,0.0,0.0,0.0,10,0.0,0.0,0.0,0.0,10,0.0,0.0,0.0,0.0,10,0.0,-70.87455797584254,-183.8258607521157,-215.5682130057212,10,55.481033513186,-4.474424015478983,-15.158377578435973,-19.234859767911416,10,5.123074332143748,2780.1672648153817,2292.1222173841443,774.3708162124299,10,744.9907284496279,2652.09007187144,2085.8269546276715,737.57897934007,10,680.3052428334395,0.0,0.0,0.0,10,0.0,-5.163526531069571,-15.92842977152332,-18.900456470360343,10,5.087597836522081,247.8234285140053,203.86143149821416,91.94068780797004,10,55.89518279400513,18.78019364463037,13.739463042820764,10.798211407611884,10,2.8602401833868187,2655.4252199194816,2219.314225471203,807.8434378258007,10,676.534641056614,0.0,0.0,0.0,10,0.0,0.0,0.0,0.0,10,0.0,0.0,0.0,0.0,10,0.0,4918.679439002437,4104.885013617151,1541.107961578682,10,1234.9485090130213,0.0029940119760479,0.0005748832912687,0.0,10,0.0011510099095952,5.283889,-0.2159282,-5.291439,1000,1.0680684,1000,768.4822695035461,51,282,357.3788859534735,13408.025626182556,10039.718643364558,525.5750036239624,282,4839.148167738035,152719.0,163.88224744796753,200000.0,345.0,17492.683164834976,69000000.0,1220.388438128418,345000.0
2.522996e-08,1.7567591e-09,101.971886,6.136344e-06,2.6163946e-10,0.008151616,10.641647,149.7915,149.77283,10.359011,1283.1445,723.733,1282.1835,1.0,-0.22809486,-1.0,9842,0.8552208,0.2633294409001153,0.2564415695012259,0.24930344588012,10,0.0048334209194896,1000,984.2,842,10,47.400000000000006,13031.704810619354,12485.373723316192,10422.1379904747,10,740.6020733359294,0.0,0.0,0.0,10,0.0,-1.9424253521816888,-2.35071279646468,-2.5255648277213174,10,0.1688518376253285,-670.1868125,-779.8227037499998,-799.7437625,10,37.04970497570041,409.52077208398407,390.43481950632577,321.37521951663496,10,24.83230537448854,445.1918200074989,425.584765526941,367.8046199628901,10,20.94269609612976,0.0,0.0,0.0,10,0.0,0.0,0.0,0.0,10,0.0,0.0,0.0,0.0,10,0.0,0.0,0.0,0.0,10,0.0,-182.24254435316607,-208.46096297695905,-219.46361428564137,10,9.903367221760872,-14.412389047769604,-17.850628448027358,-20.106341389806985,10,1.480629906768616,2841.253670241188,2663.2392463342035,2306.9077146363315,10,136.2678077298764,2680.872539041616,2461.660515934268,2174.1915057192973,10,168.37526397747894,0.0,0.0,0.0,10,0.0,-15.103932764743051,-17.93404932278485,-18.6959318331054,10,0.9665616363488336,250.07936731479504,235.81294403325623,211.0992609300144,10,12.09303360403792,24.891479298798604,15.443433340086251,11.409720571538749,10,3.809218530359406,2654.6295974263235,2520.0258549748805,2015.0163891241004,10,183.8564481380577,0.0,0.0,0.0,10,0.0,0.0,0.0,0.0,10,0.0,0.0,0.0,0.0,10,0.0,4850.6854049428,4606.665680266867,3716.056521630248,10,327.177212138956,0.001187648456057,0.0001187648456057,0.0,10,0.0003562945368171,5.6881227,-0.21147597,-6.389035,1000,1.08267,1000,593.9494949494949,39,297,349.6689354984324,13322.590230941772,7523.69430009662,362.8641290664673,297,4655.298179767224,153016.0,190.5264914035797,200000.0,346.0,17683.20966410637,69200000.0,1049.7227893435206,346000.0
2.522996e-08,1.7574974e-09,101.93849,-1.3019451e-05,2.6090102e-10,0.008168099,10.623035,149.6038,149.58517,10.450366,1282.2705,649.6009,1281.4966,1.0,-0.2309588,-1.0,7160,0.85945946,0.2690528157507019,0.2587557032284538,0.2555974076412567,10,0.0037829131033808,1000,716.0,127,10,384.4265859692849,13109.803501605988,9137.044034194949,1526.947467327118,10,5027.150283284094,0.0,0.0,0.0,10,0.0,-0.3812183859674556,-1.7510722972785278,-2.468980406874452,10,0.9018823028938552,-100.44413750000002,-566.4879612499999,-797.9279124999999,10,304.15882906413844,420.817422693306,286.67630258299795,50.07335595136062,10,154.918073344417,437.38794875317774,307.5932238070944,51.16291812178496,10,167.59172826875897,0.0,0.0,0.0,10,0.0,0.0,0.0,0.0,10,0.0,0.0,0.0,0.0,10,0.0,0.0,0.0,0.0,10,0.0,-27.67255252245917,-152.81035930875754,-215.1027673084384,10,81.64076348000827,-2.493475882316725,-13.12718387007126,-19.4024645061197,10,6.990033076312472,2779.7033969961403,1925.9632878900904,296.48349245903023,10,1082.1901539425744,2709.311132969224,1824.4649862862848,264.31011848071387,10,1031.80958569548,0.0,0.0,0.0,10,0.0,-1.901617122430355,-12.83818378911626,-18.96780209455669,10,7.275368097199653,252.9539050431912,177.27074075777972,36.31845955926496,10,90.6270154873682,26.95699144405755,14.469775978194756,8.650662571038577,10,4.8421882376673375,2641.8311921289146,1859.111505001414,317.2293186209397,10,1015.6896161409852,0.0,0.0,0.0,10,0.0,0.0,0.0,0.0,10,0.0,0.0,0.0,0.0,10,0.0,4834.476125880476,3347.3595855802123,594.5043122979523,10,1812.5662745278005,0.0078740157480314,0.0022823499344249,0.0,10,0.0032309238726088,5.098593,-0.21939094,-6.1184444,1000,1.0680535,1000,762.3868613138686,50,274,357.27663632523087,13446.826096534727,9913.706945199356,433.6877598762512,274,4808.356642692481,153290.0,162.24218010902405,200000.0,347.0,17845.45184993744,69400000.0,1232.7250525455422,347000.0
2.522996e-08,1.758404e-09,101.96353,-5.7376095e-05,2.5999447e-10,0.008214459,10.630574,149.70288,149.68425,10.548881,1280.6538,601.7942,1279.9032,1.0,-0.2305752,-1.0,9784,0.8553464,0.2603548662078484,0.2557186766333489,0.2496503745677019,10,0.0031454225100865,1000,978.4,789,10,63.15093031777125,12935.719052791595,12469.895790815352,9677.579461097715,10,936.0091324927702,0.0,0.0,0.0,10,0.0,-1.7888995734664497,-2.375089893428854,-2.5077442590946664,10,0.199085134627379,-624.9089875,-775.79625375,-800.7306375,10,50.59311804192593,416.23959359440914,393.27201001046393,311.7032593056455,10,28.08494559138454,445.0820133183081,428.64314140821335,343.86415291582625,10,28.845985254033096,0.0,0.0,0.0,10,0.0,0.0,0.0,0.0,10,0.0,0.0,0.0,0.0,10,0.0,0.0,0.0,0.0,10,0.0,-170.58157115663215,-206.42358402469367,-213.97713844919605,10,12.210259357018176,-15.541148044064398,-17.718424108477258,-19.33765417233817,10,1.1362411176657443,2841.702053543511,2690.414957274395,2145.7739221966567,10,187.4306909268129,2653.6009656225333,2496.301497651053,1953.272664571658,10,196.8186193799338,0.0,0.0,0.0,10,0.0,-13.92336409722731,-17.85830296928835,-18.72103357719448,10,1.3401703690769466,240.66698652124828,223.9749931257209,180.99060936036287,10,15.558808393807702,19.67509893157151,15.57621283851666,11.114005874157264,10,2.7393323042748343,2642.5165949708544,2523.197776498956,1896.8459320522488,10,210.0681690671396,0.0,0.0,0.0,10,0.0,0.0,0.0,0.0,10,0.0,0.0,0.0,0.0,10,0.0,4792.725706939401,4528.367682512616,3501.689818017051,10,357.21286755465815,0.0012674271229404,0.0002272452248568,0.0,10,0.000458262271293,5.1551857,-0.22014464,-5.047907,1000,1.0649409,1000,795.2213740458016,40,262,355.08443872847994,13434.56324672699,10360.135309895628,367.1339478492737,262,4824.807840318902,153552.0,165.7916283607483,200000.0,348.0,18011.24348258972,69600000.0,1206.3335282817611,348000.0
2.522996e-08,1.7572794e-09,102.068306,-2.4341694e-05,2.6111902e-10,0.008189805,10.651126,149.91077,149.89201,10.604977,1278.6044,619.3056,1277.6609,1.0,-0.22501658,-1.0,9805,0.8589566,0.2677171315651779,0.2594104176807895,0.2550295808838183,10,0.0032291067626228,1000,980.5,805,10,58.5,12974.49490594864,12478.433946037292,9873.540014266968,10,880.1580786714319,0.0,0.0,0.0,10,0.0,-1.7874153300917317,-2.372474824863013,-2.547997812364451,10,0.2090329537274553,-639.6529,-780.3694324999999,-801.2832875,10,47.010392990912166,411.2938660946164,393.7436954365132,322.3892843944991,10,24.08307641771174,447.7939738922085,429.93845129340616,350.14254748017265,10,27.16000015968066,0.0,0.0,0.0,10,0.0,0.0,0.0,0.0,10,0.0,0.0,0.0,0.0,10,0.0,0.0,0.0,0.0,10,0.0,-179.9021700485988,-210.3758729638457,-215.84812511952407,10,10.312970579046928,-15.383363283183986,-18.10570533497925,-20.091775952403644,10,1.4460112849421525,2790.4248594241085,2676.9953933333545,2175.18625963366,10,176.46028248269587,2673.508785929846,2524.131213323334,2055.0596334929,10,169.64103833955213,0.0,0.0,0.0,10,0.0,-15.180596756336673,-18.03013466217018,-18.94953677651004,10,0.9902566382978332,257.2132034394966,228.0508589881728,192.64174057604328,10,17.03864085383893,19.9283307013746,14.521378811558794,8.616331866887847,10,3.584985703573059,2661.587532670631,2541.925656107336,2002.1771681600023,10,183.08658911037227,0.0,0.0,0.0,10,0.0,0.0,0.0,0.0,10,0.0,0.0,0.0,0.0,10,0.0,4810.63779421391,4504.577223029713,3453.45996861801,10,380.1887272818634,0.0012422360248447,0.0001242236024844,0.0,10,0.0003726708074534,5.269246,-0.2145198,-5.9857674,1000,1.0820407,1000,666.4179487179487,37,390,360.20523663372296,13434.387086868286,8581.912676711572,325.6993918418884,390,4857.827132169234,153942.0,167.19202160835266,200000.0,349.0,18178.43550896645,69800000.0,1196.2293300603783,349000.0
2.522996e-08,1.7581501e-09,102.19119,-4.050841e-05,2.6024838e-10,0.008215804,10.750214,150.86264,150.84387,11.551594,1261.7162,829.33466,1260.1974,1.0,-0.22188587,-1.0,9050,0.860521,0.269955135061331,0.2611771588700521,0.2583630044535754,10,0.0034400150957624,1000,905.0,381,10,200.61704812901613,13032.00911951065,11446.813074088095,4497.173263072968,10,2714.898089275731,0.0,0.0,0.0,10,0.0,-0.9403567068222674,-2.152957469935028,-2.504411603414888,10,0.4779674768992701,-299.00338750000003,-719.81280875,-800.0595625,10,159.48007360157655,412.7996724123507,359.5473711909711,148.80508934576855,10,83.52392416140812,446.5905817160249,393.18390772042966,151.53113220376858,10,95.20046302704245,0.0,0.0,0.0,10,0.0,0.0,0.0,0.0,10,0.0,0.0,0.0,0.0,10,0.0,0.0,0.0,0.0,10,0.0,-82.86695276661152,-195.7982325900525,-219.0933560791845,10,42.36243020166842,-6.983024569625287,-17.247802807793676,-21.76127501779996,10,3.9944831623713513,2844.911318882588,2469.0322536461326,840.0855621694325,10,636.8148839977447,2715.7738797801435,2311.1277624256018,803.1208207140177,10,603.6209225865913,0.0,0.0,0.0,10,0.0,-6.507022186541381,-16.88713310550348,-19.452722130498564,10,3.972437008008959,254.901512925708,207.6508239721205,103.69233707932878,10,41.75773644161124,24.575138159593703,14.264240177096104,10.249500177450065,10,4.1181862862705145,2645.986392064655,2322.2931673992325,934.6809788653154,10,537.7348871707161,0.0,0.0,0.0,10,0.0,0.0,0.0,0.0,10,0.0,0.0,0.0,0.0,10,0.0,4912.296026425347,4141.502770444074,1810.7218300882696,10,912.6903058039866,0.0026246719160104,0.0004119440226922,0.0,10,0.0008617572855324,5.6618447,-0.21255448,-5.641104,1000,1.0814183,1000,618.478125,28,320,360.9124021441829,13322.09096813202,7803.526999668805,203.6159586906433,320,4768.3130212478345,154262.0,164.52877378463745,200000.0,350.0,18342.96428799629,70000000.0,1215.5928437283144,350000.0
2.522996e-08,1.7566547e-09,102.178055,1.2903651e-05,2.6174368e-10,0.008161342,10.78781,151.21306,151.19426,11.809364,1249.2302,922.9975,1247.7845,1.0,-0.22357167,-1.0,10000,0.8588427,0.2641557523125381,0.2595362606881904,0.2540129701741137,10,0.0027249680181564,1000,1000.0,1000,10,0.0,12932.223831176758,12744.570746850968,12169.973447799684,10,220.2722885495316,0.0,0.0,0.0,10,0.0,-2.300619310485965,-2.44540453688388,-2.525075744709704,10,0.069337201665935,-787.3486125,-799.4121724999999,-806.869,10,5.622706260664216,402.4540668157251,393.4905802199767,377.9372338515361,10,6.744372967246015,447.17051100225126,435.44707262956825,423.2183837188609,10,6.548520840654769,0.0,0.0,0.0,10,0.0,0.0,0.0,0.0,10,0.0,0.0,0.0,0.0,10,0.0,0.0,0.0,0.0,10,0.0,-209.6629562777856,-214.6608321894104,-219.09732409131664,10,2.627553324686277,-17.90358731415308,-19.485270664533445,-21.5179386687562,10,1.0943842178454457,2801.4201580406625,2728.323402800396,2620.943816911225,10,55.89468869505156,2688.6854363093803,2516.7691583961896,2318.6166984232864,10,120.12664465927811,0.0,0.0,0.0,10,0.0,-18.29008237142464,-19.07474083257594,-19.59288791063684,10,0.409968137663043,240.2550855833296,230.47214218245963,217.61313171615905,10,7.111243798358148,19.065715031794173,14.137715303321396,10.783252207330492,10,2.49925998595587,2650.448314529613,2601.151847400033,2465.556792466481,10,58.47816498011671,0.0,0.0,0.0,10,0.0,0.0,0.0,0.0,10,0.0,0.0,0.0,0.0,10,0.0,4887.487498047986,4682.435108502734,4487.810439904066,10,122.95557213236091,0.0,0.0,0.0,10,0.0,5.3279395,-0.2129815,-5.748559,1000,1.0803095,1000,510.4843205574913,43,287,291.58831940253503,13286.190670490265,6392.000099501403,417.07194900512695,287,3829.725350110517,154549.0,189.9658579826355,200000.0,351.0,18532.930150270466,70200000.0,1052.8207653939671,351000.0
2.522996e-08,1.7547992e-09,101.943245,4.9205133e-05,2.635992e-10,0.008106254,10.774947,151.09567,151.07692,11.819578,1245.6132,925.1644,1244.2976,1.0,-0.22020556,-1.0,10000,0.85645056,0.2636087804080885,0.2591465458246556,0.2537519348657743,10,0.0028113775181255,1000,1000.0,1000,10,0.0,13123.275084495544,12860.678824043274,12593.980233192444,10,160.10260688797294,0.0,0.0,0.0,10,0.0,-2.334686666518879,-2.418974874993069,-2.5005688099002565,10,0.0528440803816404,-795.5199375000001,-801.3425000000001,-806.987425,10,3.443285931576639,405.9494827078877,395.74476508281424,376.042851299665,10,10.566246726420411,447.5206624564042,435.8508017395656,416.6696572359495,10,10.864775165263532,0.0,0.0,0.0,10,0.0,0.0,0.0,0.0,10,0.0,0.0,0.0,0.0,10,0.0,0.0,0.0,0.0,10,0.0,-208.40988015171112,-214.04396223931303,-218.25574062747057,10,2.8992723318987954,-17.229704408883837,-19.37984563459853,-21.281737474279968,10,1.1862255866853753,2885.037078707295,2797.6448582311946,2694.607506074576,10,53.91972452971174,2703.6155792308336,2575.919240778751,2328.846630713918,10,119.19222875788066,0.0,0.0,0.0,10,0.0,-18.510816620492378,-18.86507824558579,-19.350994429643325,10,0.2775949036800815,237.41379238376905,222.8077976869431,209.48080443120904,10,9.393869755739772,16.316991126190455,13.956349560620946,11.131395557357935,10,1.988875310225162,2644.316570848122,2613.0916214469435,2550.736737113739,10,33.3245589502079,0.0,0.0,0.0,10,0.0,0.0,0.0,0.0,10,0.0,0.0,0.0,0.0,10,0.0,4851.355002267732,4664.858944310214,4558.611105214584,10,87.75753828587295,0.0,0.0,0.0,10,0.0,5.273095,-0.22003025,-5.2353616,1000,1.0607498,1000,819.3846153846154,44,247,342.4970253810864,13431.485151290894,10685.25778889632,374.01147508621216,247,4598.9741411192745,154796.0,166.82946062088013,200000.0,352.0,18699.759616613388,70400000.0,1198.8290272933264,352000.0
2.522996e-08,1.755514e-09,101.654976,3.9108563e-05,2.6288463e-10,0.008093288,10.75488,150.84758,150.82886,11.415436,1250.2085,869.77234,1248.9678,1.0,-0.21835445,-1.0,10000,0.85412633,0.2672649306511312,0.2582921443566451,0.2539747254453206,10,0.0038470548936664,1000,1000.0,1000,10,0.0,13021.718479156494,12896.464194059372,12686.628714561462,10,104.72765232094332,0.0,0.0,0.0,10,0.0,-2.376422570710714,-2.478872962667364,-2.5532888688690707,10,0.0600921503813979,-791.079,-806.071605,-827.7710125,10,10.442522391142203,416.38257077443313,396.7423410163352,368.7065694156236,10,15.987684777476256,446.37888780666015,435.5441238257213,424.7596777286026,10,7.440144217905388,0.0,0.0,0.0,10,0.0,0.0,0.0,0.0,10,0.0,0.0,0.0,0.0,10,0.0,0.0,0.0,0.0,10,0.0,-208.6898699929428,-212.81487786050675,-220.88213515926856,10,3.42680949580942,-18.138966444583343,-19.353925100928933,-21.07646601891075,10,0.8746502363249079,2862.6966836920733,2800.7306561091486,2696.6669526546,10,60.82973277039,2692.561755229064,2544.5421906720885,2310.343755863347,10,130.69284837910553,0.0,0.0,0.0,10,0.0,-18.444857722184462,-18.84134427718808,-19.626538725712635,10,0.3774938052797992,224.0246648266753,210.1757840708021,188.5563576610951,10,12.123397413571276,15.57394468748523,13.424195227926967,10.530906358646076,10,1.8321630297605325,2705.4200700339297,2656.1306784785656,2599.8511452460107,10,28.678052511215824,0.0,0.0,0.0,10,0.0,0.0,0.0,0.0,10,0.0,0.0,0.0,0.0,10,0.0,4952.139597559995,4703.010416368948,4498.961839118776,10,149.55534112007408,0.0,0.0,0.0,10,0.0,5.340169,-0.22308588,-5.2502966,1000,1.0585178,1000,820.6356275303643,42,247,338.5270141325219,13447.762859344482,10740.577994164183,354.3161954879761,247,4578.890994451098,155043.0,165.14916849136353,200000.0,353.0,18864.908791065216,70600000.0,1211.0263819491104,353000.0
2.522996e-08,1.754772e-09,101.584335,2.8709042e-05,2.6362654e-10,0.008098039,10.789505,151.1638,151.14485,11.607565,1245.0592,1001.4193,1243.3345,1.0,-0.21546435,-1.0,9139,0.8541514,0.2661637788279777,0.2590124400463934,0.2544934497489196,10,0.0032524708493184,1000,913.9,139,10,258.29999999999995,12989.446388721466,11634.63557510376,1687.8221836090088,10,3318.2245291770705,0.0,0.0,0.0,10,0.0,-0.3863358394525393,-2.3128936662042845,-2.5899400622226185,10,0.6442969930057645,-112.6813875,-743.4603075000001,-831.4027125,10,210.4563393614188,418.9221872041289,359.36707621165255,55.27769119758033,10,102.92534874748394,432.6665725749588,391.2492065124453,54.741406980582425,10,112.20874896620184,0.0,0.0,0.0,10,0.0,0.0,0.0,0.0,10,0.0,0.0,0.0,0.0,10,0.0,0.0,0.0,0.0,10,0.0,-30.028838192471348,-194.6415425745057,-219.58346887437904,10,54.94295293191655,-2.094226025441197,-17.29871945454314,-20.37439205917232,10,5.1444083840480985,2841.8393605229376,2491.5331519488777,356.32783461395456,10,714.2953502683519,2697.017904808997,2217.220958423207,307.84404591218595,10,653.817511911867,0.0,0.0,0.0,10,0.0,-2.0840007297005,-17.09661128935361,-19.640905282522425,10,5.039643603668154,232.25186712961084,199.7331682296312,40.092666543142606,10,54.23772196402959,21.66851892866088,14.586541662027011,10.446309417945614,10,2.84491590497561,2691.401319214129,2419.023891195585,332.21089812980813,10,695.9833985371141,0.0,0.0,0.0,10,0.0,0.0,0.0,0.0,10,0.0,0.0,0.0,0.0,10,0.0,4955.5326754064845,4337.821911295241,646.6807144909969,10,1237.550025626428,0.0071942446043165,0.0007194244604316,0.0,10,0.0021582733812949,5.7083454,-0.21529682,-5.95783,1000,1.0708787,1000,595.7328244274809,33,262,310.5036249970319,13356.176012039185,7604.810086038276,268.6411852836609,262,4134.199465162312,155305.0,163.51417589187622,200000.0,354.0,19028.422971248627,70800000.0,1223.1355410570031,354000.0
2.522996e-08,1.7537792e-09,101.43069,4.5651623e-06,2.6461922e-10,0.00810989,10.681394,149.99052,149.97166,10.65201,1258.6892,846.6612,1257.5812,1.0,-0.21938488,-1.0,9313,0.85449445,0.2616121689572905,0.2579266246027293,0.2531683742395806,10,0.0028267404510574,1000,931.3,313,10,206.1,12947.029978752136,11787.612174654008,3473.650326728821,10,2773.504609829426,0.0,0.0,0.0,10,0.0,-0.7126526390545663,-2.3075373561657537,-2.557889377810236,10,0.5353020845713993,-237.1460625,-751.84677125,-816.224575,10,171.69452264034746,411.8353653375252,368.0010727244829,120.43618388229976,10,84.11336756152205,434.9010256741045,397.0224676610781,118.29968788342104,10,93.0108201437362,0.0,0.0,0.0,10,0.0,0.0,0.0,0.0,10,0.0,0.0,0.0,0.0,10,0.0,0.0,0.0,0.0,10,0.0,-67.96156515044969,-197.87306568869445,-215.8913675265907,10,43.39301138651796,-5.821038420514126,-17.997245246957807,-20.90280013314564,10,4.153935728479282,2814.44279319397,2545.0414933948537,676.8074959959974,10,624.1003617154677,2569.485003491448,2248.4173333419462,619.8661115897614,10,553.3036466426806,0.0,0.0,0.0,10,0.0,-6.790526525632188,-17.603719686062867,-19.292172769015902,10,3.615808023896253,223.93258835049443,195.93623344813085,65.48476885975143,10,43.90860297221849,18.556407928479903,12.972214255082884,10.365557275232948,10,2.496437475265552,2700.593155806505,2422.877618520945,607.2728991460051,10,607.5351523162155,0.0,0.0,0.0,10,0.0,0.0,0.0,0.0,10,0.0,0.0,0.0,0.0,10,0.0,4942.21848106183,4403.181908598343,1502.8949486055822,10,972.157673831236,0.0031948881789137,0.0003194888178913,0.0,10,0.0009584664536741,5.6259146,-0.22662245,-6.4733057,1000,1.0564395,1000,830.1062992125984,43,254,327.4029647069534,13403.484080314636,10850.50882508154,420.7531757354736,254,4414.84505466304,155559.0,164.57096147537231,200000.0,355.0,19192.993937253952,71000000.0,1215.2812270585753,355000.0
2.522996e-08,1.7510113e-09,101.32366,4.6862566e-05,2.6738722e-10,0.0080590295,10.533885,148.45258,148.43367,9.154656,1280.7911,605.5201,1280.475,1.0,-0.2189665,-1.0,9837,0.8535815,0.2593804485964149,0.2577109603899493,0.2544233283390784,10,0.0015185000897065,1000,983.7,837,10,48.9,12858.174902439116,12477.370401334763,10349.32896375656,10,721.0524363643532,0.0,0.0,0.0,10,0.0,-2.1429083748291937,-2.482112554902232,-2.637474247543163,10,0.1231781594679436,-674.0158875,-795.5357274999999,-817.1127625,10,40.802990373531,417.4855248274366,396.1646934733677,321.62493671971174,10,26.59820763205459,442.41505828636286,425.24977019086407,362.18446215740073,10,21.9465625504032,0.0,0.0,0.0,10,0.0,0.0,0.0,0.0,10,0.0,0.0,0.0,0.0,10,0.0,0.0,0.0,0.0,10,0.0,-179.0174743451176,-208.5604001062955,-213.8694749473312,10,9.93711519860166,-16.391608067158636,-18.68823225489508,-20.59160981930724,10,1.1738662205448165,2813.093807426292,2711.0274934931163,2259.164054912182,10,157.33759662252118,2618.268498390421,2461.8538522384674,1953.521305295724,10,197.0372820171785,0.0,0.0,0.0,10,0.0,-16.056939208839857,-18.34023408209388,-19.137035029868088,10,0.813311265526522,236.948118784646,213.3799173519093,192.0565548957228,10,12.025601956462664,15.233420542251524,13.138881071916671,10.354288910792445,10,1.8591415880651745,2670.7986519874485,2584.95486040203,2115.8045601851054,10,160.2013737832265,0.0,0.0,0.0,10,0.0,0.0,0.0,0.0,10,0.0,0.0,0.0,0.0,10,0.0,4743.991450169049,4523.654951893541,3857.813851346789,10,240.3828654885397,0.001194743130227,0.0001194743130227,0.0,10,0.0003584229390681,5.1420074,-0.22485383,-5.8267155,1000,1.054341,1000,848.1213389121339,34,239,319.53260505819816,13397.509877204897,11075.389771202244,357.11034870147705,239,4323.689056024265,155798.0,187.296893119812,200000.0,356.0,19380.290835618973,71200000.0,1067.8233721264237,356000.0
2.522996e-08,1.7482795e-09,101.14815,1.8393968e-05,2.70119e-10,0.0080734575,10.478061,147.88382,147.86476,8.463473,1291.9352,515.4176,1291.7399,1.0,-0.21747887,-1.0,10000,0.855135,0.2630297783837334,0.2589846429165151,0.2525247815173773,10,0.0030754755297087,1000,1000.0,1000,10,0.0,12994.727485656738,12671.01791162491,12263.695148944857,10,199.5707517521506,0.0,0.0,0.0,10,0.0,-2.424588505572574,-2.517810146872609,-2.6390848720362285,10,0.0673832732012958,-797.8884375,-808.9611750000001,-817.4285625,10,6.374570846192322,410.4328165248703,400.94030063218224,391.5482458790476,10,6.4067614096827095,448.1700393802804,435.9744920419027,426.8726258345822,10,6.496070603468729,0.0,0.0,0.0,10,0.0,0.0,0.0,0.0,10,0.0,0.0,0.0,0.0,10,0.0,0.0,0.0,0.0,10,0.0,-206.6630038063395,-213.35854441737484,-217.2367173018284,10,3.0493495152846086,-17.481333335804575,-19.242523341075632,-20.975115300378828,10,0.8222109908565781,2871.2882599629625,2741.639375504891,2662.188879595072,10,59.860399578510695,2714.336566199687,2468.4703313717605,2276.354138267596,10,143.08380343612228,0.0,0.0,0.0,10,0.0,-18.421892207967247,-18.809554908917058,-19.145403686633507,10,0.186791773667194,243.43472907849795,218.99621220203727,200.16589858936985,10,13.853207120818167,15.376545401924863,13.908988837799356,10.384502019459145,10,1.688450032090107,2653.2965884396035,2623.483785680778,2557.321643833999,10,33.36719406509573,0.0,0.0,0.0,10,0.0,0.0,0.0,0.0,10,0.0,0.0,0.0,0.0,10,0.0,4807.880938989782,4634.647556145611,4389.936651485119,10,156.8413114644147,0.0,0.0,0.0,10,0.0,5.7940354,-0.21889049,-5.547649,1000,1.0564368,1000,822.208,49,250,340.2866390794679,13377.754718780518,10759.163501796722,444.06057262420654,250,4570.574482804825,156048.0,158.9372363090515,200000.0,357.0,19539.22807908058,71400000.0,1258.3583598440232,357000.0
2.522996e-08,1.7465748e-09,101.11449,-1.6278177e-06,2.7182354e-10,0.008090785,10.473255,147.78975,147.77048,8.3554325,1294.5409,505.89508,1294.2388,1.0,-0.21856879,-1.0,9297,0.858565,0.2787495989092197,0.2616920758197634,0.2558714444388384,10,0.0063181185610326,1000,929.7,297,10,210.9,12769.616343975067,11637.682404518127,3116.0088233947754,10,2842.503941771151,0.0,0.0,0.0,10,0.0,-0.6131925903131233,-2.318367396802942,-2.6261283643213345,10,0.5720696482857518,-229.58660000000003,-750.0921075,-816.5798499999999,10,173.60776177675586,414.5325173689028,373.8818664708477,120.73726808736592,10,84.8302427972946,445.6836290276564,407.2313697452118,127.69049992055236,10,93.34169770628024,0.0,0.0,0.0,10,0.0,0.0,0.0,0.0,10,0.0,0.0,0.0,0.0,10,0.0,0.0,0.0,0.0,10,0.0,-70.56583212392533,-199.92678874860383,-218.74972046446536,10,43.199269623561655,-4.233495230627758,-17.253042760871644,-20.43768487594912,10,4.482146396466472,2776.829247786057,2548.770593955468,737.8559708635864,10,604.0818012921501,2623.415541956768,2349.0761876716783,691.5318219226799,10,554.6660485054782,0.0,0.0,0.0,10,0.0,-7.165672538688412,-17.40914247506935,-19.00314752312223,10,3.425397384379001,235.87814393411884,201.47505119764605,37.54322172821444,10,55.84247767077665,16.239798758586772,13.10361602831504,7.48352064485717,10,2.615639360817286,2645.9504929218183,2394.490706937239,739.6334490704356,10,552.7337003849517,0.0,0.0,0.0,10,0.0,0.0,0.0,0.0,10,0.0,0.0,0.0,0.0,10,0.0,4620.10945491567,4153.224145729666,900.9239385931892,10,1086.925168446836,0.0033670033670033,0.0003367003367003,0.0,10,0.001010101010101,5.2011747,-0.21392901,-5.4349184,1000,1.0599883,1000,798.0538461538462,46,260,354.9061048424469,13359.96560382843,10404.13973959157,494.27975940704346,260,4761.636576876405,156308.0,157.27906465530396,200000.0,358.0,19696.50714826584,71600000.0,1271.6250598153297,358000.0
2.522996e-08,1.7447109e-09,101.0241,2.4728422e-05,2.736876e-10,0.0080571985,10.41702,147.26764,147.24821,7.933651,1303.3851,361.2093,1303.4874,1.0,-0.22077268,-1.0,9570,0.8612569,0.2664408727598469,0.2615292050807414,0.2580651440720009,10,0.0023587291918266,1000,957.0,570,10,129.0,12675.675928115845,11923.247050857544,6999.553405284882,10,1654.94479654819,0.0,0.0,0.0,10,0.0,-1.4987711085343176,-2.4346664714332205,-2.655087852153641,10,0.3213953656907526,-460.5943,-772.96787,-818.1785875,10,104.48187049093616,408.8324926014131,376.94251521225226,218.5310111869652,10,54.00704089423857,448.823576914962,413.87795119526817,235.49124280939503,10,59.850404720024834,0.0,0.0,0.0,10,0.0,0.0,0.0,0.0,10,0.0,0.0,0.0,0.0,10,0.0,0.0,0.0,0.0,10,0.0,-123.24037693751733,-206.86181789078407,-220.61516003107008,10,27.949054169870053,-11.541329570474208,-17.37990876362874,-20.35518354467259,10,2.176862929352166,2755.1106390392742,2600.5445133182684,1463.383584666693,10,379.5305545788102,2589.591107797288,2374.2294922001865,1347.4427952245023,10,351.1137383256975,0.0,0.0,0.0,10,0.0,-10.446142096937104,-17.80469533452679,-19.09951855451856,10,2.46543236257529,235.7646478391094,213.8005813443463,138.50597215567456,10,26.936548520840297,15.38228316973614,12.996539042499288,6.703636115243471,10,2.588747337136955,2616.566498285356,2452.2069850034422,1418.8875804094353,10,346.5835808722746,0.0,0.0,0.0,10,0.0,0.0,0.0,0.0,10,0.0,0.0,0.0,0.0,10,0.0,4778.534771740034,4306.349339881995,2664.876244657452,10,593.4385752471212,0.0017543859649122,0.0001754385964912,0.0,10,0.0005263157894736,5.401329,-0.21150836,-5.294225,1000,1.0648264,1000,754.914590747331,41,281,380.9044301082334,13327.018876075745,9758.375123172227,347.69246196746826,281,5095.217831009126,156589.0,157.8460054397583,200000.0,359.0,19854.353159189224,71800000.0,1267.057721497613,359000.0
2.522996e-08,1.7445789e-09,100.99472,2.1408983e-05,2.7381958e-10,0.008058168,10.486642,147.99948,147.97993,8.69518,1291.4493,523.5245,1291.0757,1.0,-0.22195683,-1.0,9831,0.859542,0.2676882994124387,0.2602011267301288,0.2563612366977976,10,0.0032630343875556,1000,983.1,831,10,50.7,12982.77076292038,12433.66075592041,10214.687502384186,10,770.7456004855745,0.0,0.0,0.0,10,0.0,-2.027171336945551,-2.460716624420097,-2.6342213307951488,10,0.1758331206247789,-660.4364874999999,-791.2803225,-812.6520874999999,10,43.81266817103205,411.21271105865264,392.4167039941488,322.1102071469282,10,24.68493231072611,441.8010647640378,427.4703643651658,347.23232559724136,10,26.933030173332057,0.0,0.0,0.0,10,0.0,0.0,0.0,0.0,10,0.0,0.0,0.0,0.0,10,0.0,0.0,0.0,0.0,10,0.0,-182.5455883027436,-211.29182353684587,-223.04165890844223,10,10.10462842159476,-15.229357674922882,-18.18124779188465,-20.61356969244172,10,1.5469732384294634,2804.5456596422327,2703.0345335531138,2231.1493912551014,10,165.38322081874742,2654.853319434178,2504.487817378928,2042.195992603744,10,162.83139500369813,0.0,0.0,0.0,10,0.0,-15.547944329980094,-18.090251128621443,-18.79234474118181,10,0.9079729103475596,255.8117608188325,215.28836744196323,187.3821210679376,10,17.380430971264463,18.953167586346144,13.712890316652937,10.638809663289548,10,2.377652329457995,2675.994454853668,2542.956917474504,2047.8331729251208,10,173.19112818248448,0.0,0.0,0.0,10,0.0,0.0,0.0,0.0,10,0.0,0.0,0.0,0.0,10,0.0,4711.183202975578,4481.922932061852,3732.187137213159,10,276.71776735944127,0.0012033694344163,0.0001203369434416,0.0,10,0.0003610108303249,5.533216,-0.20644362,-5.7843385,1000,1.0809112,1000,570.5977653631285,30,358,383.1998693675072,13326.741560935974,7171.369562479371,198.5330371856689,358,5055.80295438449,156947.0,158.32145404815674,200000.0,360.0,20012.67461824417,72000000.0,1263.2526728763232,360000.0
2.522996e-08,1.7433305e-09,100.94245,3.7889952e-06,2.750679e-10,0.008071608,10.537945,148.50609,148.48666,9.468388,1279.2091,582.76794,1278.6852,1.0,-0.22244763,-1.0,9576,0.86357075,0.2659155211263154,0.2625417056505121,0.2579015909502088,10,0.0028286993680395,1000,957.6,576,10,127.2,12825.628262996674,11865.665952706337,6424.344447612762,10,1858.8518159028588,0.0,0.0,0.0,10,0.0,-1.3185224824681918,-2.367272852922347,-2.582034438911599,10,0.3591962549003809,-452.6006125,-766.0163225,-810.5006999999999,10,104.68725188634296,388.24656330170615,366.79140526041874,222.7392169512472,10,48.22477369737101,440.795724805841,408.3576797507825,239.42118670467107,10,57.218282828803176,0.0,0.0,0.0,10,0.0,0.0,0.0,0.0,10,0.0,0.0,0.0,0.0,10,0.0,0.0,0.0,0.0,10,0.0,-126.3174126101036,-208.59585567220623,-221.7750844575829,10,27.571670026125872,-9.420146890198616,-18.751051996406897,-21.709596346014614,10,3.2677278420507703,2781.804141691277,2584.501870852691,1437.15870471056,10,384.4880926865093,2534.8123937130813,2314.216799579888,1336.1057234684374,10,334.35260980073633,0.0,0.0,0.0,10,0.0,-10.134570497712234,-17.856188148679063,-19.15112865441457,10,2.583323902470569,239.2829517437126,212.67793138815424,124.6245650463356,10,30.829391727888886,17.99578033669402,12.71048799259198,10.504503479254993,10,2.532708642684519,2710.0334123263992,2444.459771198071,1271.3043346795437,10,404.5408604943691,0.0,0.0,0.0,10,0.0,0.0,0.0,0.0,10,0.0,0.0,0.0,0.0,10,0.0,4826.312063676645,4344.482402793839,2259.060432875721,10,746.2952614172533,0.0017361111111111,0.0001736111111111,0.0,10,0.0005208333333333,5.2011867,-0.21789825,-5.2679725,1000,1.0605259,1000,815.4484126984127,43,252,345.4711547543756,13350.36492538452,10543.097151074857,356.7453351020813,252,4606.455898755785,157199.0,181.305566072464,200000.0,361.0,20193.980189085007,72200000.0,1103.1100938184338,361000.0
2.522996e-08,1.7461568e-09,100.9795,-1.4635395e-05,2.7224173e-10,0.008092995,10.556387,148.65219,148.63274,9.579453,1276.9653,547.3234,1276.3997,1.0,-0.2206998,-1.0,8621,0.86440027,0.2836548337914736,0.2654371844115916,0.2576170675812818,10,0.0071740248655255,1000,862.1,236,10,277.80512954227464,13004.907232284546,10737.764064484834,2369.2070429325104,10,3764.693708090861,0.0,0.0,0.0,10,0.0,-0.5067701753430297,-2.1393118843856627,-2.5944253687687,10,0.7286805584453181,-186.993075,-692.7744074999999,-813.26395,10,225.670111779695,396.653694912878,333.0644490718106,98.1078556279054,10,108.51391775848528,439.0457069449005,369.5285558672897,99.24091936482084,10,123.49867543320494,0.0,0.0,0.0,10,0.0,0.0,0.0,0.0,10,0.0,0.0,0.0,0.0,10,0.0,0.0,0.0,0.0,10,0.0,-56.987987222393855,-188.345332957854,-221.4725319382635,10,58.26485079280315,-4.657985639386643,-16.857665704759434,-21.251004992276428,10,5.7698771589236895,2753.9100258865574,2305.253767731629,543.4198947448986,10,790.3485309250347,2581.7559787015616,2078.467051365865,522.2703983708077,10,702.9002277198412,0.0,0.0,0.0,10,0.0,-5.256359328143697,-16.208150273859573,-19.23390029788466,10,4.603820757334479,242.1596929063971,189.02204538285065,34.01977959722077,10,67.95805606117841,16.572528927834032,12.145040503218558,2.790142950655623,10,3.830047369518432,2700.8958943093044,2215.4597344701947,485.36262958042266,10,792.8248747483661,0.0,0.0,0.0,10,0.0,0.0,0.0,0.0,10,0.0,0.0,0.0,0.0,10,0.0,4902.060270948449,3978.776110674336,786.2216804391732,10,1430.2185151812257,0.0042372881355932,0.0006834690732995,0.0,10,0.0014152671569517,5.509242,-0.22117488,-5.4333143,1000,1.061506,1000,790.765625,48,256,357.31442920537,13399.03165435791,10318.329591905233,408.4046030044556,256,4798.754802226084,157455.0,156.58133029937744,200000.0,362.0,20350.5615234375,72400000.0,1277.2914856299135,362000.0
2.522996e-08,1.7490517e-09,101.16521,-4.7030306e-05,2.693466e-10,0.008140247,10.56496,148.71545,148.69604,9.740403,1277.4813,594.3095,1276.7859,1.0,-0.22146584,-1.0,9937,0.86852354,0.2737546902693526,0.2654964610062261,0.2614659783099314,10,0.0036125712726033,1000,993.7,937,10,18.9,12986.346696853638,12631.531124806404,11419.211772680284,10,433.3683365288614,0.0,0.0,0.0,10,0.0,-2.27928200023148,-2.4860826333238246,-2.5403222153629774,10,0.0778987281195054,-750.3013249999999,-798.34042625,-819.0075625,10,16.98854093402693,391.6228304236794,380.4924844667372,349.9515733814085,10,11.507103735632851,444.93823922567526,420.5587229270986,378.31281137307866,10,16.278323976565556,0.0,0.0,0.0,10,0.0,0.0,0.0,0.0,10,0.0,0.0,0.0,0.0,10,0.0,0.0,0.0,0.0,10,0.0,-206.94714615783715,-219.5224437289411,-228.4401716764401,10,5.441186055438045,-17.306889114744436,-19.311365607659177,-21.95166371326729,10,1.2446316836903313,2774.3210284773386,2656.623484232792,2386.1152573608188,10,100.58988573721966,2541.1730713282645,2341.393700275964,2052.309390005197,10,144.7011816060949,0.0,0.0,0.0,10,0.0,-18.50677270135734,-18.867273428968435,-19.14984307978635,10,0.1673745980601294,222.93604182901004,211.11846782589245,193.4379722404011,10,9.318818696838829,15.218599384568904,13.89538191747867,10.467820552304651,10,1.3121864592647294,2694.2748151936617,2628.988656423908,2443.624939095032,10,74.32666060209128,0.0,0.0,0.0,10,0.0,0.0,0.0,0.0,10,0.0,0.0,0.0,0.0,10,0.0,4962.039019040894,4836.365578991635,4408.056075593306,10,152.88497068050518,0.0010672358591248,0.0001067235859124,0.0,10,0.0003201707577374,5.086523,-0.22109142,-5.357306,1000,1.065303,1000,758.2639405204461,42,269,362.6334506836518,13448.738565444946,9906.2090929622,348.6214623451233,269,4921.250146227212,157724.0,160.09723663330078,200000.0,363.0,20510.658765554428,72600000.0,1249.2408001900471,363000.0
2.522996e-08,1.7516154e-09,101.4571,-9.207781e-05,2.667831e-10,0.008208646,10.577105,148.75198,148.73268,10.377024,1276.5406,641.3657,1275.6624,1.0,-0.22596166,-1.0,9775,0.86429024,0.2654394745521819,0.2618189585192456,0.2575531226560814,10,0.002372151134055,1000,977.5,775,10,67.5,13161.16968011856,12562.591493988037,9063.357326507568,10,1175.534648177471,0.0,0.0,0.0,10,0.0,-1.756957056568767,-2.431723135471945,-2.588657029822492,10,0.2343184793378758,-602.3885,-779.94112875,-807.619025,10,59.33624787830711,403.1082781207597,381.98856189882207,284.73510830901625,10,33.098938559303,448.694293833773,422.6452635118767,317.7784004215672,10,35.476016939191034,0.0,0.0,0.0,10,0.0,0.0,0.0,0.0,10,0.0,0.0,0.0,0.0,10,0.0,0.0,0.0,0.0,10,0.0,-167.6167472808773,-212.5864049713113,-221.7342753553823,10,15.193882245473857,-15.897232965947827,-19.077300188739127,-20.560821842948265,10,1.236579840881303,2800.076862546141,2653.7228147766664,1958.2163159509528,10,234.3268745296544,2656.375398823831,2439.8868170942305,1771.9106105906037,10,232.81697472667275,0.0,0.0,0.0,10,0.0,-14.817678509392856,-18.18027684914533,-18.92015932014354,10,1.16180713899212,233.57098968179696,212.19158044474065,177.5762411171216,10,14.330290434802592,14.74218514135466,12.11038252448548,8.8762975767434,10,1.9946987742335165,2791.831968127696,2594.195780071275,1764.2207132756726,10,282.24046898076864,0.0,0.0,0.0,10,0.0,0.0,0.0,0.0,10,0.0,0.0,0.0,0.0,10,0.0,4956.52000111929,4683.808124866124,3429.3545059933244,10,425.9969830219226,0.0012903225806451,0.0001290322580645,0.0,10,0.0003870967741935,5.4080896,-0.22090495,-5.473752,1000,1.0676538,1000,708.7588652482269,43,282,372.3536296881968,13438.66164779663,9254.63781133646,376.9538326263428,282,5044.187882966799,158006.0,158.88350129127502,200000.0,364.0,20669.542271852493,72800000.0,1258.7839415330336,364000.0
2.522996e-08,1.754063e-09,101.85099,-0.00013689836,2.6433553e-10,0.008284979,10.5262575,148.13292,148.11378,10.59586,1283.5007,578.5241,1282.8192,1.0,-0.21361613,-1.0,8850,0.87241524,0.2893197209724119,0.2711640706671022,0.2649665254258616,10,0.0064931333004223,1000,885.0,292,10,237.56641176732035,12938.907136917114,11162.812665069105,3408.019303202629,10,3113.569051936237,0.0,0.0,0.0,10,0.0,-0.7045884806541796,-2.2277139731962365,-2.5712754571656395,10,0.6165933095641697,-242.3172875,-717.0515324999999,-813.7179125,10,191.1126177551444,410.0895746768845,349.2122810495729,110.21185014755042,10,95.47141857998017,433.50197682061616,375.994010403156,121.43070904309698,10,103.84830351750264,0.0,0.0,0.0,10,0.0,0.0,0.0,0.0,10,0.0,0.0,0.0,0.0,10,0.0,0.0,0.0,0.0,10,0.0,-71.45062467179372,-199.15989446154205,-227.44194973424555,10,52.00459082858966,-5.151579810672473,-16.82960935008096,-20.00969414124537,10,4.660948322967702,2760.9937590413683,2357.76967996553,674.6874987132092,10,677.8483408527263,2456.6091733364083,2084.3346854843926,601.5312070977902,10,604.5366063741744,0.0,0.0,0.0,10,0.0,-6.035113824291386,-16.71852515930855,-19.401153307023243,10,4.438806003300496,232.81298525767983,197.7047334530729,61.687976396823856,10,53.571343736910286,14.646510141039272,12.315460540013191,8.529728870580142,10,1.9589851635155784,2701.7919996120963,2288.535688579642,757.1151348194188,10,620.1132924712026,0.0,0.0,0.0,10,0.0,0.0,0.0,0.0,10,0.0,0.0,0.0,0.0,10,0.0,4933.148650063376,4267.237954171322,1333.2780115118271,10,1169.168842532861,0.0034246575342465,0.0005216772229587,0.0,10,0.0011053724738108,5.613498,-0.22121422,-5.6909657,1000,1.0649148,1000,722.9120879120879,41,273,370.6016486944635,13459.419131278992,9444.018495555982,353.7939457893372,273,5004.717937444933,158279.0,158.38280844688416,200000.0,365.0,20827.925085544583,73000000.0,1262.7633135263711,365000.0
0.087066054,0.0057279267,16.818329,-0.0038404134,0.0012373559,0.0051858793,5.7880945,147.12172,147.10231,6.560932,1289.0177,595.8346,1287.997,1.0,-0.22685522,-1.0,10000,0.8599612,0.2691447380317981,0.2592149826095222,0.2513673895370947,10,0.0051515398782616,1000,1000.0,1000,10,0.0,13167.720886230469,12709.607174825667,12278.295993804932,10,290.543390392415,0.0,0.0,0.0,10,0.0,-2.3137978272159425,-2.4734182438469228,-2.5803174160598483,10,0.0859139077872047,-783.89455,-797.8252775,-811.606,10,8.66327329229873,412.922573176986,396.0334015505374,384.02288494356543,10,8.478346210565915,443.8032170640415,436.7302268936922,425.9655844039896,10,5.247273509814692,0.0,0.0,0.0,10,0.0,0.0,0.0,0.0,10,0.0,0.0,0.0,0.0,10,0.0,0.0,0.0,0.0,10,0.0,-207.095182119812,-214.4769131374389,-224.0237469334961,10,4.960076559888979,-16.758670667865225,-18.63506590284708,-20.80077634821385,10,1.26234682715185,2776.900379579771,2735.871138232996,2677.392297589369,10,27.95497360314992,2616.8776450404093,2502.63484883152,2388.906030412504,10,69.67154213479768,0.0,0.0,0.0,10,0.0,-17.82019518834735,-18.496590720450108,-18.92791231809972,10,0.3800325076679473,235.76561487136024,227.0251730827376,219.8586190459033,10,5.281505896986734,14.9183590751846,12.44145951782694,10.554485484428344,10,1.7133115466108486,2764.735901041202,2604.341200173068,2465.077675012336,10,104.69146440579586,0.0,0.0,0.0,10,0.0,0.0,0.0,0.0,10,0.0,0.0,0.0,0.0,10,0.0,4883.919868665763,4631.960073602004,4287.253551594507,10,190.2141207025475,0.0,0.0,0.0,10,0.0,5.214963,-0.21890831,-5.2485347,1000,1.0579448,1000,735.5616438356165,43,219,380.9168698353379,13458.802158355713,9615.265383125032,428.36139011383057,219,5141.05053257148,158498.0,181.75466632843012,200000.0,366.0,181.75466632843012,73200000.0,1100.3844029984934,366000.0
0.001709097,0.00011658153,27.015076,-0.003719588,2.014625e-05,0.005880794,9.951186,146.64879,146.62729,10.463237,1292.5005,572.34814,1291.5955,1.0,-0.22715014,-1.0,9750,0.8615565,0.2647020154580219,0.2599005569948217,0.2528966547671341,10,0.0048452810313432,1000,975.0,753,10,74.00540520799815,13021.14380645752,12173.80060530901,9219.23433971405,10,1055.8423720452383,0.0,0.0,0.0,10,0.0,-1.6910277374452372,-2.3659408047082406,-2.689461898309179,10,0.2636418249829488,-585.57215,-774.3455475,-811.4481,10,63.793125973858565,410.3984836345724,390.3024702125824,301.2970333924834,10,30.371452699004923,452.4464001539535,425.1018917881911,330.0303671917207,10,32.5646012854426,0.0,0.0,0.0,10,0.0,0.0,0.0,0.0,10,0.0,0.0,0.0,0.0,10,0.0,0.0,0.0,0.0,10,0.0,-159.18713086222056,-210.0559918511628,-219.83844158840475,10,17.514404542046275,-13.006576674633216,-18.2997105622022,-20.135256772952896,10,2.005434485932527,2808.670181557637,2653.304679769901,2067.484161148429,10,198.56176024928564,2579.4525406784305,2433.6700309090675,1937.2610929888328,10,171.04523703725826,0.0,0.0,0.0,10,0.0,-13.855054712551755,-18.30348746452763,-19.20059214618833,10,1.51308854762934,234.24647685120084,219.79947538445285,182.21341043774265,10,13.775785089690004,17.127710229268587,13.855050454309175,10.441201850767955,10,1.9512175406381973,2696.4144037515025,2440.3274999287632,1767.1612667544691,10,264.89273454917605,0.0,0.0,0.0,10,0.0,0.0,0.0,0.0,10,0.0,0.0,0.0,0.0,10,0.0,4914.713882537137,4410.754195814448,3235.463801836212,10,474.5108388821676,0.0013280212483399,0.0002331030275421,0.0,10,0.0004718365532635,5.9761124,-0.21704091,-5.20096,1000,1.0582973,1000,710.908,47,250,396.8367164666092,13427.797543525696,9254.364666657448,473.9868507385254,250,5366.7518955608575,158748.0,179.38069248199463,200000.0,367.0,361.135368347168,73400000.0,1114.9471954462158,367000.0
9.699047e-05,6.6395482e-06,36.83818,-0.0034377575,1.1196912e-06,0.0063848114,10.487402,147.05553,147.03435,11.2260065,1280.1204,772.0292,1278.6954,1.0,-0.22508474,-1.0,8220,0.85993654,0.2897867630216941,0.2630203701025896,0.2491272285490886,10,0.0127812549782206,1000,822.0,272,10,279.04551600052633,12968.255623340609,10320.908582115171,3096.092995643616,10,3683.2718258795207,0.0,0.0,0.0,10,0.0,-0.6989121050321808,-2.049015746241046,-2.6752442684680275,10,0.7205151700492198,-227.336525,-658.008775,-806.040025,10,220.64079073946343,411.94047550184905,327.15679815884505,101.76515401690835,10,113.65683451720928,455.806225170428,359.57313248790393,110.20806671952688,10,126.70362897216758,0.0,0.0,0.0,10,0.0,0.0,0.0,0.0,10,0.0,0.0,0.0,0.0,10,0.0,0.0,0.0,0.0,10,0.0,-66.62477905234351,-176.25566464189254,-219.39832770917667,10,55.63643268580445,-4.357639652132709,-14.078136918355952,-19.84355772419587,10,5.515950429442976,2760.6329869794927,2240.060011743334,648.8455774396969,10,783.8386189946476,2605.4404376837733,2068.968560528107,532.7058141778945,10,750.2135400848712,0.0,0.0,0.0,10,0.0,-4.702364493245455,-15.36262932634665,-18.80949546179772,10,5.098604759316182,231.2733156947584,182.7433342077528,63.72323350907636,10,58.02610978472097,14.912496873413192,12.62479212533813,8.118989150418393,10,2.1529109377231075,2680.6990954146986,2098.2758641134465,566.4505525041486,10,770.2977011153687,0.0,0.0,0.0,10,0.0,0.0,0.0,0.0,10,0.0,0.0,0.0,0.0,10,0.0,4793.685005707906,3721.0046424996312,1296.1705466082587,10,1321.8529143339076,0.0036764705882352,0.0008013317316386,0.0,10,0.0012943679699806,5.591697,-0.2012788,-5.888009,1000,1.086187,1000,413.9582245430809,33,383,323.26867359911205,13388.12028503418,5192.028362520215,333.47768688201904,383,4325.580696047027,159131.0,176.51066279411316,200000.0,368.0,537.6460354328156,73600000.0,1133.076024043292,368000.0
6.7513274e-06,4.6177934e-07,46.23288,-0.0030437345,7.8326835e-08,0.0067423647,10.570198,147.77599,147.75494,12.009485,1256.4962,1010.08936,1254.7885,1.0,-0.22481558,-1.0,8001,0.85977626,0.2853492867657374,0.2635611535589319,0.2503440935202862,10,0.0104208495911536,1000,800.1,104,10,353.20035390695745,12659.10297203064,9932.030353021622,1245.1765694618225,10,4405.45788665024,0.0,0.0,0.0,10,0.0,-0.2417942011627931,-1.9648946457163985,-2.560304141216334,10,0.8696518551586455,-81.6935125,-639.1219612499999,-804.382075,10,282.18786753817125,413.6994098438779,315.77136750258524,39.01425305489113,10,141.27844275911224,452.4908906256183,353.09255813854986,42.48004058377278,10,158.44557843534116,0.0,0.0,0.0,10,0.0,0.0,0.0,0.0,10,0.0,0.0,0.0,0.0,10,0.0,0.0,0.0,0.0,10,0.0,-24.93565628676816,-171.6632212348135,-218.76041439755403,10,74.13042107417658,-1.211399485401949,-14.441975719346123,-19.44126156176273,10,6.747273548204972,2822.9662561856494,2171.984833030709,266.2592623057635,10,976.0279271450356,2661.9983770329823,2000.1788047483883,237.2404663651991,10,899.9495570552085,0.0,0.0,0.0,10,0.0,-1.803958721519348,-15.07161556103548,-19.103920957065384,10,6.688850401628646,237.68752165589183,179.21132531619892,24.32213293120397,10,79.32096811567999,15.200113082917412,10.996855260474597,4.981990713854369,10,3.349098425354384,2556.2204706762386,1979.2653577458627,227.7170326067924,10,890.0868712172371,0.0,0.0,0.0,10,0.0,0.0,0.0,0.0,10,0.0,0.0,0.0,0.0,10,0.0,4738.738097700405,3592.383197464569,483.2676775498422,10,1567.256924380778,0.0096153846153846,0.002040182040182,0.0,10,0.0037832441985132,5.235841,-0.21222882,-6.107605,1000,1.0621504,1000,536.9077490774907,47,271,308.6143815641414,13356.612888336182,6781.832820900362,458.32154846191406,271,4085.761903603531,159402.0,174.39918637275696,200000.0,369.0,712.0452258586884,73800000.0,1146.7943409582451,369000.0
1.1765129e-06,8.04324e-08,54.92455,-0.0025810446,1.368862e-08,0.0069750086,10.52429,147.24532,147.22467,11.092338,1256.416,875.68866,1255.195,1.0,-0.22530818,-1.0,8209,0.85874516,0.2965932128765534,0.2648019615382135,0.2505218903954231,10,0.0145492640764576,1000,820.9,102,10,358.201744831038,13016.382764816284,10305.304152297973,1241.514310836792,10,4530.336566521336,0.0,0.0,0.0,10,0.0,-0.2351842536401258,-2.016112245077735,-2.58583460643786,10,0.88903904371657,-83.3712,-655.84357125,-811.250725,10,285.5283582478201,414.0437464245121,328.63767140900575,35.07117241850458,10,146.01957111909576,455.7717377763272,362.7267841920222,41.63553679739328,10,159.75102437591707,0.0,0.0,0.0,10,0.0,0.0,0.0,0.0,10,0.0,0.0,0.0,0.0,10,0.0,0.0,0.0,0.0,10,0.0,-25.92089577481799,-175.5933870463208,-219.2034543284596,10,74.85116547882248,-0.9737545249809756,-14.52682351343105,-18.80973580624121,10,6.684522418465385,2832.340471944308,2238.273356436469,268.6000158185222,10,982.6729778265666,2557.1645059253347,2026.968717122587,239.39807427819167,10,893.4987596018482,0.0,0.0,0.0,10,0.0,-1.6572038954057546,-15.40690819283808,-19.28944138308814,10,6.8172153328406,227.89667512315063,179.06445904335487,28.6633484985431,10,75.23098312069702,15.304922350938629,11.216414133778148,5.513390738812966,10,3.2969470966095864,2665.737239782284,2063.6332498594534,217.9146889869934,10,925.9334459658522,0.0,0.0,0.0,10,0.0,0.0,0.0,0.0,10,0.0,0.0,0.0,0.0,10,0.0,4859.73567175503,3783.043408393237,490.27521196663,10,1652.4998541632508,0.0098039215686274,0.001914971596115,0.0,10,0.0038313129448251,5.448721,-0.21192695,-4.996154,1000,1.0538766,1000,798.3636363636364,48,264,354.00949680651377,13447.655663490295,10442.091906035488,531.9678964614868,264,4785.596563951112,159666.0,174.8679656982422,200000.0,370.0,886.9131960868835,74000000.0,1143.7200587392117,370000.0
5.3694663e-07,3.6748844e-08,62.720314,-0.0021265582,6.206891e-09,0.0071441843,10.481865,146.8073,146.78691,10.250529,1263.271,784.3326,1262.2389,1.0,-0.2220832,-1.0,8792,0.86012155,0.2730922440094714,0.2614927307437377,0.2529470276780243,10,0.0054063002608666,1000,879.2,248,10,250.5022155590645,12900.745441913605,11091.066704177856,2930.286819458008,10,3297.607009498088,0.0,0.0,0.0,10,0.0,-0.5749466430430246,-2.1983134652327148,-2.676506708291087,10,0.6618046543489049,-195.40125,-706.6715812499999,-823.251125,10,204.19046421709308,404.19864997233753,347.5843755731741,95.75070993530248,10,99.41802636651512,456.5069282591892,391.9014905568778,104.8701999538366,10,113.93767171740008,0.0,0.0,0.0,10,0.0,0.0,0.0,0.0,10,0.0,0.0,0.0,0.0,10,0.0,0.0,0.0,0.0,10,0.0,-57.022405746797126,-189.3877017223072,-221.7846254308789,10,52.81473292044334,-3.6345161239644073,-15.314567426091292,-19.214283295783524,10,4.877531541418931,2778.9531822780964,2376.541529450486,661.5935691444658,10,682.6100658388029,2677.371788384393,2185.357223506606,618.9311153115232,10,623.1461475452115,0.0,0.0,0.0,10,0.0,-4.5197833159200265,-16.566727481531863,-19.080761147202296,10,4.754982998402841,232.312341263607,189.24659738691616,61.09949136632082,10,50.71214494483627,15.17933549807736,12.32105609426021,7.28432421038748,10,2.6543546607355952,2691.427793628057,2208.3811446369828,501.6520759099486,10,697.1610536418208,0.0,0.0,0.0,10,0.0,0.0,0.0,0.0,10,0.0,0.0,0.0,0.0,10,0.0,4927.170705805571,4121.352730090291,1083.437846984929,10,1257.4618451890906,0.0040322580645161,0.0005870493358633,0.0,10,0.0012724757313213,5.2335453,-0.20760898,-5.533695,1000,1.0656244,1000,793.492795389049,30,347,327.171022846108,13472.480820655825,10362.4706340987,331.43472480773926,347,4430.933753242129,160013.0,200.7390170097351,200000.0,371.0,1087.6522183418274,74200000.0,996.3185183391664,371000.0
3.471019e-07,2.3790617e-08,69.617584,-0.0018514161,3.977532e-09,0.0074208234,10.561879,147.49565,147.47537,10.768234,1254.8414,955.5691,1253.1935,1.0,-0.22892302,-1.0,10000,0.85581946,0.2674489032977988,0.2561909401845528,0.2467789423253491,10,0.0068423366636502,1000,1000.0,1000,10,0.0,12902.29988193512,12404.284310674668,11796.219465255735,10,335.2157592238665,0.0,0.0,0.0,10,0.0,-2.3141217634058453,-2.46604360920518,-2.624042024666984,10,0.1097783049972432,-775.170575,-796.2857525,-810.8362374999999,10,12.843522933995043,408.3108579362031,399.67826538293,388.7443811089965,10,5.6780073492822725,459.2653015004906,448.7849975935004,436.5733665290306,10,7.875557256921481,0.0,0.0,0.0,10,0.0,0.0,0.0,0.0,10,0.0,0.0,0.0,0.0,10,0.0,0.0,0.0,0.0,10,0.0,-202.16379941208572,-211.337854739898,-222.34251008576229,10,6.487758065242707,-14.264884398569784,-16.346551734924777,-17.405893256845587,10,1.0773168035604646,2763.9745460706804,2710.673101246025,2575.947072857313,10,55.56140874904892,2580.5716486822025,2460.4031279063965,2308.025232875909,10,90.8718381493604,0.0,0.0,0.0,10,0.0,-18.163683630956044,-18.82419934577221,-19.195558493949548,10,0.2872651595707089,220.6800394231657,209.702701082322,189.8187793526656,10,8.531581051476905,15.675907083327296,13.25804031781152,10.52856690931761,10,1.7978303534530062,2596.986816075368,2465.788532959221,2241.000572062992,10,103.1926276065369,0.0,0.0,0.0,10,0.0,0.0,0.0,0.0,10,0.0,0.0,0.0,0.0,10,0.0,4780.437843472668,4530.916438906219,4160.449485305704,10,182.87852050083973,0.0,0.0,0.0,10,0.0,5.5033417,-0.21483035,-5.397049,1000,1.0581939,1000,670.5330739299611,46,257,394.0054314784503,13445.664945602415,8682.087962456293,369.5570912361145,257,5315.109618568477,160270.0,177.714035987854,200000.0,372.0,1265.3662593364716,74400000.0,1125.4035106921388,372000.0
2.573193e-07,1.7684581e-08,75.48861,-0.0014817894,2.9009644e-09,0.007520879,10.46822,146.4591,146.4391,10.078158,1267.8055,743.5897,1266.8176,1.0,-0.22863011,-1.0,9648,0.85493845,0.261171027908693,0.2559072712022477,0.2491872141546412,10,0.0042642815219347,1000,964.8,648,10,105.6,12817.467564582825,11946.29551463127,7376.934978485107,10,1534.2283257737156,0.0,0.0,0.0,10,0.0,-1.534307492834933,-2.3855862884176187,-2.596216809967263,10,0.2973842497866535,-507.8656125,-769.186165,-809.9085749999999,10,87.5822924531667,411.46888835111656,386.8329521382308,247.8311208334845,10,46.656928363532295,459.388913037639,432.83626665094926,264.0779139426178,10,56.41796583230468,0.0,0.0,0.0,10,0.0,0.0,0.0,0.0,10,0.0,0.0,0.0,0.0,10,0.0,0.0,0.0,0.0,10,0.0,-141.0113834172999,-203.3873087864766,-215.67164572563536,10,21.1035298287807,-10.953562124162213,-17.085088842904863,-19.017175558258607,10,2.136837836932053,2820.271791867058,2623.626378435777,1644.3258994755167,10,329.4472524556541,2513.061086784519,2324.149985421001,1428.9527683212864,10,305.32258900531724,0.0,0.0,0.0,10,0.0,-12.508968385985346,-18.143851382989386,-19.41524497540233,10,1.903831417184078,209.4658093250804,194.92599157063304,129.50165396371295,10,22.90889986693488,15.149112605344667,12.62679727204928,7.454202836795128,10,2.5051812593580363,2607.2068479539034,2400.0860562877424,1359.039119418914,10,352.1727842715835,0.0,0.0,0.0,10,0.0,0.0,0.0,0.0,10,0.0,0.0,0.0,0.0,10,0.0,4824.027193803597,4378.985132047938,2829.280875394866,10,535.5595965196162,0.0015432098765432,0.0001543209876543,0.0,10,0.0004629629629629,5.080602,-0.21756911,-5.0148544,1000,1.0541538,1000,801.4896265560166,38,241,352.43572277661093,13443.821853637695,10515.465449644322,416.972225189209,241,4772.898706482146,160511.0,178.77903008461,200000.0,373.0,1444.1452939510343,74600000.0,1118.699435304839,373000.0
2.051201e-07,1.4103442e-08,80.270485,-0.0012408503,2.306168e-09,0.00766249,10.326452,144.94981,144.93,8.72329,1291.6267,479.35803,1291.4186,1.0,-0.24154325,-1.0,8846,0.850365,0.2568560670153897,0.2491298455712936,0.2387662314318632,10,0.0049409890220042,1000,884.6,263,10,223.76916677683724,12694.92271900177,10777.063082313538,2707.3784461021423,10,2921.530651179821,0.0,0.0,0.0,10,0.0,-0.5650304761659759,-2.1891131935159573,-2.619917602291943,10,0.5958603259302901,-193.98015,-697.33969125,-804.5597124999999,10,183.7054698228372,420.7519553731272,358.35208444392526,86.99343529314599,10,97.78980967053052,456.47495795905695,391.68766857934327,93.71645045803388,10,108.05492583144016,0.0,0.0,0.0,10,0.0,0.0,0.0,0.0,10,0.0,0.0,0.0,0.0,10,0.0,0.0,0.0,0.0,10,0.0,-54.23335897524931,-181.3935609861913,-211.0553657225084,10,46.2359252149765,-3.506755037558249,-15.751395328172416,-19.08189215524544,10,4.459503625479851,2817.367613588432,2407.7393070183875,678.3771435141769,10,625.2318122314525,2534.0116496887563,2132.167495771392,558.6436582038632,10,575.3860811321882,0.0,0.0,0.0,10,0.0,-5.203569145470639,-16.594153960150972,-19.45716799567016,10,4.188953396018751,210.99576542015004,181.06588950774804,50.7746970529939,10,46.883511691096885,14.85534432250744,11.838012709895144,8.610807383454723,10,1.8621172229231755,2591.609277340937,2181.9606542722427,440.6569365817237,10,635.8654884117071,0.0,0.0,0.0,10,0.0,0.0,0.0,0.0,10,0.0,0.0,0.0,0.0,10,0.0,4616.369039978438,3845.22854597266,993.1490402742568,10,1036.8589023882032,0.0038022813688212,0.0006336784554962,0.0,10,0.001168906083165,5.1474466,-0.21795896,-5.361288,1000,1.054292,1000,789.5696721311475,40,244,372.2793097797089,13527.856694221497,10379.028369655864,342.8305506706238,244,5033.944348625643,160755.0,176.62628602981567,200000.0,374.0,1620.7715847492218,74800000.0,1132.334288941787,374000.0
1.7102501e-07,1.1769307e-08,84.39069,-0.001151093,1.912699e-09,0.007902348,10.312098,144.73515,144.71538,8.347557,1297.1885,446.54126,1296.9391,1.0,-0.24763691,-1.0,8962,0.8485369,0.2545796595477293,0.2469264388042594,0.2410435400611831,10,0.0036260922545296,1000,896.2,130,10,258.2238563727217,12731.510424613953,10992.553038072589,1409.5872631072998,10,3258.227196506564,0.0,0.0,0.0,10,0.0,-0.3015744695473095,-2.197480117834038,-2.6530679918494817,10,0.6642025880616503,-97.18745,-699.8562225,-804.57945,10,204.783735371869,419.0926968875499,363.8286516078285,45.26946017764708,10,108.5999005565604,449.4665427156299,395.007049854298,50.24505991426609,10,116.41874024839396,0.0,0.0,0.0,10,0.0,0.0,0.0,0.0,10,0.0,0.0,0.0,0.0,10,0.0,0.0,0.0,0.0,10,0.0,-26.9896785317457,-181.7413333990117,-209.14212177564573,10,52.33470922729409,-3.0950924472862456,-15.804040821712714,-18.33667039418379,10,4.448889670657297,2788.283581517119,2466.463180608321,314.0858206739376,10,726.158398332821,2612.7588533805583,2210.857443772595,275.9448227132146,10,662.2269261733466,0.0,0.0,0.0,10,0.0,-2.1969621496275287,-16.802780876839414,-19.28816153355796,10,4.917302764685796,222.78686053062603,191.50423340687504,26.258278712988805,10,56.22417211498268,15.565680350423383,13.112467227108793,6.096009322593701,10,2.817826682533325,2625.9798824811432,2218.4711930976323,292.9664955102603,10,662.4526054323147,0.0,0.0,0.0,10,0.0,0.0,0.0,0.0,10,0.0,0.0,0.0,0.0,10,0.0,4626.326786427713,3869.4609110420497,501.70957313869735,10,1155.0686934518578,0.0076923076923076,0.000988031378815,0.0,10,0.0022761426868781,5.210362,-0.21910359,-5.339634,1000,1.0547235,1000,794.6807692307692,48,260,360.9988094154997,13420.26531600952,10428.898809597584,471.173713684082,260,4871.915425422595,161015.0,177.64334535598755,200000.0,375.0,1798.4149358272552,75000000.0,1125.8513489442057,375000.0
1.4701355e-07,1.0131727e-08,88.00716,-0.0010549801,1.6293592e-09,0.008095553,10.320036,144.76294,144.74312,8.586295,1297.2003,475.02374,1296.785,1.0,-0.24493337,-1.0,9482,0.85276026,0.2563874395445656,0.249560930836071,0.2396225577301497,10,0.0051231398856138,1000,948.2,725,10,92.157256903621,12830.03227186203,11693.823228502271,8452.81706905365,10,1388.946905863188,0.0,0.0,0.0,10,0.0,-1.7488282928750407,-2.389661268431085,-2.777510871010165,10,0.3153974511820792,-551.2091625,-746.8768687499999,-816.4416875,10,85.30404936243652,422.282283576409,381.34270941543184,273.30666980153217,10,44.33814851646586,456.0419109252944,417.66134516543127,304.8686028533957,10,47.616591262047805,0.0,0.0,0.0,10,0.0,0.0,0.0,0.0,10,0.0,0.0,0.0,0.0,10,0.0,0.0,0.0,0.0,10,0.0,-142.50648520110673,-194.9510768911887,-211.7704017252583,10,21.90232014291506,-11.916057660772644,-16.356196408397004,-19.32993849003164,10,2.138346941944832,2828.774809445804,2598.1063060464885,1919.1605844577864,10,274.7174168265492,2673.7132634718664,2369.1029017935425,1683.0176927737753,10,294.6205451778528,0.0,0.0,0.0,10,0.0,-13.400856270191266,-17.75738087268705,-19.05747739325376,10,1.7096907876752792,229.64237194265172,202.06970978627524,170.39295775551253,10,18.01852504032504,15.5378393154261,12.060674035026752,8.197935657220604,10,2.6688479486073926,2640.44423402162,2345.254302403117,1660.3297848676175,10,301.3935081813369,0.0,0.0,0.0,10,0.0,0.0,0.0,0.0,10,0.0,0.0,0.0,0.0,10,0.0,4633.809121020757,4153.523708331974,3008.877698394844,10,523.0091726644264,0.0013793103448275,0.0003665713209793,0.0,10,0.0005642489162056,5.7800326,-0.2171319,-5.750052,1000,1.0602633,1000,737.7553956834532,39,278,383.10847763571377,13415.877791404724,9587.490726499893,380.7304763793945,278,5187.08845437231,161293.0,201.5865154266357,200000.0,376.0,2000.001455783844,75200000.0,992.1298534116826,376000.0
1.292085e-07,8.899637e-09,91.1776,-0.0009114142,1.4370439e-09,0.008205622,10.260136,144.16399,144.14413,8.407119,1304.0848,414.22208,1303.9607,1.0,-0.23614334,-1.0,9024,0.85585874,0.2603549235381693,0.2537800838446604,0.2477116659118622,10,0.00345594681421,1000,902.4,584,10,150.52056337922735,12763.644207954409,11096.316279363631,6397.444379806519,10,2062.5645420469564,0.0,0.0,0.0,10,0.0,-1.3480574340873428,-2.273534793029109,-2.71812133601794,10,0.4121928198686161,-440.738375,-715.9482062499999,-815.1390125,10,125.46869376325527,417.5924813077214,361.1368533203389,230.77122049591588,10,63.95677789022166,451.4526932336236,395.3315708031869,239.9739372752805,10,70.7145974085727,0.0,0.0,0.0,10,0.0,0.0,0.0,0.0,10,0.0,0.0,0.0,0.0,10,0.0,0.0,0.0,0.0,10,0.0,-120.804833481339,-188.9711938594966,-214.48540377789504,10,32.35108141528498,-9.18084989921695,-15.820846723041353,-18.81375085037209,10,2.9108676323001617,2819.0071538169504,2481.4540977350352,1545.5077784337036,10,432.5344000917687,2646.9761615792418,2293.509396715126,1431.9771386001507,10,401.7526977489626,0.0,0.0,0.0,10,0.0,-11.82229437843742,-17.2194777765527,-19.63505726042923,10,2.7108681787457143,231.35349196353624,193.1557140049651,106.87604348286328,10,38.2569493525026,15.489666732745352,11.762235633013448,7.181792084795372,10,3.012730829594589,2612.6129761297416,2235.655156787152,1236.591384143313,10,435.4882832457104,0.0,0.0,0.0,10,0.0,0.0,0.0,0.0,10,0.0,0.0,0.0,0.0,10,0.0,4673.453044090478,3877.9021835537615,2063.081337930697,10,776.5482438545536,0.0017123287671232,0.0005490905561404,0.0,10,0.000692705572256,5.7105117,-0.20778215,-5.6077337,1000,1.0746806,1000,679.9362244897959,28,392,349.1664980803054,13435.461027145386,8752.45123311117,247.55209064483645,392,4677.2848435609285,161685.0,176.39964270591736,200000.0,377.0,2176.401103258133,75400000.0,1133.7891445360108,377000.0
1.1549049e-07,7.958222e-09,93.96122,-0.0008615819,1.2810183e-09,0.008378481,10.41312,145.64441,145.62476,9.84781,1278.0813,840.9195,1276.9524,1.0,-0.22494417,-1.0,10000,0.85855633,0.2642105982786064,0.2584787973519814,0.2505923972181421,10,0.0043018708246042,1000,1000.0,1000,10,0.0,12789.286171913149,12571.497806310654,12282.908564090729,10,168.7961840627675,0.0,0.0,0.0,10,0.0,-2.471607758276323,-2.6568640402666923,-2.979453902264656,10,0.1521868267656888,-792.0264,-812.57116375,-836.0212875,10,12.47507575010876,422.6873435742218,407.3723003666372,394.5963425983485,10,7.141252691467689,452.13929469605023,445.4367721072156,436.6702480841798,10,5.035633695498022,0.0,0.0,0.0,10,0.0,0.0,0.0,0.0,10,0.0,0.0,0.0,0.0,10,0.0,0.0,0.0,0.0,10,0.0,-205.9219779582998,-212.8075026219402,-219.0369759247756,10,3.91138079305491,-16.589666861478726,-18.14102354776777,-19.426467803675006,10,0.7394826531433463,2804.737609187373,2724.7815342481395,2671.992611412362,10,44.716730319301966,2545.971883164123,2462.52306745492,2377.1100658305995,10,59.45168772764552,0.0,0.0,0.0,10,0.0,-18.29165611612668,-18.798649416348333,-19.088316054765222,10,0.2187952220929628,219.04448375833505,205.66484719048032,184.95442620928964,10,8.910592766791572,15.183082041167635,12.60099745202752,10.577476068927318,10,2.0089236750974164,2616.262393522344,2547.486398559773,2444.45899046089,10,46.033727719966784,0.0,0.0,0.0,10,0.0,0.0,0.0,0.0,10,0.0,0.0,0.0,0.0,10,0.0,4899.691553726103,4620.56412375838,4241.818387502261,10,187.2700746505085,0.0,0.0,0.0,10,0.0,5.806867,-0.20561504,-6.1333747,1000,1.0740819,1000,405.45583038869256,40,283,271.15031882494395,13246.992014884949,5012.737326759542,323.93726444244385,283,3557.277241541119,161968.0,178.61015629768372,200000.0,378.0,2355.011264562607,75600000.0,1119.7571523685726,378000.0
1.04595514e-07,7.210312e-09,96.46145,-0.00079850934,1.1573278e-09,0.008515423,10.47539,146.25409,146.23453,10.544106,1260.3997,978.27734,1259.0753,1.0,-0.22089133,-1.0,10000,0.86023116,0.2643363892775685,0.2605459376224673,0.2537493168379794,10,0.0033059011070823,1000,1000.0,1000,10,0.0,13036.632139205933,12679.761253976822,11769.880078792572,10,374.5926922511025,0.0,0.0,0.0,10,0.0,-2.259951736411451,-2.7172558278616616,-2.939225439939085,10,0.1761162656018914,-776.31535,-819.58192375,-832.6461750000001,10,15.527127455538778,412.9477585976563,398.3417420741343,379.4258839521998,10,8.257667498178119,455.0059547693998,445.7899511155805,423.2256879500644,10,8.921927031423449,0.0,0.0,0.0,10,0.0,0.0,0.0,0.0,10,0.0,0.0,0.0,0.0,10,0.0,0.0,0.0,0.0,10,0.0,-209.7704628656317,-214.5104637491188,-217.6658048148608,10,2.7285356275044523,-16.679826034871432,-17.929623688675047,-19.61610094587053,10,0.8713072921616607,2758.015990863979,2713.2619298257014,2628.845320960178,10,35.653224211335704,2631.670617781672,2481.958400096264,2329.9320223687587,10,92.2886561523296,0.0,0.0,0.0,10,0.0,-18.24024643409853,-18.716972759537786,-19.598147449006152,10,0.3810626373718657,217.38679600153085,202.62578983017352,191.79201700820923,10,7.699227303924638,15.423742263572608,11.96593714522393,10.44036633204452,10,2.028607372185929,2660.6148264280787,2582.4193952373107,2454.5676857482463,10,57.29067327829964,0.0,0.0,0.0,10,0.0,0.0,0.0,0.0,10,0.0,0.0,0.0,0.0,10,0.0,4952.729625100882,4705.130543880163,4060.869948727,10,241.1989336438156,0.0,0.0,0.0,10,0.0,5.3151903,-0.2065464,-5.9362187,1000,1.0727752,1000,570.515228426396,34,394,396.2151341243944,13452.01397895813,7355.5278253877905,271.45028257369995,394,5356.623045000544,162362.0,179.6265411376953,200000.0,379.0,2534.6378099918365,75800000.0,1113.4212056484855,379000.0
9.571323e-08,6.617702e-09,98.54658,-0.00066042796,1.0393575e-09,0.0085441535,10.516853,146.60237,146.5829,10.980562,1250.3696,1016.24274,1248.9235,1.0,-0.21334043,-1.0,10000,0.86119634,0.2652391641819999,0.263271521447578,0.2569316101525634,10,0.0022769148682837,1000,1000.0,1000,10,0.0,12958.71446275711,12750.746653032304,12245.54563999176,10,186.21649542778567,0.0,0.0,0.0,10,0.0,-2.43904847873064,-2.747177022704981,-2.869938693801359,10,0.1247691408918625,-797.3357874999999,-827.26770625,-837.5213375,10,10.826500931604794,408.0878080016414,399.1850144904337,390.7810595817987,10,6.6856741187990165,456.7451919013937,447.583990003913,435.69278938079,10,5.238064695842262,0.0,0.0,0.0,10,0.0,0.0,0.0,0.0,10,0.0,0.0,0.0,0.0,10,0.0,0.0,0.0,0.0,10,0.0,-212.0630776184025,-216.75675663767169,-218.7087466968457,10,1.818878054812828,-15.630469953683368,-17.476889215385285,-18.782207365253107,10,0.8899199358916657,2725.093183176652,2690.939461689034,2647.1017406570204,10,24.071157112134287,2540.694873096374,2436.764922508792,2312.7403915734303,10,66.26012631847858,0.0,0.0,0.0,10,0.0,-18.414914454910097,-18.786800492221573,-19.082348325776163,10,0.1975571173555347,209.41379657454613,200.9050132741476,193.3554067050746,10,4.116824935019162,15.021215504956164,12.846360773847053,10.502788298109332,10,2.060622036469162,2646.2088187474,2599.444438760157,2504.713515397497,10,38.46764381458566,0.0,0.0,0.0,10,0.0,0.0,0.0,0.0,10,0.0,0.0,0.0,0.0,10,0.0,4920.4973625733255,4832.171861754017,4464.079397394891,10,127.63190869830586,0.0,0.0,0.0,10,0.0,5.6664414,-0.20949708,-5.7791877,1000,1.0540202,1000,809.8955823293172,40,249,352.9786123032618,13455.290907859802,10628.60004459427,335.04995822906494,249,4766.464061531445,162611.0,177.9235110282898,200000.0,380.0,2712.561326742172,76000000.0,1124.0785371428517,380000.0
8.833289e-08,6.10427e-09,100.195816,-0.00056936516,9.623615e-10,0.00858503,10.486292,146.21469,146.19528,10.708696,1254.6711,969.57434,1253.3181,1.0,-0.20981959,-1.0,9371,0.86357135,0.2685951247547988,0.2656904979957054,0.2614786572118076,10,0.002021856120258,1000,937.1,371,10,188.7,13016.075593471527,11911.288463020324,4159.138578891754,10,2586.6521432266763,0.0,0.0,0.0,10,0.0,-0.8313574093616147,-2.578590534268665,-2.9580358832068967,10,0.58824254161753,-289.9044,-779.2483424999999,-840.9359249999999,10,163.15373282108504,400.9746166178241,365.97221074863705,130.94594485996606,10,78.56875976099961,454.5786904051221,418.11619723541526,145.24506279781392,10,91.03764787986776,0.0,0.0,0.0,10,0.0,0.0,0.0,0.0,10,0.0,0.0,0.0,0.0,10,0.0,0.0,0.0,0.0,10,0.0,-83.70605554756682,-205.08856360130417,-221.97761140898783,10,40.5137336234538,-5.979048829201815,-16.30348470586187,-19.18768477571645,10,3.5822074892358087,2729.2244273136,2504.728254127044,949.4405573629306,10,519.4540698768609,2541.675505530914,2272.7251081766526,849.6439304669657,10,479.8956844546322,0.0,0.0,0.0,10,0.0,-6.906084424933057,-17.36564895259217,-18.919650587337244,10,3.490246185938542,220.6076481184479,192.8947582307663,70.74039412644649,10,41.612160617623,18.83596556694945,12.187029134260609,10.541820080398471,10,2.5184385180546607,2644.838331791195,2425.1611778901874,842.9419624194854,10,528.2199382731749,0.0,0.0,0.0,10,0.0,0.0,0.0,0.0,10,0.0,0.0,0.0,0.0,10,0.0,4926.141096547248,4537.676930577763,1456.0530609714274,10,1027.47435679207,0.0026954177897574,0.0002695417789757,0.0,10,0.0008086253369272,4.934022,-0.2056664,-5.3916664,1000,1.0537657,1000,827.551440329218,31,243,340.3869748115845,13466.204221248629,10904.47859521805,278.8031048774719,243,4619.120377373877,162854.0,201.5491623878479,200000.0,381.0,2914.1104941368103,76200000.0,992.313724505256,381000.0
8.2168164e-08,5.6634613e-09,101.39981,-0.0005071977,9.0999175e-10,0.008619182,10.468021,145.9481,145.92865,10.26292,1260.4504,996.30774,1259.0151,1.0,-0.20176834,-1.0,10000,0.8639066,0.2723009239898912,0.2679163681342807,0.2641473857732452,10,0.002432616887898,1000,1000.0,1000,10,0.0,12938.841982364656,12700.66911969185,12527.412400722504,10,112.18924709538422,0.0,0.0,0.0,10,0.0,-2.638725848806064,-2.7805748752524027,-2.9588508846232924,10,0.0912139807138285,-833.2975124999999,-840.72868125,-847.0545500000001,10,3.7707433509532287,406.6741453363873,394.2291311715496,384.6333927411905,10,6.931990318449174,452.2275432306577,448.5275594808441,444.28398560857886,10,2.7516802334233894,0.0,0.0,0.0,10,0.0,0.0,0.0,0.0,10,0.0,0.0,0.0,0.0,10,0.0,0.0,0.0,0.0,10,0.0,-216.7313633065357,-220.62243300060112,-225.098736357231,10,2.508462558933393,-16.543170040106574,-17.476242100468106,-19.717956755662136,10,0.910195759852551,2702.5283272977013,2662.6669519980173,2597.1360351011235,10,31.80092060757412,2482.634696781707,2408.887890610905,2284.0486303641896,10,53.64479979779048,0.0,0.0,0.0,10,0.0,-18.24762812347297,-18.43484376962249,-18.970350248863163,10,0.2018700414344866,234.60364864717656,214.69534078001183,201.90048949964623,10,10.320733316260572,15.9506603177762,12.55600312634736,10.63102169266766,10,2.1855975361463087,2650.552829247974,2583.4345332045946,2519.4790534142803,10,40.547147131617024,0.0,0.0,0.0,10,0.0,0.0,0.0,0.0,10,0.0,0.0,0.0,0.0,10,0.0,4912.252124473507,4858.088380149876,4791.371190263162,10,43.63908228518088,0.0,0.0,0.0,10,0.0,5.395712,-0.19810387,-5.537965,1000,1.0693755,1000,652.314024390244,32,328,384.14460983688303,13455.600266456604,8476.588461977317,221.995355129242,328,5191.901259821769,163182.0,178.43479990959167,200000.0,382.0,3092.5452988147736,76400000.0,1120.8575911275989,382000.0
7.6848686e-08,5.2989995e-09,102.19229,-0.00036580994,8.4889584e-10,0.008541194,10.349549,144.68301,144.66342,9.453972,1277.4255,768.0435,1276.6461,1.0,-0.202273,-1.0,9201,0.86710393,0.2881211806949516,0.2710494334214434,0.2642660021665444,10,0.0063446252372862,1000,920.1,201,10,239.7,12916.34236907959,11678.745002794263,2001.8060522079468,10,3227.0654420728747,0.0,0.0,0.0,10,0.0,-0.4655175391716911,-2.600210904410612,-2.9378617069268937,10,0.7137250848030512,-158.61055,-775.4922962500001,-853.6074000000001,10,205.6862839720931,398.3838059567781,357.06384330882406,74.49279088025509,10,94.2929680506302,455.3100608397043,414.1121705366447,78.67035012088178,10,111.83334628520136,0.0,0.0,0.0,10,0.0,0.0,0.0,0.0,10,0.0,0.0,0.0,0.0,10,0.0,0.0,0.0,0.0,10,0.0,-49.64967157010892,-204.4814545656896,-226.50325399654764,10,51.68831657058279,-3.619328305025809,-16.212946626263342,-18.26851578851822,10,4.242108781155777,2706.1414474512903,2457.9918197927664,462.82356888783664,10,665.305523707981,2558.1129764877214,2270.0751268199374,412.5835579224764,10,620.7497665846882,0.0,0.0,0.0,10,0.0,-4.160145735993341,-17.087277337631754,-18.796475961486912,10,4.312154679401101,228.994821523304,196.24213616754028,37.3931162123014,10,53.342117735871305,15.216856426010713,11.762374688155496,6.6576993995130005,10,2.4662123244178007,2638.9697919159007,2365.238349205105,283.7720336092959,10,694.1563391842711,0.0,0.0,0.0,10,0.0,0.0,0.0,0.0,10,0.0,0.0,0.0,0.0,10,0.0,4908.22664185131,4420.442042153577,812.9427822893412,10,1203.4653190063975,0.0049751243781094,0.0004975124378109,0.0,10,0.0014925373134328,5.5307617,-0.19765313,-5.74936,1000,1.0590435,1000,796.2822580645161,48,248,350.5800851971438,13414.519973754885,10438.013468501067,403.1226382255554,248,4727.897449278877,163430.0,176.94712328910828,200000.0,383.0,3269.4924268722534,76600000.0,1130.2811613005224,383000.0
7.2337635e-08,4.9848894e-09,102.856544,-0.00037633863,8.021217e-10,0.008604862,10.278516,143.9024,143.8828,8.785231,1289.5823,593.5468,1289.218,1.0,-0.20376024,-1.0,9132,0.86598104,0.2812894960042885,0.269727321475048,0.2648243129414815,10,0.0044733377247135,1000,913.2,132,10,260.40000000000003,12985.17322063446,11578.215785360337,1310.1651377677915,10,3426.59732671484,0.0,0.0,0.0,10,0.0,-0.3758378176138983,-2.612242834176681,-3.007025144343045,10,0.7528950525552934,-106.8390875,-769.5986787499999,-854.2192625,10,221.0779445449961,394.988202923139,352.1013480169721,41.62113958203075,10,103.66865151375718,458.75849476096016,411.8892585976996,42.673675040365936,10,123.13499337612085,0.0,0.0,0.0,10,0.0,0.0,0.0,0.0,10,0.0,0.0,0.0,0.0,10,0.0,0.0,0.0,0.0,10,0.0,-31.611634886768723,-202.0020032036776,-224.1218192938165,10,56.83774532636454,-3.0958151486372305,-16.749064730600725,-19.426762892066257,10,4.615912709444339,2748.338838263708,2438.1466739718626,244.1264905905292,10,732.323079789086,2522.484904856996,2236.986943925416,208.20781438185395,10,677.4167698616715,0.0,0.0,0.0,10,0.0,-2.426257166217874,-17.11617774655379,-19.27828372976341,10,4.903336382849638,223.3415155642844,197.92966481259683,26.96881711643001,10,57.19617734201071,15.268605639953336,12.728968164086153,2.074888209919169,10,3.927473138622957,2647.1181739090234,2376.838691140911,300.66222709126686,10,692.6223968517223,0.0,0.0,0.0,10,0.0,0.0,0.0,0.0,10,0.0,0.0,0.0,0.0,10,0.0,4909.664030474954,4360.559250355493,557.015073044168,10,1272.3024348052966,0.0075757575757575,0.0007575757575757,0.0,10,0.0022727272727272,5.8973374,-0.19456795,-5.220552,1000,1.0598358,1000,798.5219123505976,43,251,341.2177199214232,13406.171717643738,10450.156191397711,399.0673370361328,251,4610.322904584633,163681.0,176.04916834831238,200000.0,384.0,3445.5415999889374,76800000.0,1136.0462640999303,384000.0
6.8297496e-08,4.705797e-09,103.53646,-0.00041068468,7.5800205e-10,0.008693602,10.305714,144.14346,144.12384,9.074068,1285.8391,726.4533,1285.0032,1.0,-0.20262454,-1.0,10000,0.86492366,0.2747484208709139,0.2684859916181121,0.2658005981680693,10,0.0027223623243301,1000,1000.0,1000,10,0.0,12973.64580821991,12713.811480998991,12399.266387939451,10,181.2783921707013,0.0,0.0,0.0,10,0.0,-2.609303183933088,-2.843987079675364,-2.982293167601822,10,0.0984154695615624,-831.6790375,-842.5741375,-851.6928624999999,10,6.100445860777799,397.06499217858766,387.0967508519101,380.41845387477576,10,4.563441143270623,460.9955472680714,455.60894131370696,444.83848944156887,10,4.780806092730604,0.0,0.0,0.0,10,0.0,0.0,0.0,0.0,10,0.0,0.0,0.0,0.0,10,0.0,0.0,0.0,0.0,10,0.0,-217.81053257781969,-221.01789744024808,-227.1781113927409,10,2.6741130312133325,-16.970822233969546,-18.34060147460269,-19.65189509194623,10,0.8306936691355755,2735.1979365343577,2686.4619483032347,2643.75059213522,10,25.33587366912689,2504.508753511804,2388.410734847966,2261.908532966545,10,75.25120791479894,0.0,0.0,0.0,10,0.0,-18.578583869062303,-18.93554070943219,-19.17361505121696,10,0.1819339010982395,220.0052524375231,211.3294403827896,202.03370312162508,10,5.446106599067578,15.326809389404488,13.727761045033144,10.617288089034274,10,1.9291392623846804,2676.4644191689795,2629.5436631595703,2584.472145867297,10,27.204128104022622,0.0,0.0,0.0,10,0.0,0.0,0.0,0.0,10,0.0,0.0,0.0,0.0,10,0.0,4890.70739137456,4827.589231922667,4556.168553957006,10,96.61583810606956,0.0,0.0,0.0,10,0.0,5.49582,-0.19402927,-5.614805,1000,1.0748205,1000,548.106529209622,45,291,306.8033818457818,13350.844178199768,6976.409743684,346.05384159088135,291,4086.41355920848,163972.0,178.6841390132904,200000.0,385.0,3624.2257466316223,77000000.0,1119.2935260198117,385000.0
6.4828285e-08,4.4715427e-09,104.19999,-0.00039226818,7.147199e-10,0.008728267,10.335384,144.38911,144.36934,9.681074,1278.3352,746.6412,1277.3475,1.0,-0.20422648,-1.0,10000,0.86256534,0.2692210297584761,0.2667352250899933,0.2626308316871992,10,0.0021856780493792,1000,1000.0,1000,10,0.0,12994.549242019652,12800.734052419662,12568.314893722534,10,134.04964241066548,0.0,0.0,0.0,10,0.0,-2.690806503593185,-2.858771805971573,-2.954541817849284,10,0.0920567507265081,-820.9418375,-842.4596600000001,-856.015375,10,8.92809749865873,406.7390958362221,395.6958520985234,387.1380552301721,10,5.982391992087833,463.56482681002296,458.2036545431928,454.8818794961577,10,2.6345815209644834,0.0,0.0,0.0,10,0.0,0.0,0.0,0.0,10,0.0,0.0,0.0,0.0,10,0.0,0.0,0.0,0.0,10,0.0,-214.7836678040993,-219.1859854648866,-223.2696775107973,10,2.364502037547477,-17.776449271678395,-18.98532587542197,-20.430407346708183,10,0.8548843913600382,2739.810494529051,2699.3674196109487,2662.403126940584,10,26.88079953714849,2580.318921531436,2461.041104753138,2331.4956170728865,10,71.0711826175087,0.0,0.0,0.0,10,0.0,-18.57625096983898,-18.893596693188368,-19.161672716648056,10,0.1634917878454648,227.4396083917274,213.95190674163595,196.62293103878625,10,9.529054775285752,15.297056645990672,13.222912963758622,10.388171988887336,10,2.03171680192098,2681.0180098839155,2636.44531232208,2600.976205984037,10,23.822306295883035,0.0,0.0,0.0,10,0.0,0.0,0.0,0.0,10,0.0,0.0,0.0,0.0,10,0.0,4880.239416985191,4809.238922303524,4638.113637555114,10,67.98148508135877,0.0,0.0,0.0,10,0.0,5.7494864,-0.20009644,-5.93646,1000,1.0582172,1000,794.8532818532818,52,259,360.7559010918978,13449.217906951904,10392.517973717117,492.67906951904297,259,4879.512878643439,164231.0,203.95727252960205,200000.0,386.0,3828.183024168015,77200000.0,980.5975414334504,386000.0
6.1767935e-08,4.2560324e-09,104.86036,-0.00041706586,6.8540307e-10,0.008805894,10.31234,144.11208,144.09236,9.510025,1280.5233,664.13983,1279.7205,1.0,-0.20525326,-1.0,10000,0.8599115,0.2696977928946927,0.2648236176944877,0.2617092891487941,10,0.0026258942029429,1000,1000.0,1000,10,0.0,12934.77135848999,12732.600687885284,12327.53451871872,10,180.4352445635432,0.0,0.0,0.0,10,0.0,-2.6933878187626026,-2.835734647674308,-2.938946736262027,10,0.073743879195961,-829.014475,-839.33916125,-846.4821625,10,4.659525478973334,403.09844134299806,390.8374314900748,375.1239056891991,10,7.035067273781281,458.610915565175,453.3603352108081,443.7295518060057,10,4.454329685275742,0.0,0.0,0.0,10,0.0,0.0,0.0,0.0,10,0.0,0.0,0.0,0.0,10,0.0,0.0,0.0,0.0,10,0.0,-214.647941655042,-217.46433101558705,-223.26007331705728,10,2.838098662062563,-17.39098566490162,-19.52513770948501,-20.98418615058734,10,0.8885330204747026,2741.2779098865976,2695.666909209765,2643.0305122183104,10,29.31025700684227,2541.071032509349,2404.702330417399,2201.2542729303605,10,94.91371661473688,0.0,0.0,0.0,10,0.0,-18.6615580781368,-19.02660648811338,-19.219015012368,10,0.1609293399329118,234.9636611280817,210.5605921635106,199.18642439240253,10,10.993763390349107,15.043289850410604,12.426030168462134,10.482215938320074,10,1.745572403786812,2665.787859807964,2616.9251205478377,2382.2796754528863,10,80.17221493643805,0.0,0.0,0.0,10,0.0,0.0,0.0,0.0,10,0.0,0.0,0.0,0.0,10,0.0,4892.594651326999,4832.058844806148,4727.834294703321,10,46.63855634003568,0.0,0.0,0.0,10,0.0,5.3844585,-0.19876258,-5.9128985,1000,1.0552738,1000,821.1295546558705,30,247,348.9034520366938,13378.275012016296,10746.357972325342,316.8577756881714,247,4697.3547746661,164478.0,178.8812439441681,200000.0,387.0,4007.064272403717,77400000.0,1118.060203463385,387000.0
5.8923696e-08,4.06217e-09,105.499664,-0.0003714032,6.517254e-10,0.008811377,10.296043,143.93925,143.91943,8.981259,1283.4152,600.4687,1282.6685,1.0,-0.20382908,-1.0,8792,0.8632396,0.274266432382112,0.2672635474372178,0.262533695131657,10,0.0033844849105525,1000,879.2,105,10,274.42077180854955,12694.912203788756,10958.552212762832,992.052797794342,10,3569.895942362972,0.0,0.0,0.0,10,0.0,-0.272987278171898,-2.405909165350816,-2.938228040031973,10,0.7624035133736031,-80.8645375,-732.5099425000001,-844.5478875,10,230.80249032514865,397.1764571421855,335.02553453517805,30.451696170125388,10,109.22024597022929,461.7289707074614,395.8481444867994,38.24523739699396,10,128.5794037020653,0.0,0.0,0.0,10,0.0,0.0,0.0,0.0,10,0.0,0.0,0.0,0.0,10,0.0,0.0,0.0,0.0,10,0.0,-23.83147346446044,-193.5929736057231,-224.9056756580433,10,59.65576449037203,-2.1777839520267683,-17.088580526252176,-20.14764463028166,10,5.461709028776594,2721.457628856798,2330.1678332588103,210.7226103084472,10,755.8593406919242,2564.120648939292,1999.6819085143063,179.19465024556166,10,660.6181054378012,0.0,0.0,0.0,10,0.0,-1.8313259994708304,-17.224577288899617,-20.189274628794404,10,5.395898295934302,229.16588640205853,173.06264384648077,18.247867688477864,10,56.09534657884595,15.214433741245012,10.774385252876218,2.5563384180057693,10,3.121030037366036,2674.5601393721554,2275.3672451556827,163.87130140090147,10,759.6195374880651,0.0,0.0,0.0,10,0.0,0.0,0.0,0.0,10,0.0,0.0,0.0,0.0,10,0.0,4946.801566564527,4210.842658546249,434.27560683677206,10,1362.1619174212256,0.0095238095238095,0.00109794135995,0.0,10,0.0028419531799817,5.8662767,-0.19207421,-5.658728,1000,1.0751323,1000,564.3764988009592,28,417,389.194340590217,13384.79111289978,7236.834007971578,236.63279247283936,417,5235.512595822222,164895.0,176.23996829986572,200000.0,388.0,4183.30424618721,77600000.0,1134.8163639005395,388000.0
5.6387652e-08,3.888135e-09,106.04047,-0.0003415739,6.2287675e-10,0.00882481,10.348304,144.41287,144.3931,9.268591,1272.7955,712.365,1271.863,1.0,-0.20356113,-1.0,10000,0.8634166,0.2714479156942392,0.2672928528382453,0.2653266060821717,10,0.0018808057326524,1000,1000.0,1000,10,0.0,12834.134798526764,12729.86952662468,12605.359169483185,10,62.55486211044038,0.0,0.0,0.0,10,0.0,-2.707564328469114,-2.766822523075787,-2.842097451011368,10,0.0472168471495509,-829.251325,-834.825195,-840.5411750000001,10,3.6865000616913055,400.4888050247216,391.5410985659732,379.4619674694997,10,6.558137824993828,460.7406782191519,452.84173086749945,434.00311608550845,10,7.304256375015614,0.0,0.0,0.0,10,0.0,0.0,0.0,0.0,10,0.0,0.0,0.0,0.0,10,0.0,0.0,0.0,0.0,10,0.0,-218.325378797748,-220.3624665551509,-224.34191950599728,10,1.841647809735992,-18.937763385904937,-19.92873165953886,-20.89132220326742,10,0.6379242291276266,2730.03276981816,2699.6034951032257,2624.716810932411,10,28.86749822186679,2597.0933144164565,2410.421615976861,2293.213535980881,10,91.53841887483364,0.0,0.0,0.0,10,0.0,-19.28983131992598,-19.895122284117008,-20.59742335879202,10,0.4487081665045345,220.28560170294816,194.21985728699164,169.83706619635117,10,15.5066044270508,15.096948318568892,11.7796571129315,10.3982651218662,10,1.7036900773441563,2652.690843140085,2616.187758843006,2573.654478667837,10,28.936267059060267,0.0,0.0,0.0,10,0.0,0.0,0.0,0.0,10,0.0,0.0,0.0,0.0,10,0.0,4923.25351364919,4834.203471694531,4731.767321643036,10,60.14050259782723,0.0,0.0,0.0,10,0.0,5.735732,-0.19682118,-5.615645,1000,1.059755,1000,787.9645669291339,32,254,354.31065754727746,13340.777758598328,10213.556812482087,377.1819324493408,254,4777.691818489434,165149.0,178.6423623561859,200000.0,389.0,4361.946613550186,77800000.0,1119.555279957786,389000.0
5.4224337e-08,3.7391454e-09,106.393974,-0.00030958568,5.988018e-10,0.008821106,10.281417,143.72328,143.70363,8.717998,1279.327,585.8128,1278.8665,1.0,-0.20749561,-1.0,8372,0.8669823,0.2995589637997206,0.2711419276015323,0.2630865644719923,10,0.0106436885752072,1000,837.2,310,10,270.51536000752344,12839.222326278688,10414.712753844262,3187.058699607849,10,3732.679534328156,0.0,0.0,0.0,10,0.0,-0.605199865245243,-2.2308370045727983,-2.842986006069009,10,0.8092435478532735,-245.179225,-691.6908187500001,-838.9424375000001,10,229.71835586303945,402.4350706694549,327.7458328583277,111.48694257742557,10,108.20535862853482,460.8213828845809,375.4190935622312,126.33638032212004,10,129.19923200832469,0.0,0.0,0.0,10,0.0,0.0,0.0,0.0,10,0.0,0.0,0.0,0.0,10,0.0,0.0,0.0,0.0,10,0.0,-78.8795671342758,-185.8579429986661,-223.78991943271416,10,55.778494838872255,-4.621241824076311,-15.582185533821145,-20.221858075088367,10,5.582877848271514,2735.673061411156,2233.2495936752025,754.712668667795,10,769.6716568561726,2485.983085026241,1967.083806466576,569.6883101422129,10,725.0803738990941,0.0,0.0,0.0,10,0.0,-6.245776598358659,-16.79262705314784,-20.28090939820972,10,5.3787876080965376,195.27780558255816,157.7029824286958,54.197473835364974,10,49.53885939641935,15.24062967168829,10.855474116600892,3.851575073878366,10,3.067421939746404,2625.085373877317,2150.2077644132373,724.1343985134905,10,732.5010455923808,0.0,0.0,0.0,10,0.0,0.0,0.0,0.0,10,0.0,0.0,0.0,0.0,10,0.0,4934.062727053301,3921.8380891521183,992.8494581799158,10,1465.633063745015,0.0032258064516129,0.0007622229700495,0.0,10,0.0012508001283031,5.7160172,-0.19482064,-5.21301,1000,1.0589007,1000,815.4674796747968,36,246,335.59557081971536,13351.232778549194,10594.251543282491,325.2498140335083,246,4526.492808624455,165395.0,177.0901050567627,200000.0,390.0,4539.036723613739,78000000.0,1129.3685772894764,390000.0
5.2241575e-08,3.601014e-09,106.88042,-0.00040100332,5.7831284e-10,0.008951437,10.255924,143.42705,143.40744,8.482567,1283.1871,535.19507,1282.8322,1.0,-0.20912711,-1.0,9559,0.86768985,0.2725297867067445,0.2682958221249625,0.2650535629808349,10,0.0021075251650804,1000,955.9,603,10,118.3625363026663,12857.81715965271,11922.283142232896,7310.814846038818,10,1588.2307908566272,0.0,0.0,0.0,10,0.0,-1.582866692029741,-2.493442525733712,-2.705960063953253,10,0.3238231120354324,-490.871625,-784.2932475,-831.9948374999999,10,99.27870592671007,400.6682353743247,371.9772715806679,234.35376826893057,10,47.08585980305626,460.57764292510143,428.6638452880726,264.21027130118,10,56.413414973079234,0.0,0.0,0.0,10,0.0,0.0,0.0,0.0,10,0.0,0.0,0.0,0.0,10,0.0,0.0,0.0,0.0,10,0.0,-135.97022120300437,-212.6785028258242,-226.2250555409388,10,25.803271049934843,-11.34723384177309,-18.136022183566386,-20.232568610576607,10,2.4509469894848497,2753.0529312760395,2548.0518223300296,1568.433994440371,10,334.19005121501664,2531.433282941389,2252.681631076245,1392.7895991052324,10,298.87884044187484,0.0,0.0,0.0,10,0.0,-12.852902362730678,-19.047126336296987,-20.099267167507502,10,2.08108695200166,226.2126452879409,193.71394510749448,104.06508067093816,10,31.05199452478368,14.771630451865535,11.79119987131368,10.264097022103185,10,1.8598008537706845,2651.7366626797048,2449.1251452090805,1513.688766900837,10,323.5674132397804,0.0,0.0,0.0,10,0.0,0.0,0.0,0.0,10,0.0,0.0,0.0,0.0,10,0.0,4894.4342251777125,4494.207259614248,2742.1528510474805,10,615.7382946380895,0.0016583747927031,0.0002704399897305,0.0,10,0.0005579424335966,5.2695785,-0.19319706,-5.7578225,1000,1.0615009,1000,787.7667984189724,42,253,360.331902562588,13372.321759223938,10242.953268777888,341.1620001792908,253,4855.245436804805,165648.0,202.3250331878662,200000.0,391.0,4741.36176109314,78200000.0,988.5084255208928,391000.0
5.0354977e-08,3.4743115e-09,107.414375,-0.0003371197,5.54086e-10,0.00893027,10.270435,143.56621,143.54659,8.601658,1282.449,541.81006,1281.9626,1.0,-0.20699632,-1.0,10000,0.86962724,0.275240587195864,0.2700956222769234,0.264746724921258,10,0.0032250334273981,1000,1000.0,1000,10,0.0,12956.062965869904,12479.154375362396,11661.18808078766,10,381.7224362117781,0.0,0.0,0.0,10,0.0,-2.3818778411123307,-2.6452375303866744,-2.926682044057685,10,0.1346191569529385,-809.7309375,-825.05908,-838.014775,10,7.151613966017992,397.7128349468738,391.92283595337153,388.1773980888445,10,3.2627892392731592,458.248672950036,449.2697803261858,436.93833199215584,10,6.49397745052114,0.0,0.0,0.0,10,0.0,0.0,0.0,0.0,10,0.0,0.0,0.0,0.0,10,0.0,0.0,0.0,0.0,10,0.0,-217.55946241377256,-224.11308570569923,-230.63343569175564,10,3.7176577589015247,-18.05066527269904,-18.93285548148385,-20.432009859388724,10,0.7360513275848762,2758.6930394047977,2713.578037240933,2609.7417107352144,10,41.93048906790775,2485.553474155351,2390.6549801239257,2264.6276961672093,10,71.40333318463419,0.0,0.0,0.0,10,0.0,-19.09077175061301,-19.45576476011529,-19.71344429824415,10,0.221114364039638,215.4206766690533,198.98799154940656,185.20966165187608,10,9.496207489032656,15.55172891037295,13.47575858830881,10.39150930728188,10,1.992911263997194,2646.4597325093155,2545.9952070567624,2365.8646352272926,10,94.55825557937928,0.0,0.0,0.0,10,0.0,0.0,0.0,0.0,10,0.0,0.0,0.0,0.0,10,0.0,4908.342310422847,4645.597490710943,4200.823668024754,10,207.19356437358385,0.0,0.0,0.0,10,0.0,5.253283,-0.19344288,-5.386175,1000,1.0633119,1000,780.718253968254,46,252,365.2711919041065,13366.77711200714,10144.266694593996,460.1847944259644,252,4912.3103025058135,165900.0,178.8210072517395,200000.0,392.0,4920.182773113251,78400000.0,1118.4368272707763,392000.0
4.856557e-08,3.3528815e-09,107.806244,-0.0003059387,5.3236443e-10,0.008930439,10.256429,143.43983,143.4201,8.660498,1285.1692,439.70807,1284.8674,1.0,-0.20485741,-1.0,10000,0.8697493,0.2734899962269717,0.2707135900987397,0.2670004358981995,10,0.0022275760935874,1000,1000.0,1000,10,0.0,12801.45377445221,12613.187411379817,12335.662233114244,10,125.7527375900451,0.0,0.0,0.0,10,0.0,-2.587147652703917,-2.682536764467536,-2.76673085786165,10,0.0511385621036151,-822.2050375000001,-828.41642875,-833.8106875000001,10,4.23496154502553,392.5107271628847,387.3231925417152,376.65965156737855,10,4.532458417791305,458.7044297136773,453.30852083987793,445.1048745150111,10,3.843270286258216,0.0,0.0,0.0,10,0.0,0.0,0.0,0.0,10,0.0,0.0,0.0,0.0,10,0.0,0.0,0.0,0.0,10,0.0,-220.97317708462896,-224.554527656378,-227.5600172031184,10,2.2338635947269365,-17.88365222245045,-18.73455229626108,-19.16737395411574,10,0.4382187034966541,2751.3259367390565,2710.9695209701845,2679.876078185828,10,19.752950806931104,2491.2684250028706,2345.516132287215,2229.4997468971205,10,84.68328547275948,0.0,0.0,0.0,10,0.0,-19.1877437065272,-19.33182627545214,-19.49886133575768,10,0.1037354603393597,232.14163853154352,198.33323320234203,184.1927672576641,10,12.612875869857682,14.810942334604746,12.838014053274485,10.383622107761042,10,1.8769301732796024,2648.29651808844,2582.849791616988,2497.8018937762536,10,46.604054287580745,0.0,0.0,0.0,10,0.0,0.0,0.0,0.0,10,0.0,0.0,0.0,0.0,10,0.0,4912.975042295124,4795.457458534847,4585.297570551415,10,92.72823065305198,0.0,0.0,0.0,10,0.0,5.287818,-0.19091089,-5.5694323,1000,1.0663874,1000,796.4898785425102,47,247,332.1044158317757,13350.497805595398,10311.782216369864,517.3841714859009,247,4449.705049044498,166147.0,179.6593475341797,200000.0,393.0,5099.842126607895,78600000.0,1113.2178912202191,393000.0
4.691427e-08,3.2412435e-09,108.28577,-0.00031354508,5.11899e-10,0.008976406,10.216408,143.065,143.04547,8.664872,1290.5017,370.08472,1290.3923,1.0,-0.20273182,-1.0,9635,0.8683786,0.2786475029484273,0.2707430625275723,0.2621358145164341,10,0.004550800729488,1000,963.5,635,10,109.5,12776.78975057602,12045.585184550286,7031.862020730972,10,1686.0519156410137,0.0,0.0,0.0,10,0.0,-1.4593312151329365,-2.554234509074484,-2.786026631680894,10,0.3694486385867069,-514.7737374999999,-799.0549237500001,-843.7978625,10,95.00437000184216,392.3941427245087,368.75982899622767,233.07593569405168,10,45.47435037854094,456.1634106548783,433.25987948493577,269.8475935478323,10,54.6540474221912,0.0,0.0,0.0,10,0.0,0.0,0.0,0.0,10,0.0,0.0,0.0,0.0,10,0.0,0.0,0.0,0.0,10,0.0,-148.86572517064783,-216.0311122445174,-228.6001534008924,10,22.686411139668618,-10.892942154645764,-18.27841614225592,-20.17519327084806,10,2.571305459286535,2722.865488846239,2575.720555979931,1575.869017646935,10,335.32364837588784,2417.385302739744,2186.2328562329085,1285.6849881201947,10,319.3479395108505,0.0,0.0,0.0,10,0.0,-13.074463158347552,-18.70835680449953,-19.54748494820392,10,1.8849504012426472,215.17865102641247,184.4767504382989,119.18501966766564,10,23.852464683353265,17.933674955656706,13.22219436323906,10.483239231745127,10,2.3114048805685914,2670.631964951788,2499.304539184271,1518.5630408304132,10,329.8575300703049,0.0,0.0,0.0,10,0.0,0.0,0.0,0.0,10,0.0,0.0,0.0,0.0,10,0.0,4905.724787837276,4627.392298333749,2554.716140700156,10,692.8716740707192,0.0015748031496062,0.0001574803149606,0.0,10,0.0004724409448818,5.2805085,-0.18956198,-6.117566,1000,1.066371,1000,785.7165354330708,50,254,349.20348957041404,13347.425721168518,10139.977247537823,501.48541736602783,254,4683.692894089156,166401.0,178.46328043937683,200000.0,394.0,5278.305412530899,78800000.0,1120.6787161347686,394000.0
4.54817e-08,3.1427574e-09,108.77629,-0.00033118122,4.957784e-10,0.009033286,10.228749,143.16273,143.1431,8.563825,1289.4138,379.8436,1289.2412,1.0,-0.20648867,-1.0,10000,0.86528736,0.2702560720152341,0.2675845087263039,0.264459183394939,10,0.0016375125440649,1000,1000.0,1000,10,0.0,12969.408909797668,12709.324481105805,12561.379699230194,10,128.23326527810485,0.0,0.0,0.0,10,0.0,-2.58483070863236,-2.691597146367092,-2.9226239600814337,10,0.0903228715531669,-813.8758124999999,-830.02306125,-842.593875,10,7.459247275960261,404.2226840281359,387.5516926778637,377.8771895624648,10,6.399215597896146,456.9492162570858,451.6099017264676,440.15670158069616,10,4.842667376201219,0.0,0.0,0.0,10,0.0,0.0,0.0,0.0,10,0.0,0.0,0.0,0.0,10,0.0,0.0,0.0,0.0,10,0.0,-218.925460705252,-221.2175283463158,-224.1818188249992,10,1.4633592255230348,-17.657936642326106,-18.47972407735092,-19.03348089981993,10,0.5118313315196504,2733.0437806682044,2696.8551335784587,2658.3705574569185,10,21.928654642443185,2474.480973962065,2341.18698148469,2226.4217600312245,10,74.96274114757757,0.0,0.0,0.0,10,0.0,-19.049226261544668,-19.387872006999324,-19.86698043397561,10,0.2323020691197596,200.4154043833556,187.88107300082623,175.51031313020022,10,8.014373052464627,14.475655654947202,12.975608007675024,10.458503654955637,10,1.6012547364498375,2681.5346845199083,2623.914993450226,2559.924223964211,10,41.187013063813225,0.0,0.0,0.0,10,0.0,0.0,0.0,0.0,10,0.0,0.0,0.0,0.0,10,0.0,4946.481401951618,4882.242034809131,4787.637377989547,10,51.29687853792775,0.0,0.0,0.0,10,0.0,5.7663236,-0.18312629,-5.619223,1000,1.0788579,1000,668.4341085271318,46,387,358.18688938248044,13385.101880073547,8600.095653770351,352.7099380493164,387,4807.961798551694,166788.0,178.80834770202637,200000.0,395.0,5457.113765239716,79000000.0,1118.5160120895937,395000.0
4.424653e-08,3.0622893e-09,109.35304,-0.00028084053,4.7743337e-10,0.009029085,10.318678,144.0122,143.99283,9.566456,1275.1554,585.7609,1274.4017,1.0,-0.20269406,-1.0,9092,0.86543083,0.2889885774803426,0.2706008293762584,0.2647821258835514,10,0.0066955970260951,1000,909.2,92,10,272.4,12837.3161110878,11445.58814921379,985.5696086883544,10,3490.8428346070064,0.0,0.0,0.0,10,0.0,-0.2742385389209342,-2.42415812157166,-2.77080465854533,10,0.7206459526006814,-76.305175,-755.890985,-838.9029625000001,10,226.59908811779584,393.9973464905469,347.2787180492441,30.10667260402769,10,105.97782838441168,452.1569741905319,405.2227104810422,35.47302510404823,10,123.31242167397046,0.0,0.0,0.0,10,0.0,0.0,0.0,0.0,10,0.0,0.0,0.0,0.0,10,0.0,0.0,0.0,0.0,10,0.0,-22.652418313013023,-202.084008341534,-226.17986077073616,10,59.87249941901443,-2.387127945189935,-17.347968289637624,-20.19160248647031,10,5.0387470602987365,2728.760084464994,2425.7520020635184,207.39915753541385,10,739.9659366688365,2432.2920130774355,2076.474840357353,137.886754584749,10,652.0862912612315,0.0,0.0,0.0,10,0.0,-1.812808948455172,-17.535928563037658,-19.66709886978085,10,5.248350117964543,198.12893176747912,171.92127141400374,22.72425949742974,10,50.04526754857961,14.20788443804743,11.245893175481958,1.1355591994759022,10,3.758693305367347,2692.7860943598644,2392.310235319301,219.48211766114383,10,725.265234000202,0.0,0.0,0.0,10,0.0,0.0,0.0,0.0,10,0.0,0.0,0.0,0.0,10,0.0,4943.67099614943,4412.532397886379,412.58282427526296,10,1334.2976069687109,0.0108695652173913,0.0010869565217391,0.0,10,0.0032608695652173,5.9412937,-0.18729852,-5.7651796,1000,1.063085,1000,747.6696428571429,50,224,369.94762873549456,13397.708673477173,9682.91349661683,473.4246754646301,224,5000.2677997847295,167012.0,202.12869882583612,200000.0,396.0,5659.242468595505,79200000.0,989.4685967989614,396000.0
4.308814e-08,2.9798481e-09,109.765686,-0.00034097937,4.6720394e-10,0.009122235,10.297634,143.75911,143.73964,9.292447,1275.7021,532.74023,1275.1765,1.0,-0.20304273,-1.0,9270,0.8667056,0.2782860757987424,0.2700344299997692,0.2661037879624326,10,0.0032237600293683,1000,927.0,270,10,219.0,12854.268584251404,11637.896722745896,2968.622435569763,10,2893.9561337864898,0.0,0.0,0.0,10,0.0,-0.6211123249128183,-2.486495928057627,-2.824027201236341,10,0.6245425891146973,-211.625475,-773.0112924999999,-841.4491,10,187.1732276354528,386.5625614822001,350.6216949552701,89.5973130194011,10,87.15100907529506,450.77493272202094,412.6584479746142,101.9546623974691,10,103.60782582957766,0.0,0.0,0.0,10,0.0,0.0,0.0,0.0,10,0.0,0.0,0.0,0.0,10,0.0,0.0,0.0,0.0,10,0.0,-63.76578311890353,-206.4546447129966,-225.3499342447433,10,47.59423212063407,-6.108673284699085,-18.40204109710588,-20.396652000244888,10,4.138494216347175,2706.1904179273,2448.513241899261,568.879203152439,10,627.1768932690404,2395.6112738141846,2081.0877787948543,505.5222022760962,10,532.3197590242186,0.0,0.0,0.0,10,0.0,-5.660716590889998,-17.72656090688368,-19.23744151061852,10,4.0242056762247405,210.99912277998752,179.2639785483446,51.63023413513288,10,43.32504829052413,14.691804643195864,11.604064269594016,3.2420345481334207,10,3.180704299575974,2671.392950206181,2436.249934979354,616.6416130103702,10,607.1791770963296,0.0,0.0,0.0,10,0.0,0.0,0.0,0.0,10,0.0,0.0,0.0,0.0,10,0.0,4931.281426270571,4533.668893370534,1256.4513513079723,10,1092.676375870594,0.0037037037037037,0.0003703703703703,0.0,10,0.0011111111111111,5.225228,-0.19059473,-4.943759,1000,1.0582837,1000,810.6519823788547,32,227,356.40623944888586,13372.501510620115,10611.840578140664,275.16402435302734,227,4826.026311127636,167239.0,177.4818093776703,200000.0,397.0,5836.724282503128,79400000.0,1126.8760483189149,397000.0
4.1971248e-08,2.9038183e-09,110.07576,-0.00022275237,4.538816e-10,0.009028815,10.272786,143.47702,143.45755,8.898636,1280.5797,502.17154,1280.1456,1.0,-0.19837615,-1.0,10000,0.86746275,0.2758330985695341,0.271245869276682,0.2661872913705219,10,0.0028369984335406,1000,1000.0,1000,10,0.0,12612.874852657318,12440.94354109764,12299.34745645523,10,96.04343783829611,0.0,0.0,0.0,10,0.0,-2.651223686432005,-2.6907551892350487,-2.7605350089433163,10,0.0310406669939323,-831.42245,-838.2930737500001,-845.830825,10,4.639072121574578,388.05006308009024,377.7280840114746,369.4972080612285,10,6.09973202615149,446.262679705785,439.4565973527084,434.1352404180053,10,3.2163014886662054,0.0,0.0,0.0,10,0.0,0.0,0.0,0.0,10,0.0,0.0,0.0,0.0,10,0.0,0.0,0.0,0.0,10,0.0,-219.66380839751028,-224.3784671691877,-228.82944815218067,10,2.666713605048044,-18.67346456582536,-20.14062270087853,-21.413234934338853,10,0.7734273345348438,2687.8977269385564,2621.6395354978026,2581.4125886711536,10,30.28065409374301,2278.92572509891,2185.9523369309054,2079.687438392205,10,65.92522666107367,0.0,0.0,0.0,10,0.0,-18.62149383281848,-19.03338038538894,-19.388119897545096,10,0.2410356300422931,210.03949373893016,197.72892133594647,188.75277861510529,10,7.642499176872025,13.744277180909322,11.748068292271537,10.376356000680405,10,1.5357251280909283,2654.6793013006622,2622.171044569458,2558.838408897287,10,26.1348225988638,0.0,0.0,0.0,10,0.0,0.0,0.0,0.0,10,0.0,0.0,0.0,0.0,10,0.0,4931.8635814959,4869.314054102225,4779.741092731034,10,41.85815675549411,0.0,0.0,0.0,10,0.0,5.0705323,-0.19399005,-5.3609934,1000,1.0561398,1000,797.4243697478992,47,238,355.37737155429306,13392.424931526184,10450.687453583509,473.6179027557373,238,4808.174149629366,167477.0,178.8317356109619,200000.0,398.0,6015.556022644043,79600000.0,1118.3697307232335,398000.0
4.0892523e-08,2.826238e-09,110.105705,-0.00019087143,4.4516346e-10,0.008999329,10.24071,143.087,143.06743,8.396198,1286.7461,480.44684,1286.4047,1.0,-0.19908798,-1.0,8376,0.8679325,0.2748572187268868,0.2713362229509267,0.2665559494167479,10,0.002288853838207,1000,837.6,141,10,276.91449943980905,12839.499769210815,10464.177542257308,1508.5224623680117,10,3586.255423862708,0.0,0.0,0.0,10,0.0,-0.3414536592774488,-2.272413674433761,-2.811257449165693,10,0.7705584340652607,-109.4839125,-701.5240412500001,-842.79125,10,235.1852338795949,389.7043337683037,317.4622319034037,49.96690046172812,10,106.48732964232566,445.5523663367899,366.0943285388281,50.30250154301859,10,125.7124806800212,0.0,0.0,0.0,10,0.0,0.0,0.0,0.0,10,0.0,0.0,0.0,0.0,10,0.0,0.0,0.0,0.0,10,0.0,-32.62278961181388,-187.9379831626808,-227.8649002044936,10,61.600244054860745,-2.345542304477969,-16.633087093362455,-20.66556626827764,10,5.717581208718898,2695.7028711419803,2209.341898237913,306.4897009713016,10,764.0745311960252,2398.481686935418,1883.1370217551785,250.0298414773661,10,674.8932538344478,0.0,0.0,0.0,10,0.0,-3.694433878927479,-16.271999935860876,-19.384650815518988,10,4.959898194730312,207.08580713571564,161.3550855460413,18.268177898488595,10,60.07599871888868,13.89955825818056,11.052937805660338,1.6298952400687878,10,3.484567944334173,2667.35279794842,2187.410319498049,272.9160976331476,10,761.9585295713442,0.0,0.0,0.0,10,0.0,0.0,0.0,0.0,10,0.0,0.0,0.0,0.0,10,0.0,4953.217877361194,4069.066707889796,675.4974315714571,10,1341.57844551021,0.0070921985815602,0.0010331321946261,0.0,10,0.0021183020480059,5.431488,-0.1954197,-5.403204,1000,1.0587245,1000,809.5327868852459,32,244,338.38173671859465,13401.340850830078,10570.659770779128,325.2230749130249,244,4575.797694879599,167721.0,175.45528507232666,200000.0,399.0,6191.011313676834,79800000.0,1139.891567914614,399000.0
3.9850892e-08,2.7523854e-09,109.95909,-0.00012481374,4.3568552e-10,0.008921541,10.228211,142.89626,142.87662,8.457961,1288.741,472.42224,1288.3456,1.0,-0.19694078,-1.0,10000,0.86865354,0.2767994704003286,0.2724668789653734,0.2673762959529427,10,0.0030127948558612,1000,1000.0,1000,10,0.0,12808.213047027588,12377.240198802949,11957.82554769516,10,209.2933083208053,0.0,0.0,0.0,10,0.0,-2.501920012098492,-2.6651649641549406,-2.776456099991488,10,0.0760115241871496,-826.2314875,-836.83249875,-847.68615,10,5.9770511085093485,395.4532789803672,379.8575067366567,369.04344899227647,10,9.168238865212722,441.1654377080966,433.56246850068567,424.5067821456675,10,5.1094847750598245,0.0,0.0,0.0,10,0.0,0.0,0.0,0.0,10,0.0,0.0,0.0,0.0,10,0.0,0.0,0.0,0.0,10,0.0,-220.80854761298303,-225.6004243271985,-229.469769660602,10,2.98853348307835,-19.71669070286536,-20.68651742452828,-23.094143681565487,10,0.9965587390615096,2661.3888583239905,2629.4410244356745,2586.604030356459,10,24.13851657118294,2446.4347769485275,2239.086910592266,2122.92318865925,10,84.9192594521118,0.0,0.0,0.0,10,0.0,-18.945112639485245,-19.126363500293586,-19.523687618344823,10,0.1672049187556331,218.076858562638,200.86456910057137,188.63824867689223,10,8.32981602289638,13.860185736918195,11.969164101588984,10.333556886851545,10,1.5623504343709786,2647.579810050476,2598.1066407081826,2526.168541005444,10,34.465088674562374,0.0,0.0,0.0,10,0.0,0.0,0.0,0.0,10,0.0,0.0,0.0,0.0,10,0.0,4894.607084592911,4768.724627936891,4533.33175788095,10,117.2277539685913,0.0,0.0,0.0,10,0.0,5.2502837,-0.19553842,-5.1464124,1000,1.056499,1000,832.9279661016949,55,236,318.8556323834392,13334.14857006073,10851.47692338491,557.4460506439209,236,4291.737806095988,167957.0,179.79374313354492,200000.0,400.0,6370.805062532425,80000000.0,1112.3857622311502,400000.0
3.8846476e-08,2.6797424e-09,109.589195,-6.443982e-05,4.2797538e-10,0.008831577,10.118614,141.85132,141.83176,7.4607787,1302.549,323.08124,1302.8156,1.0,-0.19897358,-1.0,10000,0.8652381,0.2745318300904528,0.269803474588601,0.2623017912973828,10,0.0032440359439966,1000,1000.0,1000,10,0.0,13023.14456129074,12708.090959119796,12229.874837398527,10,228.14304158182392,0.0,0.0,0.0,10,0.0,-2.614792120524944,-2.7669813563595134,-2.863201468537093,10,0.075049629222352,-824.8696,-841.0069799999999,-848.3177499999999,10,7.525291442523166,407.4636683978998,393.6002488109172,376.4653369607102,10,11.028595448349858,447.1536341133186,440.5299893028943,431.4273525401303,10,4.8755828900129545,0.0,0.0,0.0,10,0.0,0.0,0.0,0.0,10,0.0,0.0,0.0,0.0,10,0.0,0.0,0.0,0.0,10,0.0,-215.7618954016849,-222.5688054754743,-227.31572838861408,10,3.0746081563996195,-19.914047748952644,-20.72181791156776,-21.94166110824957,10,0.7184845870210936,2727.536166972111,2673.1925835300617,2623.876254091488,10,32.724839898132814,2548.681687892611,2415.130924881977,2269.2402953943574,10,90.91297189198822,0.0,0.0,0.0,10,0.0,-18.70009678895488,-18.993894402241068,-19.193081446799383,10,0.1410336265172272,207.5933669580936,197.6264992361517,190.4984147543595,10,5.304831096972994,13.839350442354096,12.328992239899886,10.22844115156837,10,1.588727184827612,2683.9355392519874,2636.653681376877,2537.178524026336,10,40.31099886068355,0.0,0.0,0.0,10,0.0,0.0,0.0,0.0,10,0.0,0.0,0.0,0.0,10,0.0,4906.822830656149,4827.511852085595,4633.092218152435,10,76.85161444106392,0.0,0.0,0.0,10,0.0,5.040124,-0.19221762,-5.340562,1000,1.0557767,1000,813.2719665271967,28,239,349.56594317574815,13381.994025230408,10613.34526534634,265.1509304046631,239,4717.163332275587,168196.0,203.07816696166992,200000.0,401.0,6573.883234024048,80200000.0,984.8424525013024,401000.0
3.7883172e-08,2.606045e-09,109.32039,-0.00019771572,4.2460968e-10,0.008943346,10.134557,142.07758,142.05772,7.337599,1302.3665,382.3621,1302.4303,1.0,-0.18829128,-1.0,9721,0.8655216,0.2795820135183235,0.2732361365322538,0.268210536511668,10,0.0033081084799696,1000,972.1,721,10,83.7,12905.88923406601,12310.29931473732,8886.675467014313,10,1163.932226441265,0.0,0.0,0.0,10,0.0,-2.00367649334346,-2.697647397233087,-2.854932741226978,10,0.235365850944183,-609.8690125,-824.3248450000001,-853.2916,10,71.55619987851117,400.0371566352272,381.8676052892772,279.85755593338246,10,34.28683936265973,445.62565070381896,427.7468779676008,308.1509187908419,10,40.20078073219885,0.0,0.0,0.0,10,0.0,0.0,0.0,0.0,10,0.0,0.0,0.0,0.0,10,0.0,0.0,0.0,0.0,10,0.0,-167.82568064198614,-219.15472749486207,-228.48989971973657,10,17.287954668924247,-15.223252122655134,-20.096045430061675,-21.13128213901714,10,1.684351977635475,2737.8867719944865,2607.919170451193,1889.34672777886,10,244.29774781032253,2552.693313428792,2315.5276616720816,1617.75112404726,10,265.58386352744475,0.0,0.0,0.0,10,0.0,-14.908742953824271,-18.772888513230185,-19.636080475113783,10,1.307773291967793,211.30819498991576,195.9692832923969,152.8624834712173,10,15.384638734044447,14.492169935480389,11.916946469109924,10.331986754050453,10,1.6657468276411085,2690.89923315676,2550.5568903445137,1819.33667631112,10,245.2566464673076,0.0,0.0,0.0,10,0.0,0.0,0.0,0.0,10,0.0,0.0,0.0,0.0,10,0.0,4911.118562968357,4689.683533486847,3453.5978960481834,10,416.8373532141653,0.001386962552011,0.0001386962552011,0.0,10,0.0004160887656033,5.4295206,-0.18208905,-5.4802203,1000,1.077284,1000,633.554376657825,30,377,359.8510712256909,13378.897404670715,8159.4143974351,325.8380994796753,377,4844.202186836715,168573.0,179.26765513420105,200000.0,402.0,6753.150894641876,80400000.0,1115.6502261954538,402000.0
3.697436e-08,2.5453604e-09,109.3504,-0.00013719426,4.125885e-10,0.008885224,10.213094,142.8026,142.7828,8.1059,1290.5957,545.0441,1290.2598,1.0,-0.18980238,-1.0,10000,0.86213565,0.2746964566708927,0.2707572340056584,0.264216451769676,10,0.0029010734321315,1000,1000.0,1000,10,0.0,13112.659143924711,12827.0835316658,12656.81585741043,10,155.44784419953368,0.0,0.0,0.0,10,0.0,-2.6869688052198226,-2.772228206691092,-2.890156644181931,10,0.0588869805758257,-834.2054375,-845.3630462499999,-851.357325,10,4.795766151813126,396.3729484951217,389.1395561865344,378.0289770596431,10,5.474232018616243,447.4539571473608,442.868505334432,436.5388129729205,10,3.878703975599239,0.0,0.0,0.0,10,0.0,0.0,0.0,0.0,10,0.0,0.0,0.0,0.0,10,0.0,0.0,0.0,0.0,10,0.0,-217.2322353996414,-223.1438210804,-227.39246730909355,10,2.754590224816945,-18.986042230125328,-20.234659406509287,-22.2502072016182,10,1.0144783652286071,2754.806962381731,2721.2152597513928,2697.4717700959072,10,17.798657365881706,2633.376012926427,2506.163554904103,2434.83013346612,10,68.57656286441505,0.0,0.0,0.0,10,0.0,-18.62673369144612,-18.896077116922605,-19.386963454871672,10,0.1926351310644962,219.3552842511424,207.80146880523603,198.53747085827305,10,5.335898142341674,14.357615718060275,12.559030372671064,10.40859099857843,10,1.650222999004258,2675.2247773694125,2624.275784620972,2563.498917937659,10,35.21887720302802,0.0,0.0,0.0,10,0.0,0.0,0.0,0.0,10,0.0,0.0,0.0,0.0,10,0.0,4933.9933538749365,4815.46518723423,4721.041749889399,10,72.21427588814909,0.0,0.0,0.0,10,0.0,5.4517922,-0.18283363,-5.53152,1000,1.058755,1000,805.7357723577236,50,246,350.4463925997699,13428.29683971405,10541.641006013726,484.3179216384888,246,4737.334343510628,168819.0,177.79860925674438,200000.0,403.0,6930.949508190155,80600000.0,1124.8681912421284,403000.0
3.6152638e-08,2.4841271e-09,109.260544,-9.958297e-05,4.0808432e-10,0.008840426,10.206589,142.71805,142.69818,8.017556,1290.0175,508.42834,1289.7909,1.0,-0.19283189,-1.0,10000,0.8607942,0.2766809172868721,0.2691003781501914,0.26422070429228,10,0.0037547321470107,1000,1000.0,1000,10,0.0,13193.353018283844,12908.528115034103,12669.471953868866,10,170.68198058678604,0.0,0.0,0.0,10,0.0,-2.7320673864116105,-2.8113604605793374,-2.8896360140993744,10,0.0460948254084639,-837.8766125,-844.32880125,-857.3772625,10,5.304766253490378,394.2906505842191,386.99022175801184,381.8486850073498,10,3.673264798891923,447.6740227335326,442.353974326478,437.2092298987278,10,3.038087932792044,0.0,0.0,0.0,10,0.0,0.0,0.0,0.0,10,0.0,0.0,0.0,0.0,10,0.0,0.0,0.0,0.0,10,0.0,-216.6555085025108,-221.5300076071628,-228.45716056520567,10,3.620005597804016,-19.95607832443352,-20.68253611637254,-22.168206006251136,10,0.6073770517206737,2770.726329391229,2710.0390315893724,2647.974253675812,10,38.4134676049412,2680.484593154616,2510.064299643531,2327.8881187564284,10,104.75501969845806,0.0,0.0,0.0,10,0.0,-18.5566631962352,-18.777893653264883,-18.93203230879311,10,0.1107538668233432,216.37954396067613,205.1870011781412,194.37919470814325,10,7.041828840366957,14.884504807527396,12.513104185001612,10.403792417502611,10,1.912223611860281,2676.521096111011,2645.12453007264,2619.92949649104,10,18.726756231527563,0.0,0.0,0.0,10,0.0,0.0,0.0,0.0,10,0.0,0.0,0.0,0.0,10,0.0,4918.23536780446,4887.958182008027,4847.125563666698,10,27.45929697523688,0.0,0.0,0.0,10,0.0,5.1041694,-0.18505418,-5.339659,1000,1.055563,1000,847.6666666666666,54,231,324.71145588280314,13398.852714538574,11157.69205956232,503.4218316078186,231,4392.911987432895,169050.0,178.69900369644165,200000.0,404.0,7109.648516654968,80800000.0,1119.2004200523838,404000.0
3.545036e-08,2.4338145e-09,109.02997,-0.00016675862,4.022143e-10,0.0088891545,10.189449,142.5612,142.54134,7.7288685,1294.1865,473.81467,1294.1034,1.0,-0.19639017,-1.0,9383,0.85796255,0.3003075162697439,0.2685366698525927,0.2585355647660318,10,0.0111995639052342,1000,938.3,383,10,185.1,13282.43836593628,12190.728161406518,4506.778670549393,10,2564.54369870884,0.0,0.0,0.0,10,0.0,-1.056438044393282,-2.6359627318321293,-2.895404583136279,10,0.5297311730425786,-331.9255375,-786.7742512499999,-846.6795374999999,10,151.71442763953343,400.1607015794028,364.6332675368246,139.7903239673559,10,75.25286992072719,450.95654593550273,417.257167702208,153.55601446436452,10,88.0061228825606,0.0,0.0,0.0,10,0.0,0.0,0.0,0.0,10,0.0,0.0,0.0,0.0,10,0.0,0.0,0.0,0.0,10,0.0,-97.04308207084374,-205.65535106909064,-222.5990670685408,10,36.37702255195398,-6.989166757207203,-18.56850611745013,-20.925789193444988,10,3.928032629296072,2825.1673613927032,2588.693300606404,952.5780339293926,10,546.7441927969284,2780.542155881129,2424.506519702149,830.7963355906174,10,538.1988195717042,0.0,0.0,0.0,10,0.0,-8.557689588868634,-17.81590803523856,-19.17584770890245,10,3.0928575531671325,230.1773868785108,201.58841459051013,76.75146492705949,10,42.82358523212211,14.559604997013098,10.948380613057925,5.745563402367829,10,2.308547048621397,2663.201559014931,2463.867097798301,902.908255223622,10,521.003955218436,0.0,0.0,0.0,10,0.0,0.0,0.0,0.0,10,0.0,0.0,0.0,0.0,10,0.0,4928.414211893052,4549.86726577016,1795.4163365075638,10,920.5183216907088,0.0026109660574412,0.0002610966057441,0.0,10,0.0007832898172323,5.0778246,-0.18695308,-5.512328,1000,1.0566808,1000,814.2955465587045,53,247,352.5984022936078,13454.140179634094,10718.086841841456,482.10804319381714,247,4806.500915032111,169297.0,179.20045638084412,200000.0,405.0,7288.848977327347,81000000.0,1116.068586203552,405000.0
3.4840248e-08,2.3939413e-09,108.92484,-0.00014829669,3.9327916e-10,0.008862285,10.197529,142.5856,142.56567,7.698068,1297.416,460.49155,1297.2571,1.0,-0.1971985,-1.0,10000,0.85543895,0.2715148247027004,0.2648815137419703,0.2607276790663326,10,0.0030523590687188,1000,1000.0,1000,10,0.0,13227.751727104189,12981.581045103074,12472.593749046326,10,213.23023347149137,0.0,0.0,0.0,10,0.0,-2.6463825667032737,-2.7628861566307386,-2.841718445053448,10,0.053647218088253,-828.146025,-836.0291825,-845.0018499999999,10,5.065799234622898,400.0995730284265,390.8554939622888,371.29220168678535,10,7.987223382811274,456.064382723864,447.79858379395125,439.17714410190376,10,4.0541011945642005,0.0,0.0,0.0,10,0.0,0.0,0.0,0.0,10,0.0,0.0,0.0,0.0,10,0.0,0.0,0.0,0.0,10,0.0,-213.6940945208956,-217.628653976127,-224.3451869975562,10,2.961026577967877,-17.58009163104364,-18.91128258226228,-20.501863448440723,10,0.784522146339397,2834.172827481142,2774.94438443452,2724.7630892223883,10,30.582454149078625,2700.237978693799,2626.687576871416,2466.1412486226905,10,62.93370481131495,0.0,0.0,0.0,10,0.0,-18.57463309002849,-18.96481108078037,-19.22444159839546,10,0.1820698327607882,230.6757964363512,216.2954769524173,207.23133620523612,10,6.554297327034968,14.450854230976365,13.230590110753614,10.456428026166222,10,1.5311415522756602,2673.861698887974,2643.717458497784,2592.4638467730524,10,22.579891129348663,0.0,0.0,0.0,10,0.0,0.0,0.0,0.0,10,0.0,0.0,0.0,0.0,10,0.0,4903.146660741051,4749.85994728721,4537.755201635431,10,113.10499238929314,0.0,0.0,0.0,10,0.0,5.5933433,-0.18868048,-6.341877,1000,1.0582591,1000,785.875,35,248,357.79196923067985,13447.669521331787,10316.527247667553,319.10095500946045,248,4905.441382525541,169545.0,203.19908380508423,200000.0,406.0,7492.048066139221,81200000.0,984.2564063519454,406000.0
3.4272002e-08,2.3560964e-09,108.962135,-0.00014471888,3.856639e-10,0.008861691,10.179266,142.41682,142.39673,7.896636,1301.8153,422.32028,1301.7024,1.0,-0.19658928,-1.0,10000,0.8547231,0.2705201329058236,0.2647496344140746,0.2599566910455587,10,0.0031284127594617,1000,1000.0,1000,10,0.0,13138.765879154204,12915.37748336792,12708.114858150482,10,136.99819526151018,0.0,0.0,0.0,10,0.0,-2.637424225200017,-2.7822223157521635,-2.9285010432548555,10,0.1001963103353627,-829.5473875,-838.6029525,-846.3834750000001,10,5.101437808754281,407.0831527118781,395.5885891450628,382.6429228397211,10,8.008824934908015,456.3372504802648,450.0200235039306,445.1935055323353,10,2.8998123944420406,0.0,0.0,0.0,10,0.0,0.0,0.0,0.0,10,0.0,0.0,0.0,0.0,10,0.0,0.0,0.0,0.0,10,0.0,-212.6076629867549,-217.3253996382793,-223.1741952256449,10,3.012570710415269,-18.776101713682813,-19.81720373639423,-20.70385929100425,10,0.6246816559509654,2801.697237558463,2756.0055406935207,2675.9633276733466,10,33.2813048098297,2637.854058128203,2588.039573523114,2529.789742089926,10,41.61522815688237,0.0,0.0,0.0,10,0.0,-18.594370115393662,-18.94037316034653,-19.323924254946817,10,0.2308195135038564,225.35895235633427,213.616145965964,204.62613296704023,10,5.794414320400072,14.466668555943675,11.828027686994648,10.5557808902095,10,1.6495148736159548,2677.3678281184634,2646.703813008688,2598.340701526056,10,20.726079306638173,0.0,0.0,0.0,10,0.0,0.0,0.0,0.0,10,0.0,0.0,0.0,0.0,10,0.0,4874.2493843412285,4738.8516546661285,4542.713381730739,10,106.55582547379306,0.0,0.0,0.0,10,0.0,5.456088,-0.18899219,-5.1184287,1000,1.0576955,1000,806.8530612244898,39,245,343.24126524079,13429.550172805786,10608.189206954898,390.5091061592102,245,4668.462162793789,169790.0,178.9819917678833,200000.0,407.0,7671.030062198639,81400000.0,1117.430854492749,407000.0
3.3722007e-08,2.3187932e-09,108.89551,-0.00011385341,3.7896733e-10,0.008825493,10.113752,141.82332,141.80338,7.349583,1311.8688,306.4766,1312.0913,1.0,-0.19378385,-1.0,10000,0.8565335,0.271516520765344,0.2664246842271266,0.2621077316762132,10,0.0030880459673725,1000,1000.0,1000,10,0.0,13119.195333003998,12868.178026342392,12320.980195522308,10,245.6402564418464,0.0,0.0,0.0,10,0.0,-2.633301292806317,-2.811186907891345,-2.9755702457208315,10,0.1185898815630408,-833.751475,-843.51561625,-855.4824625,10,6.2862065972926064,409.823843250191,396.9234203029117,381.958013312784,10,8.397566511357457,458.1026243915077,452.8808033201414,448.8810870212773,10,3.036259382716597,0.0,0.0,0.0,10,0.0,0.0,0.0,0.0,10,0.0,0.0,0.0,0.0,10,0.0,0.0,0.0,0.0,10,0.0,-214.1120690660281,-218.8159882161248,-224.38420184347743,10,3.21447515507002,-17.482854712499844,-19.73675959727729,-21.003413071385275,10,0.8895812213179132,2793.016350521551,2755.448522452335,2711.016530996641,10,28.94480368130253,2668.8727040193926,2571.7245660621866,2454.65286699376,10,58.766910445018105,0.0,0.0,0.0,10,0.0,-18.87943512426096,-19.15636536046289,-19.427286425952666,10,0.1913193996142543,221.99103817030564,211.70519279225925,199.1113864272216,10,6.04622342549648,14.610008318043448,12.568869948941266,10.453375814477385,10,1.8854308835179605,2703.698283265056,2646.642294919442,2587.636668486407,10,38.17655568048425,0.0,0.0,0.0,10,0.0,0.0,0.0,0.0,10,0.0,0.0,0.0,0.0,10,0.0,4920.115389267816,4710.672634330416,4286.122501051439,10,205.00380860139555,0.0,0.0,0.0,10,0.0,5.157658,-0.18866505,-5.6721992,1000,1.0574344,1000,815.1228813559322,24,236,339.1688209984233,13438.02038383484,10713.649586119387,246.7790298461914,236,4599.711628030678,170026.0,178.2856831550598,200000.0,408.0,7849.315749645233,81600000.0,1121.7950676726782,408000.0
3.318518e-08,2.2813307e-09,108.837074,-0.0001219229,3.7348397e-10,0.00882889,10.127469,141.95464,141.93462,7.346388,1312.6736,306.62946,1312.872,1.0,-0.19801219,-1.0,10000,0.8548906,0.2709232354403907,0.2642649281594377,0.2575432718859162,10,0.0042423724662349,1000,1000.0,1000,10,0.0,13126.921401023865,12906.75441646576,12515.60684967041,10,187.2908564756823,0.0,0.0,0.0,10,0.0,-2.674601747608063,-2.7986212283376672,-2.929484122131041,10,0.0693801133029141,-830.00135,-838.5496612499999,-843.6597,10,3.8853753787136274,418.7129102466352,404.4924128134047,385.8053477210219,10,10.865472411916452,457.8668096150251,452.0757932874184,446.8241363121692,10,2.8150467927515326,0.0,0.0,0.0,10,0.0,0.0,0.0,0.0,10,0.0,0.0,0.0,0.0,10,0.0,0.0,0.0,0.0,10,0.0,-210.174345183953,-216.89644761223505,-223.4402516770992,10,4.2292003384777095,-16.402210435202793,-18.556547221567136,-19.73709553535023,10,0.8858890520541511,2794.1686355878846,2758.216343122049,2712.0488318677208,10,27.212690907448835,2684.795598829249,2567.9588857883014,2460.7224012236725,10,57.40814030495322,0.0,0.0,0.0,10,0.0,-18.84167355309418,-19.40926702606344,-20.26697086339584,10,0.355289067736143,230.89671433416368,214.94366117041503,200.7813786567113,10,8.672292722525459,14.822748817854151,12.443735480697969,10.69513763710048,10,1.787145942752951,2675.8353160242123,2634.635690443396,2569.2704534918284,10,34.27012972779604,0.0,0.0,0.0,10,0.0,0.0,0.0,0.0,10,0.0,0.0,0.0,0.0,10,0.0,4905.944281655571,4746.424997524808,4517.066122834562,10,115.5554287093031,0.0,0.0,0.0,10,0.0,5.466545,-0.18733345,-5.446706,1000,1.0589906,1000,799.6064257028113,42,249,351.2086956647252,13441.971941947935,10497.662895567566,356.1609754562378,249,4788.251631565761,170275.0,179.04577732086182,200000.0,409.0,8028.361531734467,81800000.0,1117.0327666627225,409000.0
3.266056e-08,2.2486013e-09,108.811485,-0.000117115655,3.6424389e-10,0.008822033,10.139353,142.0803,142.06038,7.183112,1312.6797,295.85776,1312.8751,1.0,-0.20005625,-1.0,10000,0.8550201,0.2672627948432208,0.263679485451863,0.2595635409027088,10,0.0023540209131621,1000,1000.0,1000,10,0.0,13186.391108512878,13009.830530929565,12805.458614826202,10,115.55000262393024,0.0,0.0,0.0,10,0.0,-2.759868368850903,-2.8483834090808298,-2.9659414175349035,10,0.0626531978234248,-831.5606124999999,-839.5740374999999,-847.68615,10,4.471752671806943,413.73081275704646,403.0895366575882,388.9463852756586,10,8.470558884022267,456.2030103506539,453.353549893776,450.6362113649431,10,1.6610181352194855,0.0,0.0,0.0,10,0.0,0.0,0.0,0.0,10,0.0,0.0,0.0,0.0,10,0.0,0.0,0.0,0.0,10,0.0,-212.08110426804063,-216.2465243652138,-219.628719311468,10,2.386285994657102,-16.57716903334068,-18.565728677626268,-19.49715308884295,10,0.9842130053893912,2813.3480458178283,2782.47306362095,2753.233658262709,10,17.200684899488635,2647.809102222548,2585.460582821941,2536.087571362837,10,29.42899954114016,0.0,0.0,0.0,10,0.0,-18.81058668183498,-19.27094360805201,-19.670007708003634,10,0.267974573849107,220.9936404620589,211.21132703827715,202.5198253600373,10,6.186940908381272,14.86457677932686,12.370374514118726,10.699759859066456,10,1.7385213423039385,2678.258513765806,2638.086040295605,2574.281981668485,10,28.84582811018544,0.0,0.0,0.0,10,0.0,0.0,0.0,0.0,10,0.0,0.0,0.0,0.0,10,0.0,4881.502572604437,4809.152807543198,4680.104099641361,10,71.14410112606997,0.0,0.0,0.0,10,0.0,5.4157104,-0.1856752,-5.1376243,1000,1.0578943,1000,819.7073170731708,47,246,349.33857902039523,13420.129179954529,10778.412175712425,424.9091386795044,246,4736.563205282423,170521.0,178.97631311416626,200000.0,410.0,8207.337849617004,82000000.0,1117.466308921131,410000.0
3.2147813e-08,2.2114308e-09,108.83255,-0.00013717421,3.6039416e-10,0.008843778,10.139627,142.08975,142.06975,7.019982,1313.0797,288.5388,1313.2853,1.0,-0.19991955,-1.0,10000,0.8555778,0.2742801937238356,0.2639333918440606,0.2583588411644966,10,0.0045903356512578,1000,1000.0,1000,10,0.0,13242.073628902435,12991.430460977554,12275.541302204132,10,277.0770055700469,0.0,0.0,0.0,10,0.0,-2.75057591004003,-2.928889393044158,-3.1096643470476875,10,0.1070812561333425,-830.1592499999999,-845.2308049999999,-853.1534375,10,6.316784516902167,418.6378184888425,402.8431784131391,376.6875662796202,10,12.539655210231428,454.9269894663041,449.7990969785898,446.00420516303984,10,2.490866396979979,0.0,0.0,0.0,10,0.0,0.0,0.0,0.0,10,0.0,0.0,0.0,0.0,10,0.0,0.0,0.0,0.0,10,0.0,-210.48570944278185,-216.21004972129955,-226.93848016844603,10,4.59609644439774,-16.77476390183162,-18.077133170924853,-19.40881388196333,10,0.7072050034610462,2834.753498693544,2783.8522460658737,2696.657811802605,10,42.50645852653069,2649.6008935412256,2581.430236033742,2442.207518951858,10,71.61403688258535,0.0,0.0,0.0,10,0.0,-19.09310085010208,-19.429084862256595,-19.71250723606672,10,0.1879798297619598,217.8078785307829,209.94855254698845,202.257138414363,10,4.407191838203215,15.336327973324984,12.70187851546863,10.446568470027714,10,2.111514661285795,2664.55386244624,2637.753323097779,2582.1819887962733,10,22.56702835377791,0.0,0.0,0.0,10,0.0,0.0,0.0,0.0,10,0.0,0.0,0.0,0.0,10,0.0,4920.615508370898,4803.874655782005,4393.28335983287,10,154.25241914824375,0.0,0.0,0.0,10,0.0,5.4128184,-0.18658973,-5.3233824,1000,1.058115,1000,801.0813008130082,42,246,359.95262997956024,13418.913250923157,10512.40241641436,393.5868806838989,246,4899.117552761871,170767.0,203.3149561882019,200000.0,411.0,8410.652810573578,82200000.0,983.695463185043,411000.0
3.164669e-08,2.1747621e-09,108.911865,-0.00016239319,3.569736e-10,0.008875345,10.139106,142.05377,142.03362,6.949149,1313.0464,289.6323,1313.2834,1.0,-0.20334482,-1.0,10000,0.85473126,0.2705994761177464,0.2623917137229261,0.2581287505215079,10,0.0033717853407382,1000,1000.0,1000,10,0.0,13310.60019493103,13116.529982948305,12788.491930961609,10,174.4349990098309,0.0,0.0,0.0,10,0.0,-2.856526634712452,-2.972192996286956,-3.088403894760405,10,0.0809440124445808,-833.712,-843.9281299999999,-849.10725,10,4.678105621039339,425.355995299546,412.37210747667575,397.6311212713068,10,8.238725375519767,455.9405594812604,452.1818830149763,444.4685509597292,10,3.2187702691924462,0.0,0.0,0.0,10,0.0,0.0,0.0,0.0,10,0.0,0.0,0.0,0.0,10,0.0,0.0,0.0,0.0,10,0.0,-210.1407680319488,-214.7486398128784,-222.65743801361336,10,3.429449301429776,-17.23401911201084,-18.02565689719006,-18.91634513081385,10,0.5025930500719221,2845.497627544801,2806.820432367357,2747.163824010994,10,32.74072773025698,2705.6131888396176,2605.547323658692,2431.7406444380867,10,70.6926552213572,0.0,0.0,0.0,10,0.0,-19.011363131642376,-19.546837235846084,-20.18731765667137,10,0.3131321889647511,215.9463332544069,208.90633270385223,200.6025724759932,10,4.510252543285391,15.065510680617011,12.319852805089848,10.372051510608568,10,1.9883799133714823,2661.8220415386577,2613.827469330289,2549.443822548566,10,34.38059974178849,0.0,0.0,0.0,10,0.0,0.0,0.0,0.0,10,0.0,0.0,0.0,0.0,10,0.0,4955.264560747452,4894.099673434284,4739.200898779982,10,65.8156851576965,0.0,0.0,0.0,10,0.0,5.637802,-0.18647164,-5.4062157,1000,1.0576999,1000,788.8346774193549,46,248,370.38292206683474,13430.535765647888,10363.41297221376,437.4657797813416,248,5029.2362982415925,171015.0,179.8471119403839,200000.0,412.0,8590.49992799759,82400000.0,1112.0556668504992,412000.0
3.1156926e-08,2.143547e-09,109.01498,-0.000119437296,3.4900782e-10,0.0088406345,10.124716,141.85907,141.839,6.8321953,1314.1936,284.70212,1314.4946,1.0,-0.1997655,-1.0,10000,0.85397094,0.2667420435584933,0.2630916440318001,0.2602965331864382,10,0.0020490600090528,1000,1000.0,1000,10,0.0,13331.544638633728,13190.084248542786,12895.694838523865,10,124.58357596925384,0.0,0.0,0.0,10,0.0,-2.878266555009449,-3.000023670884157,-3.124418426623325,10,0.0733500139330515,-841.4688375,-848.39077875,-859.5878625,10,6.329856869607757,418.35597979272006,411.54757710756,403.7870459151919,10,4.23620887119391,456.8247118634749,450.8170980411441,444.1716582653066,10,3.9616141144360792,0.0,0.0,0.0,10,0.0,0.0,0.0,0.0,10,0.0,0.0,0.0,0.0,10,0.0,0.0,0.0,0.0,10,0.0,-212.927239489656,-215.22469509652555,-218.0250798592427,10,1.811555818886292,-17.327488030300778,-17.939701444361933,-19.07149825925996,10,0.5290532256440743,2850.3359818718272,2811.1641512879514,2750.854413832871,10,28.155440732127104,2701.306212943168,2637.75811877259,2542.2956412581107,10,46.30045342988596,0.0,0.0,0.0,10,0.0,-19.48865902404972,-19.7907933255186,-20.19726482858097,10,0.2431406575613291,215.16040046583265,208.2563618411595,202.32158076285128,10,3.954446087946613,15.64631923810336,12.434183187151266,10.38081447105493,10,2.225664196599272,2666.127553200761,2629.747218213951,2585.34608323026,10,24.5241860035291,0.0,0.0,0.0,10,0.0,0.0,0.0,0.0,10,0.0,0.0,0.0,0.0,10,0.0,4963.705266261859,4922.564356873612,4810.368499064336,10,43.61942965430261,0.0,0.0,0.0,10,0.0,5.838432,-0.1851139,-5.4891334,1000,1.0579484,1000,811.2926829268292,51,246,353.8874868670756,13432.182252407074,10658.87513179333,450.4796805381775,246,4817.181126856941,171261.0,179.32810974121094,200000.0,413.0,8769.828042984009,82600000.0,1115.274121210672,413000.0
3.0678272e-08,2.108266e-09,109.0475,-0.00010251472,3.4599523e-10,0.008826314,10.1191,141.76367,141.74355,6.821423,1314.3849,279.92905,1314.7086,1.0,-0.19243678,-1.0,10000,0.86033547,0.2733435018278102,0.2689344565862787,0.2647594452326122,10,0.0030934330266935,1000,1000.0,1000,10,0.0,13332.6142578125,13175.034057855606,13002.105106830595,10,94.4979427706948,0.0,0.0,0.0,10,0.0,-2.852512133824283,-2.94465279162459,-2.9975997460718977,10,0.0463587509330191,-843.4031124999999,-851.44417,-860.515525,10,5.981812054000149,418.8115431179423,407.8658963339013,393.3258460643285,10,8.029634288307285,457.7539048159871,452.0361401740352,447.4016167951266,10,2.92680206713299,0.0,0.0,0.0,10,0.0,0.0,0.0,0.0,10,0.0,0.0,0.0,0.0,10,0.0,0.0,0.0,0.0,10,0.0,-216.9565889962232,-220.97995570932136,-225.34116334092715,10,2.8761197715952105,-17.18729915409295,-18.64990148312636,-20.09625920993752,10,0.8787497420453018,2850.131036701582,2799.7876046803617,2764.736599768874,10,24.51539057713923,2737.3774164167426,2628.131442483947,2563.249822755489,10,50.83509826845648,0.0,0.0,0.0,10,0.0,-19.482854633627035,-19.923335866024388,-20.332890441722945,10,0.2744795409506071,228.4960085522408,216.0911351669667,205.0545614001861,10,8.025476462727436,18.12155172051221,14.44542074960797,10.895924400443752,10,2.0064764403105464,2691.8318063791103,2658.0487630740536,2630.869745144607,10,21.73349622006156,0.0,0.0,0.0,10,0.0,0.0,0.0,0.0,10,0.0,0.0,0.0,0.0,10,0.0,4949.299431317049,4896.809171220089,4800.995384821534,10,42.753018314697975,0.0,0.0,0.0,10,0.0,5.750435,-0.1845275,-5.2517343,1000,1.0598693,1000,815.1322314049587,30,242,351.3919179997125,13419.41693496704,10699.002649143707,301.7267379760742,242,4770.080738608161,171503.0,179.1337127685547,200000.0,414.0,8948.96176147461,82800000.0,1116.4844233335637,414000.0
3.021046e-08,2.079964e-09,109.01048,-7.6122145e-05,3.3687353e-10,0.008796962,10.124418,141.80199,141.78207,7.0425353,1312.8301,287.677,1313.0653,1.0,-0.19546697,-1.0,10000,0.8596186,0.2700561516410716,0.2676744386967221,0.264751206761975,10,0.0019052190399648,1000,1000.0,1000,10,0.0,13227.24645614624,13115.834252119064,13005.59364414215,10,69.24927408309975,0.0,0.0,0.0,10,0.0,-2.8389180721286715,-2.926356833719047,-3.0605441642507607,10,0.0573557490886803,-840.26485,-847.07034,-855.6798375,10,3.9351823459410697,412.5489664303632,406.1444417578416,392.9143697041511,10,5.498108011617759,449.61516779957066,445.0728305165562,441.1502973445645,10,2.901310934856424,0.0,0.0,0.0,10,0.0,0.0,0.0,0.0,10,0.0,0.0,0.0,0.0,10,0.0,0.0,0.0,0.0,10,0.0,-217.2095323371935,-220.06726020857013,-222.3634477946593,10,1.8786733247542675,-17.199743205967245,-18.05731330787348,-19.046317857412404,10,0.5023378741484367,2803.8735612465643,2785.3400756206534,2771.0680668454934,10,11.260453505570377,2633.0581098369203,2568.996975486132,2488.670447124492,10,49.019734982924696,0.0,0.0,0.0,10,0.0,-19.540791960850942,-19.93930487172123,-20.18005891086789,10,0.1875804273373643,219.3480798837232,214.09862645709225,201.5579704907313,10,5.503737846551239,14.692168983841654,13.22838595276055,10.300039171369274,10,1.786695930547732,2668.0697983003984,2652.895712601634,2639.758733162927,10,8.211734008577135,0.0,0.0,0.0,10,0.0,0.0,0.0,0.0,10,0.0,0.0,0.0,0.0,10,0.0,4950.371034107118,4923.248420844067,4900.956006941767,10,12.779400824970484,0.0,0.0,0.0,10,0.0,5.307763,-0.18358544,-5.2062283,1000,1.0627341,1000,762.8858267716536,53,254,370.890297727948,13406.55399608612,9979.77655132068,484.2524199485779,254,5040.003802058155,171757.0,177.87047672271729,200000.0,415.0,9126.83224272728,83000000.0,1124.413695206881,415000.0
2.9753272e-08,2.0475666e-09,108.98951,-6.73549e-05,3.3269512e-10,0.008786515,10.128244,141.82214,141.80211,7.3993177,1311.566,303.63785,1311.7222,1.0,-0.18974026,-1.0,9239,0.86418456,0.2795703042055713,0.2726150356954527,0.2654086103759351,10,0.0038059465327613,1000,923.9,252,10,224.00020089276703,13374.606634140016,11765.419276320934,2380.89059650898,10,3176.265194249388,0.0,0.0,0.0,10,0.0,-0.5704502299998973,-2.5878882110447656,-3.03396456949154,10,0.6929721760800847,-196.072325,-780.0220524999999,-861.6603,10,195.0434109856264,422.0316049926973,370.5044781664356,87.12556043055477,10,95.1443612641872,457.313981508663,410.8595161862946,98.79891343862204,10,104.1595546010256,0.0,0.0,0.0,10,0.0,0.0,0.0,0.0,10,0.0,0.0,0.0,0.0,10,0.0,0.0,0.0,0.0,10,0.0,-60.05360394274479,-207.6596164037341,-229.647379976316,10,49.306178451222245,-4.101730922949187,-16.397766836797395,-19.127329711197262,10,4.165451916779821,2838.16484766118,2543.978482871365,579.1913578603455,10,660.1350693075922,2702.2714192243266,2350.3632507622183,516.7508033149013,10,627.7823014049072,0.0,0.0,0.0,10,0.0,-5.779813377061213,-18.34952854953711,-20.16617715131945,10,4.2023186516168,243.2997828961918,201.61748700256533,47.69055747182439,10,53.08667923562387,17.745150317724374,12.93099290905917,7.370345112772799,10,2.850749325645872,2716.913074760054,2410.720557297114,567.6285316986193,10,619.1160567625541,0.0,0.0,0.0,10,0.0,0.0,0.0,0.0,10,0.0,0.0,0.0,0.0,10,0.0,4928.458653492365,4286.816434206858,684.3127450942038,10,1231.3981478910157,0.0039682539682539,0.0004981425194191,0.0,10,0.001195495537135,5.168117,-0.18356237,-5.134474,1000,1.0578045,1000,817.6166666666667,32,240,339.31832849929515,13421.046748161316,10759.901847209285,333.6238498687744,240,4615.971328517247,171997.0,202.79674530029297,200000.0,416.0,9329.628992795944,83200000.0,986.2091213734636,416000.0
2.93065e-08,2.0170163e-09,109.01427,-0.00011918596,3.275037e-10,0.008840325,10.112229,141.63087,141.61096,7.31544,1312.9303,299.22714,1313.1152,1.0,-0.18712571,-1.0,9656,0.8624379,0.2779172123872042,0.271820896371837,0.2661959410703517,10,0.0036780695462921,1000,965.6,656,10,103.2,13234.489419937134,12519.409898233414,7969.82683801651,10,1529.8381704127485,0.0,0.0,0.0,10,0.0,-1.785572805021573,-2.7595683226042165,-3.038277298567622,10,0.3397662956397328,-542.268075,-819.95693625,-857.47595,10,92.69024857840589,417.6865835281762,391.0831959245051,256.3740808988493,10,45.40356397639177,450.5860950315226,428.266660259011,283.61352236616653,10,48.77934167981463,0.0,0.0,0.0,10,0.0,0.0,0.0,0.0,10,0.0,0.0,0.0,0.0,10,0.0,0.0,0.0,0.0,10,0.0,-148.6846718771509,-216.53831135683163,-230.05377245850644,10,22.91776471310625,-10.36929333605188,-17.333898121390554,-19.34320940876581,10,2.474638126416868,2818.2611959280584,2690.862382736963,1817.951972740489,10,291.74980348916495,2678.836444946286,2468.2254211502936,1625.6012757595108,10,298.3369525450282,0.0,0.0,0.0,10,0.0,-13.24409082080932,-19.19066905097054,-20.208232397038376,10,2.0027865613893368,236.16542733585973,213.5131689429959,147.06299193711934,10,23.41460777060973,14.782297711528578,12.655427319412132,7.415567463428264,10,2.3571784570388696,2683.787789123576,2545.7489910085383,1624.271791600505,10,308.9513453538893,0.0,0.0,0.0,10,0.0,0.0,0.0,0.0,10,0.0,0.0,0.0,0.0,10,0.0,4934.364874538327,4633.745449755028,2778.8901442346896,10,624.2990518711474,0.0015243902439024,0.0001524390243902,0.0,10,0.0004573170731707,5.384943,-0.18338746,-5.70445,1000,1.059814,1000,813.3571428571429,29,252,340.14662954648946,13430.817531585692,10688.001767315798,268.01657485961914,252,4611.976983730919,172249.0,178.91674757003784,200000.0,417.0,9508.545744895937,83400000.0,1117.8383394305165,417000.0
2.8869925e-08,1.988683e-09,108.939674,-4.7854803e-05,3.209112e-10,0.00876303,10.110654,141.60445,141.5845,7.5782056,1310.8389,326.89008,1310.8802,1.0,-0.1866956,-1.0,9401,0.86154115,0.2747279831033817,0.2715486985453104,0.2683868792946508,10,0.0021513005703315,1000,940.1,401,10,179.7,13233.904967784882,12187.981255722048,5145.029518604279,10,2352.599243934482,0.0,0.0,0.0,10,0.0,-1.1036451332025807,-2.711470650708064,-3.1242830973293807,10,0.5439949665424852,-336.03093749999994,-799.7220512499999,-858.89705,10,154.66030709036465,417.8360317144616,386.6159931494541,167.8729772306613,10,73.03958574252542,449.7191991134473,418.5304620339286,174.2244437193744,10,81.48500684530974,0.0,0.0,0.0,10,0.0,0.0,0.0,0.0,10,0.0,0.0,0.0,0.0,10,0.0,0.0,0.0,0.0,10,0.0,-91.59401339750973,-210.27236695102653,-227.28531287730607,10,39.60977585623521,-7.460446801147388,-17.059167489117325,-18.90698550558961,10,3.236733183311146,2821.9290529038662,2615.6574869411484,1081.8144715506085,10,511.5734004701101,2648.011967280094,2415.5167390339966,971.5664194793094,10,483.57220873694615,0.0,0.0,0.0,10,0.0,-7.646043770804017,-18.35492781070528,-19.87832343391075,10,3.575215370805716,226.6790242078211,206.1873663775206,87.86841185389903,10,39.608300973929175,14.154234260431677,11.315556969001126,4.200520024795655,10,2.895106023625461,2662.9456796783606,2461.430645249716,1026.4190679299988,10,479.2717257780795,0.0,0.0,0.0,10,0.0,0.0,0.0,0.0,10,0.0,0.0,0.0,0.0,10,0.0,4919.056287079071,4515.926650445221,1985.6299468859488,10,850.461094866706,0.0024937655860349,0.0002493765586034,0.0,10,0.0007481296758104,6.4319572,-0.18198861,-5.805162,1000,1.0590212,1000,795.2217741935484,46,248,348.0855637442823,13427.218850135803,10433.079822667663,373.2526903152466,248,4726.378345906414,172497.0,178.06965899467468,200000.0,418.0,9686.615409135818,83600000.0,1123.1559667668098,418000.0
2.844341e-08,1.9568032e-09,108.97039,-9.89126e-05,3.1866973e-10,0.008816544,10.108652,141.4822,141.46202,7.7685523,1309.2369,346.76825,1309.22,1.0,-0.18459605,-1.0,9500,0.860873,0.2896599151064977,0.2724585660531561,0.2678432530839498,10,0.0061759975426235,1000,950.0,500,10,150.0,13356.909616470335,12309.513842582704,5132.715775489807,10,2395.856466305996,0.0,0.0,0.0,10,0.0,-1.067049318988909,-2.7596087798261983,-3.0688867730553104,10,0.5677250550817059,-401.7962875,-810.6467574999999,-862.8840250000001,10,136.31956144756535,418.29827594642063,386.3571162124458,177.1612717742282,10,70.15960922455986,457.1689113509818,424.7654756032002,212.8906029995384,10,70.80532239679361,0.0,0.0,0.0,10,0.0,0.0,0.0,0.0,10,0.0,0.0,0.0,0.0,10,0.0,0.0,0.0,0.0,10,0.0,-123.3727239192468,-212.5208672855763,-228.7278460688337,10,29.80599527798157,-8.509691419096729,-16.99027480642473,-20.296154355821848,10,3.052729956501207,2831.043521078015,2659.6933493148413,1329.2645237969275,10,443.6834535186436,2746.0419774286424,2437.9184658090967,1066.8679021223618,10,463.8120173328839,0.0,0.0,0.0,10,0.0,-9.146652670469672,-18.77716841773371,-20.222255699251093,10,3.216446053717404,228.97124769834105,209.0694683146901,110.5469445202012,10,33.265229338339566,14.38425571223626,11.706863968227958,5.59494369790092,10,2.655649300312896,2675.9138229808223,2470.381628846486,1021.012663143378,10,483.8159723754998,0.0,0.0,0.0,10,0.0,0.0,0.0,0.0,10,0.0,0.0,0.0,0.0,10,0.0,4954.120850410493,4564.316905925064,1633.1020251757973,10,977.5320334062644,0.002,0.0002,0.0,10,0.0006,5.1685224,-0.17974518,-5.2651,1000,1.0600256,1000,780.45,36,260,359.6964550946983,13426.901562690737,10225.769562363166,396.5956287384033,260,4894.288903283403,172757.0,178.45482659339905,200000.0,419.0,9865.070240020752,83800000.0,1120.731805453997,419000.0
2.8026845e-08,1.9298134e-09,108.9209,-7.9200785e-05,3.1233444e-10,0.008792873,10.087534,141.21126,141.19113,7.8228235,1309.2433,358.5119,1309.1968,1.0,-0.18361409,-1.0,8296,0.8667238,0.2897829064539036,0.2765967296032646,0.2691997836707467,10,0.0053112768753588,1000,829.6,411,10,222.04783268476183,13254.623559951782,10365.76483912468,4863.999009609222,10,3172.543733849714,0.0,0.0,0.0,10,0.0,-0.946251041433614,-2.2593874099145035,-2.964512540937589,10,0.7490837477193835,-339.3863125,-699.8621437500002,-862.094525,10,194.8351716093943,416.60890891348777,334.01090830902666,162.9556260499811,10,96.07983775397116,453.5361655065161,369.9996104820608,181.57717061842897,10,102.22103895579042,0.0,0.0,0.0,10,0.0,0.0,0.0,0.0,10,0.0,0.0,0.0,0.0,10,0.0,0.0,0.0,0.0,10,0.0,-100.67841550157638,-189.3161845159248,-226.5587974525673,10,47.54531551911126,-5.876376250663331,-13.7438008879823,-17.62668749610429,10,4.209862890221622,2816.7242904841933,2296.2660497201023,1150.3341785452794,10,625.249693109511,2678.639220770642,2151.2216262784414,1108.3974617242866,10,573.0884399670155,0.0,0.0,0.0,10,0.0,-8.1217183978344,-16.511101603843336,-20.398122611130056,10,4.656862691063474,231.18209618512432,187.93973865966103,90.25844282706808,10,49.98834317317521,14.065002024496115,11.052220086330491,4.454374045081835,10,2.807453611014897,2652.4849179085177,2097.75503663365,949.7963986520222,10,627.5577346071744,0.0,0.0,0.0,10,0.0,0.0,0.0,0.0,10,0.0,0.0,0.0,0.0,10,0.0,4930.797115910582,3655.20447271032,1573.2312524754147,10,1324.7448740104328,0.0024330900243309,0.0008366631162593,0.0,10,0.0009143507194659,5.70391,-0.1784303,-5.7362223,1000,1.0586241,1000,801.7165991902834,52,247,348.94593250750995,13456.887531280518,10533.461060926498,513.1705846786499,247,4749.622048286775,173004.0,175.058265209198,200000.0,420.0,10040.128509998322,84000000.0,1142.4767620140424,420000.0
2.7620557e-08,1.9003294e-09,109.129715,-0.00021422867,3.0931555e-10,0.008944606,10.093006,141.202,141.18184,7.9390483,1308.074,385.06583,1307.9213,1.0,-0.179179,-1.0,7536,0.86594254,0.3097183054630021,0.2796912356749739,0.2675100091764573,10,0.011143314470242,1000,753.6,94,10,334.54990659093,13445.55340051651,9450.220769047735,1127.804943561554,10,4554.162446389506,0.0,0.0,0.0,10,0.0,-0.2316882607387385,-2.0662387620738025,-3.055273531074932,10,1.0278542992820132,-75.04197500000001,-639.54039625,-868.5486875,10,289.86555290744246,414.7685776541711,303.3003670651243,39.05401614763596,10,139.35868318373642,458.2658682262336,332.32698880454893,37.67673153654547,10,154.02056635259595,0.0,0.0,0.0,10,0.0,0.0,0.0,0.0,10,0.0,0.0,0.0,0.0,10,0.0,0.0,0.0,0.0,10,0.0,-22.95744198691675,-172.3325619135092,-230.4877161440856,10,73.50068397921817,-2.7744886671678683,-12.780121114381682,-19.83492787665408,10,5.43825597385786,2863.486304713884,2086.738761293822,249.7195425120468,10,957.233321361766,2781.0973839137923,1921.1697968374624,223.6328087227395,10,940.5660414420424,0.0,0.0,0.0,10,0.0,-1.5644824867683425,-14.896779883351684,-20.57055841172769,10,6.809617848034538,241.7381239251767,170.4053277371449,19.74076888865932,10,82.38158578151298,21.78986373799306,9.644044653035602,1.1018752976916557,10,5.156785260126808,2657.7295148569765,1900.352921383499,216.29525687463664,10,886.8977930778312,0.0,0.0,0.0,10,0.0,0.0,0.0,0.0,10,0.0,0.0,0.0,0.0,10,0.0,4945.740401448656,3400.823334763166,420.87438499477486,10,1713.05084176141,0.0106382978723404,0.0018309026861412,0.0,10,0.0032278280150275,5.348726,-0.1754465,-5.7190614,1000,1.0652027,1000,740.0109489051094,47,274,377.5426933229954,13422.63048362732,9657.746081763484,432.7434663772583,274,5129.182841671755,173278.0,201.4192223548889,200000.0,421.0,10241.547736644745,84200000.0,992.9538882223052,421000.0
2.7224758e-08,1.8736732e-09,109.40041,-0.00016196634,3.0430794e-10,0.008913999,10.116757,141.44171,141.42163,8.360777,1303.5028,405.36603,1303.2567,1.0,-0.18225598,-1.0,8281,0.8609123,0.2800632693536304,0.2734378509219091,0.265558210605982,10,0.0040542352548449,1000,828.1,353,10,265.78504472599656,13055.674257278442,10523.053881847858,3571.150309085846,10,3820.837060443383,0.0,0.0,0.0,10,0.0,-0.7993482594219096,-2.3419822019452403,-2.996533459620829,10,0.8924434950412194,-278.0816375,-704.79651875,-867.9762999999999,10,237.3804411968881,425.2242796455428,338.6299747770277,129.03797603472734,10,120.54089705404176,449.7069135919141,365.98211931607295,152.62914838702926,10,122.65203724944456,0.0,0.0,0.0,10,0.0,0.0,0.0,0.0,10,0.0,0.0,0.0,0.0,10,0.0,0.0,0.0,0.0,10,0.0,-83.77690141817521,-185.9175645218329,-225.1080548728359,10,57.08753126243648,-4.757051190640024,-13.264315748096504,-18.052555437780462,10,5.059075097031901,2809.706686995578,2277.5601859503213,947.8528729006974,10,755.1827607478865,2655.5737959158487,2118.783577529432,887.2952839372208,10,713.1439119380703,0.0,0.0,0.0,10,0.0,-6.984963404993012,-16.655289785164165,-21.005415035153696,10,5.483453171385723,232.78070324918212,181.6605914052088,64.04735130406453,10,61.5826737970799,14.033280904556024,10.927258628342184,8.297460415169418,10,2.058122380715605,2656.5785421300498,2129.166264115166,725.2479424609751,10,759.979360551485,0.0,0.0,0.0,10,0.0,0.0,0.0,0.0,10,0.0,0.0,0.0,0.0,10,0.0,4930.874511185414,3843.519295539001,950.2255481846682,10,1541.73630697593,0.0028328611898017,0.0007232216456702,0.0,10,0.0011255027626679,5.1178746,-0.17473704,-5.457084,1000,1.0637219,1000,781.2674418604652,62,258,350.0560561229296,13403.729974746704,10197.090903331533,574.9279861450195,258,4789.015706408358,173536.0,175.55831575393677,200000.0,422.0,10417.106057405472,84400000.0,1139.2225947321162,422000.0
2.6840803e-08,1.8492932e-09,109.5921,-0.00018037105,2.979715e-10,0.0089477375,10.196682,142.1972,142.1773,9.298801,1291.3894,606.8225,1290.631,1.0,-0.18341488,-1.0,8815,0.8635968,0.2859269353012692,0.2744450298124262,0.2697333876165525,10,0.0044164983192272,1000,881.5,331,10,217.02960627527293,13082.287973880768,10924.68751194477,3413.005697727204,10,3038.7103601636754,0.0,0.0,0.0,10,0.0,-0.8477631630838136,-2.393201725677581,-2.980966950768962,10,0.6478533702031666,-276.6605375,-743.22148375,-854.3376874999999,10,187.4079975871661,420.7755730677542,353.4088583636929,121.43912079787752,10,93.75115032159928,454.68333403227246,391.3921395216952,136.04073017523814,10,100.50375767538756,0.0,0.0,0.0,10,0.0,0.0,0.0,0.0,10,0.0,0.0,0.0,0.0,10,0.0,0.0,0.0,0.0,10,0.0,-79.6264248348451,-199.56541112866444,-230.28300306700112,10,47.4088818050822,-5.377643724281959,-14.334484043519677,-17.27242564568609,10,3.661828704813985,2811.565817450681,2428.418331726586,792.1476434215923,10,640.9913142677651,2690.32034980035,2247.02552496862,681.7175818218692,10,622.3934389961283,0.0,0.0,0.0,10,0.0,-7.146780643019897,-17.54772874564048,-20.08918095459768,10,3.845546805724413,235.7813435347549,193.85971800845115,64.22284376450105,10,54.1082658383357,14.298576155772327,10.98874195560608,8.534101285354089,10,1.7741943289068485,2599.750419618979,2221.013130933176,717.3243332989848,10,599.8740387610419,0.0,0.0,0.0,10,0.0,0.0,0.0,0.0,10,0.0,0.0,0.0,0.0,10,0.0,4861.048338250606,3862.959235837274,1184.292119172717,10,1144.6750595722312,0.0030211480362537,0.0005794005424685,0.0,10,0.000986002996993,5.714904,-0.17264979,-6.127009,1000,1.075387,1000,545.031847133758,25,314,358.1890121325774,13404.74248123169,6958.560741132849,174.8926763534546,314,4809.084325876054,173850.0,178.2947027683258,200000.0,423.0,10595.400765895844,84600000.0,1121.7383180468228,423000.0
2.6478858e-08,1.828108e-09,109.79833,-0.00016380499,2.90201e-10,0.0089476695,10.215939,142.3374,142.31761,9.566125,1285.1342,616.84906,1284.3949,1.0,-0.18364473,-1.0,8182,0.86476773,0.2793655932549698,0.2743095369946429,0.2691766360979474,10,0.0029111581859675,1000,818.2,283,10,274.9653796389647,12960.718916893004,10025.96588332057,3140.793108344078,10,3600.865048957432,0.0,0.0,0.0,10,0.0,-0.6801378934793065,-2.1867166887377194,-2.966750560325041,10,0.8014702799104257,-225.125925,-688.6078212499999,-862.5090124999999,10,238.9508113533969,411.11018362615545,324.01575823543743,108.31980876926026,10,110.89728705199312,450.3065590606474,361.428981799516,117.43781024547538,10,126.38978781742,0.0,0.0,0.0,10,0.0,0.0,0.0,0.0,10,0.0,0.0,0.0,0.0,10,0.0,0.0,0.0,0.0,10,0.0,-63.88114934166607,-185.80824791389847,-230.2453236946031,10,61.49338445363578,-4.621777613790186,-13.41578855879251,-17.4361994714041,10,4.544469548208973,2784.184688013498,2227.917714244469,663.111538626365,10,795.8739035046073,2606.835708106628,2055.0253623915373,706.337948047593,10,726.0795475797289,0.0,0.0,0.0,10,0.0,-5.140986577350832,-15.695390275874066,-19.462574587363378,10,5.203411313924145,236.72723958534257,183.4490045088973,64.37211699350186,10,63.78176954754807,14.282462721298897,9.722189475691696,3.3207671769159264,10,3.531288546616241,2618.7184933580456,2045.851924131513,612.7347962206647,10,731.813196798625,0.0,0.0,0.0,10,0.0,0.0,0.0,0.0,10,0.0,0.0,0.0,0.0,10,0.0,4869.805506403742,3545.2897199721324,1096.9786963468327,10,1307.4647697770172,0.0035335689045936,0.0009307525397488,0.0,10,0.0013245482335003,5.18289,-0.1762823,-5.47771,1000,1.0550581,1000,845.4896265560166,51,241,323.3772524510113,13415.011863708496,11113.302266445517,440.2467007637024,241,4400.976462105881,174091.0,175.48171043395996,200000.0,424.0,10770.88248181343,84800000.0,1139.719914431009,424000.0
2.6150978e-08,1.8028106e-09,109.98428,-0.00014892005,2.8926792e-10,0.008947662,10.203253,142.2134,142.1937,9.074306,1287.0885,555.67444,1286.4773,1.0,-0.18483187,-1.0,7121,0.8653413,0.297148107569801,0.2766000517247596,0.264994379999765,10,0.0079711350125597,1000,712.1,95,10,288.78900602342884,12790.392333984377,8587.235269081593,1050.3171601295471,10,3864.2453717741423,0.0,0.0,0.0,10,0.0,-0.2533467398758237,-1.904495743225374,-3.03091434276324,10,0.8807386758185076,-78.55525,-597.2330649999998,-866.8512625000001,10,251.8368513345345,412.8296963367854,283.54629536124014,39.87551140790544,10,120.81654039990865,449.9215975465464,314.70149204794234,36.27828158789018,10,131.0774930731924,0.0,0.0,0.0,10,0.0,0.0,0.0,0.0,10,0.0,0.0,0.0,0.0,10,0.0,0.0,0.0,0.0,10,0.0,-24.154927119828606,-161.7384074519287,-228.6429660908369,10,63.34821391452628,-1.410850964232656,-11.030682760790748,-16.73062995922092,10,4.82369868361791,2824.060047873242,1934.9996455318967,209.830205611536,10,819.0827303154582,2625.6709025854752,1738.8386866551475,192.69922726880043,10,767.3076313009568,0.0,0.0,0.0,10,0.0,-1.7387676701916446,-14.17089488870984,-19.99786242744286,10,5.401977403421987,224.31992341371483,154.09825051670353,24.627148796177977,10,63.90742582700165,14.52042289728196,9.111048589571883,1.0779165755850637,10,4.264784019364191,2610.3586652473496,1752.0930473735734,175.19278971855067,10,793.0291806604966,0.0,0.0,0.0,10,0.0,0.0,0.0,0.0,10,0.0,0.0,0.0,0.0,10,0.0,4810.852577599227,3030.6587540008163,453.678456278964,10,1447.9698651759873,0.0105263157894736,0.0020190946453254,0.0,10,0.0029474736689491,5.7222176,-0.1740333,-5.274418,1000,1.0588038,1000,766.1592592592592,48,270,380.8888928684616,13430.974145889282,10031.59142708061,545.5814619064331,270,5179.340712223817,174361.0,174.22116565704346,200000.0,425.0,10945.103651762009,85000000.0,1147.9661454779985,425000.0
2.5866424e-08,1.7803677e-09,110.17087,-0.00015553186,2.889466e-10,0.008969201,10.202156,142.12799,142.10806,8.772104,1287.3894,546.6311,1286.7904,1.0,-0.18520702,-1.0,9112,0.866697,0.2765770699050306,0.274649216400345,0.2703291145464671,10,0.0020395255221485,1000,911.2,535,10,177.84813746564794,12623.64358472824,11059.1016787529,5794.141986131668,10,2627.753236709887,0.0,0.0,0.0,10,0.0,-1.2598823791279208,-2.407259597176769,-2.9629848851712097,10,0.5729245801543199,-429.7445875,-764.5557474999999,-869.0421249999999,10,160.89242267506376,411.3735390606293,361.3846818380683,200.116072810653,10,75.92973641599241,455.4914483737176,406.4236568547848,231.7339116985033,10,85.87840280289599,0.0,0.0,0.0,10,0.0,0.0,0.0,0.0,10,0.0,0.0,0.0,0.0,10,0.0,0.0,0.0,0.0,10,0.0,-124.45631640119804,-207.7351350490957,-229.45965122979104,10,40.106663861614905,-8.558810422402248,-14.64595595733086,-17.96571942352656,10,3.16116240715618,2792.2947483487906,2504.1177497650847,1441.6725073277485,10,530.7586497822892,2580.095678375359,2227.6171724936767,1195.0034154273153,10,499.9577939249093,0.0,0.0,0.0,10,0.0,-11.07200869745604,-17.53501752286793,-19.61980812087538,10,3.206050907653368,234.21734643970004,197.84153116042265,102.85075438262932,10,46.576461538036455,13.960149130842195,11.575148500510815,9.62832374931918,10,1.511518372873372,2613.2247138923863,2281.435473338008,1266.926108525261,10,504.00751241022783,0.0,0.0,0.0,10,0.0,0.0,0.0,0.0,10,0.0,0.0,0.0,0.0,10,0.0,4848.422424635685,3876.5940850693214,1736.37693400345,10,1076.633376220629,0.0018691588785046,0.0003602261131537,0.0,10,0.0007210942938743,5.689822,-0.16933021,-5.7232523,1000,1.0733927,1000,685.4059405940594,41,404,337.1250444690719,13368.501742362976,8893.35479422135,385.0445942878723,404,4570.466699641085,174765.0,202.72095465660087,200000.0,426.0,11147.824610948564,85200000.0,986.577832265983,426000.0
2.5645942e-08,1.765834e-09,110.6346,-0.00026640834,2.8584127e-10,0.009117176,10.27647,142.80138,142.78127,9.488855,1275.4702,754.1766,1274.3961,1.0,-0.18062204,-1.0,8152,0.86984104,0.3072460557083614,0.2800415416786493,0.2723589223323227,10,0.0094489404418518,1000,815.2,195,10,285.4336350187202,12934.741303443909,9931.97364771366,2134.883906364441,10,3637.123321863376,0.0,0.0,0.0,10,0.0,-0.417242964986161,-2.1469968040890954,-2.863257399385449,10,0.8256547071258993,-162.5777875,-686.4110375,-863.3182499999999,10,245.27893788853828,417.7199341383029,325.93875315203906,79.09577920841518,10,116.73123122362556,458.6442437341502,365.4303864646584,82.37025666271165,10,131.4331415193579,0.0,0.0,0.0,10,0.0,0.0,0.0,0.0,10,0.0,0.0,0.0,0.0,10,0.0,0.0,0.0,0.0,10,0.0,-51.38343142204913,-188.30303196736,-233.75872201553867,10,63.87567241817755,-2.668899661094684,-13.046833923552844,-18.133817217900223,10,5.033304295783599,2836.207427250065,2251.7373966265304,504.3526137077836,10,815.3685437145894,2526.55749595176,1983.600884638448,437.9224180770145,10,702.1417481556514,0.0,0.0,0.0,10,0.0,-4.6392127654257855,-15.742572929032368,-19.765005938408915,10,5.315238578432377,220.4217426819648,173.5813631667011,40.21500319318479,10,62.87552041260841,14.386418360623868,10.86172950665507,5.283318476231018,10,2.8196633995550164,2598.3540633059447,2028.9413766747748,332.9532149550427,10,754.242950267939,0.0,0.0,0.0,10,0.0,0.0,0.0,0.0,10,0.0,0.0,0.0,0.0,10,0.0,4834.227292543175,3517.643509188688,825.2093609048574,10,1337.7204073346095,0.0051282051282051,0.0010536383167463,0.0,10,0.0016389521424997,5.811837,-0.16999009,-5.3312387,1000,1.0627674,1000,672.068085106383,45,235,396.4846964428192,13360.890824317932,8706.069193661499,391.71559953689575,235,5362.2653115734765,175000.0,176.43884372711182,200000.0,427.0,11324.263461351396,85400000.0,1133.537240299131,427000.0
2.550257e-08,1.7562143e-09,111.10271,-0.00021182616,2.8399114e-10,0.00910004,10.202073,142.01915,141.99915,8.895698,1281.576,615.3369,1281.0409,1.0,-0.17788616,-1.0,8178,0.87056965,0.2846087388916716,0.279372219613699,0.2737562269269838,10,0.0032417041241289,1000,817.8,254,10,280.1188319267378,12838.832701683044,9978.907737588885,2681.324785709381,10,3577.290480958693,0.0,0.0,0.0,10,0.0,-0.5962320463160726,-2.150797392516602,-2.869771838508726,10,0.7810340210029313,-204.8949875,-688.41044625,-860.278675,10,240.13287408392995,404.3950211539262,325.9198955304462,95.10709733118183,10,114.3420882600952,455.017718351358,365.65041455722087,102.91041451201052,10,129.19149081607125,0.0,0.0,0.0,10,0.0,0.0,0.0,0.0,10,0.0,0.0,0.0,0.0,10,0.0,0.0,0.0,0.0,10,0.0,-59.02516064100004,-190.0778546722482,-236.2582312574008,10,64.57581476648889,-3.055215993398193,-12.99803894243129,-16.935901252776695,10,4.869044427406039,2814.179747685842,2255.8827784958885,594.8469757230341,10,811.419040254592,2430.831738339407,1878.4472594148308,584.4339553842352,10,650.8478051215986,0.0,0.0,0.0,10,0.0,-5.039376051266478,-16.025160007884168,-20.438616828224944,10,5.270640433643671,210.5351379787876,166.86929869794375,49.2582306045319,10,59.30119206977063,14.054961594779645,10.61075820898228,8.076893111622848,10,1.9610302742087744,2604.7062194832524,2064.4853252764933,626.1251877636814,10,719.1465712240906,0.0,0.0,0.0,10,0.0,0.0,0.0,0.0,10,0.0,0.0,0.0,0.0,10,0.0,4866.423856579573,3639.598327063059,836.8355835153906,10,1372.5986378388268,0.0039370078740157,0.0010802597538293,0.0,10,0.0013975436489966,5.4686275,-0.1689398,-5.6342454,1000,1.0624785,1000,731.3769841269841,34,252,384.7681696696136,13383.36306476593,9542.016468664957,280.89823389053345,252,5195.6518489646005,175252.0,175.84658336639404,200000.0,428.0,11500.11004948616,85600000.0,1137.355052177954,428000.0
2.541692e-08,1.7514067e-09,111.600586,-0.00027301512,2.8194716e-10,0.009201063,10.245335,142.51294,142.49289,9.363128,1276.4067,690.5285,1275.5262,1.0,-0.17447586,-1.0,10000,0.8692323,0.2844497039667661,0.2793899282979054,0.2734560093705954,10,0.0035634436886341,1000,1000.0,1000,10,0.0,12726.97920846939,12445.47597169876,12125.206244468687,10,167.72150491743656,0.0,0.0,0.0,10,0.0,-2.649859742117949,-2.7619339488968264,-2.890924912132531,10,0.0791450208507608,-845.988725,-854.08702125,-865.094625,10,5.940745202492617,412.972760874688,401.74396764533606,386.7534563757546,10,9.22070877893237,458.9021652076324,448.5826507841801,437.18969093131545,10,6.0469860682229415,0.0,0.0,0.0,10,0.0,0.0,0.0,0.0,10,0.0,0.0,0.0,0.0,10,0.0,0.0,0.0,0.0,10,0.0,-226.1280550129252,-231.66867713658297,-236.9873953555889,10,3.4937700869761423,-15.609220467451994,-16.886008741204957,-18.121408872455184,10,0.619580049590569,2818.564245733258,2740.513609680628,2662.729868169504,10,50.22072972037904,2475.0238977435824,2277.197509715333,2017.216116161036,10,133.54241611763902,0.0,0.0,0.0,10,0.0,-18.62236030433268,-19.36574030122864,-20.07258255561825,10,0.409087786859202,221.13822740101347,207.02809148996084,192.95599544874327,10,8.651290913578478,14.56094552480063,11.992704966255332,10.329980112059504,10,1.6376623165711075,2607.1340331579377,2562.151952319773,2519.83149496813,10,25.89811206594638,0.0,0.0,0.0,10,0.0,0.0,0.0,0.0,10,0.0,0.0,0.0,0.0,10,0.0,4867.01576989865,4700.583627068495,4404.841535141666,10,156.21520277625882,0.0,0.0,0.0,10,0.0,5.579309,-0.16817263,-5.484536,1000,1.0812715,1000,532.1259842519685,28,381,355.3686856817,13365.441911697388,6793.429812741327,259.6364588737488,381,4768.0386325764575,175633.0,179.18433094024658,200000.0,429.0,11679.294385433195,85800000.0,1116.169025218477,429000.0
2.5361208e-08,1.749722e-09,112.1627,-0.00025105503,2.7917466e-10,0.009224071,10.311049,143.15874,143.13884,10.217012,1265.1342,793.86566,1263.9509,1.0,-0.17496827,-1.0,8444,0.8658863,0.2826678034982069,0.2765407547131012,0.2678678320172283,10,0.0037950117024296,1000,844.4,441,10,239.6773664741833,13057.031287670135,10437.72664154768,4575.999668955803,10,3419.0562731248174,0.0,0.0,0.0,10,0.0,-0.9906390343874114,-2.344281064574821,-2.931584525746522,10,0.8139526148659493,-348.959,-719.38647875,-869.9697874999999,10,219.3781435328072,414.1602449313572,338.48363828747534,167.3825817260033,10,101.00782741316604,457.4375567294129,378.898246586356,190.9522885129781,10,110.72449307750486,0.0,0.0,0.0,10,0.0,0.0,0.0,0.0,10,0.0,0.0,0.0,0.0,10,0.0,0.0,0.0,0.0,10,0.0,-99.04241660958728,-193.86569324363623,-233.7940311915237,10,55.47877981727659,-6.101133159761316,-13.674864494090462,-17.71015761383535,10,4.458694631056268,2810.906045698593,2320.760315045239,1128.2933067844313,10,676.6785943267942,2470.360585064538,1945.2224746733948,983.3527687725616,10,530.5712518297447,0.0,0.0,0.0,10,0.0,-7.744460945915845,-16.308727513676,-19.89973280564758,10,5.015181968892266,228.60250657856363,176.69187304826158,86.76794555242284,10,53.77645693901478,14.556856022650187,11.79366148720696,9.187978186522296,10,1.948183656782636,2650.9780974220694,2173.688087011928,1015.452143273161,10,695.300151849993,0.0,0.0,0.0,10,0.0,0.0,0.0,0.0,10,0.0,0.0,0.0,0.0,10,0.0,4948.369845691098,3853.511331125773,1349.0744523763876,10,1494.0223883421763,0.0022675736961451,0.0006312548329355,0.0,10,0.0009722721635081,5.523659,-0.17076096,-5.492354,1000,1.0612242,1000,787.6692913385826,42,254,354.35003280639256,13359.96160507202,10282.771608265366,422.921760559082,254,4772.136855789365,175887.0,177.2485580444336,200000.0,430.0,11856.54294848442,86000000.0,1128.3589678053288,430000.0
2.532125e-08,1.749179e-09,112.69933,-0.00023246878,2.7652097e-10,0.009248416,10.318897,143.3065,143.28659,10.214687,1263.4287,791.1135,1262.247,1.0,-0.17728734,-1.0,8917,0.867162,0.28227198215023,0.2769196491295701,0.2716755418484555,10,0.003198553700112,1000,891.7,308,10,226.8162472134657,12745.655189990995,11003.358433055875,3184.490704059601,10,3061.3957792815904,0.0,0.0,0.0,10,0.0,-0.6332585350286426,-2.419945773104274,-2.88612380590415,10,0.7206779870663437,-237.678975,-755.9659875,-873.542275,10,203.96089292596812,409.91634041149393,355.9230465522634,114.39582269097409,10,93.93313139040733,459.3765128100853,399.2592460739255,136.7475771043462,10,102.35729970924145,0.0,0.0,0.0,10,0.0,0.0,0.0,0.0,10,0.0,0.0,0.0,0.0,10,0.0,0.0,0.0,0.0,10,0.0,-70.64772791335984,-204.968307984144,-233.2683990136597,10,52.089676274205885,-3.8405439949091447,-14.72840566393945,-17.722579495271695,10,4.083803865401894,2794.0855334218422,2444.374838971514,816.2322458652675,10,632.8498030415591,2483.723961199715,2081.800558745277,748.3476388598625,10,507.86467726965145,0.0,0.0,0.0,10,0.0,-5.289664775433415,-16.814673071945442,-19.59453468054786,10,4.506860926590679,221.71219203050364,190.90425154082743,66.38170190587643,10,47.051259326409074,15.497415936151176,11.117327449268917,7.629082754846149,10,2.144009267183652,2640.44718961848,2279.560530574459,678.3856444204548,10,630.6609579302868,0.0,0.0,0.0,10,0.0,0.0,0.0,0.0,10,0.0,0.0,0.0,0.0,10,0.0,4912.985196569969,4040.7789871013856,867.3593604105276,10,1283.2904761252878,0.0032467532467532,0.0004888789371547,0.0,10,0.0010415211533376,5.5731936,-0.16900286,-5.6599417,1000,1.062037,1000,734.5693430656934,39,274,393.4073833561471,13345.373816490172,9560.864752406513,376.639449596405,274,5310.488584944096,176161.0,200.7458975315094,200000.0,431.0,12057.288850784302,86200000.0,996.284369739649,431000.0
2.5294945e-08,1.7455204e-09,113.036194,-0.00016374447,2.7807517e-10,0.0092066405,10.240462,142.5738,142.55405,9.499878,1276.3793,586.8949,1275.7513,1.0,-0.18237808,-1.0,8713,0.86783606,0.2911800670357309,0.277261910052882,0.270115165720305,10,0.0051471401193081,1000,871.3,130,10,276.6138282877413,12661.794587135317,10662.530129265786,1505.8917303085327,10,3514.8932830190747,0.0,0.0,0.0,10,0.0,-0.3104619318745814,-2.3371459355424,-2.81661618870159,10,0.7809575696201745,-103.5626625,-733.86590875,-862.647175,10,238.14225885703323,410.4722335152902,349.8265443075464,46.89411602957825,10,112.05003617049682,456.64909677721766,393.7436207558234,51.73820593805529,10,128.0325687143987,0.0,0.0,0.0,10,0.0,0.0,0.0,0.0,10,0.0,0.0,0.0,0.0,10,0.0,0.0,0.0,0.0,10,0.0,-32.431958851760285,-199.60458515241592,-230.73583594039152,10,62.86325347198874,-2.5685927669248514,-14.285974113271582,-17.654437259363696,10,4.746588429346385,2793.8520705667934,2388.833187018224,331.43899854028564,10,772.8520947161362,2512.697471680509,2037.0993819352648,298.9044722960083,10,664.9215694392929,0.0,0.0,0.0,10,0.0,-2.4567611813324826,-16.104884366470948,-18.871921499182328,10,5.138646024121905,229.2526130777573,186.01925204572967,25.213367444929982,10,63.52301564111749,14.296570463548882,11.075720846998257,5.085950962877576,10,2.56795549497056,2605.6301709051245,2183.6842398519107,299.49069952452885,10,718.7839858729859,0.0,0.0,0.0,10,0.0,0.0,0.0,0.0,10,0.0,0.0,0.0,0.0,10,0.0,4760.201569239036,3889.247007902373,557.709669507462,10,1334.4606817114654,0.0076923076923076,0.0009407573558516,0.0,10,0.0023078884418235,5.5506325,-0.17036131,-5.4546785,1000,1.0594864,1000,747.0110294117648,38,272,387.9013621916231,13360.52232170105,9726.099954977632,365.41704511642456,272,5219.0745486904525,176433.0,175.56215167045593,200000.0,432.0,12232.851006746292,86400000.0,1139.197703474356,432000.0
2.527912e-08,1.7457717e-09,113.26691,-0.00014017904,2.7655786e-10,0.009201531,10.30406,143.27473,143.25485,9.940117,1269.3835,758.62994,1268.2167,1.0,-0.1827549,-1.0,8457,0.86559784,0.2801134593403361,0.2752303219476729,0.2695291965568774,10,0.0026405109526428,1000,845.7,386,10,244.07869632559084,12732.87193775177,10372.713511896134,4585.727920055389,10,3234.1851916844093,0.0,0.0,0.0,10,0.0,-0.863581157258573,-2.2833371041218595,-2.910252988822248,10,0.733040188108427,-325.4911125,-713.34285625,-862.6077,10,212.89926580110952,409.6923259297656,339.39247462518614,149.83067319887357,10,103.18289597688616,463.6869617266788,382.7999891863659,167.18990554731866,10,114.8298540876892,0.0,0.0,0.0,10,0.0,0.0,0.0,0.0,10,0.0,0.0,0.0,0.0,10,0.0,0.0,0.0,0.0,10,0.0,-88.89754859867239,-192.36246851394165,-230.8250560801948,10,54.2135535839922,-5.802689828859492,-13.21969326891913,-16.889656323886115,10,3.866786507649538,2810.432190672894,2317.6973819295845,976.2034095635602,10,704.0939991358961,2474.140389484024,1986.59002466445,876.9202423034785,10,550.814127942517,0.0,0.0,0.0,10,0.0,-6.892903564852384,-15.708474656596303,-18.92567775404644,10,4.533625294517496,217.1425630360272,177.81067052976238,77.75828567489467,10,52.81595472218456,14.767020314526874,11.439790263460704,4.193733751121595,10,3.2249759880414444,2629.1887686495947,2120.751969524406,907.7253205951472,10,675.6518961630326,0.0,0.0,0.0,10,0.0,0.0,0.0,0.0,10,0.0,0.0,0.0,0.0,10,0.0,4814.394454150877,3791.195172985673,1394.7184615983697,10,1279.911711201021,0.0025906735751295,0.0006497949645526,0.0,10,0.0010227199179284,5.9826818,-0.16888157,-5.230811,1000,1.0747228,1000,538.9240506329114,24,316,355.5333672728227,13292.598818778992,6810.659149492861,195.72980403900144,316,4697.730400687176,176749.0,175.3779878616333,200000.0,433.0,12408.229000091553,86600000.0,1140.3939709799415,433000.0
2.526911e-08,1.7443996e-09,113.32933,-7.4482006e-05,2.7712938e-10,0.009140828,10.279103,143.04233,143.02254,9.795417,1269.3683,697.47815,1268.4329,1.0,-0.18688703,-1.0,8820,0.868735,0.2810848064599191,0.2748737153928394,0.2684479118841945,10,0.0036942809628508,1000,882.0,198,10,254.33206640138795,12525.015021800997,10488.4039229393,2342.597643852234,10,3171.264416240849,0.0,0.0,0.0,10,0.0,-0.4432867776090912,-2.2212513197480983,-2.6931359160780968,10,0.7047374665926367,-156.4196875,-731.3651674999999,-846.89665,10,218.19907377895456,408.01636122375,348.1948917899777,76.47286659310163,10,104.01376996486778,455.1374362578684,396.2958663863711,88.46902077696922,10,113.75787290273352,0.0,0.0,0.0,10,0.0,0.0,0.0,0.0,10,0.0,0.0,0.0,0.0,10,0.0,0.0,0.0,0.0,10,0.0,-44.54990553561489,-202.21721983779332,-234.58448388677343,10,58.42833189612225,-3.514995412817561,-13.65292382748198,-17.203887812405064,10,4.1654717921541895,2823.136822012346,2384.3369408989743,545.839228263711,10,691.6408685428564,2517.183669654893,2089.049466195611,534.626446137312,10,584.9481924807251,0.0,0.0,0.0,10,0.0,-3.4499754945812686,-16.188919582826323,-18.940902942526705,10,4.670078914382692,227.3457711652124,187.7386096973055,39.27402797940975,10,60.663839466910254,15.178512246210136,12.43052600901826,5.808117741407937,10,2.9919489759861224,2524.1372117063074,2168.6769647592328,457.70574478284766,10,644.7435007474622,0.0,0.0,0.0,10,0.0,0.0,0.0,0.0,10,0.0,0.0,0.0,0.0,10,0.0,4742.349130975185,3676.224361056052,760.6503175657326,10,1252.6822504599654,0.005050505050505,0.0006658222092305,0.0,10,0.0015381535426811,5.314138,-0.16478293,-5.6202545,1000,1.0840358,1000,579.586274509804,20,510,377.4409802036619,13306.438769340515,7395.278135328655,158.08446168899536,510,5046.5174376092,177259.0,175.31048774719238,200000.0,434.0,12583.539492845535,86800000.0,1140.8330589349068,434000.0
2.5262057e-08,1.7419204e-09,113.24518,-7.193486e-05,2.7904418e-10,0.009131547,10.375949,143.9536,143.93367,10.257553,1255.6986,826.0723,1254.4602,1.0,-0.17991707,-1.0,8221,0.86797583,0.2873490128678146,0.2778691738451628,0.272269933976957,10,0.0039075346946739,1000,822.1,229,10,299.87945911649234,12816.944155216215,10031.741218805311,2263.175183296204,10,3858.872461348096,0.0,0.0,0.0,10,0.0,-0.4584154387856738,-2.25186304720874,-2.886003978162555,10,0.8870547297694586,-181.7429,-697.2271874999999,-860.2194625,10,259.57803677098224,413.104216519239,329.12628504606965,90.41817143902746,10,123.13071781702024,456.2620195245498,366.48572358834406,95.38907672263925,10,136.40782016047714,0.0,0.0,0.0,10,0.0,0.0,0.0,0.0,10,0.0,0.0,0.0,0.0,10,0.0,0.0,0.0,0.0,10,0.0,-56.22660071418049,-188.6412072974852,-231.28276911385564,10,67.28315598091436,-2.773916877469382,-14.07950485020443,-18.64383274229443,10,5.34165996845924,2764.8481779975573,2171.086357487166,478.77875143895926,10,837.1606926133377,2378.005505538283,1765.106836660147,507.4249945138114,10,641.0025518410215,0.0,0.0,0.0,10,0.0,-3.955150551866105,-15.5398205417783,-19.38927879733918,10,5.719933933023034,231.14518350134,180.7907177106031,53.81771138228484,10,65.87857790745528,14.406124590078075,10.489197380926838,2.415806539472426,10,3.5112212757824337,2609.664631328272,2018.7788540403071,384.5787237404789,10,819.9300391758362,0.0,0.0,0.0,10,0.0,0.0,0.0,0.0,10,0.0,0.0,0.0,0.0,10,0.0,4940.480558455694,3929.564609303389,842.4364515317374,10,1521.5727626222763,0.0043668122270742,0.0009605179039485,0.0,10,0.0016346977102119,5.5848737,-0.17478974,-5.34443,1000,1.0578421,1000,704.5594713656387,52,227,392.6160085421852,13320.143690109251,9087.104391177583,531.9625225067139,227,5305.83750990934,177486.0,174.4244303703308,200000.0,435.0,12757.963928699492,87000000.0,1146.628368373445,435000.0
2.5256776e-08,1.7427328e-09,113.07455,-2.5575315e-05,2.7780925e-10,0.009071539,10.3710785,143.87172,143.85178,10.347899,1253.5355,790.9735,1252.2595,1.0,-0.17745948,-1.0,10000,0.86717206,0.2801662741406973,0.2774835595425368,0.27478532254576,10,0.0017377727805492,1000,1000.0,1000,10,0.0,12834.081721305847,12451.9162173748,12270.99501132965,10,167.1267898754327,0.0,0.0,0.0,10,0.0,-2.495258653276334,-2.693659361514439,-2.880555425479524,10,0.106374623938143,-832.1922125,-847.39206125,-865.0748875,10,9.639098464162869,415.9188294769913,404.3292984878815,389.5482574039738,10,6.942005691323801,453.26945886425335,447.1591781006663,438.7239741757821,10,3.8090514299772575,0.0,0.0,0.0,10,0.0,0.0,0.0,0.0,10,0.0,0.0,0.0,0.0,10,0.0,0.0,0.0,0.0,10,0.0,-228.0317438058167,-230.08535239341217,-232.7231801037948,10,1.6235063282680835,-15.7176097126894,-17.08954520068138,-18.58862520139901,10,1.0065756530553405,2778.9062975578668,2707.316794606408,2565.400502849089,10,65.84651483768175,2420.2068313318405,2235.009693636672,1955.868230552589,10,142.11915235943914,0.0,0.0,0.0,10,0.0,-18.41617631265478,-19.0364153784204,-19.355034709873912,10,0.2503610985620663,235.6501059619465,224.06620953924485,204.91383028668088,10,8.221905680564163,14.853502638173207,12.03471195466901,10.371369305727413,10,1.8517557656071693,2627.2332705787803,2529.333183726342,2437.84216361696,10,48.574731688536765,0.0,0.0,0.0,10,0.0,0.0,0.0,0.0,10,0.0,0.0,0.0,0.0,10,0.0,4934.331283448655,4792.0575480623465,4488.187194616852,10,137.05915836355862,0.0,0.0,0.0,10,0.0,5.6759505,-0.17462131,-5.3429613,1000,1.058962,1000,706.8915662650602,34,249,401.4706002444002,13296.468593597412,9157.35591697214,318.89434146881104,249,5417.850913808157,177735.0,199.12759232521057,200000.0,436.0,12957.091527700424,87200000.0,1004.3811491145066,436000.0
2.525234e-08,1.7422928e-09,112.87168,-4.9838454e-05,2.778943e-10,0.009079573,10.364185,143.76167,143.74171,10.43596,1253.5232,773.8395,1252.2056,1.0,-0.17837472,-1.0,10000,0.8681104,0.2820132376973769,0.2777666666980148,0.2742028895848151,10,0.001999066303094,1000,1000.0,1000,10,0.0,12821.543670654297,12402.622283506393,12039.276908397676,10,220.7679666223271,0.0,0.0,0.0,10,0.0,-2.367719677921002,-2.70292639400192,-2.895964840007029,10,0.1413060352823066,-816.26405,-847.44732625,-865.6670125,10,12.358047213468906,415.1483862259215,405.1480031006455,393.940858760502,10,6.412739221586381,458.4416989645367,448.3642791270569,441.3067596703212,10,4.998818182741624,0.0,0.0,0.0,10,0.0,0.0,0.0,0.0,10,0.0,0.0,0.0,0.0,10,0.0,0.0,0.0,0.0,10,0.0,-226.2369734552878,-230.4036274089207,-234.16856412986056,10,2.02066644669549,-16.09176195737222,-17.145159660672427,-18.297174951500168,10,0.7579039722333875,2749.548019535121,2678.7114200649426,2554.9307213606457,10,63.5957316843932,2391.9621084356363,2195.5395410259543,1940.172178296108,10,132.8017817308831,0.0,0.0,0.0,10,0.0,-18.32683983796788,-18.849763207138658,-19.447348455797503,10,0.3555725772344346,237.2594532537152,227.82985389327297,216.17826178301965,10,8.32037993292118,15.842077915970885,11.898454083648195,10.444604157267454,10,2.012131559092146,2617.0135021169563,2546.71155405461,2438.169063682963,10,49.29334060581291,0.0,0.0,0.0,10,0.0,0.0,0.0,0.0,10,0.0,0.0,0.0,0.0,10,0.0,4946.427617727246,4787.761299800633,4305.929631127642,10,172.51717893375883,0.0,0.0,0.0,10,0.0,5.250025,-0.17384647,-5.522409,1000,1.0603925,1000,703.094696969697,42,264,400.9419053766136,13313.045977592468,9119.0555023411,377.088463306427,264,5400.963314725205,177999.0,177.14311909675598,200000.0,437.0,13134.23465180397,87400000.0,1129.030588485684,437000.0
2.5249575e-08,1.7418873e-09,112.55888,-5.8397686e-06,2.7807862e-10,0.009010549,10.299292,143.05411,143.03413,10.060252,1263.7588,670.7352,1262.707,1.0,-0.17773005,-1.0,8417,0.8665664,0.2815608055593985,0.2770961349660735,0.2736513545882652,10,0.0021384952281239,1000,841.7,196,10,316.649348649259,12757.86436510086,10502.205388075114,1853.54797655344,10,4215.479575294344,0.0,0.0,0.0,10,0.0,-0.3771918180536635,-2.27445130292624,-2.860540677793613,10,0.9285670392844284,-151.50504999999998,-714.1698575,-861.5616124999999,10,276.87094597875387,419.4136525955753,342.56686910606544,78.24341791372288,10,132.07051187176071,459.35518667073575,381.3640464968499,84.2502033660632,10,145.96668589518185,0.0,0.0,0.0,10,0.0,0.0,0.0,0.0,10,0.0,0.0,0.0,0.0,10,0.0,0.0,0.0,0.0,10,0.0,-47.20813875155409,-193.2666661474444,-231.2978465372067,10,72.01157725335675,-2.472264302820629,-14.39685296204522,-19.28605719215232,10,5.784859129689939,2781.327237556008,2277.0259549119937,444.2869928254995,10,883.6956623799716,2329.1026444499007,1871.575687439892,428.4219623113946,10,714.7916590126734,0.0,0.0,0.0,10,0.0,-4.101199955776987,-16.272608598137623,-19.579448110759493,10,6.04112420641098,241.3299791773877,192.4445954228563,34.29503428461693,10,74.12114593639839,14.201097139252887,11.484970357466798,5.873349893800086,10,3.055274718280028,2627.768911044427,2140.107147595805,303.19319437413134,10,890.3554425909972,0.0,0.0,0.0,10,0.0,0.0,0.0,0.0,10,0.0,0.0,0.0,0.0,10,0.0,4929.886132470418,4043.971479724934,636.0985146464672,10,1669.7780209194584,0.0051020408163265,0.0009626927694154,0.0,10,0.0019297058860291,5.75862,-0.17160495,-5.488954,1000,1.06022,1000,761.8544776119403,54,268,367.5852186940316,13322.030919075012,9901.132475659286,495.4079213142395,268,4975.636806144465,178267.0,173.61345052719116,200000.0,438.0,13307.84810757637,87600000.0,1151.984476966986,438000.0
2.5247187e-08,1.7445921e-09,112.3603,-6.7550835e-05,2.7518282e-10,0.009056374,10.277343,142.76378,142.74408,10.096125,1269.4727,622.4872,1268.436,1.0,-0.17431532,-1.0,9101,0.8683287,0.2819790849526047,0.2787665395212854,0.2757006782292344,10,0.0022100714259807,1000,910.1,152,10,253.15704611959748,12875.498134613035,11366.918359184265,1646.5670828819275,10,3252.994879285055,0.0,0.0,0.0,10,0.0,-0.325963762393608,-2.452307001659245,-2.852493157189312,10,0.7199919907965436,-119.5303,-773.83632,-866.0815,10,218.97419879963127,427.536365461939,373.3278493999391,64.35352813499128,10,103.67645400028968,461.18414335904873,410.86322219990217,62.09819690491419,10,116.52381104996093,0.0,0.0,0.0,10,0.0,0.0,0.0,0.0,10,0.0,0.0,0.0,0.0,10,0.0,0.0,0.0,0.0,10,0.0,-35.56802382213404,-210.6979416460102,-233.3592701052337,10,58.44197798205108,-3.451395126462807,-15.78890007858502,-18.613921091003427,10,4.2279939731885,2782.120333023278,2475.0304708390404,381.8536670123136,10,701.2407945534438,2385.489292456392,1994.4014854347872,344.11162893506,10,562.7608921159517,0.0,0.0,0.0,10,0.0,-2.564251035979076,-17.6204373876779,-19.862345542997144,10,5.037520491672939,244.6642897369662,207.7358299294204,41.05158777903368,10,56.182000950252096,14.751320967050184,10.720197828775106,5.08769544136865,10,2.4795540814932027,2638.808142192832,2323.432447528324,316.5792415798303,10,673.9063377553363,0.0,0.0,0.0,10,0.0,0.0,0.0,0.0,10,0.0,0.0,0.0,0.0,10,0.0,4955.777108916276,4393.543803989294,559.382706652711,10,1285.3259040549344,0.006578947368421,0.0007632688148189,0.0,10,0.0019638514523927,5.2439218,-0.17235225,-5.560469,1000,1.0584112,1000,743.6769230769231,35,260,380.065423829283,13309.41590309143,9664.988108757138,360.1276912689209,260,5116.105028349117,178527.0,175.4153573513031,200000.0,439.0,13483.263469457626,87800000.0,1140.1510279368608,439000.0
2.5244823e-08,1.7459963e-09,112.2776,-1.0570849e-05,2.7358957e-10,0.008992779,10.123619,141.24823,141.22858,8.854796,1289.288,438.76517,1288.981,1.0,-0.17336106,-1.0,9822,0.86624765,0.2807881898479383,0.2780784021644009,0.2749062164689325,10,0.0018314641552652,1000,982.2,822,10,53.400000000000006,12888.389663696287,12364.164761209488,10044.632855415344,10,797.1895001096285,0.0,0.0,0.0,10,0.0,-2.1201367260205606,-2.605204606381201,-2.916860801296303,10,0.2082435301152381,-683.9635875,-833.167245,-865.6275375,10,50.6740455071264,418.5774066026476,401.5088404025665,335.421756014409,10,22.812882939313948,459.52886155883016,443.8867893194932,361.5142396285818,10,27.807486682461946,0.0,0.0,0.0,10,0.0,0.0,0.0,0.0,10,0.0,0.0,0.0,0.0,10,0.0,0.0,0.0,0.0,10,0.0,-188.1761030538853,-226.6183086955197,-232.77378607903825,10,12.8731592260799,-15.363276602398546,-17.45269333016095,-18.946212025040005,10,0.8930166474236679,2808.003094969461,2687.617873270967,2105.1135465239195,10,198.58342752197467,2400.4373927692413,2255.120547235349,1719.4166094775317,10,188.7047636123352,0.0,0.0,0.0,10,0.0,-16.333100179702058,-19.14648654790045,-19.75195831158556,10,0.953583555240116,240.3157815358436,222.86310116819809,180.0220272379504,10,15.825395902951364,14.383744575250002,11.685329047922584,8.628486694271826,10,1.966740252298156,2649.173920449546,2516.897825236072,2023.7387356623567,10,172.1146176119596,0.0,0.0,0.0,10,0.0,0.0,0.0,0.0,10,0.0,0.0,0.0,0.0,10,0.0,4943.236855866135,4710.594190503306,4039.780283315911,10,276.13870703650696,0.0012165450121654,0.0001216545012165,0.0,10,0.0003649635036496,5.5915413,-0.1707255,-5.252686,1000,1.0598978,1000,735.8884892086331,35,278,388.715693589854,13290.740329742432,9546.046445501794,379.9623136520386,278,5226.584770364734,178805.0,177.86762595176697,200000.0,440.0,13661.131100177765,88000000.0,1124.431716732053,440000.0
2.5242487e-08,1.7465915e-09,112.25318,-4.502522e-05,2.7280755e-10,0.0090252785,10.122045,141.167,141.14731,8.696761,1289.8252,425.5125,1289.4984,1.0,-0.17111646,-1.0,9720,0.864973,0.2810099606144348,0.2780532871828423,0.2754723054297895,10,0.0017223540974452,1000,972.0,720,10,84.0,12688.617486953735,12167.295674848556,8578.710161209106,10,1200.7929744245646,0.0,0.0,0.0,10,0.0,-1.9563961794385007,-2.6519582262983543,-2.8847305018986504,10,0.2483959762444165,-605.0135875000001,-829.10132,-866.8512625,10,75.09104324418834,416.26635447357273,394.4052296742885,286.05530234760045,10,36.69947427585128,458.8749564305687,438.2109550588169,313.4413444248906,10,41.81324960679604,0.0,0.0,0.0,10,0.0,0.0,0.0,0.0,10,0.0,0.0,0.0,0.0,10,0.0,0.0,0.0,0.0,10,0.0,-164.71195440486764,-223.8975770337222,-232.39440349705683,10,19.774726268574625,-12.556733284895104,-17.038419679569877,-18.286643404582662,10,1.6023296990373426,2799.6928775340107,2652.5602145822327,1876.7972877502143,10,262.8979191297,2270.0967223956964,2134.891319309532,1401.3505054088423,10,246.5974976649648,0.0,0.0,0.0,10,0.0,-13.445375283286834,-19.12949071089066,-20.33789728782679,10,1.9214572525510203,231.29287745185275,212.79415962225244,163.4472998892724,10,19.12814285343518,14.725053575403344,12.634828857089948,7.508062154140598,10,2.237984450334777,2631.2934712379847,2499.1393697345484,1725.5978745617513,10,260.9472898555872,0.0,0.0,0.0,10,0.0,0.0,0.0,0.0,10,0.0,0.0,0.0,0.0,10,0.0,4902.183574302747,4704.093512356107,3447.4051641797096,10,422.1310565477043,0.0013888888888888,0.0001388888888888,0.0,10,0.0004166666666666,5.678302,-0.17001498,-5.49405,1000,1.0540609,1000,780.3621399176955,30,243,373.0617515918384,13294.57136631012,10138.65998692277,328.66079330444336,243,5010.222617459449,179048.0,199.8596043586731,200000.0,441.0,13860.990709066393,88200000.0,1000.7024713261962,441000.0
2.524018e-08,1.7443182e-09,112.18873,-5.1967636e-05,2.7489624e-10,0.009027064,10.093392,140.88419,140.86441,8.374996,1292.6295,399.64282,1292.3639,1.0,-0.17296992,-1.0,9224,0.8654468,0.2913639554843901,0.2789399768748076,0.2756003877395446,10,0.0043387088325237,1000,922.4,224,10,232.8,12884.124118328094,11690.047145318986,2578.0195388793945,10,3039.303536090882,0.0,0.0,0.0,10,0.0,-0.5856034824924958,-2.529028834634925,-2.8480913001785884,10,0.6504904933231014,-185.414075,-787.62296375,-864.1867,10,200.8089349541069,414.78203738093214,374.3764498606943,81.68102183908056,10,97.63025083705288,456.4632456435711,414.07632006222366,89.44037902968336,10,108.3267307223232,0.0,0.0,0.0,10,0.0,0.0,0.0,0.0,10,0.0,0.0,0.0,0.0,10,0.0,0.0,0.0,0.0,10,0.0,-55.43389352990708,-212.28449411922605,-232.0091295148017,10,52.29458637999306,-5.097824572028208,-16.369986097556655,-18.87826301263356,10,3.844494408782016,2803.5816946716022,2545.16157025496,549.7953289289542,10,665.6887002042027,2363.238867406273,2112.466838901076,490.7461460904473,10,545.7682981695431,0.0,0.0,0.0,10,0.0,-4.672793086251668,-18.37855293996543,-20.456003462531644,10,4.577710104088192,231.41380440071413,205.7475100421465,48.27442573017049,10,52.77397917422113,14.623484058827446,11.553651506081064,6.110799754322099,10,2.525898202843988,2611.591862341495,2369.250883255529,460.4749623574678,10,636.9249293431191,0.0,0.0,0.0,10,0.0,0.0,0.0,0.0,10,0.0,0.0,0.0,0.0,10,0.0,4930.099321433621,4495.307043722047,1050.638285172521,10,1148.9504091785632,0.0044642857142857,0.0004464285714285,0.0,10,0.0013392857142857,5.428468,-0.16937917,-5.4763536,1000,1.0552603,1000,806.8897637795276,42,254,352.3032030837838,13297.941926002502,10464.577000290292,422.8378753662109,254,4751.889123924631,179302.0,174.62644743919373,200000.0,442.0,14035.617161035538,88400000.0,1145.3018883044135,442000.0
2.5237895e-08,1.7423586e-09,112.16509,-3.623386e-05,2.766733e-10,0.009009441,10.078277,140.67915,140.65935,8.141289,1293.7982,369.8539,1293.6511,1.0,-0.17281453,-1.0,10000,0.862048,0.2793013035531397,0.2760744811940163,0.2736537553419655,10,0.0017534188642797,1000,1000.0,1000,10,0.0,12898.420860290527,12658.479015016555,12423.209962368011,10,151.17261032635642,0.0,0.0,0.0,10,0.0,-2.5768977424843893,-2.7355796735465825,-2.9122387804322685,10,0.110550937817138,-837.3239625,-852.1744575,-867.4433875,10,8.689752175442061,422.2048913291868,411.5637782090412,397.92244976121947,10,6.36056149438356,461.0595580689653,453.6272752374912,442.06017234676114,10,5.578773518034873,0.0,0.0,0.0,10,0.0,0.0,0.0,0.0,10,0.0,0.0,0.0,0.0,10,0.0,0.0,0.0,0.0,10,0.0,-225.73212466583217,-228.36642460154243,-230.71785366863745,10,1.6671460468187844,-16.58173257385902,-18.066848868180745,-19.76180755788684,10,0.9017750369311472,2810.9214328872176,2775.574638698644,2720.154254609304,10,25.78373859145907,2424.3384456052654,2277.13161287443,2114.7404861387013,10,102.25498829871664,0.0,0.0,0.0,10,0.0,-19.633800841720703,-20.026273580271464,-20.38587264029329,10,0.2279908592722717,232.8183778241124,220.1813404969945,214.3244063173713,10,5.375280793161671,14.620635667753769,12.91104084416214,10.42329990968576,10,1.830138222104396,2638.688554713601,2558.2854105627075,2430.950926857552,10,57.35923634883149,0.0,0.0,0.0,10,0.0,0.0,0.0,0.0,10,0.0,0.0,0.0,0.0,10,0.0,4960.566912785386,4856.23128036349,4710.695519908275,10,75.69271312770725,0.0,0.0,0.0,10,0.0,5.249224,-0.16882603,-5.696862,1000,1.0549853,1000,791.8835341365461,42,249,362.7118941565196,13339.643123626707,10287.341061219631,390.8525066375733,249,4863.25967038495,179551.0,175.8607301712036,200000.0,443.0,14211.477895736694,88600000.0,1137.2635596661994,443000.0
2.5235643e-08,1.7420131e-09,112.180466,-4.296848e-05,2.7683836e-10,0.009017407,10.059125,140.42064,140.40067,7.890033,1294.8832,352.3326,1294.8082,1.0,-0.17499684,-1.0,10000,0.8615295,0.2770421515587267,0.275177531989359,0.2719818547922307,10,0.0016269168821673,1000,1000.0,1000,10,0.0,13118.861456871033,12814.485178041456,12632.23880815506,10,131.95023238574802,0.0,0.0,0.0,10,0.0,-2.604421943003937,-2.73773192104493,-2.820834968522148,10,0.059442404853644,-843.5807500000001,-852.1547199999999,-858.6602,10,3.89868537896188,422.1002434965014,414.6956479057111,407.9566488651785,10,4.802975836035102,466.4388427984051,456.086942794759,445.0459248355985,10,6.218444591780827,0.0,0.0,0.0,10,0.0,0.0,0.0,0.0,10,0.0,0.0,0.0,0.0,10,0.0,0.0,0.0,0.0,10,0.0,-223.58245850265703,-227.47074242267587,-230.17392581638865,10,1.9157249223994817,-16.142917484101275,-17.90751893201216,-19.39593753387661,10,0.924695006741569,2822.54584941186,2800.328300044091,2744.097866690885,10,21.886285765115463,2564.6110415223457,2358.902040186444,2257.472673681773,10,99.0789062683935,0.0,0.0,0.0,10,0.0,-19.56683890166956,-20.08220578593649,-20.229289399734217,10,0.1928303378636571,232.78680660423865,224.2507113859224,210.9124606869071,10,7.370337316179866,14.85867684372986,12.117204318600448,10.394899121232656,10,1.8748886005536576,2628.442473339769,2578.512320677856,2541.40510428516,10,33.322291245335315,0.0,0.0,0.0,10,0.0,0.0,0.0,0.0,10,0.0,0.0,0.0,0.0,10,0.0,4955.261728326968,4876.443381880801,4741.373368536939,10,61.61095143042198,0.0,0.0,0.0,10,0.0,5.508546,-0.16744125,-5.6267433,1000,1.0597155,1000,746.8007380073801,33,271,381.0570326600426,13280.030613899233,9663.320806287862,311.0239362716675,271,5104.736018836692,179822.0,175.08624792099,200000.0,444.0,14386.564149141312,88800000.0,1142.2941685874305,444000.0
2.5233408e-08,1.7396667e-09,112.25125,-9.1231035e-05,2.7900607e-10,0.0090713315,10.071896,140.5336,140.5135,8.182986,1291.713,393.10846,1291.531,1.0,-0.17632195,-1.0,8622,0.8654837,0.2908552690145883,0.2779519114133402,0.2731382913060169,10,0.004648806039315,1000,862.2,258,10,276.61735303483766,12827.020852565764,10714.189678764344,2614.938398838043,10,3635.451089773897,0.0,0.0,0.0,10,0.0,-0.5547497282855405,-2.2575523979217973,-2.7623606182288336,10,0.7913217315756239,-205.9016,-725.4024687499999,-853.962675,10,239.6909939112185,421.1288263493315,352.61367965837263,89.5988355882157,10,119.27278865355431,460.8456213540742,385.0962809024067,96.72750899426168,10,130.26422816240924,0.0,0.0,0.0,10,0.0,0.0,0.0,0.0,10,0.0,0.0,0.0,0.0,10,0.0,0.0,0.0,0.0,10,0.0,-64.17739077636779,-198.23067858292305,-231.56410090145067,10,61.96283904515428,-4.186473992406322,-15.460689339237728,-19.23755639201352,10,5.248580493754473,2815.868133613652,2353.976626108351,639.4993443580252,10,781.0362649561698,2405.9916026637925,1928.5682900584725,526.6960697619559,10,639.8254098015781,0.0,0.0,0.0,10,0.0,-6.156878659363937,-16.976636467829614,-20.317834926322423,10,5.253711078284347,266.1670380659473,195.6899158044856,42.84756851198971,10,67.13804652445269,15.03685117461648,10.875546412925903,3.475247010183992,10,3.116699381308995,2613.602271509094,2172.861070556097,539.3781232482769,10,746.4854477855746,0.0,0.0,0.0,10,0.0,0.0,0.0,0.0,10,0.0,0.0,0.0,0.0,10,0.0,4930.702916076005,4086.838082359448,897.4565994374994,10,1424.0346299752612,0.003875968992248,0.00066232217395,0.0,10,0.001348474199423,5.212823,-0.16707988,-5.393969,1000,1.0614579,1000,748.833962264151,44,265,378.609574848972,13327.272318840029,9675.94761548672,415.23634815216064,265,5065.568653645487,180087.0,172.7403848171234,200000.0,445.0,14559.30453824997,89000000.0,1157.8068452940854,445000.0
2.5231204e-08,1.7427404e-09,112.56175,-0.000121054094,2.757561e-10,0.009125993,10.086739,140.66862,140.64865,8.413104,1288.7048,425.32684,1288.4208,1.0,-0.1765155,-1.0,9596,0.86313564,0.2787458009082235,0.2753707689650034,0.2707064039066569,10,0.0023080886086854,1000,959.6,596,10,121.2,12979.346574783323,12288.650811243057,7484.556160926819,10,1604.080054719264,0.0,0.0,0.0,10,0.0,-1.527847233745905,-2.57940481593015,-2.823636418995276,10,0.3578938491135403,-497.4442125,-813.4889575,-862.1142625,10,105.55289082636742,420.6618751808629,399.5865241537545,248.8710125439156,10,50.35006724287527,462.372623873949,439.4491859535324,271.8485344758428,10,55.95185461508168,0.0,0.0,0.0,10,0.0,0.0,0.0,0.0,10,0.0,0.0,0.0,0.0,10,0.0,0.0,0.0,0.0,10,0.0,-133.54003366727213,-218.92205753881427,-231.3067594210668,10,28.51775599196716,-9.680920053373969,-16.71711295001997,-18.607579273415304,10,2.437039731564496,2850.9278733146234,2697.107059066669,1675.2775486174964,10,341.2320807435887,2512.625278690523,2316.993624009925,1417.471478568236,10,305.99009355248774,0.0,0.0,0.0,10,0.0,-12.646733802104858,-19.203156546644728,-20.12116324191626,10,2.189361225610248,243.0465065273445,219.52140725581103,128.79022756166398,10,31.04163052821236,15.225707279065269,13.490459226293854,10.20462303941887,10,2.018743229605341,2630.509425743856,2456.611999106458,1497.9772876690158,10,322.8797016962389,0.0,0.0,0.0,10,0.0,0.0,0.0,0.0,10,0.0,0.0,0.0,0.0,10,0.0,4888.268121671557,4611.60920357229,2763.773695939306,10,617.6910585907079,0.0016778523489932,0.0001677852348993,0.0,10,0.0005033557046979,5.296032,-0.16569185,-6.202311,1000,1.067618,1000,700.7820069204153,40,289,389.4733169162477,13316.600514411926,9012.379589095866,393.1226463317871,289,5199.043587440388,180376.0,199.49639916419983,200000.0,446.0,14758.800941944122,89200000.0,1002.5243605293632,446000.0
2.5229966e-08,1.7444124e-09,113.012314,-0.00021652933,2.7398653e-10,0.009257515,10.188869,141.67741,141.65768,9.726048,1274.7036,593.0569,1273.8373,1.0,-0.17699933,-1.0,10000,0.85785764,0.2745395728778358,0.2722793160896394,0.2696981209549152,10,0.0015546556249182,1000,1000.0,1000,10,0.0,12996.360178947449,12793.04203658104,12231.79365682602,10,218.79085866020887,0.0,0.0,0.0,10,0.0,-2.664883095978733,-2.7341303719457253,-2.8140326349263063,10,0.0405086705388128,-845.672925,-850.54611375,-860.515525,10,4.448645541490869,427.279345493593,416.86557610840646,409.3149779881597,10,5.6848920760878965,463.961821177006,457.0284143071855,446.1820551072661,10,4.886319332037978,0.0,0.0,0.0,10,0.0,0.0,0.0,0.0,10,0.0,0.0,0.0,0.0,10,0.0,0.0,0.0,0.0,10,0.0,-222.1392950187755,-224.4313689223773,-226.827752073912,10,1.5242836707167873,-16.229471951511307,-17.6032871935104,-18.97719116173198,10,0.8605090083435178,2829.4478947123844,2786.9794529356777,2702.5034337370485,10,37.81671484032036,2455.348297424137,2317.052139147768,1866.1778878538669,10,173.61545481706335,0.0,0.0,0.0,10,0.0,-19.28508891607257,-19.784183505523096,-20.137134635738427,10,0.2689821708902853,238.0630200601409,231.67262490586336,220.2168806651216,10,5.325339920477255,15.145352472152826,12.228962516140552,10.520030789603776,10,1.8979403117213984,2629.995341485775,2603.162108023155,2575.1192748608782,10,17.069053160760102,0.0,0.0,0.0,10,0.0,0.0,0.0,0.0,10,0.0,0.0,0.0,0.0,10,0.0,4919.747988007186,4872.900594824341,4768.716329338757,10,46.39119259694135,0.0,0.0,0.0,10,0.0,5.5829387,-0.16397478,-5.6028404,1000,1.0822315,1000,517.3382352941177,33,408,373.51035278302726,13294.375339508057,6541.682819298231,231.20931386947632,408,4939.553238140278,180784.0,173.81782627105713,200000.0,447.0,14932.618772983553,89400000.0,1150.6299686898255,447000.0
2.522996e-08,1.748316e-09,113.5501,-0.00014837491,2.7008248e-10,0.009232382,10.270132,142.42966,142.41002,10.895508,1260.5083,724.859,1259.3486,1.0,-0.17853256,-1.0,10000,0.8566725,0.2740335230112405,0.2712956387616018,0.2674687151321754,10,0.0019611187348159,1000,1000.0,1000,10,0.0,12882.958052635193,12693.506133270264,12450.20487833023,10,125.86924968786194,0.0,0.0,0.0,10,0.0,-2.6179837755456887,-2.6863748682481967,-2.7571842887582845,10,0.0483327349745768,-841.8043749999999,-845.8130612499999,-851.357325,10,2.81238874954664,418.953338872856,415.9726848184879,410.6895234323423,10,2.639912553285577,462.90520620525535,458.14414732797775,450.870338416175,10,3.381948631233435,0.0,0.0,0.0,10,0.0,0.0,0.0,0.0,10,0.0,0.0,0.0,0.0,10,0.0,0.0,0.0,0.0,10,0.0,-219.9404189669412,-223.7903353580679,-226.71212237121395,10,2.045712900215023,-16.145017683352425,-17.421390589759163,-19.537782084008377,10,1.109297885673634,2799.0526717626663,2772.2240331578846,2704.6243399771683,10,26.29984973226174,2453.445794485305,2263.946423749356,2057.7173522945936,10,119.30515535477753,0.0,0.0,0.0,10,0.0,-19.713629705828986,-19.89081639696126,-20.19628902941341,10,0.156579339161257,237.72443874989943,225.6393260425552,214.06420945089013,10,7.454511957668652,14.857117049706428,13.02008238367733,10.519938224435826,10,2.02660631758473,2648.0240458164644,2601.9681637031404,2556.291013727968,10,25.864987486579587,0.0,0.0,0.0,10,0.0,0.0,0.0,0.0,10,0.0,0.0,0.0,0.0,10,0.0,4928.889556791238,4842.542528642127,4724.066055498859,10,66.54813424074278,0.0,0.0,0.0,10,0.0,5.8296223,-0.16559556,-5.668956,1000,1.071855,1000,676.088319088319,18,351,367.8758084372454,13300.309328079224,8686.48273077174,145.7626600265503,351,4907.284245255022,181135.0,172.63588428497314,200000.0,448.0,15105.254662036896,89600000.0,1158.5076928146434,448000.0
2.522996e-08,1.7483446e-09,113.97203,-0.000168566,2.7005392e-10,0.009286328,10.382961,143.57271,143.55319,11.630282,1243.8019,891.49,1242.2672,1.0,-0.18027924,-1.0,10000,0.8560513,0.2765087559691009,0.2705462684000027,0.2667905616009074,10,0.0025848063940379,1000,1000.0,1000,10,0.0,13062.585696697235,12790.516709470749,12418.07695055008,10,168.71878905196965,0.0,0.0,0.0,10,0.0,-2.48831643236488,-2.6142840684499893,-2.722463668942217,10,0.0785731692101677,-828.0868125000001,-838.84967125,-846.3242624999999,10,5.716608689312226,429.1660356228927,415.8963964385692,403.07648935749177,10,6.750891803144746,466.16585748635646,459.5389261012812,444.380477969239,10,5.341109544839262,0.0,0.0,0.0,10,0.0,0.0,0.0,0.0,10,0.0,0.0,0.0,0.0,10,0.0,0.0,0.0,0.0,10,0.0,-219.5274192569481,-223.4746382907916,-229.97018843716307,10,2.7805135193094284,-16.94447257012663,-18.049324199997976,-18.84422457193192,10,0.6673679931737088,2836.075093708896,2788.777000832207,2721.5202413279435,10,31.75729739563556,2503.757330561796,2280.488963688395,1930.1666996931667,10,151.72897806224066,0.0,0.0,0.0,10,0.0,-19.19158224545464,-19.63844583537974,-20.13650310829272,10,0.2553316673587579,249.3780237819205,233.76173306866744,222.92912461835687,10,9.030657123486328,14.989432118465022,11.947058596878414,10.629396777427672,10,1.851477818610971,2629.817313283904,2595.1796908217366,2531.4295547136617,10,31.94634665460243,0.0,0.0,0.0,10,0.0,0.0,0.0,0.0,10,0.0,0.0,0.0,0.0,10,0.0,4952.054590056607,4898.19833436765,4789.906178945975,10,48.15150161957189,0.0,0.0,0.0,10,0.0,5.509356,-0.17209648,-5.5561886,1000,1.0636048,1000,572.0611510791367,43,278,385.7225209487,13335.362203598022,7254.161918692143,445.48952293396,278,5134.52839624834,181413.0,174.14850044250488,200000.0,449.0,15279.40316772461,89800000.0,1148.4451459059792,449000.0
2.522996e-08,1.7502374e-09,114.289345,-8.4175954e-05,2.6816122e-10,0.009227325,10.4324,144.12775,144.10825,11.938398,1234.3596,956.638,1232.6096,1.0,-0.18067993,-1.0,9155,0.8601853,0.2776229909661397,0.2724879029820143,0.2688354189180533,10,0.0032688788913594,1000,915.5,155,10,253.5,13012.44999742508,11620.619216990472,1637.540432929993,10,3349.2908020321047,0.0,0.0,0.0,10,0.0,-0.2987569405129331,-2.360687875957951,-2.686464715134172,10,0.6901899788059322,-116.7867875,-765.6255199999999,-846.6597999999999,10,216.4989655370985,431.0028117201553,379.18604619940623,50.691086703165794,10,110.001166290968,469.0292036452279,420.86966749986107,61.93323239101073,10,119.71141808212911,0.0,0.0,0.0,10,0.0,0.0,0.0,0.0,10,0.0,0.0,0.0,0.0,10,0.0,0.0,0.0,0.0,10,0.0,-35.56848147758413,-206.870437654623,-230.6039200383213,10,57.20065769448328,-2.347206166023883,-16.16615599975003,-20.020286715077702,10,4.7894443688714965,2829.141236014373,2516.000464766579,400.6061027392675,10,712.9125490698119,2609.0674946394083,2180.249233056228,378.35208244142166,10,617.9184325432119,0.0,0.0,0.0,10,0.0,-2.111654789294758,-17.8475374086715,-20.42680710731088,10,5.27388224287851,267.38969776176,222.8559095128493,46.179117682497655,10,60.18298956817527,16.629743176422707,13.472064808304328,10.608565495082296,10,2.316443393471876,2673.5848490702856,2329.852197324245,205.8958386828264,10,714.5875171210602,0.0,0.0,0.0,10,0.0,0.0,0.0,0.0,10,0.0,0.0,0.0,0.0,10,0.0,4919.202329968216,4373.310587402335,601.5771210697686,10,1267.7253144240117,0.0064516129032258,0.0006451612903225,0.0,10,0.0019354838709677,5.579494,-0.16519247,-5.63128,1000,1.0838194,1000,518.3552311435523,38,411,359.5310954618836,13291.279299736025,6520.448947866811,386.500750541687,411,4776.361397701247,181824.0,171.61950945854187,200000.0,450.0,15451.02268242836,90000000.0,1165.3686730080883,450000.0
2.522996e-08,1.7489483e-09,114.44534,-7.638653e-05,2.6945027e-10,0.009232015,10.486598,144.6408,144.62137,12.495716,1222.7933,1054.175,1220.919,1.0,-0.18152662,-1.0,10000,0.8573854,0.2758730681386648,0.2710133975318539,0.2681510876474273,10,0.0025650535622104,1000,1000.0,1000,10,0.0,13216.113938331604,12798.818332338333,11838.128297805786,10,343.9003406570924,0.0,0.0,0.0,10,0.0,-2.362690140547823,-2.548287115399213,-2.6359958392650085,10,0.0796182316480955,-816.540375,-835.7627262500002,-850.8441499999999,10,8.142140762699164,428.9400279050295,418.4972569214092,391.964839854504,10,9.88722469063863,470.4022779508932,464.3503293064252,454.158003054236,10,5.58468335554143,0.0,0.0,0.0,10,0.0,0.0,0.0,0.0,10,0.0,0.0,0.0,0.0,10,0.0,0.0,0.0,0.0,10,0.0,-221.3617587194663,-224.0803502736566,-230.35794901017263,10,2.7560990849894016,-15.733738846615855,-17.701880032279792,-19.99805908108511,10,1.4360832341802674,2846.275592244776,2778.3002015507195,2528.814971155953,10,85.75167430508297,2625.722914266252,2339.433866269853,2210.3076478750463,10,116.91188750614106,0.0,0.0,0.0,10,0.0,-18.66689040386965,-19.667222221794027,-20.307916084068232,10,0.405202447586393,268.7414245464457,236.0299655915216,222.6506675394673,10,14.780548391149342,15.07766109484453,13.004768644712328,10.62679937933332,10,1.9248462133332485,2648.418600342051,2604.516803088494,2491.351877604798,10,44.22217149141147,0.0,0.0,0.0,10,0.0,0.0,0.0,0.0,10,0.0,0.0,0.0,0.0,10,0.0,4945.051462806365,4834.655517631412,4291.046672442317,10,183.63067710755269,0.0,0.0,0.0,10,0.0,5.411233,-0.17026475,-6.233863,1000,1.058618,1000,757.0485074626865,36,268,375.7667999511579,13304.122283935549,9753.564869330918,301.6215672492981,268,5029.212863959513,182092.0,200.80230283737183,200000.0,451.0,15651.824989557266,90200000.0,996.0045137628646,451000.0
2.522996e-08,1.751173e-09,114.285225,-3.1134627e-05,2.6722555e-10,0.009173951,10.433409,144.1304,144.11113,11.958718,1227.2228,989.994,1225.6049,1.0,-0.1821531,-1.0,7762,0.86212915,0.2872888325285793,0.272693715682263,0.2587256473639659,10,0.0088560714451311,1000,776.2,80,10,324.6921003042729,12874.32571029663,9570.35837702751,678.4717626571655,10,4391.144284917471,0.0,0.0,0.0,10,0.0,-0.222672624068227,-1.9327917688984044,-2.613033176420614,10,0.8804669325153914,-62.725775,-645.48138375,-848.00195,10,276.8404363811237,423.7051407515646,318.8188442614591,34.76041555164825,10,137.9797031797067,465.0473447140473,354.98912624602144,27.865585015995013,10,153.6954186657555,0.0,0.0,0.0,10,0.0,0.0,0.0,0.0,10,0.0,0.0,0.0,0.0,10,0.0,0.0,0.0,0.0,10,0.0,-17.40266845405052,-175.9047328377472,-232.3438020414936,10,72.55175419509027,-1.4470252247619584,-13.709785971182942,-18.562137494051,10,6.230264505679553,2814.4752198100214,2111.0578632962174,158.5229146406753,10,925.1482071238532,2489.3652372316724,1787.8282790245407,95.87094998157656,10,784.6849059189253,0.0,0.0,0.0,10,0.0,-1.228656271518377,-15.344447743135548,-20.464361249270667,10,6.577796503691091,246.451969613276,187.9733966541393,20.089623523692296,10,78.20491430796037,15.341901386069445,10.636084965425914,5.746218081941866,10,2.9195249639515466,2617.244118981768,1933.356192803289,87.92102527998132,10,906.3210717568944,0.0,0.0,0.0,10,0.0,0.0,0.0,0.0,10,0.0,0.0,0.0,0.0,10,0.0,4894.63775189928,3553.675738179062,313.908845110814,10,1711.0634911055893,0.0125,0.0018718547196465,0.0,10,0.003688651923899,5.99482,-0.16620338,-5.35081,1000,1.0768851,1000,579.219696969697,40,396,399.9455072931168,13273.317198753355,7335.976107785647,318.2843542098999,396,5312.184810450812,182488.0,169.88532757759094,200000.0,452.0,15821.710321426392,90400000.0,1177.2647046794252,452000.0
2.522996e-08,1.751995e-09,114.16233,-2.1133981e-05,2.6640354e-10,0.009154121,10.45696,144.37129,144.35214,12.087336,1223.5652,982.56616,1221.9435,1.0,-0.17942104,-1.0,9273,0.8603469,0.2772779061130832,0.2734326829771201,0.2650113653671849,10,0.0033589721067703,1000,927.3,273,10,218.1,12962.763812065125,11756.305361413955,3216.754243850708,10,2858.1762499797724,0.0,0.0,0.0,10,0.0,-0.6379110656881404,-2.369167970478748,-2.756656352470296,10,0.5849418757171176,-219.4217875,-776.8245775,-849.225675,10,185.9667054761718,424.6872256895294,384.044587271714,106.9151753811685,10,92.4598723381438,469.67840511718657,430.1228802756606,113.43832881240346,10,105.58710923041288,0.0,0.0,0.0,10,0.0,0.0,0.0,0.0,10,0.0,0.0,0.0,0.0,10,0.0,0.0,0.0,0.0,10,0.0,-63.20818850021863,-209.85868246383745,-230.1155664450709,10,48.9786724935334,-5.997243048897972,-16.87861487523241,-19.295477511799582,10,3.709235497269338,2807.395882933054,2549.559677501532,702.2761930815408,10,618.0533003040359,2571.5049797181546,2142.212559739186,579.6529433069023,10,556.3725385905715,0.0,0.0,0.0,10,0.0,-5.427816791614059,-18.201854109432155,-19.91734159990057,10,4.265294875358131,251.22120857611367,222.0420260842208,57.247839672647984,10,55.335338646504,15.469747940428263,12.227247544967751,8.133026345754098,10,2.324454427528911,2634.489928647334,2395.7708860578136,641.4760942316119,10,585.3399191036043,0.0,0.0,0.0,10,0.0,0.0,0.0,0.0,10,0.0,0.0,0.0,0.0,10,0.0,4940.829782825149,4448.504874688072,1243.2796679810594,10,1072.803975550632,0.0036630036630036,0.0003663003663003,0.0,10,0.001098901098901,5.7572956,-0.1720506,-5.498268,1000,1.0563886,1000,764.1239669421487,40,242,367.3774843905869,13259.450004577637,9761.216202727896,331.9969310760498,242,4884.984302571563,182730.0,172.8275966644287,200000.0,453.0,15994.537923336027,90600000.0,1157.2225955807896,453000.0
2.522996e-08,1.7530445e-09,113.85805,5.4845543e-05,2.6535402e-10,0.009053801,10.34613,143.2704,143.25127,11.330808,1236.8763,808.80334,1235.6682,1.0,-0.1839824,-1.0,8934,0.8604471,0.2829201129181727,0.2725010394759145,0.2675900254138562,10,0.0043014511433083,1000,893.4,380,10,216.7211111082628,12806.868963241575,11134.313278913498,4755.511017799377,10,2797.6268912161354,0.0,0.0,0.0,10,0.0,-0.9734211117762686,-2.249744863334635,-2.640356484793591,10,0.571523834555722,-314.26047500000004,-743.8708475,-839.1398125,10,183.525963466416,424.0074915253661,368.4349024008262,151.4528856931294,10,92.86980299503226,466.786245223744,411.27353743795175,166.7112454837562,10,102.20913647182743,0.0,0.0,0.0,10,0.0,0.0,0.0,0.0,10,0.0,0.0,0.0,0.0,10,0.0,0.0,0.0,0.0,10,0.0,-90.2517199454622,-201.23599691804085,-230.85770975875,10,47.41298429344513,-8.796059437539476,-16.6795823241858,-19.77341854390697,10,3.597857348942839,2756.328630658582,2425.717597385398,1020.090530196908,10,606.467943424569,2356.192687159098,1955.0575948699857,990.734976400945,10,478.94091867162376,0.0,0.0,0.0,10,0.0,-7.472769473136507,-17.59906705982954,-20.49970497196296,10,4.166468345471698,249.5156383056008,216.92979189371167,112.70716437853775,10,49.05834193117752,15.262606231112825,11.225688672252684,4.426036930251406,10,2.784471199116189,2625.942687382021,2263.2368071645574,921.11783254002,10,579.4380441995559,0.0,0.0,0.0,10,0.0,0.0,0.0,0.0,10,0.0,0.0,0.0,0.0,10,0.0,4912.670966344451,4276.350003144665,1725.8484428646,10,1106.4170987081757,0.0026315789473684,0.0004436633098992,0.0,10,0.0009063695119001,5.3992786,-0.17274109,-5.1752625,1000,1.0559069,1000,806.1459227467811,40,233,329.9380683115306,13291.32175731659,10347.482663028934,417.5936450958252,233,4414.212004279252,182963.0,170.65113282203674,200000.0,454.0,16165.1890604496,90800000.0,1171.9816721554944,454000.0
2.522996e-08,1.7543095e-09,113.737305,2.5734209e-05,2.6408908e-10,0.00907325,10.28323,142.61176,142.59276,10.789857,1245.5718,705.25574,1244.5734,1.0,-0.18617336,-1.0,9836,0.8566889,0.2757171738913382,0.2692234618392951,0.2647734414422751,10,0.003143792579176,1000,983.6,836,10,49.2,12713.21960735321,12217.064301633834,9841.638786315918,10,813.3894612240032,0.0,0.0,0.0,10,0.0,-1.918208129006801,-2.4542849421223467,-2.602410238464844,10,0.1882194877389259,-687.1215875,-815.91074875,-840.6398624999999,10,43.37299026606465,426.03854311673547,411.04406933626944,348.06262429129606,10,21.462127417105737,465.9841947929731,453.8570513680942,381.7868762407557,10,24.14891098852313,0.0,0.0,0.0,10,0.0,0.0,0.0,0.0,10,0.0,0.0,0.0,0.0,10,0.0,0.0,0.0,0.0,10,0.0,-192.35817155880136,-218.87323361204136,-225.88355429628533,10,9.089868781883974,-14.629591767642404,-17.487927049813123,-19.887061553019016,10,1.376922810555371,2763.844672613044,2674.6486414618503,2286.3470428281075,10,136.89949393293128,2316.4022841931383,2150.9038105505865,1860.2759208401635,10,135.5529364300804,0.0,0.0,0.0,10,0.0,-16.183185127768972,-19.090217409483763,-19.803405868335467,10,0.99705346687369,255.2074175872782,238.6316591742762,198.7717151174662,10,15.598740052063086,18.53239406824144,12.057961763704352,10.644838152565782,10,2.5944653920864464,2613.0593047747006,2511.877514386226,2019.618340546573,10,167.22855485381115,0.0,0.0,0.0,10,0.0,0.0,0.0,0.0,10,0.0,0.0,0.0,0.0,10,0.0,4923.332244863472,4633.875932541845,3461.1587821289686,10,421.03295276205455,0.0011961722488038,0.0001196172248803,0.0,10,0.0003588516746411,5.4738035,-0.17168479,-5.458576,1000,1.0585757,1000,740.5968992248062,37,258,367.467891744644,13273.31995010376,9453.512544155004,381.6946077346802,258,4935.92564003745,183221.0,172.84344863891602,200000.0,455.0,16338.032513856888,91000000.0,1157.1164633368096,455000.0
2.522996e-08,1.7543124e-09,113.54008,3.8333907e-05,2.6408611e-10,0.009044873,10.219551,141.95955,141.94046,10.2894,1255.3143,620.62683,1254.483,1.0,-0.19069003,-1.0,9867,0.8562652,0.2713259373338342,0.267585340407973,0.2637122338921507,10,0.0020899416890466,1000,986.7,867,10,39.900000000000006,12573.692708969116,12118.677132964134,10350.725911855698,10,659.7727378212114,0.0,0.0,0.0,10,0.0,-1.9865804640590363,-2.4409243347201843,-2.6335635251189693,10,0.1686332459545659,-702.6747375,-812.7803812499999,-839.2187625000001,10,37.26606453032298,427.6818582898344,411.7338505992368,357.8775720802899,10,18.77186975827332,464.1204922073406,450.294946277554,387.8653182014857,10,21.319119556705832,0.0,0.0,0.0,10,0.0,0.0,0.0,0.0,10,0.0,0.0,0.0,0.0,10,0.0,0.0,0.0,0.0,10,0.0,-193.7978795732025,-218.45314602243928,-225.0997667426308,10,8.504190481731447,-14.211907686029967,-17.85475957816564,-19.033561935101226,10,1.30932488609647,2769.660814390724,2635.135959488963,2289.805708666441,10,128.55379234505793,2341.9242473027625,2074.324176127764,1822.38890839888,10,155.9362586542542,0.0,0.0,0.0,10,0.0,-16.355730043532713,-18.95264034699883,-19.489366431387644,10,0.8805585190446739,248.4298942203132,238.3943747518936,215.2811912799247,10,9.192533102084704,23.19967518759257,13.959083896103056,10.641974726502552,10,3.625489734936224,2637.340420511903,2499.0533601875345,2175.552367740029,10,132.3462186782396,0.0,0.0,0.0,10,0.0,0.0,0.0,0.0,10,0.0,0.0,0.0,0.0,10,0.0,4869.11425674838,4662.86464832489,3827.258660986369,10,311.477868426773,0.0011534025374855,0.0001153402537485,0.0,10,0.0003460207612456,5.6150174,-0.16871344,-5.662327,1000,1.0563555,1000,756.4863813229572,45,257,367.8728961385499,13267.350834846497,9690.485723297652,431.9106645584106,257,4899.506148736919,183478.0,202.07146501541132,200000.0,456.0,16540.103983402252,91200000.0,989.7488494218944,456000.0
2.522996e-08,1.7540609e-09,113.53277,-6.906274e-05,2.6433766e-10,0.009151685,10.272824,142.4371,142.41794,10.72379,1247.6869,756.79877,1246.4797,1.0,-0.19683817,-1.0,8459,0.86060584,0.2771087117552411,0.2679298609312907,0.2644809632884669,10,0.0033785473346164,1000,845.9,499,10,146.46805112378604,12795.164830207825,10184.53317707777,5751.169395446777,10,2058.0536252891525,0.0,0.0,0.0,10,0.0,-1.15835727593576,-1.9858837956418527,-2.4701895485703056,10,0.375927709199552,-394.473675,-685.04717625,-821.1786875,10,124.85259233390488,422.91456793306907,349.0548210037435,200.7171199421008,10,65.67363428478285,458.4549633679411,379.90078304269184,220.91321936134227,10,69.15920819056171,0.0,0.0,0.0,10,0.0,0.0,0.0,0.0,10,0.0,0.0,0.0,0.0,10,0.0,0.0,0.0,0.0,10,0.0,-110.40500347682064,-188.5572558547916,-222.16055286455008,10,32.11427923906234,-10.691559500542656,-14.764105491077537,-18.984116897138183,10,2.3682240524111395,2785.163176518833,2259.0131958755915,1380.521273983729,10,407.1072516850687,2435.172529092103,1873.663690646604,1058.2221061989394,10,409.9891796922276,0.0,0.0,0.0,10,0.0,-10.678049478399783,-16.754013445120258,-19.374573337184337,10,2.54443761088891,257.78752290788293,202.0216223367464,111.8578754012473,10,43.17935251209609,17.36833434270834,12.562570421745482,7.866342506634549,10,2.716491213899417,2570.4705172804406,2061.390704190493,1145.9492903061564,10,407.901494357918,0.0,0.0,0.0,10,0.0,0.0,0.0,0.0,10,0.0,0.0,0.0,0.0,10,0.0,4832.532584324394,3778.779304237219,2047.9192155223448,10,818.3915844329781,0.002004008016032,0.000930152611046,0.0,10,0.0006550869311493,6.0915976,-0.16501622,-5.317647,1000,1.0757474,1000,496.3664596273292,23,322,354.28728542550584,13256.527256965635,6144.51151201299,147.4152388572693,322,4637.886883027283,183800.0,170.64857363700867,200000.0,457.0,16710.752561807632,91400000.0,1171.9992481473978,457000.0
2.522996e-08,1.7513568e-09,113.478386,5.219892e-05,2.6704172e-10,0.009026072,10.212951,141.79572,141.77655,10.226408,1252.1488,658.02277,1251.3333,1.0,-0.19465235,-1.0,9898,0.86007047,0.2747561983932227,0.2685023918504108,0.2652102153665893,10,0.0027815667500297,1000,989.8,911,10,26.551082840441744,12703.796414375303,12166.546515738964,11229.98107099533,10,492.7264347609826,0.0,0.0,0.0,10,0.0,-2.1659322682198585,-2.415000704022761,-2.5274516292925853,10,0.103900793198386,-737.9851249999999,-810.6151775,-825.4814624999999,10,24.765522712604422,434.1418474212046,410.2469744987123,362.3977718469045,10,21.463759389666183,465.97400922717,448.7074910628988,405.4748206922081,10,16.55241267058261,0.0,0.0,0.0,10,0.0,0.0,0.0,0.0,10,0.0,0.0,0.0,0.0,10,0.0,0.0,0.0,0.0,10,0.0,-202.51793681818725,-220.4849519413289,-229.06475880345363,10,6.594336102537456,-16.331409081920548,-18.862652018861382,-22.66271066027236,10,1.755457070739462,2754.391132380724,2649.0184116893206,2432.8943884547525,10,100.59553416510404,2396.259170422149,2124.34073751304,1831.4029121170247,10,185.3283943678728,0.0,0.0,0.0,10,0.0,-17.04425220836424,-18.98153660346557,-19.484970438247394,10,0.6766697943406439,246.65352564434707,234.62782591297528,209.1021939912885,10,10.961573264916224,14.812659031392474,12.4004889339026,9.868849097430015,10,1.8522776628072184,2612.624527719749,2490.216616109197,2302.837992134114,10,111.23234561911806,0.0,0.0,0.0,10,0.0,0.0,0.0,0.0,10,0.0,0.0,0.0,0.0,10,0.0,4904.06685433376,4664.111512275585,4326.557251427176,10,188.30404484761576,0.0010976948408342,0.0002110866066771,0.0,10,0.000422596064993,5.9488845,-0.17115036,-5.286774,1000,1.0562315,1000,747.0598591549295,30,284,379.3681829672429,13271.08987903595,9563.687071960085,332.5019826889038,284,5062.47616917484,184084.0,173.84453797340393,200000.0,458.0,16884.59710407257,91600000.0,1150.4531711580005,458000.0
2.522996e-08,1.753102e-09,113.25803,2.9243603e-05,2.6529662e-10,0.0090314,10.205669,141.65688,141.63783,10.100266,1253.7351,646.64624,1252.8982,1.0,-0.19413911,-1.0,10000,0.85977244,0.2756429575406945,0.2685895479591921,0.2641484144798141,10,0.0031561900749326,1000,1000.0,1000,10,0.0,12646.644011497498,12394.2419778347,12165.221704006197,10,159.9148443054631,0.0,0.0,0.0,10,0.0,-2.311374472615624,-2.3954783445659,-2.5398569750141338,10,0.0706728205910252,-807.4808625000001,-815.671925,-827.0604625000001,10,6.114873725063255,429.02320198357626,417.9453374104345,401.6961726457792,10,7.349690069301155,464.2712417804479,452.3409884292828,445.47953326495065,10,6.029384010299851,0.0,0.0,0.0,10,0.0,0.0,0.0,0.0,10,0.0,0.0,0.0,0.0,10,0.0,0.0,0.0,0.0,10,0.0,-218.86334840735327,-223.08693298760244,-230.0637775058969,10,3.042023308740796,-17.379954369298098,-19.43758486102545,-21.05121383581026,10,0.959341024120402,2787.8637131867304,2720.4248480077267,2662.1625915215136,10,32.735965766541455,2394.86202623407,2150.807708619828,1928.0116663856847,10,127.39662984232784,0.0,0.0,0.0,10,0.0,-18.70364773280104,-18.86664288180774,-19.02827223683564,10,0.1156273707878501,246.9580035738772,233.995609953584,227.00902017179965,10,5.478978826055844,15.008947052604,12.236597763042528,10.581312566280104,10,1.7687426206165664,2598.992613089232,2545.4472118703784,2472.9471320314938,10,44.45918039961047,0.0,0.0,0.0,10,0.0,0.0,0.0,0.0,10,0.0,0.0,0.0,0.0,10,0.0,4874.448914537775,4734.01335876659,4530.708906291682,10,134.88774501742827,0.0,0.0,0.0,10,0.0,5.6756864,-0.17416418,-5.447228,1000,1.0527446,1000,800.2274509803922,50,255,353.4900659105204,13289.891940116882,10313.238977266994,453.2401456832886,255,4722.796218150665,184339.0,173.78338813781738,200000.0,459.0,17058.380496501923,91800000.0,1150.8579855825562,459000.0
2.522996e-08,1.7505274e-09,112.99714,9.1285816e-05,2.6787117e-10,0.008948485,10.196748,141.51318,141.49391,9.970853,1255.6302,647.0048,1254.7994,1.0,-0.19066986,-1.0,10000,0.8593607,0.2711520815628945,0.2693573955125137,0.2663252495615759,10,0.0013695453233526,1000,1000.0,1000,10,0.0,12839.536071777344,12527.131170225144,12133.899706840515,10,214.7105535369595,0.0,0.0,0.0,10,0.0,-2.298907381979614,-2.3828891325244155,-2.450588631675567,10,0.0507772836632044,-810.7572875000001,-818.68978875,-825.7380499999999,10,4.215501685581305,435.0164352545795,418.2890516315083,400.5826916876055,10,9.32406940862703,467.3519079587635,456.01866078719394,444.62571755909215,10,7.825843927610881,0.0,0.0,0.0,10,0.0,0.0,0.0,0.0,10,0.0,0.0,0.0,0.0,10,0.0,0.0,0.0,0.0,10,0.0,-221.11003139937804,-223.6364112538634,-225.20997402148825,10,1.268894210814548,-18.72823207223392,-19.860879910933885,-20.761897894185463,10,0.6088269681272237,2794.94976880204,2727.6949947980947,2636.5041699818435,10,48.47255131383585,2531.386318894716,2236.714976853847,1859.7938409746405,10,217.72904477708244,0.0,0.0,0.0,10,0.0,-18.32473098244948,-18.704452257037765,-19.02129137071809,10,0.2338715746719298,242.7437196365552,227.9458451412301,209.4454126255677,10,9.945662534260377,15.244291897505304,12.72046744479443,10.484705533836294,10,1.926928640433749,2595.3276365704764,2555.042080143849,2490.058377873652,10,35.574763908772375,0.0,0.0,0.0,10,0.0,0.0,0.0,0.0,10,0.0,0.0,0.0,0.0,10,0.0,4894.84956477245,4768.982043755284,4638.69945477597,10,101.0147737814516,0.0,0.0,0.0,10,0.0,5.3645506,-0.17467195,-5.936579,1000,1.0538634,1000,733.1978417266187,39,278,389.9205606177548,13290.931664466858,9442.588891618972,422.4045534133911,278,5221.72251369615,184617.0,174.30246901512146,200000.0,460.0,17232.682970046997,92000000.0,1147.4306768577626,460000.0
2.522996e-08,1.7474674e-09,112.768295,5.7094844e-06,2.7093122e-10,0.009015756,10.173881,141.22182,141.20244,9.615316,1260.3986,576.13226,1259.6904,1.0,-0.18778339,-1.0,9978,0.85927767,0.2760441807155672,0.2700478262400892,0.2659925672734737,10,0.0027633384736802,1000,997.8,978,10,6.6000000000000005,12860.476465702057,12469.49362602234,12062.899297237396,10,289.7609690052197,0.0,0.0,0.0,10,0.0,-2.283785795164785,-2.392423680690853,-2.5168898395445387,10,0.0646154542860556,-789.697375,-820.4602424999999,-837.856875,10,12.328558836849613,425.71496476865735,415.7996171985836,401.2966383480056,10,8.013568193248956,466.513593112024,456.6934500587895,434.5375255562336,10,9.907913429669488,0.0,0.0,0.0,10,0.0,0.0,0.0,0.0,10,0.0,0.0,0.0,0.0,10,0.0,0.0,0.0,0.0,10,0.0,-217.07871575527355,-223.6479232905585,-230.1121426126639,10,3.2257791173438,-17.679112943318838,-19.807697378672835,-20.84330346349772,10,1.0209856110557969,2785.665553774069,2707.265201205444,2572.324065527908,10,76.01847458266904,2552.329526680359,2129.3279063578293,1746.405237847555,10,256.0542207991934,0.0,0.0,0.0,10,0.0,-18.45371461118078,-18.81590745399137,-19.540396740889527,10,0.3339458191719364,237.7699846840777,221.0794082317585,197.0140962206824,10,11.691461169389024,14.917886653456405,12.295021673177477,10.340022521172578,10,1.9958196011985867,2652.56525474056,2597.6155199412497,2543.193394655629,10,34.06375553912881,0.0,0.0,0.0,10,0.0,0.0,0.0,0.0,10,0.0,0.0,0.0,0.0,10,0.0,4938.296834488943,4807.599639074952,4639.69825045935,10,104.08565913381898,0.0010224948875255,0.0001022494887525,0.0,10,0.0003067484662576,5.3389106,-0.17344587,-5.118141,1000,1.054805,1000,770.4119850187266,51,267,368.0466337984452,13354.795486927032,9945.477512971516,493.50374126434326,267,4933.827882885827,184884.0,201.46703839302063,200000.0,461.0,17434.15001320839,92200000.0,992.718221279658,461000.0
2.522996e-08,1.7471251e-09,112.48769,4.419936e-05,2.712735e-10,0.008954818,10.092883,140.37079,140.35141,9.138811,1272.7893,462.99542,1272.4387,1.0,-0.18288362,-1.0,10000,0.861437,0.2758550015217783,0.2727518151227518,0.2690066204475403,10,0.0023760687392076,1000,1000.0,1000,10,0.0,12987.227259635923,12688.486505651474,12135.29035282135,10,232.30115450174824,0.0,0.0,0.0,10,0.0,-2.388783120016064,-2.4773754842980376,-2.5590351715314985,10,0.0544342280036813,-824.1195749999999,-830.277675,-837.935825,10,4.467856812566156,428.3566323657063,416.13705204562575,403.3620755852593,10,6.935902431326896,467.55360240765367,459.5559868343451,451.5506159095897,10,5.697506034850836,0.0,0.0,0.0,10,0.0,0.0,0.0,0.0,10,0.0,0.0,0.0,0.0,10,0.0,0.0,0.0,0.0,10,0.0,-222.80691761982857,-226.28140950234305,-229.4203957923924,10,2.406924030976239,-19.383371235590754,-20.06127270520534,-20.80779535111178,10,0.4664889719190219,2786.77757469686,2742.3551015058124,2571.172306223541,10,61.19352838653879,2601.552364892059,2285.080944117597,1833.5708595010144,10,246.56883560508044,0.0,0.0,0.0,10,0.0,-18.772089481301805,-19.002945276064885,-19.45667679878025,10,0.2152422084556999,250.74306661480497,225.4907094829504,207.976688363782,10,13.757316190267266,15.150779013256848,12.462697987177387,10.60875903860076,10,1.9443825274291089,2644.695064468332,2616.593643817515,2547.080783216964,10,30.74895176274253,0.0,0.0,0.0,10,0.0,0.0,0.0,0.0,10,0.0,0.0,0.0,0.0,10,0.0,4960.098668699292,4819.598987165884,4646.675555265965,10,104.78079799671272,0.0,0.0,0.0,10,0.0,5.2547846,-0.17094465,-5.2952075,1000,1.0567197,1000,716.4558303886926,32,283,387.7197550719768,13373.746662139893,9213.995967419114,297.4857482910156,283,5191.542170387742,185167.0,175.14158296585083,200000.0,462.0,17609.29160141945,92400000.0,1141.9332668644206,462000.0
2.522996e-08,1.7478593e-09,112.329315,7.828792e-05,2.7053917e-10,0.008908058,10.072308,140.12468,140.10533,9.033693,1277.1884,457.29755,1276.7256,1.0,-0.1833292,-1.0,9785,0.86258274,0.2772791689548034,0.2732877187591568,0.267176189609619,10,0.0024842596765393,1000,978.5,785,10,64.5,13074.998153686523,12354.042015504838,9382.833243370056,10,1013.4682393772098,0.0,0.0,0.0,10,0.0,-1.851980661580085,-2.424609406947601,-2.6098905333547675,10,0.203257779919998,-633.5737499999999,-812.42510625,-844.2320874999999,10,59.9750452785165,425.27430367608434,406.6494207925528,303.01575983769453,10,34.84986160284728,467.8541848034863,449.9990265171988,339.7031454454278,10,36.87794561470175,0.0,0.0,0.0,10,0.0,0.0,0.0,0.0,10,0.0,0.0,0.0,0.0,10,0.0,0.0,0.0,0.0,10,0.0,-179.36580583902074,-222.0308109621068,-230.2170715981516,10,14.411654148720103,-17.14532298321417,-19.576167429387645,-21.04718827598729,10,1.1812549015441698,2802.7937902447275,2695.5698476788693,2033.992349646916,10,222.17397520451533,2676.2202287823748,2198.994609893676,1620.118492845172,10,267.7774036877348,0.0,0.0,0.0,10,0.0,-15.10039927405488,-18.61409914239706,-19.401696159757822,10,1.204829723564222,253.50906337652376,214.86216060276465,167.5773072205759,10,23.10751081864328,15.133491879378418,12.87355341199681,10.66511904338158,10,1.7516594124775695,2672.5795500391296,2544.915159421488,1879.947133835912,10,231.0158737475312,0.0,0.0,0.0,10,0.0,0.0,0.0,0.0,10,0.0,0.0,0.0,0.0,10,0.0,4942.401900909964,4699.935457320522,3707.004069643163,10,372.3890107923801,0.0012738853503184,0.0001273885350318,0.0,10,0.0003821656050955,5.487982,-0.16964032,-5.624116,1000,1.0581738,1000,712.527397260274,33,292,394.9796109737901,13313.127983093262,9149.166364928633,289.3018388748169,292,5276.674501417061,185459.0,174.27543926239014,200000.0,463.0,17783.567045211792,92600000.0,1147.6086409334985,463000.0
2.522996e-08,1.7476892e-09,112.17125,4.6237106e-05,2.707093e-10,0.008927464,10.079033,140.1176,140.0981,9.2922945,1276.6461,477.05667,1276.0564,1.0,-0.18603508,-1.0,10000,0.86228836,0.274386944631916,0.2723210776612317,0.2692145372930588,10,0.0014373407447538,1000,1000.0,1000,10,0.0,13008.009081840515,12669.500508403778,12110.632719993591,10,237.17322305514972,0.0,0.0,0.0,10,0.0,-2.4635856972069443,-2.5150018124790843,-2.593389670234323,10,0.0434812593547379,-825.856475,-828.60590875,-839.0213875,10,3.715130751774791,421.6712115022347,414.7106112702164,404.99890971185664,10,5.602911583910135,467.7083781264981,462.9914547748588,456.7111044108156,10,3.684032424410105,0.0,0.0,0.0,10,0.0,0.0,0.0,0.0,10,0.0,0.0,0.0,0.0,10,0.0,0.0,0.0,0.0,10,0.0,-223.0101725078516,-226.0724917547645,-228.2744304009468,10,1.5096130772653724,-19.61036328390474,-20.43887921790556,-21.55174127178327,10,0.584184473091,2806.263724081914,2763.606130481666,2648.9185589509025,10,44.09456431736692,2583.5706946929777,2206.9654422393405,1851.369855847656,10,220.07882843419767,0.0,0.0,0.0,10,0.0,-18.49311540374756,-19.03557541347613,-19.60002630334627,10,0.3423640464309841,267.77559533074344,215.28964499803365,199.3520671788175,10,19.698325171932066,15.34728400981724,12.01183676094696,10.538009206437764,10,1.9551151494824983,2667.9094418141244,2629.154401008877,2549.2453750534096,10,39.440048376294506,0.0,0.0,0.0,10,0.0,0.0,0.0,0.0,10,0.0,0.0,0.0,0.0,10,0.0,4943.442245208216,4852.453528649855,4433.9487331956925,10,143.7400934666263,0.0,0.0,0.0,10,0.0,5.299338,-0.17033726,-6.204083,1000,1.0552621,1000,743.8634686346863,31,271,377.7148319490716,13279.94422531128,9584.396303132891,273.3071255683899,271,5042.967415001967,185730.0,172.6946849822998,200000.0,464.0,17956.261734724045,92800000.0,1158.1132333082446,464000.0
2.522996e-08,1.7478581e-09,112.223885,-4.083096e-05,2.7054034e-10,0.009018741,10.0772915,140.05406,140.03458,9.450824,1276.9491,493.54724,1276.2626,1.0,-0.18572365,-1.0,9523,0.86512524,0.2766762920190583,0.2740609124960512,0.2704583292928734,10,0.0020011219864316,1000,952.3,523,10,143.10000000000002,12950.344101905825,12095.61533613205,6404.662724494934,10,1905.0910392670464,0.0,0.0,0.0,10,0.0,-1.3318519839234833,-2.4456232600158487,-2.6875273094990133,10,0.3781183484527874,-425.2444375,-793.0961725,-842.0807,10,122.71852259494398,420.3510344755812,391.54084945629336,197.7516301958664,10,64.6846324787741,469.3312056926976,437.79483466424665,227.3935343194336,10,70.44094352138471,0.0,0.0,0.0,10,0.0,0.0,0.0,0.0,10,0.0,0.0,0.0,0.0,10,0.0,0.0,0.0,0.0,10,0.0,-121.39727972858849,-216.65073448705093,-229.4808225849261,10,31.799665532878013,-10.155145110607826,-18.881637712611752,-20.88141594647704,10,2.9758570321197224,2795.793470912645,2614.3845999951345,1378.1262210039822,10,413.0424545848253,2397.5052168098314,2132.851389010795,1077.2559196594734,10,365.9406612735999,0.0,0.0,0.0,10,0.0,-10.304268376876111,-18.15833964872533,-19.21673891074274,10,2.622667622725512,231.130513644308,209.89845042330904,111.25291071875856,10,33.354584617315,15.165366539125117,12.623511084667271,6.062324044991886,10,2.8166060674902145,2683.2909091805395,2491.858314915341,1291.6399340548262,10,401.9131305736257,0.0,0.0,0.0,10,0.0,0.0,0.0,0.0,10,0.0,0.0,0.0,0.0,10,0.0,4957.038915995158,4653.713889398286,2571.391491870052,10,696.5650159655382,0.0019120458891013,0.0001912045889101,0.0,10,0.0005736137667304,5.436294,-0.17192355,-5.234054,1000,1.0528533,1000,777.5387596899225,33,258,358.9626533250814,13297.721778869629,10053.18447966631,280.87582540512085,258,4788.686937515575,185988.0,172.91915345191956,200000.0,465.0,18129.180893421173,93000000.0,1156.6098723448256,465000.0
2.522996e-08,1.7474057e-09,112.386444,-4.6648667e-05,2.7099278e-10,0.009037564,10.14714,140.7195,140.70004,9.841305,1266.6587,667.1856,1265.5323,1.0,-0.18943806,-1.0,9461,0.8637217,0.2832981221647557,0.2726107821890445,0.2671636071910812,10,0.0042037213905614,1000,946.1,461,10,161.7,12905.226426124573,11853.632823097703,5302.99561560154,10,2207.018813295279,0.0,0.0,0.0,10,0.0,-1.2121970746115571,-2.421771681862249,-2.7149593071393703,10,0.4095116396361933,-381.3482375,-785.4380225000001,-845.436075,10,134.9387901061592,419.36181113359146,385.9421213437586,161.71163895905227,10,75.0711576267921,461.5656075030992,426.01189824796427,180.6509154353893,10,82.10129414333304,0.0,0.0,0.0,10,0.0,0.0,0.0,0.0,10,0.0,0.0,0.0,0.0,10,0.0,0.0,0.0,0.0,10,0.0,-109.68087332124334,-213.4001281327026,-228.5295860408469,10,34.62777334104523,-9.127281787099854,-19.057688696581387,-20.72342529851,10,3.3426661371035724,2802.9038620019405,2567.4114891737654,1040.2169013262733,10,511.04583283471527,2412.449082387146,2104.7556618321023,992.0145873753012,10,385.6542511604181,0.0,0.0,0.0,10,0.0,-10.32162745626489,-18.308841368199985,-19.53974976973744,10,2.6734614000903902,234.79624454277103,210.0973496288884,81.10554853282935,10,43.81352856569999,17.216720353390954,12.175612920535167,10.5960857737582,10,2.308795222442648,2658.11823208468,2455.397489021952,1049.4875110609903,10,470.0295420996455,0.0,0.0,0.0,10,0.0,0.0,0.0,0.0,10,0.0,0.0,0.0,0.0,10,0.0,4926.957254123897,4533.32289528374,2190.955880699308,10,810.7419364385341,0.0021691973969631,0.0002169197396963,0.0,10,0.0006507592190889,5.5479794,-0.16600856,-5.8059545,1000,1.088944,1000,422.467680608365,23,526,371.7825700240772,13272.179467201231,5256.990463747245,182.1369481086731,526,4914.014213469695,186514.0,200.5139925479889,200000.0,466.0,18329.694890737534,93200000.0,997.436625038196,466000.0
2.522996e-08,1.7463914e-09,112.540016,-6.4397536e-05,2.720072e-10,0.009067599,10.271668,141.86526,141.84587,10.818091,1243.8604,987.894,1242.4174,1.0,-0.19779837,-1.0,9535,0.85898566,0.270177965740306,0.2670163241925232,0.2621007459089237,10,0.0022578532729292,1000,953.5,535,10,139.5,13021.929045677183,12141.991864728929,6323.9720287323,10,1951.130875322715,0.0,0.0,0.0,10,0.0,-1.0862918119567713,-2.380934600738076,-2.71298195272136,10,0.440654889716114,-419.0863375,-781.5359187500001,-834.225175,10,121.14423292637132,426.9692039848516,401.811491732617,215.64081574394163,10,62.15458942477326,467.60786638235913,437.2370577048403,228.21613416148105,10,69.79597570864269,0.0,0.0,0.0,10,0.0,0.0,0.0,0.0,10,0.0,0.0,0.0,0.0,10,0.0,0.0,0.0,0.0,10,0.0,-121.53245486922695,-210.74801385285724,-222.9023204965396,10,29.781546003347128,-7.247288483351358,-17.902005612020726,-20.051089772333583,10,3.605607285227273,2853.9849326304507,2639.036031682497,1362.3185499906306,10,427.75694071441,2458.473409185204,2234.6884378139034,1388.9429995158157,10,291.0391466363369,0.0,0.0,0.0,10,0.0,-9.995367196631848,-18.191389738894863,-19.51518371597036,10,2.746956543122679,239.4460722742901,219.3228026105756,133.8723875375586,10,29.774698375624475,14.960252620864496,12.370794899141558,10.063923545837987,10,2.001859679368581,2674.2542084800134,2486.861088733573,1281.3892392117032,10,403.29350665014056,0.0,0.0,0.0,10,0.0,0.0,0.0,0.0,10,0.0,0.0,0.0,0.0,10,0.0,4928.588959412145,4546.943602644025,2150.272551203636,10,810.6527216689993,0.0018691588785046,0.0001869158878504,0.0,10,0.0005607476635514,5.8214865,-0.17113775,-5.8104734,1000,1.0712919,1000,535.0074441687345,28,403,423.7879841709896,13303.63730430603,6782.450986497113,310.3600082397461,403,5641.931238606488,186917.0,175.28826546669006,200000.0,467.0,18504.983160972595,93400000.0,1140.977688766085,467000.0
2.522996e-08,1.7470675e-09,112.59614,-5.2112668e-05,2.7133104e-10,0.009059803,10.321712,142.243,142.22356,11.041357,1233.616,1046.9153,1232.1497,1.0,-0.1975822,-1.0,9374,0.8606515,0.273242374024241,0.2669549684944074,0.2533361937118125,10,0.0051401793440144,1000,937.4,374,10,187.80000000000004,13083.600651741028,11840.452802832424,3591.4315157681704,10,2760.5503828158307,0.0,0.0,0.0,10,0.0,-0.7433240389108432,-2.373486747104135,-2.77179339478495,10,0.5497317881410904,-270.14716250000004,-770.82635125,-846.89665,10,167.10756034847552,430.07537174088327,388.6553650468987,124.51642035705969,10,88.56380680341466,466.2475354277837,424.9235236188855,139.92814894500248,10,95.30186634759346,0.0,0.0,0.0,10,0.0,0.0,0.0,0.0,10,0.0,0.0,0.0,0.0,10,0.0,0.0,0.0,0.0,10,0.0,-80.03093225968519,-207.85241092627103,-225.6887506772892,10,42.66272566675951,-6.455992253890181,-18.55399985535865,-22.822383957702662,10,4.225722495724325,2841.936872213656,2556.931265566237,820.1957602211501,10,582.0463542461644,2574.7922851711355,2190.606855985553,761.5576964753143,10,492.35453021005793,0.0,0.0,0.0,10,0.0,-7.578868740133115,-18.104068756097853,-19.632589593599214,10,3.514408613202511,258.8497607170162,217.70948040064323,73.34105397598776,10,49.3874937969505,14.881620862485036,12.410933702982804,4.618191908196367,10,3.048296615216677,2682.1760375981817,2431.491999983346,730.2193885982617,10,569.1433812734788,0.0,0.0,0.0,10,0.0,0.0,0.0,0.0,10,0.0,0.0,0.0,0.0,10,0.0,4917.598015542984,4443.738031875804,1228.1709273198817,10,1078.0658614367703,0.0026737967914438,0.0002673796791443,0.0,10,0.0008021390374331,5.2001576,-0.17940268,-5.3428473,1000,1.0490674,1000,797.5267489711935,45,243,346.3949230288031,13291.12405872345,10291.598859234236,425.2130546569824,243,4643.733357195977,187160.0,172.15730047225952,200000.0,468.0,18677.140466213223,93600000.0,1161.7282534714634,468000.0
2.522996e-08,1.7469647e-09,112.52197,2.6950836e-05,2.714337e-10,0.008974806,10.296027,142.00316,141.9838,10.677359,1235.8329,959.667,1234.4865,1.0,-0.19561967,-1.0,10000,0.8601213,0.2708695304407159,0.2680265521150877,0.265287120882508,10,0.0018319045480032,1000,1000.0,1000,10,0.0,13104.696019172668,12833.05156288147,11555.843796730042,10,431.4653175146233,0.0,0.0,0.0,10,0.0,-2.2501548026859024,-2.6083559123720903,-2.788712949116205,10,0.135746822051692,-787.4670375000001,-829.1269787499999,-846.778225,10,15.788460523312224,428.5542492530605,416.4288908946325,387.13214205120335,10,11.237087176812231,467.4541905092331,460.5976863020822,438.2721002906155,10,8.20744880559885,0.0,0.0,0.0,10,0.0,0.0,0.0,0.0,10,0.0,0.0,0.0,0.0,10,0.0,0.0,0.0,0.0,10,0.0,-219.1247430028281,-221.4752126248486,-223.92618757129,10,1.8015545499120853,-17.389670707946337,-19.252544921731747,-20.502941205894224,10,0.8320768874345945,2849.0406123016246,2780.455980846956,2648.521779245149,10,52.68141004403205,2503.575617779397,2401.526108769196,2214.4237080305275,10,80.55686921392066,0.0,0.0,0.0,10,0.0,-19.004625692016464,-19.44708735868765,-19.84379922672693,10,0.2433871560698182,246.2963406571343,236.9689014805033,223.34206161835536,10,8.07657306072447,15.220633121238023,14.061627416271143,11.261011516651546,10,1.397716869185566,2699.936533715261,2631.669899256716,2335.46008734162,10,102.335746290169,0.0,0.0,0.0,10,0.0,0.0,0.0,0.0,10,0.0,0.0,0.0,0.0,10,0.0,4915.719737533588,4779.040249312583,4127.983731277045,10,223.3808902561595,0.0,0.0,0.0,10,0.0,5.587838,-0.17861158,-5.5583835,1000,1.049119,1000,809.7887931034483,58,232,328.95405461373974,13320.68871498108,10413.563111970394,643.1819229125977,232,4411.050643050791,187392.0,174.2895028591156,200000.0,469.0,18851.42997336388,93800000.0,1147.516039228519,469000.0
2.522996e-08,1.7463369e-09,112.3914,1.3358076e-05,2.720617e-10,0.008977954,10.287501,141.90225,141.88277,10.531282,1237.5276,933.6482,1236.1149,1.0,-0.19024421,-1.0,10000,0.8559753,0.270788587436434,0.2670266510720428,0.2642289645719231,10,0.0018875512684754,1000,1000.0,1000,10,0.0,13096.933356285095,12998.985390281678,12780.420563697817,10,92.96433689361096,0.0,0.0,0.0,10,0.0,-2.639674482775731,-2.71206692906317,-2.7872355347360624,10,0.0480686336614282,-830.909275,-838.1331999999999,-845.0215875,10,4.482316286056805,432.3125397138024,424.7219521877069,417.5568473302861,10,5.099517095874077,465.6978334657569,462.141621543061,456.8104680410248,10,3.054073847564857,0.0,0.0,0.0,10,0.0,0.0,0.0,0.0,10,0.0,0.0,0.0,0.0,10,0.0,0.0,0.0,0.0,10,0.0,-217.16001459454412,-219.7250131599621,-223.18591497389485,10,1.812722029121408,-18.27610774141456,-19.268197991696027,-20.25997188956425,10,0.5694476563516566,2833.3883972154727,2795.2577685337333,2738.079953788724,10,28.43393935540235,2469.5595681835885,2400.839381891634,2296.1019684843272,10,55.69410689518289,0.0,0.0,0.0,10,0.0,-18.735285009978504,-19.156079360827714,-19.72111435239248,10,0.2791375601133538,242.2223441731544,233.0169358312804,224.8365328032645,10,4.925008084528781,14.569534499108384,11.94371977294766,10.72255446321605,10,1.6333348000358752,2699.3018433260067,2676.0734477048945,2650.048284352303,10,15.315802182491396,0.0,0.0,0.0,10,0.0,0.0,0.0,0.0,10,0.0,0.0,0.0,0.0,10,0.0,4918.929256665071,4891.386506755816,4837.506645509922,10,22.54897378069767,0.0,0.0,0.0,10,0.0,5.613794,-0.17829692,-5.235746,1000,1.0503752,1000,792.5761316872428,49,243,344.746005038455,13270.505214691162,10141.123639895102,469.3717737197876,243,4573.231716403116,187635.0,173.10641288757324,200000.0,470.0,19024.53639101982,94000000.0,1155.358699101998,470000.0
2.522996e-08,1.74265e-09,112.18569,4.9356793e-05,2.7574829e-10,0.008925497,10.209337,141.1131,141.09355,9.962065,1248.2262,768.837,1247.1182,1.0,-0.19409104,-1.0,9007,0.856726,0.2709753506370542,0.2664968725214002,0.257837542362944,10,0.0038685299605021,1000,900.7,100,10,268.3363747239647,13108.44989490509,11492.43057616949,1106.4660034179688,10,3529.32959052483,0.0,0.0,0.0,10,0.0,-0.3125487819097275,-2.437721688812158,-2.8304916236249795,10,0.7354636598734645,-81.96983750000001,-751.0197699999999,-849.502,10,226.2828612375204,432.5874236216639,378.5561825395506,34.463214829438144,10,116.5355887584524,467.5839906434708,410.79429500959833,37.23743936298433,10,126.53092038884778,0.0,0.0,0.0,10,0.0,0.0,0.0,0.0,10,0.0,0.0,0.0,0.0,10,0.0,0.0,0.0,0.0,10,0.0,-22.75843536800752,-197.308655677157,-222.9734808991724,10,58.71162117871706,-2.5555888406085323,-16.97049497245225,-20.43374069420308,10,4.972637319634229,2836.8520030073496,2480.18739370701,214.20633368674447,10,763.8078699379481,2469.65207109368,2096.466622878715,178.2654152141884,10,648.6644016188161,0.0,0.0,0.0,10,0.0,-2.1184883777575307,-17.242147528425743,-19.462276988060907,10,5.086499532873723,238.5325940056344,210.7853138769414,17.628239432754448,10,64.47935539385502,14.690727045776844,11.32886868828565,1.0644617836181052,10,3.812743425705895,2691.770143902424,2389.852287574237,241.1642537459996,10,723.8524256605162,0.0,0.0,0.0,10,0.0,0.0,0.0,0.0,10,0.0,0.0,0.0,0.0,10,0.0,4936.879104967609,4317.562516571127,471.1804472493504,10,1345.4150443922874,0.01,0.0011102535832414,0.0,10,0.0029814250799031,5.347781,-0.17448173,-5.5198727,1000,1.0712682,1000,636.6,22,385,380.9005269470908,13210.68979549408,8028.982536041402,207.7446637153625,385,5018.583083618187,188020.0,197.2647709846497,200000.0,471.0,19221.801166534424,94200000.0,1013.8657754331776,471000.0
2.522996e-08,1.7433938e-09,112.15541,-4.9658443e-05,2.7500485e-10,0.009022091,10.176748,140.78334,140.76372,9.740519,1252.0366,687.74286,1251.0913,1.0,-0.19132571,-1.0,10000,0.85809475,0.2710143003110017,0.2677631591833506,0.2639831102172368,10,0.001885059462507,1000,1000.0,1000,10,0.0,12905.675145149233,12562.296770143508,12120.687867164612,10,218.1792808230125,0.0,0.0,0.0,10,0.0,-2.5970145142037127,-2.710329651216731,-2.7772100451273047,10,0.0558739049387709,-827.6723249999999,-836.3291925,-844.4294625,10,5.901883474126099,429.459814790162,414.82945901261047,380.580546912125,10,12.965712429241211,465.2644172037786,451.993584383034,434.3146034628725,10,8.178041397748736,0.0,0.0,0.0,10,0.0,0.0,0.0,0.0,10,0.0,0.0,0.0,0.0,10,0.0,0.0,0.0,0.0,10,0.0,-217.3283989760997,-220.66168939034668,-223.4238970483009,10,1.6109930286543703,-17.243583302758584,-19.367314760348187,-20.9970792719389,10,1.0721346646043843,2798.6311262338463,2690.91473324193,2522.8810612733923,10,75.6936234845816,2372.5583009793345,2122.49621011746,1988.4581767385653,10,123.54884807829356,0.0,0.0,0.0,10,0.0,-18.63714190116555,-19.2079871891075,-19.479200626911595,10,0.2746011967480216,235.68370403799,231.6972821330537,226.1337932223093,10,2.792426641669306,14.786125576377366,11.986651187517902,10.676388776615957,10,1.7292910427362178,2672.790468698536,2635.3191524623408,2595.85664627912,10,21.91205494010933,0.0,0.0,0.0,10,0.0,0.0,0.0,0.0,10,0.0,0.0,0.0,0.0,10,0.0,4937.371619038831,4898.134526134278,4822.816444461314,10,35.63687087107064,0.0,0.0,0.0,10,0.0,5.082688,-0.17688939,-5.88085,1000,1.0535146,1000,744.6465517241379,46,232,365.792379266557,13173.951028823853,9418.93939670315,432.7724485397339,232,4821.1709069525705,188252.0,173.8945608139038,200000.0,472.0,19395.69573235512,94400000.0,1150.1222296080518,472000.0
2.522996e-08,1.7428068e-09,112.22663,1.816763e-05,2.7559174e-10,0.008959961,10.089535,139.88599,139.86623,9.150864,1258.1791,552.77765,1257.5447,1.0,-0.19157173,-1.0,9309,0.86184406,0.2749333054967088,0.2700560557854796,0.2638504513753119,10,0.002788691713781,1000,930.9,309,10,207.3,12546.30572605133,11273.939722913505,2999.030281960964,10,2768.056369216589,0.0,0.0,0.0,10,0.0,-0.612614449535924,-2.524604281766623,-2.8513178018838445,10,0.6422150823915254,-235.3696875,-777.84105875,-847.7651000000001,10,181.00821537020389,412.8537606270809,369.5718238617833,121.69165354999522,10,84.05558563858173,453.00750906629617,409.9953372884655,114.80650873897736,10,98.86874905659964,0.0,0.0,0.0,10,0.0,0.0,0.0,0.0,10,0.0,0.0,0.0,0.0,10,0.0,0.0,0.0,0.0,10,0.0,-72.27564434030428,-207.3508639402332,-225.3622947050881,10,45.06927810554016,-4.8263630763806855,-18.905562530263943,-23.69213749602281,10,4.90290129868143,2673.5661682449872,2365.03741669284,642.0186217223304,10,581.2688733112518,2136.423372017638,1857.9850102993191,593.6490110499562,10,433.0366102307916,0.0,0.0,0.0,10,0.0,-6.312764037421353,-17.545873407464853,-19.37254339578081,10,3.75195946688152,241.2962612036155,215.7973153850172,66.4398705473323,10,50.1589180342882,14.69461634132915,12.343707973822935,7.368467037438332,10,2.392731226472378,2658.561985412652,2413.8602023418216,603.5241618672386,10,604.2554365585041,0.0,0.0,0.0,10,0.0,0.0,0.0,0.0,10,0.0,0.0,0.0,0.0,10,0.0,4929.609129295387,4462.612171811714,1102.3722769110475,10,1121.0912430591593,0.0032362459546925,0.0003236245954692,0.0,10,0.0009708737864077,5.4920034,-0.17409071,-5.480822,1000,1.0518811,1000,768.804979253112,42,241,362.3672962652576,13190.2965259552,9834.54305487154,374.5355401039124,241,4786.20576222113,188493.0,172.34671759605408,200000.0,473.0,19568.042454481125,94600000.0,1160.4514596486813,473000.0
2.522996e-08,1.7394318e-09,112.39236,-4.518375e-05,2.7896666e-10,0.009036572,10.076916,139.64326,139.6234,9.047846,1257.1538,514.48254,1256.6028,1.0,-0.19127238,-1.0,10000,0.86343837,0.2758216321042836,0.2708136674217804,0.267037670047301,10,0.002595786031324,1000,1000.0,1000,10,0.0,12784.682987689972,12171.85795059204,11875.73494195938,10,261.3071173765348,0.0,0.0,0.0,10,0.0,-2.66641895855311,-2.737830184140235,-2.864776309310358,10,0.0576892389499384,-829.0736875,-838.83782875,-852.6797375,10,6.922299183431686,418.6108188647325,390.8914994012228,372.6551805246871,10,14.549539482768813,461.069814303899,439.869130494565,424.64768871948064,10,10.756256960522622,0.0,0.0,0.0,10,0.0,0.0,0.0,0.0,10,0.0,0.0,0.0,0.0,10,0.0,0.0,0.0,0.0,10,0.0,-220.36434120315243,-223.5695702238924,-228.3045374609904,10,2.450058709070901,-18.265798296527663,-21.60100956318432,-24.796928237911573,10,1.5470621744587971,2699.703990550888,2530.8148319110173,2433.6494564425493,10,84.40691380287187,2402.244792360919,2074.6146272135047,1905.085377174975,10,127.71712737229488,0.0,0.0,0.0,10,0.0,-17.99961658384362,-18.6865794898058,-19.216601405431337,10,0.3384703224352173,246.615148162521,234.71785194295165,220.81230090127292,10,7.08953974657076,14.148448507763838,11.220965622438529,10.764196095742657,10,0.9840121354501468,2634.14553645214,2592.6957860608354,2542.173878774439,10,27.08853801421113,0.0,0.0,0.0,10,0.0,0.0,0.0,0.0,10,0.0,0.0,0.0,0.0,10,0.0,4905.850876057864,4796.718613541436,4615.978935985037,10,76.75784642581907,0.0,0.0,0.0,10,0.0,5.4783998,-0.170626,-6.04165,1000,1.050892,1000,768.6074380165289,47,242,360.9720445816674,13246.78160572052,9879.181272313122,426.9336309432984,242,4816.565077444984,188735.0,175.59170770645142,200000.0,474.0,19743.63416647911,94800000.0,1139.005950863885,474000.0
2.522996e-08,1.7405537e-09,112.75216,-0.00012836608,2.778449e-10,0.009148541,10.115912,139.89604,139.8761,9.275355,1251.5963,620.3555,1250.759,1.0,-0.19617201,-1.0,8777,0.86520535,0.2776463618603493,0.270663955620398,0.2663250099156024,10,0.0037859414130419,1000,877.7,434,10,196.7973831126827,12480.540230751038,10557.776208734513,5146.834306240082,10,2532.364000428164,0.0,0.0,0.0,10,0.0,-1.1980433576089775,-2.3790307166569127,-2.833845725911668,10,0.5401282757597253,-357.4658625,-729.98749,-842.830725,10,167.89240533282327,408.7894942418165,334.1739440280182,170.85092007117453,10,81.13323030280007,453.28780817849736,382.8846420422929,183.6738019127016,10,93.30052555576091,0.0,0.0,0.0,10,0.0,0.0,0.0,0.0,10,0.0,0.0,0.0,0.0,10,0.0,0.0,0.0,0.0,10,0.0,-100.89941053601716,-196.3640239904823,-229.1315573683781,10,43.002202727740304,-9.86928392819664,-18.544575877142865,-24.43731579777466,10,4.203653031864071,2654.8371674825166,2193.855809144211,1054.9478164509326,10,552.8840633579373,2219.173581919186,1772.9780299229296,952.5310950916332,10,430.4389921140929,0.0,0.0,0.0,10,0.0,-7.895467492951757,-16.55287171748359,-19.13867663906578,10,3.744571496002996,239.0093709443684,203.20502479061176,117.37847999961438,10,42.90246439073304,14.481943952364416,10.736636350343652,4.762567865240243,10,3.0524808679810174,2646.0441770435027,2261.363114033606,1069.1043356583154,10,560.4749106585438,0.0,0.0,0.0,10,0.0,0.0,0.0,0.0,10,0.0,0.0,0.0,0.0,10,0.0,4803.767412779869,4181.815614015813,1978.0572585479183,10,966.4036389238796,0.0023041474654377,0.0005284816395903,0.0,10,0.0008343699686007,5.3514915,-0.16657214,-5.6567483,1000,1.0714573,1000,568.1606648199446,38,361,357.75867646460733,13232.397747039797,7190.3729655210245,265.41750955581665,361,4764.059268286725,189096.0,171.87161946296692,200000.0,475.0,19915.5057899952,95000000.0,1163.6592511603924,475000.0
2.522996e-08,1.7409512e-09,113.283585,-0.00016007076,2.7744743e-10,0.009222757,10.217131,140.7848,140.76485,10.372059,1234.8065,864.7797,1233.4028,1.0,-0.18439507,-1.0,9294,0.8629408,0.2785491399233601,0.2727312185706818,0.2681539948097448,10,0.0029574651623472,1000,929.4,294,10,211.8,12673.415262699127,11353.68086605072,3167.4515771865845,10,2742.412763805901,0.0,0.0,0.0,10,0.0,-0.6998371458366499,-2.5477543897779587,-2.821818554489002,10,0.6177518790342211,-236.810525,-782.5800325,-853.9429375,10,182.0409467681349,399.4266684006311,353.79372125184693,99.68481467807668,10,85.8442054575345,453.5251661762837,407.8056109520141,118.4562190933576,10,97.06407710589184,0.0,0.0,0.0,10,0.0,0.0,0.0,0.0,10,0.0,0.0,0.0,0.0,10,0.0,0.0,0.0,0.0,10,0.0,-67.79469068836896,-209.31520675653755,-230.6871449506598,10,47.250026367993975,-6.699022062102101,-19.933883527629582,-23.622411039380893,10,4.499699559176537,2665.552439747524,2377.5310275369256,663.4652581241429,10,577.3633190160928,2328.030788022293,1920.9934693690093,552.1421168364469,10,481.4019553243675,0.0,0.0,0.0,10,0.0,-5.509251230599242,-17.544581665179496,-19.078549073343545,10,4.014414566056338,250.15921772712915,219.641776180612,65.31698708834365,10,52.03613382823049,15.109186114936724,11.751769539515418,3.563929591818766,10,3.1893270237523708,2667.7952702793204,2433.794841462135,649.045278622881,10,595.3578420582331,0.0,0.0,0.0,10,0.0,0.0,0.0,0.0,10,0.0,0.0,0.0,0.0,10,0.0,4911.270126724263,4468.124548624224,1271.020036891776,10,1067.1299912624434,0.0034013605442176,0.0003401360544217,0.0,10,0.0010204081632653,5.829511,-0.16055037,-5.651559,1000,1.0818508,1000,567.0488997555012,31,409,301.2431172686331,13172.976663589478,7148.611485465909,234.21711540222168,409,3953.0771472172382,189505.0,198.76509022712708,200000.0,476.0,20114.27088522911,95200000.0,1006.2129107856002,476000.0
2.522996e-08,1.7405523e-09,113.932106,-0.00019833203,2.778462e-10,0.009312901,10.219524,140.70073,140.68092,10.590727,1227.5935,949.6624,1226.195,1.0,-0.18788397,-1.0,9841,0.8628563,0.2781636943525133,0.2715949964242587,0.2661522145878528,10,0.0029735589907725,1000,984.1,841,10,47.7,12712.678098678589,12142.432812154291,9700.973065495493,10,832.932687901232,0.0,0.0,0.0,10,0.0,-2.1287268330252624,-2.615799495749516,-2.873291364657258,10,0.1828505639212531,-689.1150749999999,-821.5260675,-844.172875,10,44.70343163700888,411.24440170412254,391.1191674950894,327.8388692508263,10,24.07702431495128,456.3726463365806,437.997155738289,359.32456004597776,10,27.63551936258066,0.0,0.0,0.0,10,0.0,0.0,0.0,0.0,10,0.0,0.0,0.0,0.0,10,0.0,0.0,0.0,0.0,10,0.0,-189.2431078107909,-221.2564733105901,-231.32037438193527,10,11.078444342215642,-14.272036348974405,-19.65949622994363,-21.910421341475704,10,2.1646953147116124,2740.6891745568355,2580.171173138847,2112.55386524911,10,167.5833620129589,2325.511223247456,2120.146988252252,1733.7714202325064,10,178.1994357090879,0.0,0.0,0.0,10,0.0,-17.259885872162982,-18.69628381442495,-19.31200883913437,10,0.5640549443727605,248.3307368217428,223.9025262205766,176.33664919791684,10,19.213583394061445,15.97741717850456,12.81903039030076,10.742664629159982,10,1.930977932422944,2708.8156139493994,2606.694673104508,2089.0894263941464,10,174.63507251561697,0.0,0.0,0.0,10,0.0,0.0,0.0,0.0,10,0.0,0.0,0.0,0.0,10,0.0,4904.477255351441,4650.332931626008,3627.0679443361178,10,357.4151060326148,0.0011890606420927,0.0001189060642092,0.0,10,0.0003567181926278,5.4086585,-0.1714746,-5.8073387,1000,1.05345,1000,659.9392712550607,38,247,359.62679760966523,13326.386458396912,8445.733091908047,392.1184492111206,247,4803.731220393225,189752.0,175.07252860069275,200000.0,477.0,20289.34341835976,95400000.0,1142.3836829144227,477000.0
2.522996e-08,1.73999e-09,114.581505,-0.00013860081,2.7840838e-10,0.009305122,10.2231,140.70958,140.6898,10.5887575,1227.7643,935.22876,1226.3785,1.0,-0.1894785,-1.0,10000,0.8623695,0.2761982412860201,0.2709729228498839,0.2654696067240409,10,0.0029972892450625,1000,1000.0,1000,10,0.0,13015.808661460876,12720.313489294052,11914.111880779266,10,326.0969107648873,0.0,0.0,0.0,10,0.0,-2.4459833660375576,-2.657128779448275,-2.782736900508717,10,0.0987342860519977,-824.8103874999999,-835.1015199999999,-849.6401625,10,7.294453434053087,425.9095185217842,411.2842153619158,382.8211338073926,10,14.575373465089712,463.0619894851691,455.8340154406311,443.2404748380176,10,6.679929670180811,0.0,0.0,0.0,10,0.0,0.0,0.0,0.0,10,0.0,0.0,0.0,0.0,10,0.0,0.0,0.0,0.0,10,0.0,-219.16390739908547,-224.12145304248423,-230.18509743884832,10,3.053371052338384,-18.12585335862433,-19.87360406931905,-21.768437420033017,10,1.2159992434509248,2820.927773294988,2743.856916564685,2679.543084486545,10,45.54287128128102,2478.2251670117794,2360.72651640944,2186.6962113225204,10,68.72319535702199,0.0,0.0,0.0,10,0.0,-18.60446051886596,-19.130487973496248,-19.44109348482471,10,0.2537255741336482,227.9134940223547,220.52400239473224,216.32235071978585,10,3.737630089844351,15.162178039203722,12.936619058331123,10.848904019735816,10,1.8233072383461624,2716.517860832413,2641.2098545263666,2562.9987139764435,10,44.1726689392484,0.0,0.0,0.0,10,0.0,0.0,0.0,0.0,10,0.0,0.0,0.0,0.0,10,0.0,4937.029793038142,4769.231895647807,4106.775180327747,10,229.7200198217176,0.0,0.0,0.0,10,0.0,5.3264084,-0.16830355,-5.71274,1000,1.0525362,1000,771.260162601626,26,246,372.8511841018511,13337.781165122986,9994.730015679996,258.11089992523193,246,5013.197356514926,189998.0,175.4054787158966,200000.0,478.0,20464.748902082443,95600000.0,1140.2152399352303,478000.0
2.522996e-08,1.7394953e-09,114.944534,-0.00012837005,2.7890315e-10,0.009323932,10.249565,141.0065,140.9867,10.6149235,1230.4684,925.1907,1228.8893,1.0,-0.18651256,-1.0,10000,0.8621252,0.2762098416518213,0.2718911543823523,0.2697340741161585,10,0.001995038107123,1000,1000.0,1000,10,0.0,13340.03651046753,12869.84971897602,11829.71406674385,10,447.17158650366633,0.0,0.0,0.0,10,0.0,-2.414279046378607,-2.658554220592272,-2.855922030104244,10,0.1517078473595556,-815.7706125,-837.62594625,-850.2322875,10,11.079553986856055,427.5645620037035,409.1982304755729,381.5335982903388,10,16.930770771809325,469.8981954262826,458.49281946948247,434.0380448046109,10,11.171179921743324,0.0,0.0,0.0,10,0.0,0.0,0.0,0.0,10,0.0,0.0,0.0,0.0,10,0.0,0.0,0.0,0.0,10,0.0,-222.0924808529724,-224.9048688829044,-229.6349422419513,10,2.57780478680995,-17.96991990499503,-19.13325998985997,-21.122201978688405,10,1.0165816194902328,2837.761884160024,2765.5556247042787,2576.75162344013,10,82.54714343591809,2675.579790488754,2446.997209593911,2202.8888071813035,10,162.857094331926,0.0,0.0,0.0,10,0.0,-18.630972724324828,-19.17302734594609,-19.774629406750805,10,0.3272109986285209,230.1375758093627,220.919953605719,208.4322111942376,10,6.739104801343419,14.877633389835395,13.762775642375246,10.805616047969645,10,1.4599774998674655,2744.4659950699142,2667.833683216895,2421.474683165211,10,86.04117533974133,0.0,0.0,0.0,10,0.0,0.0,0.0,0.0,10,0.0,0.0,0.0,0.0,10,0.0,4924.470715932956,4784.272780960545,4466.54607475121,10,160.26743953019462,0.0,0.0,0.0,10,0.0,5.91896,-0.16122982,-5.916489,1000,1.0742437,1000,598.0445026178011,34,382,349.64457736428574,13308.329215049744,7616.027751245582,355.0231018066406,382,4689.420858990298,190380.0,177.60066294670105,200000.0,479.0,20642.349569559097,95800000.0,1126.1219225292032,479000.0
2.522996e-08,1.7420904e-09,115.09986,7.0053325e-06,2.7630812e-10,0.009200984,10.272322,141.23058,141.21072,10.986534,1229.3435,985.92084,1227.5895,1.0,-0.1850066,-1.0,10000,0.8636054,0.2788654793234996,0.2731732547916813,0.2696403962540482,10,0.0023583435811871,1000,1000.0,1000,10,0.0,13289.815935134888,12987.48503227234,12351.675939559937,10,263.05593031993794,0.0,0.0,0.0,10,0.0,-2.532893834602968,-2.7433704641975454,-2.8656939898167635,10,0.0863809540216629,-833.5935749999999,-844.9071100000001,-853.52845,10,6.05253454597692,421.6673997217174,411.4108796882744,391.8710208943252,10,9.158154815235228,469.9290546542177,461.7920667621187,446.39887359341424,10,6.72635866787331,0.0,0.0,0.0,10,0.0,0.0,0.0,0.0,10,0.0,0.0,0.0,0.0,10,0.0,0.0,0.0,0.0,10,0.0,-223.0542654410488,-225.8413048944811,-232.14878646743185,10,2.4399416139533847,-18.631626998330308,-19.60004581624329,-21.212459527835435,10,0.7590768853567942,2831.770339526809,2759.7470180769697,2627.0036377038105,10,68.28456326830481,2674.899315096393,2541.182419627541,2445.7422901744376,10,76.71479695707865,0.0,0.0,0.0,10,0.0,-18.27957942067961,-19.196647319046303,-19.571992975201816,10,0.3525062203363778,236.9977324021341,223.6766019976626,211.8824656682893,10,6.680998557393389,17.157457996234246,12.833484133235242,10.845691231708276,10,2.125821163104032,2717.1301869766385,2673.073126347509,2594.681142405469,10,37.58811163311787,0.0,0.0,0.0,10,0.0,0.0,0.0,0.0,10,0.0,0.0,0.0,0.0,10,0.0,4940.465952922623,4808.886596865139,4335.710465806503,10,166.21908537525,0.0,0.0,0.0,10,0.0,5.4779243,-0.16590609,-5.698631,1000,1.0506622,1000,821.2595744680851,46,235,324.5378328662485,13288.684580802916,10635.853125541767,398.9081931114197,235,4360.787196922632,190615.0,176.15763187408447,200000.0,480.0,20818.50720620156,96000000.0,1135.3467793150046,480000.0
0.087239265,0.0056047956,16.984903,-0.003740156,0.001374344,0.0050989487,5.750029,139.56572,139.5454,6.454522,1247.018,832.8555,1245.4594,1.0,-0.18329728,-1.0,7733,0.86733246,0.3010399291236391,0.2779580281883365,0.2693329624833462,10,0.0080850373459094,1000,773.3,94,10,361.0235587880658,13266.775371551514,9929.354738354685,1094.298626422882,10,4802.247275229833,0.0,0.0,0.0,10,0.0,-0.2652494535432726,-2.102246663800337,-2.8111148073105507,10,1.0157703891119938,-79.2855375,-652.1112099999999,-855.1863999999999,10,308.99416185265466,419.160720878393,314.760620466015,36.47954717773766,10,149.95607476575822,466.6633241569583,348.92382980671084,37.90155972337303,10,169.3435338225735,0.0,0.0,0.0,10,0.0,0.0,0.0,0.0,10,0.0,0.0,0.0,0.0,10,0.0,0.0,0.0,0.0,10,0.0,-24.242206905549956,-176.61980985200822,-230.60730477672416,10,81.1960411934636,-2.507578311775445,-14.46649963262818,-19.321343257330945,10,6.374103768901949,2822.1474662098926,2105.6915233002865,224.60245846605213,10,1024.5858468033891,2621.531417956472,1974.659874910997,219.67751815008916,10,943.160283584906,0.0,0.0,0.0,10,0.0,-1.779398727081159,-14.870272361191748,-19.594243404146106,10,6.906247452606866,231.1385498924864,174.2321683456405,22.19120375636885,10,82.71024477577953,17.808096512891588,10.475348519682578,1.1174731898580228,10,5.482057340593808,2712.621172864895,2027.1741465281495,180.41665466329263,10,998.0779693743456,0.0,0.0,0.0,10,0.0,0.0,0.0,0.0,10,0.0,0.0,0.0,0.0,10,0.0,4917.298283114161,3656.9874522680207,455.7499744539673,10,1755.1437062946216,0.0106382978723404,0.0020186442035869,0.0,10,0.0036565906130186,5.243694,-0.16335313,-5.3700075,1000,1.053273,1000,696.8088888888889,38,225,390.43831086056906,13332.941590309145,9014.913616058033,383.7924060821533,225,5236.146320097744,190840.0,174.15969324111938,200000.0,481.0,174.15969324111938,96200000.0,1148.3713382700175,481000.0
0.0016973681,0.000114102,27.398123,-0.0037133296,2.1687436e-05,0.0059051793,9.6017065,137.75664,137.73387,9.260295,1270.9883,589.1554,1270.284,1.0,-0.17876251,-1.0,9125,0.86443186,0.2812089737094624,0.2742515409364653,0.2630707726022115,10,0.0048843308840707,1000,912.5,125,10,262.5,13344.912592887878,11996.67829837799,1430.9013485908508,10,3523.132722069676,0.0,0.0,0.0,10,0.0,-0.3056563178521363,-2.556695683789421,-2.869226473168771,10,0.7515831075748584,-95.411075,-778.3226537499999,-865.6078,10,227.76354861481332,425.0147582654125,381.02578500985095,49.18991131715018,10,110.66269890348856,463.35769249893406,418.54767230344834,49.04155895163554,10,123.19013332270384,0.0,0.0,0.0,10,0.0,0.0,0.0,0.0,10,0.0,0.0,0.0,0.0,10,0.0,0.0,0.0,0.0,10,0.0,-27.78702061948433,-207.54663704193564,-232.67145655651672,10,59.98417039089056,-2.845696258245761,-16.552873771002815,-18.947079940887942,10,4.606899024326405,2856.8598356631337,2549.6028250032705,333.76485463435165,10,739.4102652895086,2710.888312098712,2404.5694662467617,234.7260304951144,10,724.7385818812435,0.0,0.0,0.0,10,0.0,-2.200707292710346,-17.351289472316044,-19.354679631722032,10,5.0535489495453465,240.7102887538076,212.0772751414864,31.32099216713317,10,60.472163709256776,18.110933495582024,13.576545808629591,5.189178819234794,10,3.5180927778489446,2697.48215924157,2438.825789398644,292.88852253993474,10,715.463031046997,0.0,0.0,0.0,10,0.0,0.0,0.0,0.0,10,0.0,0.0,0.0,0.0,10,0.0,4914.156446386934,4393.236449801485,535.5434324831447,10,1287.6192326712087,0.008,0.0008,0.0,10,0.0024,5.9761133,-0.16485149,-5.5364304,1000,1.0484315,1000,810.5044642857143,36,224,338.86554431356296,13350.799555778503,10513.823376192311,375.3989067077637,224,4572.020745082388,191064.0,174.42195200920105,200000.0,482.0,348.5816514492035,96400000.0,1146.6446608133915,482000.0
9.6334785e-05,6.497432e-06,37.434147,-0.003449676,1.209347e-06,0.0064444086,10.01561,138.11607,138.09346,9.58997,1267.2252,734.28076,1266.0001,1.0,-0.18355004,-1.0,9220,0.8655827,0.278881641238291,0.2749198606803997,0.2711679341665288,10,0.002497250386322,1000,922.0,220,10,234.0,13315.664834022522,11886.570375263693,2156.813418507576,10,3251.2609249657844,0.0,0.0,0.0,10,0.0,-0.4335320777694608,-2.526734447036559,-2.882838958093765,10,0.7004359489611849,-167.88717499999996,-779.1989987499999,-858.26545,10,203.84613876658528,423.277985272434,380.32321079731526,75.2634780412667,10,102.02926830580454,462.4204216205703,418.7827443151026,87.35871945056853,10,110.58058755705429,0.0,0.0,0.0,10,0.0,0.0,0.0,0.0,10,0.0,0.0,0.0,0.0,10,0.0,0.0,0.0,0.0,10,0.0,-52.42925501923199,-209.5670714992285,-230.6767960180699,10,52.41975590431956,-2.591436520790883,-16.574248516252602,-19.48093695461481,10,4.727021453030532,2846.035935741559,2535.2741361434705,446.37076257629445,10,698.8788364769845,2678.2005510875333,2373.0702132474557,434.4346313333532,10,652.901583536474,0.0,0.0,0.0,10,0.0,-4.651146448097609,-17.523379006257066,-19.627959226524005,10,4.312238519273759,249.52034375812315,216.26197732233555,55.24580506111238,10,54.29976348061592,18.005117552220952,14.628613825418476,10.7803936678292,10,2.139381301007856,2708.255897486717,2437.4647246237937,473.7672623846968,10,655.1208509185617,0.0,0.0,0.0,10,0.0,0.0,0.0,0.0,10,0.0,0.0,0.0,0.0,10,0.0,4905.89470408759,4326.58811660297,743.8817878706831,10,1202.1004322389174,0.0045454545454545,0.0004545454545454,0.0,10,0.0013636363636363,5.792431,-0.15492973,-5.888009,1000,1.0797932,1000,506.0969387755102,33,392,299.879407379401,13290.813923835754,6394.571173657482,260.3032093048096,392,3991.978434594756,191456.0,174.41862416267395,200000.0,483.0,523.0002846717834,96600000.0,1146.6665383936709,483000.0
6.724691e-06,4.540667e-07,47.106026,-0.0031314227,8.39085e-08,0.006899905,10.100529,138.85309,138.83073,10.330245,1250.2645,923.18665,1248.6818,1.0,-0.17989339,-1.0,9701,0.86304635,0.2766410037593758,0.2742666950196729,0.2678218685460952,10,0.003121090476716,1000,970.1,701,10,89.7,13316.123530387878,12738.85513944626,8829.08242559433,10,1305.144546285516,0.0,0.0,0.0,10,0.0,-1.8718727591911768,-2.696695036138467,-2.8851945760626068,10,0.2836906971037957,-589.0656875,-823.819565,-860.4168374999999,10,78.46553289196152,426.5008415932099,405.6017654814856,276.8264888205398,10,43.13437969226318,464.388187066888,445.13177120329794,315.70622990321266,10,43.27985064207239,0.0,0.0,0.0,10,0.0,0.0,0.0,0.0,10,0.0,0.0,0.0,0.0,10,0.0,0.0,0.0,0.0,10,0.0,-161.2209957633594,-219.88394687710493,-228.73869948173837,10,19.751302868792617,-11.48144680082712,-17.742216654555754,-19.28964839867217,10,2.196294500066446,2860.460004450654,2728.723469982512,1902.338769297923,10,278.2557318910073,2669.277379042117,2538.3866282021654,1766.4356795831804,10,258.6173199168206,0.0,0.0,0.0,10,0.0,-13.16042413600565,-18.502178300147623,-19.734144014736025,10,1.813640281322496,247.6171948814538,224.7986209364464,167.85624708592405,10,20.231433488546337,15.836406724174696,13.02813911715944,10.84996624093905,10,1.8469102739369685,2717.4865944356898,2579.6524088182164,1802.853767435016,10,260.65100668970007,0.0,0.0,0.0,10,0.0,0.0,0.0,0.0,10,0.0,0.0,0.0,0.0,10,0.0,4922.408557277756,4666.399845877406,3196.808272599867,10,493.8464668393086,0.0014265335235378,0.0001426533523537,0.0,10,0.0004279600570613,5.6753497,-0.16704534,-5.721036,1000,1.0513027,1000,614.1093117408907,36,247,329.58601224558566,13367.449029922484,7830.895434453186,324.63697242736816,247,4434.739994867605,191703.0,174.40086841583252,200000.0,484.0,697.4011607170105,96800000.0,1146.7832804773095,484000.0
1.180178e-06,7.986853e-08,56.173676,-0.0027601786,1.4545679e-08,0.007254072,10.002408,137.76814,137.74615,9.787452,1258.7477,735.64856,1257.6981,1.0,-0.18292233,-1.0,9169,0.8635748,0.2775193671285659,0.2730272345136063,0.2677319199231778,10,0.0032946642670641,1000,916.9,169,10,249.3,13332.090567588806,11976.368704223632,1728.219229221344,10,3422.0401774589272,0.0,0.0,0.0,10,0.0,-0.4378537021754642,-2.527291121782754,-2.81229121764709,10,0.6988388100895422,-132.47809999999998,-775.85941375,-854.2982125,10,214.5034778728001,425.1832038374305,377.6727016510647,62.93603950415807,10,105.24933272099544,466.70978580283486,420.5675964574837,67.99590407330405,10,117.63735807601849,0.0,0.0,0.0,10,0.0,0.0,0.0,0.0,10,0.0,0.0,0.0,0.0,10,0.0,0.0,0.0,0.0,10,0.0,-38.124923990128295,-207.3749962550729,-230.07951005593455,10,56.48814330300076,-3.321850279815829,-17.006157752726573,-19.628265985845808,10,4.60228252454539,2872.4417559437225,2574.3021193988006,325.9444844324163,10,750.6123159853694,2711.4327503728696,2362.4490721217235,298.43878142436347,10,694.2664714927239,0.0,0.0,0.0,10,0.0,-3.451425471106893,-17.80316677745031,-19.69928399934384,10,4.787568242884613,232.73678180221413,206.34786603094207,36.19770294132333,10,56.93801707118311,15.363399105027147,12.155257714587789,2.29891781741474,10,3.806711616026536,2700.663788498397,2419.076878858755,285.8609440987751,10,712.3365993619025,0.0,0.0,0.0,10,0.0,0.0,0.0,0.0,10,0.0,0.0,0.0,0.0,10,0.0,4890.26629430331,4417.196153062046,788.2581937711018,10,1210.9241778177568,0.0059171597633136,0.0005917159763313,0.0,10,0.001775147928994,5.3932414,-0.16702765,-5.3896766,1000,1.0434558,1000,855.1810344827586,28,232,305.78677772822783,13383.052347183228,11208.888926309068,268.58610820770264,232,4151.539657302521,191935.0,177.0006594657898,200000.0,485.0,874.4018278121948,97000000.0,1129.9392929022135,485000.0
5.4070887e-07,3.659651e-08,64.48837,-0.0023646613,6.6601986e-09,0.0075237313,9.972058,137.39001,137.36838,9.226445,1264.686,743.54285,1263.5975,1.0,-0.17778528,-1.0,8916,0.86574054,0.286192701261488,0.2769756847018827,0.2725026176948333,10,0.0038899924916435,1000,891.6,446,10,216.86641049272703,13369.27410888672,11571.100649690628,4717.2226395607,10,3277.479630049697,0.0,0.0,0.0,10,0.0,-1.0354363820043364,-2.4393825892880603,-2.935787129264386,10,0.7037564733048698,-358.946175,-756.44560875,-866.3380875,10,193.38407283647217,419.3992846395148,364.4620095019352,140.6414308787655,10,102.59739655686532,468.82810018456087,409.1213774560139,178.89275244506186,10,110.649935682501,0.0,0.0,0.0,10,0.0,0.0,0.0,0.0,10,0.0,0.0,0.0,0.0,10,0.0,0.0,0.0,0.0,10,0.0,-105.05642348553586,-204.0779612587252,-232.71438880426703,10,47.41459336375191,-8.253874899709876,-16.38848898502164,-19.370107342859228,10,4.013841276702559,2868.298647572055,2502.9401636407465,1073.2148010713747,10,686.0531047421485,2771.030015155943,2330.8835034462527,953.2257751780188,10,648.5787831078112,0.0,0.0,0.0,10,0.0,-9.10360555299056,-17.60668967074351,-19.89205212090099,10,3.979439577009568,235.2769737801928,205.5245649638868,100.95062635271506,10,50.43491495242802,14.778045915572774,12.649129311814908,9.484789678110907,10,1.8977688467627576,2699.881891930364,2354.624773520408,1018.648206740354,10,624.1063151340242,0.0,0.0,0.0,10,0.0,0.0,0.0,0.0,10,0.0,0.0,0.0,0.0,10,0.0,4904.086837456859,4184.156969438112,1617.6098797324444,10,1260.0569880837008,0.0022421524663677,0.0004369812040835,0.0,10,0.0008743373044792,6.011711,-0.16158935,-5.5310116,1000,1.0666661,1000,689.0239361702128,31,376,335.5166339559073,13419.539937019348,8910.95843486495,245.661554813385,376,4539.211722996813,192311.0,202.6670401096344,200000.0,486.0,1077.0688726902008,97200000.0,986.8402868656312,486000.0
3.49956e-07,2.3752426e-08,71.9326,-0.0020323168,4.244055e-09,0.0077869245,10.049655,138.12556,138.10394,10.071097,1257.3298,844.2986,1255.7906,1.0,-0.17661592,-1.0,9249,0.86504406,0.2787498840147602,0.2763814651819838,0.2708620118166659,10,0.0025277330164762,1000,924.9,249,10,225.3,13388.285357952118,12193.272224903109,2801.490707874298,10,3132.4651084120246,0.0,0.0,0.0,10,0.0,-0.561627305938331,-2.557852756618138,-2.87283559133066,10,0.6679764306571517,-198.8158375,-787.0012324999999,-861.226075,10,196.22464438174543,422.1614291010618,383.3179413067686,90.91584310060011,10,97.52253394124568,468.4830983519287,428.77191804117456,104.48702667685444,10,108.13202926789876,0.0,0.0,0.0,10,0.0,0.0,0.0,0.0,10,0.0,0.0,0.0,0.0,10,0.0,0.0,0.0,0.0,10,0.0,-58.264386137542814,-211.4697557694501,-230.64206996864925,10,51.11486807029284,-3.8646223750516966,-17.864079361643036,-21.633430365770412,10,4.754002420170799,2863.0701768257245,2615.448224367151,643.6404371663904,10,657.437978503724,2772.9541312769124,2445.5126661515696,551.6918783378419,10,636.6904602398384,0.0,0.0,0.0,10,0.0,-5.396520763463683,-18.112434586499887,-19.868175327405535,10,4.24423242549235,242.226358637629,209.82357062236605,56.50792568969493,10,51.5992446547422,14.921677656499508,12.287967402007064,6.945335605467726,10,2.3366581658050447,2700.9063468806107,2453.9059479262096,552.7651150624613,10,634.2130352581228,0.0,0.0,0.0,10,0.0,0.0,0.0,0.0,10,0.0,0.0,0.0,0.0,10,0.0,4888.665652686647,4470.320122875391,1003.3133703508928,10,1155.8272357799472,0.0040160642570281,0.0004016064257028,0.0,10,0.0012048192771084,5.164006,-0.16664034,-5.5029616,1000,1.0515414,1000,800.9458333333333,52,240,326.3826505284437,13404.652865409853,10463.88822673732,523.0995254516602,240,4437.093587048918,192551.0,175.41110062599182,200000.0,487.0,1252.47997879982,97400000.0,1140.1786961387131,487000.0
2.5950544e-07,1.7666757e-08,78.5227,-0.0017978443,3.093681e-09,0.008079661,10.001218,137.5344,137.5131,10.088834,1263.9214,781.696,1262.6946,1.0,-0.1836591,-1.0,10000,0.86452997,0.2782256818452944,0.2737277568851178,0.2676234880984806,10,0.0025673327542707,1000,1000.0,1000,10,0.0,13317.872339248655,13119.136215543747,12703.666366100311,10,160.46103758341326,0.0,0.0,0.0,10,0.0,-2.539339814201984,-2.7300275473015625,-2.7941586283544115,10,0.0684976265357913,-828.856575,-843.588645,-853.0350125,10,7.529110947879248,424.6955834831079,416.2608066110169,409.5633795418125,10,5.335013222629311,470.3456494166073,465.9516787541247,452.9529073059564,10,4.843245285124329,0.0,0.0,0.0,10,0.0,0.0,0.0,0.0,10,0.0,0.0,0.0,0.0,10,0.0,0.0,0.0,0.0,10,0.0,-220.99339274670737,-226.52752547763072,-230.7734370413866,10,2.371529802588522,-18.268321559880363,-19.36011114177674,-21.362320093213555,10,0.8495784582325263,2868.422260571342,2839.4405093259297,2786.120218722319,10,24.41314036610716,2726.545322046276,2608.3041762156163,2526.8468165713057,10,49.76363266999907,0.0,0.0,0.0,10,0.0,-19.219656301868213,-19.62329109143925,-19.901466969243774,10,0.1727574505259614,235.14868708449893,224.61748650392917,215.4987096228368,10,5.580148106856634,15.039999952885696,12.963155207468564,10.883155052601891,10,1.79023084346346,2683.900416008816,2622.033214614597,2471.7898454989618,10,59.94018400992741,0.0,0.0,0.0,10,0.0,0.0,0.0,0.0,10,0.0,0.0,0.0,0.0,10,0.0,4908.341227951267,4815.536075055899,4683.392023562934,10,74.16810754585221,0.0,0.0,0.0,10,0.0,5.168665,-0.16771245,-5.55068,1000,1.0531758,1000,788.5041666666667,40,240,339.34929151142416,13429.696084022522,10325.260995646817,406.2801580429077,240,4600.868990687594,192791.0,176.39186930656433,200000.0,488.0,1428.8718523979187,97600000.0,1133.8391094002488,488000.0
2.0684215e-07,1.41007135e-08,84.2237,-0.0016229374,2.4466573e-09,0.008360832,9.865369,136.14957,136.12856,9.477041,1283.1514,548.47327,1282.5497,1.0,-0.17780118,-1.0,10000,0.86537904,0.2791755443808226,0.2759638359141984,0.2693593568904617,10,0.0031280034033036,1000,1000.0,1000,10,0.0,13320.089418411257,13153.576120328904,12908.419174671171,10,98.7078005557976,0.0,0.0,0.0,10,0.0,-2.656661082325167,-2.7749843704775223,-2.869873577897801,10,0.0600154747214849,-837.4818624999999,-851.4658812499999,-860.0220875,10,6.595711711462749,422.9395517108487,414.6027591552917,407.20489947799615,10,5.170084792795626,469.9427998279747,464.61127099356816,459.36372202865147,10,3.586646645660104,0.0,0.0,0.0,10,0.0,0.0,0.0,0.0,10,0.0,0.0,0.0,0.0,10,0.0,0.0,0.0,0.0,10,0.0,-221.98193970934364,-228.25395183877308,-231.3946699755836,10,3.052972624439883,-18.44250219691093,-20.006310424276883,-21.64347825319496,10,0.9123639504644636,2845.463695799884,2825.288863814248,2798.448531189865,10,14.244353472164104,2697.9997751987485,2633.410157491573,2567.7063812196216,10,42.115753712496925,0.0,0.0,0.0,10,0.0,-19.237298962286445,-19.520250706105926,-19.78997317516766,10,0.198613982098244,228.36021123106303,217.93084100152905,210.13612130112875,10,5.454004563770045,15.460617376376726,12.955126264453252,10.891253379314598,10,1.8831714247664024,2706.396974597617,2653.397500940987,2551.2947011428405,10,42.21636602962448,0.0,0.0,0.0,10,0.0,0.0,0.0,0.0,10,0.0,0.0,0.0,0.0,10,0.0,4905.57315273922,4825.820941712897,4702.386730520829,10,56.77977091641254,0.0,0.0,0.0,10,0.0,5.4117203,-0.16670668,-5.18513,1000,1.0526116,1000,826.647577092511,80,227,303.5134627221681,13410.164437294006,10841.252161265864,580.1388076245785,227,4127.393133373447,193018.0,178.02677178382874,200000.0,489.0,1606.8986291885376,97800000.0,1123.4265385818069,489000.0
1.7240626e-07,1.1800769e-08,89.14864,-0.001394238,1.9917297e-09,0.00852613,9.867794,136.07271,136.05194,9.467944,1287.1346,547.41016,1286.372,1.0,-0.1767129,-1.0,9205,0.8653815,0.2799595074304199,0.2764632126051484,0.2714052355001108,10,0.0028525885145688,1000,920.5,205,10,238.5,13180.595208644869,11983.090291452409,2329.3184776306152,10,3221.8472055413145,0.0,0.0,0.0,10,0.0,-0.5899412317665074,-2.537937238665158,-2.870308480586464,10,0.6537476734810155,-171.04517499999997,-782.08067375,-857.199625,10,203.85693672874584,426.5778489422263,382.1959626079221,76.13548707997032,10,102.19447687832591,471.0197515101305,427.3673094999575,80.74396711471198,10,115.61872020361795,0.0,0.0,0.0,10,0.0,0.0,0.0,0.0,10,0.0,0.0,0.0,0.0,10,0.0,0.0,0.0,0.0,10,0.0,-47.99776759394054,-210.37805761984387,-231.88013515920315,10,54.18121861489778,-3.9564880894431065,-17.598664906293067,-20.79187289049529,10,4.674660060297968,2864.543002123539,2581.7721320562114,459.7489285998471,10,708.5867258211265,2706.7395064732864,2417.1763809233257,429.71277686048313,10,663.809623398795,0.0,0.0,0.0,10,0.0,-4.4405082008360495,-18.02319567753588,-20.039189045804108,10,4.538134077727799,225.1833232986076,201.4076526202415,41.52469410842525,10,53.45002109894209,16.00342441840841,12.613200622351211,5.636229245308275,10,2.913702340860526,2683.8252804302547,2424.479501491939,426.7597269562641,10,667.8674881186766,0.0,0.0,0.0,10,0.0,0.0,0.0,0.0,10,0.0,0.0,0.0,0.0,10,0.0,4819.090721383112,4357.0611463374935,989.2304889692168,10,1125.5006156138654,0.0048780487804878,0.0004878048780487,0.0,10,0.0014634146341463,5.36274,-0.16361272,-5.4684796,1000,1.0500454,1000,815.6470588235294,42,238,329.2218375042409,13417.736357688904,10710.14605173744,438.4525718688965,238,4486.466665886422,193256.0,174.8305389881134,200000.0,490.0,1781.729172706604,98000000.0,1143.9648997112447,490000.0
1.4814623e-07,1.0136208e-08,93.29243,-0.0012491257,1.7154937e-09,0.008712519,9.839416,135.72618,135.70543,9.221722,1291.276,490.59616,1290.6384,1.0,-0.17543133,-1.0,10000,0.8653632,0.2803416519094288,0.2766840484244847,0.2744327931291128,10,0.0018610817965364,1000,1000.0,1000,10,0.0,13262.27541255951,13163.113706731796,12958.70698928833,10,79.29138894173428,0.0,0.0,0.0,10,0.0,-2.692048836739467,-2.780242714267274,-2.8750629963740817,10,0.0533065955499951,-845.00185,-852.9777737500001,-861.7787249999999,10,4.821346073016872,421.1388435332436,416.79216831061774,405.7576416447831,10,4.645434838953726,470.65291567445047,466.0617743641629,461.396752557504,10,3.1082668009638104,0.0,0.0,0.0,10,0.0,0.0,0.0,0.0,10,0.0,0.0,0.0,0.0,10,0.0,0.0,0.0,0.0,10,0.0,-226.7605133738244,-228.87545666761176,-232.12229209743984,10,1.691837496580316,-18.39325619230531,-19.302723550542566,-20.325411949111075,10,0.5379136967575505,2857.461550311636,2825.800915104721,2779.188260022919,10,22.17661253072784,2692.86580965786,2647.2365904725725,2587.3431030090287,10,29.74116069999094,0.0,0.0,0.0,10,0.0,-19.311692336127663,-19.572891320991967,-19.864199331137304,10,0.1927720436277076,238.17789924049512,217.0384581176901,208.0886143073232,10,8.07990407368996,14.93442770892885,12.463832732333833,10.83830726135957,10,1.7655477000931734,2698.31569132082,2665.7617264480427,2633.517372401424,10,19.760232414574563,0.0,0.0,0.0,10,0.0,0.0,0.0,0.0,10,0.0,0.0,0.0,0.0,10,0.0,4877.529517254069,4807.402765343427,4632.592742949494,10,67.25939839725918,0.0,0.0,0.0,10,0.0,5.638443,-0.1625231,-5.4223604,1000,1.0472009,1000,845.931914893617,46,235,306.6112023507482,13426.262418746948,11119.870918784496,441.9081439971924,235,4168.706319573092,193491.0,200.6315734386444,200000.0,491.0,1982.3607494831083,98200000.0,996.8520735404712,491000.0
1.3017755e-07,8.898839e-09,96.76005,-0.0010573134,1.5153664e-09,0.008798118,9.803224,135.28221,135.26134,8.574663,1296.6956,514.0108,1296.0465,1.0,-0.17897905,-1.0,9959,0.8667296,0.2796564719865984,0.2763686055304748,0.2735463675937322,10,0.0020472678714936,1000,995.9,959,10,12.3,13245.364367961884,12887.998164844514,11267.061805725098,10,557.0427933138013,0.0,0.0,0.0,10,0.0,-2.3629787335936707,-2.6972187009232496,-2.83324445379332,10,0.1358185160718822,-783.9142875,-841.10172,-853.9034625,10,19.900854869510464,421.724824575729,410.7289151445492,376.79189117731335,10,12.343338510642663,470.178793929344,458.9225916912993,418.1858809167367,10,14.074044988505976,0.0,0.0,0.0,10,0.0,0.0,0.0,0.0,10,0.0,0.0,0.0,0.0,10,0.0,0.0,0.0,0.0,10,0.0,-225.1390836089801,-228.16423511995805,-231.81190578072025,10,1.912338631071747,-16.12913034843397,-18.57466261971389,-19.818583700182938,10,1.0240371486177062,2861.828186561577,2791.530985539811,2493.003252027425,10,102.31656976662173,2658.4679579864546,2577.2690620681533,2288.7546279229923,10,105.61364324276934,0.0,0.0,0.0,10,0.0,-18.43826189106733,-19.77749919821245,-20.25599650842965,10,0.4805501934666616,220.20324266827464,212.18352209383005,205.74218696899715,10,4.30070914145883,17.59234322104168,12.969385684534393,10.751894883430085,10,2.318201728815988,2698.6667551407886,2637.4811213876733,2409.1444171318817,10,82.5708207832745,0.0,0.0,0.0,10,0.0,0.0,0.0,0.0,10,0.0,0.0,0.0,0.0,10,0.0,4870.582836476286,4669.993487527995,3877.867726232602,10,277.1992625164026,0.0010427528675703,0.000104275286757,0.0,10,0.0003128258602711,5.5401344,-0.15567383,-5.677865,1000,1.083053,1000,523.2933884297521,29,484,316.5493196556722,13391.27036857605,6659.592915190518,210.42431783676147,484,4267.164953144792,193975.0,176.22174406051636,200000.0,492.0,2158.582500934601,98400000.0,1134.9337226586406,492000.0
1.163551e-07,7.937456e-09,99.82019,-0.00096278323,1.3709526e-09,0.008948397,9.904158,136.15567,136.1347,9.106197,1278.9836,729.89136,1277.8875,1.0,-0.17559412,-1.0,10000,0.8650606,0.2796896573340863,0.2763487407212223,0.2739370967206616,10,0.0013677374120492,1000,1000.0,1000,10,0.0,13343.648102760317,13191.164137172698,12993.732466697693,10,96.43672145817298,0.0,0.0,0.0,10,0.0,-2.6244735664546432,-2.76894973530226,-2.944280978201093,10,0.1003789218027945,-839.8503625,-852.383675,-863.6340499999999,10,7.5017042011298996,422.3548969625796,416.8004801458248,411.1218095887968,10,3.756403484252407,467.1422049151279,464.260931448646,460.804481265051,10,2.1956402461827365,0.0,0.0,0.0,10,0.0,0.0,0.0,0.0,10,0.0,0.0,0.0,0.0,10,0.0,0.0,0.0,0.0,10,0.0,-226.82534076869413,-228.6528540257916,-231.2547782676963,10,1.0991534561982108,-18.057807425369376,-19.174399741344374,-21.38666305156072,10,0.9476724980652582,2843.7205565001705,2831.4550638710625,2810.0011809138405,10,9.760766329001422,2760.2907492665054,2657.5550221532103,2612.0696788286687,10,41.02274034004027,0.0,0.0,0.0,10,0.0,-19.071175823619026,-19.590688579826573,-19.946810158764677,10,0.3397330693047783,226.95510092441475,216.9875279871084,209.9368759831353,10,4.957977254921266,15.236594848612494,12.49268848051052,10.785936375050436,10,1.934874378096502,2700.2432620537784,2671.337842460241,2643.3627888124447,10,16.414539016979838,0.0,0.0,0.0,10,0.0,0.0,0.0,0.0,10,0.0,0.0,0.0,0.0,10,0.0,4923.7835769466365,4815.137411627603,4655.011311679578,10,75.635743167709,0.0,0.0,0.0,10,0.0,5.775275,-0.1602108,-5.290818,1000,1.054743,1000,682.9650793650794,22,315,393.2665908502297,13402.175406455994,8871.92765237566,175.17495918273926,315,5288.319972264966,194290.0,175.68518948554993,200000.0,493.0,2334.267698287964,98600000.0,1138.3998878086986,493000.0
1.0539761e-07,7.1876705e-09,102.01638,-0.0007046402,1.2441393e-09,0.008865952,9.938452,136.43437,136.41365,8.908333,1269.3029,749.5752,1268.2196,1.0,-0.17731026,-1.0,9880,0.8681282,0.2801228344026465,0.2774965274959872,0.274443845669174,10,0.001572408540869,1000,988.0,880,10,36.0,13380.975944519045,12933.305661392213,11046.121843338013,10,675.4293889983571,0.0,0.0,0.0,10,0.0,-2.340460462173348,-2.7225869682774078,-2.9102727455016617,10,0.1635028401845584,-740.8470625,-841.9070100000001,-862.094525,10,34.39221038161512,426.04549944070993,408.6662195752725,352.4947547123777,10,19.4331484852892,467.2487273930633,453.3978407059059,390.7705089129343,10,21.83350058599917,0.0,0.0,0.0,10,0.0,0.0,0.0,0.0,10,0.0,0.0,0.0,0.0,10,0.0,0.0,0.0,0.0,10,0.0,-205.1501961460465,-227.2027668525712,-233.5793892149572,10,7.561826391971899,-16.949154838223784,-19.42476261537916,-20.95890615161112,10,1.118431930443302,2858.278403395794,2769.9827492516674,2408.023390903777,10,124.12757268995948,2709.747630848022,2583.8425313306407,2088.194773235128,10,173.32297597952822,0.0,0.0,0.0,10,0.0,-17.254077401297682,-19.21475555377736,-19.9821248756949,10,0.7494569021461999,224.98988642180956,216.3367018882132,188.50888589280413,10,10.032349237444874,14.90731169379166,12.016217238376104,9.681337950511884,10,1.8940613861611668,2707.118926185016,2615.2945881526507,2162.842642572033,10,153.24125140814297,0.0,0.0,0.0,10,0.0,0.0,0.0,0.0,10,0.0,0.0,0.0,0.0,10,0.0,4966.009538998279,4758.017995729753,4225.5042653551,10,236.5795224439496,0.0011363636363636,0.0001136363636363,0.0,10,0.000340909090909,5.258052,-0.16351885,-5.1839886,1000,1.0446093,1000,733.405529953917,49,217,376.96479020855145,13402.865718841553,9554.898252585792,473.1855535507202,217,5128.731020760695,194507.0,175.82955384254456,200000.0,494.0,2510.0972571372986,98800000.0,1137.465207806306,494000.0
9.648315e-08,6.5665366e-09,103.528465,-0.0005931334,1.152117e-09,0.008875412,9.902833,136.03651,136.0157,8.414958,1272.7506,720.79065,1271.7777,1.0,-0.17503867,-1.0,10000,0.86901116,0.2836095856618153,0.2786801329238455,0.2747941869336555,10,0.0025824821215838,1000,1000.0,1000,10,0.0,13393.973475456238,13163.015252923966,12678.028403282166,10,247.20002192019567,0.0,0.0,0.0,10,0.0,-2.705666763551,-2.870487107893438,-3.022108095499871,10,0.119529793332293,-842.4754500000001,-860.9379075,-872.2198625,10,10.187640974264148,421.505584036566,411.4979933447306,400.91335896732016,10,6.734674126230513,464.7847484093653,455.8473346616327,436.6905838643914,10,8.435086301725276,0.0,0.0,0.0,10,0.0,0.0,0.0,0.0,10,0.0,0.0,0.0,0.0,10,0.0,0.0,0.0,0.0,10,0.0,-226.28466340847987,-230.67527165161408,-236.4137573740657,10,3.078129655760278,-19.187029276006005,-20.192876890054023,-22.18725506705403,10,0.8598813475809882,2847.0147191574792,2774.456729598957,2637.860274012134,10,57.66366256063162,2748.564368721345,2646.634716460024,2466.250735149312,10,92.72478585165054,0.0,0.0,0.0,10,0.0,-18.89454490303196,-19.330107901870605,-19.621492482310437,10,0.2564675490402365,230.2136438409862,225.16260846733203,217.87579709655432,10,3.536223825015244,15.312920114681544,12.968205085936166,10.817362059078548,10,2.046738760124858,2697.6589007324565,2646.603028526117,2455.4267886202106,10,74.32333755638534,0.0,0.0,0.0,10,0.0,0.0,0.0,0.0,10,0.0,0.0,0.0,0.0,10,0.0,4944.287126899517,4894.265712572647,4813.002396619952,10,44.98307399690448,0.0,0.0,0.0,10,0.0,5.3043337,-0.16140099,-5.1763735,1000,1.0441741,1000,877.7387387387388,73,222,279.96218250764736,13444.86326122284,11548.350075157376,683.7137031555176,222,3838.672558077667,194729.0,176.89038681983948,200000.0,495.0,2686.987648963928,99000000.0,1130.643691811796,495000.0
8.9083784e-08,6.0656644e-09,104.683945,-0.0005417582,1.0610393e-09,0.008916475,9.886641,135.86314,135.84236,8.4379015,1275.9409,735.36475,1274.7996,1.0,-0.17801547,-1.0,8625,0.8689736,0.2822097851603536,0.2774384559389014,0.2678491682565109,10,0.0037680210148202,1000,862.5,228,10,277.58431151633914,13293.514947891235,11224.118470561503,2246.7099055051804,10,3854.62721146942,0.0,0.0,0.0,10,0.0,-0.4698432446114042,-2.3992673365342423,-2.910405836046789,10,0.8237587295108082,-170.13725,-732.9560099999999,-860.4563125,10,242.09896812272555,419.1549100582849,353.2623558549466,88.26554549948028,10,117.94597027052296,458.6108588679323,390.4046474405165,97.67446035003026,10,128.7106631919751,0.0,0.0,0.0,10,0.0,0.0,0.0,0.0,10,0.0,0.0,0.0,0.0,10,0.0,0.0,0.0,0.0,10,0.0,-51.98931319370628,-198.95877508061736,-233.2848264969801,10,63.84697076735242,-3.5482905183441478,-17.853248774236825,-22.02750143250225,10,6.34131160420039,2818.43343887425,2398.056185210896,574.1229532767152,10,792.2800822803559,2677.287362739754,2191.50837544771,457.9090169241092,10,758.5520960919295,0.0,0.0,0.0,10,0.0,-4.30969161452935,-16.746055781485854,-19.682747259770828,10,5.482855978697561,224.86503044094292,190.20188086823515,44.861817904437416,10,63.15027289029469,11.503992831817037,9.932967236275264,2.845752435149797,10,2.484345655426122,2687.6854967171294,2279.221018930033,380.0632764946893,10,797.6122806856614,0.0,0.0,0.0,10,0.0,0.0,0.0,0.0,10,0.0,0.0,0.0,0.0,10,0.0,4941.804922712605,4182.594137873608,779.6777524906089,10,1451.1336718375,0.0043859649122807,0.0006904856599938,0.0,10,0.0014426988278686,5.368725,-0.1595952,-5.232133,1000,1.0484751,1000,810.5378151260504,76,238,313.90945785318434,13398.464371681212,10644.85559229991,635.2179050445557,238,4273.49288245278,194967.0,200.13093900680545,200000.0,496.0,2887.118592739105,99200000.0,999.3457333111252,496000.0
8.287521e-08,5.651741e-09,105.745964,-0.00053884817,9.782772e-10,0.0089985235,9.925316,136.15721,136.13635,9.188562,1270.3885,882.1644,1269.0538,1.0,-0.17484823,-1.0,10000,0.8689489,0.2824834512282766,0.2788675962742853,0.2752723332133467,10,0.0025542692698549,1000,1000.0,1000,10,0.0,13227.693022727966,13067.35977692604,12795.371277809145,10,144.85551367001452,0.0,0.0,0.0,10,0.0,-2.665874816537287,-2.7849901263019587,-2.8751639260272324,10,0.0644975720956403,-846.2453125,-852.7271075000001,-865.2525249999999,10,5.14695722640508,419.2106824445032,409.9901767402266,402.19979019074833,10,5.109281228667656,460.13097228296726,454.3131102618448,447.7541102207813,10,3.9009914207974257,0.0,0.0,0.0,10,0.0,0.0,0.0,0.0,10,0.0,0.0,0.0,0.0,10,0.0,0.0,0.0,0.0,10,0.0,-227.6824873721731,-231.2970983971276,-234.8346222589061,10,2.519995380967611,-18.89812479674709,-20.162226470527298,-21.91612539415185,10,0.8822912740072959,2819.0195545294887,2778.193400701091,2719.919112854519,10,30.90443339184433,2622.0779731037355,2542.005963043465,2408.10830854511,10,69.35137430813641,0.0,0.0,0.0,10,0.0,-18.869314855449566,-19.604837684815674,-20.020204708500327,10,0.3243862387856642,222.0239712272946,216.365642493226,210.15623228232192,10,3.906957952604904,15.82205179628638,12.702250447472128,10.75897290550146,10,2.1306783764125594,2727.58975237324,2672.0840734444773,2624.174828099045,10,32.22746848675697,0.0,0.0,0.0,10,0.0,0.0,0.0,0.0,10,0.0,0.0,0.0,0.0,10,0.0,4929.678890923544,4878.3501123336055,4783.086987020665,10,43.67576923652199,0.0,0.0,0.0,10,0.0,5.559578,-0.15539184,-5.589064,1000,1.0650177,1000,462.93609022556393,34,266,363.0111015180048,13378.924953460692,5857.929255801036,302.9426431655884,266,4865.511930280776,195233.0,175.3292486667633,200000.0,497.0,3062.4478466510773,99400000.0,1140.710985308143,497000.0
7.7509334e-08,5.29097e-09,106.73482,-0.0005475887,9.0977803e-10,0.009086376,9.806292,134.9409,134.92018,8.708632,1283.0917,732.6074,1282.4087,1.0,-0.17139584,-1.0,10000,0.86833984,0.2807540349029349,0.2796290284812826,0.2774979586170042,10,0.0009748509650284,1000,1000.0,1000,10,0.0,13233.130038261414,13081.728842067718,12867.340844154358,10,112.59461908549363,0.0,0.0,0.0,10,0.0,-2.6306451612156936,-2.819034231085156,-2.9751902926670426,10,0.0985799477496953,-844.646575,-855.9166874999999,-868.7855374999999,10,7.794253531915758,418.2623192193536,413.2779576077597,406.2866460912968,10,3.9020804871885058,460.7068882912026,458.24291247810686,451.3612226040408,10,2.6776524827274715,0.0,0.0,0.0,10,0.0,0.0,0.0,0.0,10,0.0,0.0,0.0,0.0,10,0.0,0.0,0.0,0.0,10,0.0,-229.82645731054737,-231.84092349828,-233.34796872114703,10,0.9903446056457496,-19.13786588404353,-20.04912004698821,-21.837632144076316,10,0.7941867551451468,2819.208491905996,2786.266606326825,2746.8093741959174,10,19.91273908837188,2643.12632684151,2525.942462655109,2350.8091058603786,10,78.24348457636282,0.0,0.0,0.0,10,0.0,-19.31528354553341,-19.771006005151712,-20.222005506267145,10,0.2809681341087682,223.7442994203131,215.0653267813863,206.1070738647136,10,5.5446166563708,15.154993334580714,12.593504869814677,10.801913534341884,10,1.9549870158263083,2712.0639497231987,2689.80982206212,2660.581260594221,10,15.85707556343213,0.0,0.0,0.0,10,0.0,0.0,0.0,0.0,10,0.0,0.0,0.0,0.0,10,0.0,4943.96448675262,4880.455091007311,4770.068966885225,10,47.44180247893272,0.0,0.0,0.0,10,0.0,5.358194,-0.15778029,-6.140235,1000,1.0513623,1000,800.9661654135339,25,266,332.51504966499937,13406.590210914612,10501.709132058057,249.5159330368042,266,4535.309610321024,195499.0,175.67219829559326,200000.0,498.0,3238.120049238205,99600000.0,1138.4840739766448,498000.0
7.2951636e-08,4.9805204e-09,107.70178,-0.0005208396,8.5561186e-10,0.009136982,9.769757,134.62956,134.60884,8.621664,1289.529,650.1282,1288.9492,1.0,-0.17567815,-1.0,9286,0.86877984,0.3008210495886102,0.2802007413268439,0.2747267633115243,10,0.0072463490950935,1000,928.6,286,10,214.2,13212.780365467072,12038.2035140872,2827.961812376976,10,3071.9711193535604,0.0,0.0,0.0,10,0.0,-0.711292610733657,-2.5173283375267284,-2.813579588527146,10,0.6050549259034368,-236.2184,-786.49003125,-865.0551499999999,10,183.56945977503435,418.655371935363,382.14536285668055,105.20447132537024,10,92.38274952380311,467.8579538506593,425.7139948892722,105.94120928189788,10,106.6403496130494,0.0,0.0,0.0,10,0.0,0.0,0.0,0.0,10,0.0,0.0,0.0,0.0,10,0.0,0.0,0.0,0.0,10,0.0,-73.64787472246363,-215.00080954838668,-234.8947382826045,10,47.16545908611039,-6.340779978282132,-18.655175455037163,-21.088593468574448,10,4.142153535010414,2839.5059826065262,2577.4462286079297,594.2763873649918,10,661.3863033171612,2628.621220527454,2351.8403418865173,545.3970873655596,10,603.771136070266,0.0,0.0,0.0,10,0.0,-5.491401839665876,-18.567739435362988,-20.411287142181536,10,4.364023732163672,216.0918591251697,195.6261435482632,51.426250261613205,10,48.20965516509116,15.27162401624316,13.100222358765595,3.67580995027141,10,3.523493895005206,2710.86459250948,2458.141386126682,519.7881675908559,10,646.7298961731761,0.0,0.0,0.0,10,0.0,0.0,0.0,0.0,10,0.0,0.0,0.0,0.0,10,0.0,4899.055127396144,4461.71723954545,1151.4491838250003,10,1104.1799907897298,0.0034965034965034,0.0003496503496503,0.0,10,0.001048951048951,5.7387605,-0.15047649,-5.3614335,1000,1.0666975,1000,713.0331632653061,29,392,335.0628579806437,13408.297876358032,9232.0976864396,216.92625665664676,392,4546.914467718988,195891.0,174.3774061203003,200000.0,499.0,3412.49745965004,99800000.0,1146.9375789545984,499000.0
6.886126e-08,4.713607e-09,108.786316,-0.00057954516,7.9529355e-10,0.009282452,9.875287,135.67346,135.65277,9.4972315,1276.6931,785.6257,1275.6464,1.0,-0.1741567,-1.0,10000,0.8674946,0.2840332368014831,0.2783440029238641,0.2754561415651901,10,0.0022738386607709,1000,1000.0,1000,10,0.0,13240.427399635317,13049.157936763764,12720.338943958282,10,141.35709642947694,0.0,0.0,0.0,10,0.0,-2.551113805344904,-2.73277917874488,-2.902713896534689,10,0.1091046965619002,-830.3960999999999,-849.80201,-856.804875,10,7.495453292473388,417.0637641859138,411.87872703116034,399.8513324843649,10,5.3670004253594525,465.7821041927825,461.12123719668455,454.535850948026,10,3.3904996394264018,0.0,0.0,0.0,10,0.0,0.0,0.0,0.0,10,0.0,0.0,0.0,0.0,10,0.0,0.0,0.0,0.0,10,0.0,-228.5394577934244,-231.01866978408287,-236.70925419606917,10,2.1766903484487568,-19.121614179044656,-20.120402159113677,-20.9090780667899,10,0.6750078451165675,2857.6140459266444,2805.2099322070203,2746.9764943232367,10,36.154164175201785,2607.429047280109,2551.3431654199367,2377.8186614294973,10,64.39487291339714,0.0,0.0,0.0,10,0.0,-19.658861499731103,-20.08363346637408,-20.43161910212983,10,0.1992396848954121,217.22169114881137,210.6728261678537,204.3905750254177,10,4.440773475421238,15.146175492625504,13.7626078964469,10.847622528460402,10,1.877885438973817,2682.859762550917,2662.435523654549,2624.883578759513,10,19.486414071163136,0.0,0.0,0.0,10,0.0,0.0,0.0,0.0,10,0.0,0.0,0.0,0.0,10,0.0,4913.0228452913725,4826.973297829657,4746.393157245719,10,54.04055583461693,0.0,0.0,0.0,10,0.0,5.0595527,-0.15705328,-5.013614,1000,1.0457419,1000,864.7219730941704,50,223,289.8569986246879,13340.292272567747,11275.88077262191,483.2436676025391,223,3916.497054846736,196114.0,175.36152291297913,200000.0,500.0,3587.858987569809,100000000.0,1140.50104422991,500000.0
