actor/alpha_mean,actor/alpha_mean_loss,actor/alpha_std,actor/alpha_std_loss,actor/kl_mean_loss,actor/kl_std_loss,actor/penalty_temperature,actor/policy_mean_loss,actor/policy_std_loss,actor/temperature,actor/temperature_loss,critic/loss,critic/q,test/action/max,test/action/mean,test/action/min,test/action/size,test/action/std,test/effort/max,test/effort/mean,test/effort/min,test/effort/size,test/effort/std,test/episode_length/max,test/episode_length/mean,test/episode_length/min,test/episode_length/size,test/episode_length/std,test/episode_score/max,test/episode_score/mean,test/episode_score/min,test/episode_score/size,test/episode_score/std,test/rwd_metrics/act_mag/max,test/rwd_metrics/act_mag/mean,test/rwd_metrics/act_mag/min,test/rwd_metrics/act_mag/size,test/rwd_metrics/act_mag/std,test/rwd_metrics/action_smoothness/max,test/rwd_metrics/action_smoothness/mean,test/rwd_metrics/action_smoothness/min,test/rwd_metrics/action_smoothness/size,test/rwd_metrics/action_smoothness/std,test/rwd_metrics/active_muscle_count/max,test/rwd_metrics/active_muscle_count/mean,test/rwd_metrics/active_muscle_count/min,test/rwd_metrics/active_muscle_count/size,test/rwd_metrics/active_muscle_count/std,test/rwd_metrics/ankle_imitation_l/max,test/rwd_metrics/ankle_imitation_l/mean,test/rwd_metrics/ankle_imitation_l/min,test/rwd_metrics/ankle_imitation_l/size,test/rwd_metrics/ankle_imitation_l/std,test/rwd_metrics/ankle_imitation_r/max,test/rwd_metrics/ankle_imitation_r/mean,test/rwd_metrics/ankle_imitation_r/min,test/rwd_metrics/ankle_imitation_r/size,test/rwd_metrics/ankle_imitation_r/std,test/rwd_metrics/cyclic_hip/max,test/rwd_metrics/cyclic_hip/mean,test/rwd_metrics/cyclic_hip/min,test/rwd_metrics/cyclic_hip/size,test/rwd_metrics/cyclic_hip/std,test/rwd_metrics/dense/max,test/rwd_metrics/dense/mean,test/rwd_metrics/dense/min,test/rwd_metrics/dense/size,test/rwd_metrics/dense/std,test/rwd_metrics/done/max,test/rwd_metrics/done/mean,test/rwd_metrics/done/min,test/rwd_metrics/done/size,test/rwd_metrics/done/std,test/rwd_metrics/done_flag/max,test/rwd_metrics/done_flag/mean,test/rwd_metrics/done_flag/min,test/rwd_metrics/done_flag/size,test/rwd_metrics/done_flag/std,test/rwd_metrics/effort_cubed/max,test/rwd_metrics/effort_cubed/mean,test/rwd_metrics/effort_cubed/min,test/rwd_metrics/effort_cubed/size,test/rwd_metrics/effort_cubed/std,test/rwd_metrics/grf_pain/max,test/rwd_metrics/grf_pain/mean,test/rwd_metrics/grf_pain/min,test/rwd_metrics/grf_pain/size,test/rwd_metrics/grf_pain/std,test/rwd_metrics/hip_imitation_l/max,test/rwd_metrics/hip_imitation_l/mean,test/rwd_metrics/hip_imitation_l/min,test/rwd_metrics/hip_imitation_l/size,test/rwd_metrics/hip_imitation_l/std,test/rwd_metrics/hip_imitation_r/max,test/rwd_metrics/hip_imitation_r/mean,test/rwd_metrics/hip_imitation_r/min,test/rwd_metrics/hip_imitation_r/size,test/rwd_metrics/hip_imitation_r/std,test/rwd_metrics/joint_angle_rew/max,test/rwd_metrics/joint_angle_rew/mean,test/rwd_metrics/joint_angle_rew/min,test/rwd_metrics/joint_angle_rew/size,test/rwd_metrics/joint_angle_rew/std,test/rwd_metrics/joint_limit_pain/max,test/rwd_metrics/joint_limit_pain/mean,test/rwd_metrics/joint_limit_pain/min,test/rwd_metrics/joint_limit_pain/size,test/rwd_metrics/joint_limit_pain/std,test/rwd_metrics/knee_imitation_l/max,test/rwd_metrics/knee_imitation_l/mean,test/rwd_metrics/knee_imitation_l/min,test/rwd_metrics/knee_imitation_l/size,test/rwd_metrics/knee_imitation_l/std,test/rwd_metrics/knee_imitation_r/max,test/rwd_metrics/knee_imitation_r/mean,test/rwd_metrics/knee_imitation_r/min,test/rwd_metrics/knee_imitation_r/size,test/rwd_metrics/knee_imitation_r/std,test/rwd_metrics/pelvis_imitation/max,test/rwd_metrics/pelvis_imitation/mean,test/rwd_metrics/pelvis_imitation/min,test/rwd_metrics/pelvis_imitation/size,test/rwd_metrics/pelvis_imitation/std,test/rwd_metrics/ref_rot/max,test/rwd_metrics/ref_rot/mean,test/rwd_metrics/ref_rot/min,test/rwd_metrics/ref_rot/size,test/rwd_metrics/ref_rot/std,test/rwd_metrics/solved/max,test/rwd_metrics/solved/mean,test/rwd_metrics/solved/min,test/rwd_metrics/solved/size,test/rwd_metrics/solved/std,test/rwd_metrics/sparse/max,test/rwd_metrics/sparse/mean,test/rwd_metrics/sparse/min,test/rwd_metrics/sparse/size,test/rwd_metrics/sparse/std,test/rwd_metrics/vel_reward/max,test/rwd_metrics/vel_reward/mean,test/rwd_metrics/vel_reward/min,test/rwd_metrics/vel_reward/size,test/rwd_metrics/vel_reward/std,test/terminated/max,test/terminated/mean,test/terminated/min,test/terminated/size,test/terminated/std,train/action/max,train/action/mean,train/action/min,train/action/size,train/action/std,train/episode_length/max,train/episode_length/mean,train/episode_length/min,train/episode_length/size,train/episode_length/std,train/episode_score/max,train/episode_score/mean,train/episode_score/min,train/episode_score/size,train/episode_score/std,train/episodes,train/epoch_seconds,train/epoch_steps,train/epochs,train/seconds,train/steps,train/steps_per_second,train/worker_steps
,,,,,,,,,,,,,0.07802043,-0.00018894147,-0.12546228,244,0.03294228,0.0058898800444004,0.0057869385121114,0.0057238883310506,10,4.9341984925616814e-05,25,24.4,24,10,0.4898979485566356,267.43573665618896,257.3476226806641,245.66839122772217,10,7.431126145095364,0.0,0.0,0.0,10,0.0,-4.305687204831086e-06,-6.258605505033224e-06,-1.2216376089204976e-05,10,2.244570117457467e-06,0.0,0.0,0.0,10,0.0,11.80876199145029,9.499883031699207,5.062802576364601,10,2.599265530337967,11.540312636616784,6.742186212323356,3.658545599781664,10,2.928441798565323,0.0,0.0,0.0,10,0.0,0.0,0.0,0.0,10,0.0,0.0,0.0,0.0,10,0.0,0.0,0.0,0.0,10,0.0,-0.0114505469765827,-0.0118163172901788,-0.0123970436195426,10,0.000298884420727,0.0,-0.0095825994246527,-0.0335594373139731,10,0.0128593658932913,41.30448825692103,15.48412759117205,6.536259415539191,10,12.9751147644281,35.14417660592484,19.533114944687707,5.846748807103479,10,10.613571517596489,0.0,0.0,0.0,10,0.0,-0.3228305522265912,-0.4373133267841887,-0.5419913925311439,10,0.0602765780654924,11.129088389647336,7.934421526243733,1.498202279983054,10,4.093981547823634,10.25241109949658,5.2771984851210885,1.97782894089909,10,3.3219360740949178,73.51964221850069,71.32359373881668,69.400586064963,10,1.4733718058595804,0.0,0.0,0.0,10,0.0,0.0,0.0,0.0,10,0.0,0.0,0.0,0.0,10,0.0,125.0,122.0,120.0,10,2.449489742783178,0.0416666666666666,0.0409999999999999,0.04,10,0.0008164965809277,1.0,-0.03141269,-1.0,1000,0.991054,111,28.20477279222635,12,6998,9.37517503381418,876.9977560043335,250.3713812538644,108.8124647140503,6998,79.95661411380208,6998.0,115.28193402290344,200000.0,1.0,115.28193402290344,200000.0,1734.8772094703525,1000.0
0.211767,0.01407899,14.488889,-0.0035307878,0.0028623762,0.004689899,4.577779,168.89015,168.92206,4.4566665,103.94907,128.418,108.662636,0.94461656,-0.058996025,-0.9940272,370,0.3809371,0.0679501090762508,0.0607942883967439,0.0491098345946208,10,0.0066977297427884,39,37.0,33,10,1.7320508075688772,388.3050527572632,354.0557657718658,327.42437648773193,10,17.220425823765847,0.0,0.0,0.0,10,0.0,-0.0030548007576978,-0.0040799666043857,-0.008511462643341,10,0.0016338027258985,-16.6387125,-17.8703325,-18.967737499999995,10,0.5919407546684873,9.3669772791335,8.451104067890231,7.174032077891452,10,0.7188695039404639,8.577364073124881,6.9669661582447215,6.186681764354046,10,0.7984941778868052,0.0,0.0,0.0,10,0.0,0.0,0.0,0.0,10,0.0,0.0,0.0,0.0,10,0.0,0.0,0.0,0.0,10,0.0,-1.0022757695539304,-1.2892666552206675,-1.4581476881566386,10,0.1583085590392849,-0.015538730662629,-0.1212193345676091,-0.2204932680050136,10,0.0513555387675389,58.763074493435525,39.831602547621074,31.18222256423452,10,10.539774409082227,65.99720669464197,51.45525400231799,29.27452135867181,10,14.474418421882827,0.0,0.0,0.0,10,0.0,-1.024729570233586,-1.290385724906646,-1.561118968607801,10,0.1722575911245801,15.514475776089036,13.111446891547963,10.8178357075097,10,1.4714168318736591,15.315156724131146,13.931136946181429,12.21162075058682,10,0.927903541742434,102.73945730619155,92.22002102848587,81.84785933095145,10,6.480462181725531,0.0,0.0,0.0,10,0.0,0.0,0.0,0.0,10,0.0,0.0,0.0,0.0,10,0.0,167.32725146740017,147.37425226308565,132.5843439157273,10,8.955779984743579,0.0303030303030303,0.0270896197211986,0.0256410256410256,10,0.0013391009125403,3.6604433,-0.020700304,-3.868481,1000,0.71747214,92,38.235112738485256,19,5189,5.041801797091773,746.9389083385468,308.5829382453449,137.46168899536133,5189,57.16581878449617,12187.0,147.47718572616577,200000.0,2.0,262.75912594795227,400000.0,1356.141961993756,2000.0
0.0040914216,0.0002760614,23.565748,-0.004965052,5.125235e-05,0.006850311,9.427767,170.06639,170.07648,9.093827,168.48853,173.13805,161.21503,0.99996936,-0.090045534,-0.9999999,365,0.53554684,0.1210939750974845,0.1159066503854216,0.1038857585590748,10,0.0050802803019042,42,36.5,32,10,2.7294688127912363,349.2092638015747,329.5217710018158,307.0108089447021,10,13.80295770708693,0.0,0.0,0.0,10,0.0,-0.0132637530289524,-0.0148219929927122,-0.0171782911858037,10,0.0011193168210907,-19.3624875,-21.059912500000003,-23.250775,10,1.3453969548055325,9.2202271491466,8.566399982140473,8.161119657631714,10,0.3462107668425081,7.73674880193702,6.955884409503407,5.90693165105664,10,0.6160483492283375,0.0,0.0,0.0,10,0.0,0.0,0.0,0.0,10,0.0,0.0,0.0,0.0,10,0.0,0.0,0.0,0.0,10,0.0,-2.793490985466506,-3.079869941341075,-3.3537904226167106,10,0.2126268100969377,0.0,-0.1369195370186348,-0.2893397535874307,10,0.0939040261181275,51.83256097721118,34.19211164396683,27.4422111154325,10,8.583431257408046,69.52412130136956,51.18988883907733,25.838813565542875,10,16.395934459187565,0.0,0.0,0.0,10,0.0,-1.1087739854073322,-1.4062220471545546,-1.8667633158984045,10,0.1986441250563928,16.743703058287526,12.76103687915597,9.756181474519414,10,1.9894724546828613,15.293891334357806,13.606415303917624,10.96850230219004,10,1.411956511685993,96.6483221702339,87.90769751891003,80.64853706873137,10,5.042127189906043,0.0,0.0,0.0,10,0.0,0.0,0.0,0.0,10,0.0,0.0,0.0,0.0,10,0.0,148.3533030713022,136.96021225376916,124.0596197961175,10,8.311131942136889,0.03125,0.0275500407408302,0.0238095238095238,10,0.0020523615644024,4.306432,-0.06655181,-4.169286,1000,0.79515576,115,44.954268979499886,25,4439,8.93537303796069,994.9630632400512,437.71823741095807,228.2318572998047,4439,89.9364011237081,16626.0,142.43313431739807,200000.0,3.0,405.1922643184662,600000.0,1404.1676535343236,3000.0
0.00021451896,1.5019996e-05,31.955042,-0.0053812843,2.141522e-06,0.0079376865,10.827352,170.85655,170.8578,10.159449,201.86896,242.41573,192.75735,0.9999987,-0.08462096,-1.0,497,0.5288551,0.1286322542906131,0.1176915619925133,0.1101708824493065,10,0.0056323875277412,57,49.7,40,10,4.450842616853577,535.4874935150146,476.2465089797973,367.530291557312,10,46.28272706871185,0.0,0.0,0.0,10,0.0,-0.0280201036004372,-0.0334393722735759,-0.0417298329482092,10,0.004603605172958,-23.44815,-30.41746125,-38.38943750000001,10,4.4407309093614105,9.378038744800689,8.561481306466371,8.153906424034147,10,0.3322190578682963,8.623144903650324,7.36377451932924,6.823570151712239,10,0.4552452442552528,0.0,0.0,0.0,10,0.0,0.0,0.0,0.0,10,0.0,0.0,0.0,0.0,10,0.0,0.0,0.0,0.0,10,0.0,-3.42800151260436,-4.108806215519557,-4.6731848162558975,10,0.392483236659232,-0.2967129112705746,-0.4082021729780717,-0.6228003323948545,10,0.0914411950005169,118.95748798618736,76.38709456825146,56.40355351601374,10,20.450652739129666,109.6635327557452,66.37593232264716,32.530874125673,10,31.082326229701213,0.0,0.0,0.0,10,0.0,-1.3089145192531593,-1.7810560801788458,-1.993701900756112,10,0.1721584253174617,21.32105466764518,18.86226197334564,15.726574282702256,10,1.613375803368618,22.8468391559535,18.84411360693605,13.898526722105569,10,2.623042119321807,139.82218645520348,100.7275514397567,72.61782811759181,10,20.008414289803888,0.0,0.0,0.0,10,0.0,0.0,0.0,0.0,10,0.0,0.0,0.0,0.0,10,0.0,232.35825744216424,211.76445808427167,161.44472780847255,10,20.65481399029994,0.025,0.0202953151382529,0.0175438596491228,10,0.0019638221336459,4.175324,-0.10551541,-4.562222,1000,0.8535363,137,51.17768595041322,22,3872,14.532342741425603,1064.6358585357666,514.3573704616759,164.45236349105835,3872,137.6175114866645,20498.0,142.99365711212158,200000.0,4.0,548.185925245285,800000.0,1398.6634375200267,4000.0
1.3480109e-05,9.4461285e-07,39.668415,-0.0053680027,1.3379598e-07,0.008541476,11.181833,171.34998,171.348,11.798529,236.36964,281.68405,223.71088,1.0,-0.11491048,-1.0,711,0.6384524,0.1750854705370954,0.1630125836095037,0.1402235284153795,10,0.009883074482315,91,71.1,49,10,12.90310040261642,980.5474081039428,702.2681038379669,477.5861353874207,10,143.87403262918994,0.0,0.0,0.0,10,0.0,-0.0519245768711189,-0.0670947478517565,-0.0914136010830077,10,0.0102374918473799,-34.678787500000006,-47.977915,-60.199375,10,8.80416757822112,16.489056203248527,13.464031327841957,11.0940377109398,10,1.9909463449490457,19.175914831893355,13.42663434291109,8.210579754810517,10,3.490163076826371,0.0,0.0,0.0,10,0.0,0.0,0.0,0.0,10,0.0,0.0,0.0,0.0,10,0.0,0.0,0.0,0.0,10,0.0,-6.620259383976803,-8.763592182761972,-10.171262076699236,10,1.2406256725069913,-0.490310837243245,-0.6866115093117277,-1.090005246870172,10,0.1967941673551562,208.14895762703765,110.0047714881884,60.14071028820616,10,39.25666393131744,154.85437951490616,95.70405696816373,59.433935073342965,10,26.83544940631497,0.0,0.0,0.0,10,0.0,-1.518940603439343,-2.389619006031414,-3.2129837245183763,10,0.5099585639565744,25.5683311195768,22.453607690132884,18.410259757565672,10,2.104114194862542,24.30038675240129,22.458994842937805,19.7251305471518,10,1.3737139358168469,233.30332060495843,168.29642620070686,87.09567862749859,10,42.60141652067978,0.0,0.0,0.0,10,0.0,0.0,0.0,0.0,10,0.0,0.0,0.0,0.0,10,0.0,412.5696969379249,307.5808228457656,202.3101633520703,10,63.8111737848496,0.0204081632653061,0.0145787441303897,0.0109890109890109,10,0.0028795578589788,4.127339,-0.15079828,-4.599401,1000,0.9023531,143,64.29987088444157,22,3098,15.042445003858592,1152.854561328888,663.5880541805914,167.20175218582153,3098,141.2832706106861,23596.0,144.99179005622864,200000.0,5.0,693.1777205467224,1000000.0,1379.3884462178091,5000.0
1.652225e-06,1.1711994e-07,46.717968,-0.004782533,1.505805e-08,0.00851997,11.4001875,171.8047,171.79926,11.982398,265.73666,269.11716,253.34196,1.0,-0.17106217,-1.0,533,0.7054183,0.1898093735690686,0.1819839312565376,0.1648423421344093,10,0.0076562250681806,77,53.3,40,10,12.133012816279392,729.2395277023315,539.6207165718079,409.3724465370178,10,117.13788385891267,0.0,0.0,0.0,10,0.0,-0.0571181004269047,-0.0714577427453803,-0.0857579110804363,10,0.0084774078578884,-28.895699999999994,-36.5025325,-48.19897499999999,10,6.64097628838185,16.41953220491497,12.51641744880406,9.336548566005767,10,2.3112197302530526,19.624818551723937,11.324931785356895,7.9660780571135295,10,3.62538801963118,0.0,0.0,0.0,10,0.0,0.0,0.0,0.0,10,0.0,0.0,0.0,0.0,10,0.0,0.0,0.0,0.0,10,0.0,-5.912904384912092,-7.591577756445401,-10.599203650671647,10,1.5597282154255474,-0.5569669157081608,-0.7493026074996112,-1.104495984244747,10,0.1497507114427361,117.27822253692004,104.87155754029232,92.80485682876296,10,8.387881766960405,94.07948625034368,81.39841627414089,70.07781479918904,10,7.426570657161855,0.0,0.0,0.0,10,0.0,-1.1976806345600028,-1.7299031341995923,-2.6383864116748748,10,0.4595930773712355,23.9166198087783,18.61746261823184,14.12468251074166,10,3.61915425917248,21.433981171879,19.33885261475607,15.914376502197443,10,1.9622478026972248,168.09494112776122,104.6961924980491,60.319099207429474,10,39.95375248504856,0.0,0.0,0.0,10,0.0,0.0,0.0,0.0,10,0.0,0.0,0.0,0.0,10,0.0,340.63213215776534,225.910081407669,162.74150251881522,10,62.85630350324079,0.025,0.0196451062296691,0.0129870129870129,10,0.0039291099891681,4.466697,-0.19226429,-4.551774,1000,0.94439226,169,73.5138019874862,29,2717,16.023982904653362,1418.9815974235537,779.4540081691829,300.4441022872925,2717,120.20214010858842,26313.0,169.11200976371765,200000.0,6.0,862.2897348403931,1200000.0,1182.6481175372398,6000.0
6.1557455e-07,4.3848434e-08,52.92024,-0.0042234184,5.3975353e-09,0.008457037,11.543721,172.16539,172.15823,10.883074,293.86893,242.39154,285.5293,1.0,-0.21703295,-1.0,696,0.7157734,0.1881485714943341,0.1744594410599427,0.1568865288559536,10,0.0096624898680462,88,69.6,55,10,11.128342194594843,967.239884376526,716.8270765781402,561.5460457801819,10,119.55512822653246,0.0,0.0,0.0,10,0.0,-0.0707729424520764,-0.0887522265261562,-0.1056482336364071,10,0.0117717210490885,-35.093275,-45.0765025,-57.4163875,10,7.044218352359078,23.42582809722201,19.282273611067367,14.367210961808611,10,2.458711442914613,30.128918295951166,20.45360631925788,9.114376375843236,10,6.146231770458219,0.0,0.0,0.0,10,0.0,0.0,0.0,0.0,10,0.0,0.0,0.0,0.0,10,0.0,0.0,0.0,0.0,10,0.0,-6.652736693324426,-9.590225248284602,-12.281784218938215,10,1.820890564957959,-0.3312627556684668,-0.7622344380515432,-1.280263786967954,10,0.290433746955646,159.65648282705416,111.70591165110147,85.93675660457438,10,21.631996481846496,163.30961811876077,116.7322405608998,89.74574767346104,10,27.438742540394227,0.0,0.0,0.0,10,0.0,-1.4402651944767395,-2.167942905455611,-2.88181808076222,10,0.4393060349467167,25.226640714771868,22.76615331948119,21.18756788054288,10,1.0692545535003994,24.123212030677024,22.91124455816556,20.538914913538544,10,1.188820946914248,218.985891720984,144.32646095597516,80.65802304760959,10,43.303274906890536,0.0,0.0,0.0,10,0.0,0.0,0.0,0.0,10,0.0,0.0,0.0,0.0,10,0.0,407.3840821635137,306.74461719672433,233.11985949550188,10,52.20009803259288,0.0181818181818181,0.0147472840750138,0.0113636363636363,10,0.0023900182692542,4.6962624,-0.24386099,-5.002693,1000,0.96804935,185,75.96304761904761,27,2625,17.028015186398225,1527.3675582408905,832.3882918916988,217.48300743103027,2625,133.81265279990234,28938.0,144.3990068435669,200000.0,7.0,1006.688746213913,1400000.0,1385.0510773711055,7000.0
3.7210876e-07,2.65659e-08,58.679577,-0.0039960784,3.2028045e-09,0.008690445,11.66501,172.30473,172.29677,10.266516,325.21643,232.7079,319.50458,1.0,-0.2267769,-1.0,843,0.7308125,0.1926606168979563,0.1812103350266869,0.1690675861950168,10,0.0074899191843963,152,84.3,62,10,25.604882346927507,1661.7422442436218,859.5207831859589,574.2075772285461,10,295.4425425513622,0.0,0.0,0.0,10,0.0,-0.0789802059716802,-0.1188199361505583,-0.1954782686036891,10,0.0344222627150229,-41.35006250000001,-56.49267249999999,-102.24025,10,17.462766482246234,27.77929781385125,18.54512912537841,14.263209420882651,10,3.614573081547433,43.88538071097662,20.904848283506148,13.661475600304271,10,8.29411826914378,0.0,0.0,0.0,10,0.0,0.0,0.0,0.0,10,0.0,0.0,0.0,0.0,10,0.0,0.0,0.0,0.0,10,0.0,-8.658916239343718,-11.907490712227837,-20.361034464021813,10,3.1593460557048165,-0.3986647413938553,-0.9239041657114956,-2.1741968472850446,10,0.513957177109403,324.05982884395576,133.78161030636193,75.32598869554671,10,67.71799300379602,318.3938773818854,150.31146020286988,86.74805505054698,10,62.62412202550718,0.0,0.0,0.0,10,0.0,-1.919604990802768,-2.68212493730342,-4.546365757456542,10,0.71219869093916,51.18593743536866,26.678573966300167,21.891963983058872,10,8.329729785569636,56.48920646455909,27.06577700703913,21.37581690535284,10,9.988272029688378,356.3347810329968,175.76401759375807,99.90226295421245,10,71.06237090446544,0.0,0.0,0.0,10,0.0,0.0,0.0,0.0,10,0.0,0.0,0.0,0.0,10,0.0,592.770228421897,366.68688962057234,261.03001922923414,10,94.08270653708612,0.0161290322580645,0.012693986938113,0.006578947368421,10,0.0028562535784378,4.314173,-0.29222208,-4.9010773,1000,0.9766651,200,79.3122028526149,30,2524,17.25652434269174,1751.402414560318,903.4782669523468,345.5199661254883,2524,137.8243229064663,31462.0,144.52571940422058,200000.0,8.0,1151.2144694328308,1600000.0,1383.8367373257954,8000.0
2.6766415e-07,1.9126427e-08,63.955708,-0.0036247012,2.2867097e-09,0.008741159,11.755203,172.413,172.40463,9.557714,352.7385,196.75952,349.12308,1.0,-0.22408761,-1.0,754,0.7431892,0.2018940639824171,0.1882715224897456,0.1701133081456349,10,0.0090651377652473,110,75.4,53,10,21.66656410232135,1047.421576976776,772.7863975048065,493.7751269340515,10,195.15379014603707,0.0,0.0,0.0,10,0.0,-0.0821415870160375,-0.1294952617838003,-0.1819520719747737,10,0.0332710432682867,-36.7314875,-51.056965,-74.015625,10,14.060166576873518,18.027535778152743,14.36988067753732,10.452168998549878,10,2.595515046024388,27.47932597929857,17.604294302599605,11.822267897434092,10,5.988652063250672,0.0,0.0,0.0,10,0.0,0.0,0.0,0.0,10,0.0,0.0,0.0,0.0,10,0.0,0.0,0.0,0.0,10,0.0,-7.488159313610903,-11.182240903069353,-17.412931135480633,10,3.0444033022607964,-0.3828754881860659,-0.8923181663383349,-1.411220842007029,10,0.3179077029162204,206.20007387776084,129.17950942917545,81.08199223108488,10,49.95691316962206,212.8955493971944,154.991521113744,93.3676005177214,10,40.84091665706193,0.0,0.0,0.0,10,0.0,-1.6591161475577147,-2.499121295827236,-3.716845179643089,10,0.6879459583834899,31.08200695162407,24.748409474952688,19.68756030744313,10,3.534831680278679,33.59668085537936,24.533733615760664,19.75633418009137,10,4.941503801496144,156.70316909532812,129.01345578026454,81.65218860664271,10,26.27374021159342,0.0,0.0,0.0,10,0.0,0.0,0.0,0.0,10,0.0,0.0,0.0,0.0,10,0.0,503.0156181802897,332.9234924680503,215.59878349495207,10,103.20228494759888,0.0188679245283018,0.014315265965401,0.009090909090909,10,0.0036954965198212,4.790764,-0.30433086,-5.1412,1000,0.9943882,176,86.08159722222223,41,2304,18.60348612652995,1786.0164756774902,976.3825866763816,472.4663028717041,2304,147.19405286032833,33766.0,144.73420333862305,200000.0,9.0,1295.9486770629885,1800000.0,1381.8433748661053,9000.0
2.0976974e-07,1.5024176e-08,68.653656,-0.0031781846,1.7573999e-09,0.008670477,11.817736,172.49994,172.49135,8.913056,376.23975,174.62999,373.76462,1.0,-0.2335952,-1.0,701,0.7590238,0.2078049026316563,0.1953273157146668,0.1833336437126701,10,0.008875749709117,112,70.1,35,10,26.40624926035502,1114.4179220199585,710.639733171463,401.9392356872559,10,246.2750430417556,0.0,0.0,0.0,10,0.0,-0.0852333594281295,-0.141276108421629,-0.2291060253791545,10,0.044937015586894,-25.2047875,-50.14903999999999,-79.463175,10,19.383569193714685,21.267072048817635,13.575492203425052,9.040646451873055,10,3.799299539860907,28.332515287837246,17.25389454689047,8.656909584828925,10,6.015068197405593,0.0,0.0,0.0,10,0.0,0.0,0.0,0.0,10,0.0,0.0,0.0,0.0,10,0.0,0.0,0.0,0.0,10,0.0,-5.061785264463825,-10.706858038459824,-16.791101813374926,10,3.581720492134257,-0.7072011259775095,-1.135737816656304,-1.4308183807162762,10,0.2650401785223496,233.5342511862612,128.37245953936986,81.00047028538938,10,61.798009436668586,186.5351925630253,134.83521542001188,82.80540574848801,10,39.57359577739994,0.0,0.0,0.0,10,0.0,-1.1114682234598687,-2.373610032253813,-4.106347624833853,10,1.013868918487459,32.18223877780686,22.827672416187006,13.56705760317154,10,6.112821507247853,34.928551753092506,23.17363488195108,10.610940926468189,10,7.210581219670941,160.47370933750008,120.0926278420198,67.70347413438348,10,30.551310587609947,0.0,0.0,0.0,10,0.0,0.0,0.0,0.0,10,0.0,0.0,0.0,0.0,10,0.0,516.4101254065355,304.30839955646616,144.03336355424906,10,125.71025409402476,0.0285714285714285,0.0164813913011506,0.0089285714285714,10,0.0062216624712583,4.3369975,-0.30537206,-4.4768414,1000,1.0079892,208,92.85348837209304,38,2150,21.85358092988806,1838.0916457176208,1025.0884650868177,449.8950090408325,2150,168.12659509283398,35916.0,144.10506176948547,200000.0,10.0,1440.0537428855896,2000000.0,1387.8763004170223,10000.0
1.7297226e-07,1.2427182e-08,72.87574,-0.0027679075,1.4106044e-09,0.008597966,11.857661,172.56548,172.55612,8.508336,389.21487,168.04486,387.69415,1.0,-0.23907524,-1.0,877,0.7741701,0.2224331264390495,0.2007965309552163,0.1772491175039581,10,0.0152213603518607,139,87.7,40,10,36.21615661552176,1360.2380690574646,889.1533286571503,462.537392616272,10,348.7943314931339,0.0,0.0,0.0,10,0.0,-0.0988031172011077,-0.1719353811299569,-0.2604410218590721,10,0.0480293954293398,-27.7706625,-62.7139325,-101.5494375,10,26.3574861736028,28.03298457248368,16.591239471897577,8.23031289701508,10,6.35993184700058,34.28157790675073,21.9434628858806,8.81490881909897,10,8.830568396573316,0.0,0.0,0.0,10,0.0,0.0,0.0,0.0,10,0.0,0.0,0.0,0.0,10,0.0,0.0,0.0,0.0,10,0.0,-5.556684836459272,-14.1468854766741,-24.90671581651361,10,6.203969547444371,-0.9639137877945614,-1.5682205424001237,-2.1830646776761258,10,0.3938320943090569,253.77867905515944,147.13905136539788,84.76316501118966,10,63.1520515203672,275.5078895847752,174.7922465791767,86.68225026806392,10,64.73088886528141,0.0,0.0,0.0,10,0.0,-1.0117373957745528,-2.8300212839086463,-4.810725844671783,10,1.386570359361005,44.67038743241102,28.46748629206263,14.58105365849778,10,10.366341408811037,39.02772181235426,26.47016689568209,12.440072166887871,10,8.879973789102653,273.4673610097851,161.0589249086952,84.27650775275143,10,60.37219614496472,0.0,0.0,0.0,10,0.0,0.0,0.0,0.0,10,0.0,0.0,0.0,0.0,10,0.0,635.7786150395382,379.9748602339543,168.46593003218314,10,174.84107748203112,0.025,0.0139751624899482,0.0071942446043165,10,0.0065111190514084,5.0519495,-0.31603724,-4.7093377,1000,1.0133096,227,99.3930174563591,43,2005,23.78836764123608,2035.5673089027405,1093.258814574462,450.0168695449829,2005,187.87348036173125,37921.0,167.9613902568817,200000.0,11.0,1608.0151376724243,2200000.0,1190.7498484867156,11000.0
1.4749732e-07,1.0627055e-08,76.73735,-0.0025460224,1.1727292e-09,0.008685011,11.894514,172.6094,172.59955,8.49496,403.9881,168.05353,402.92606,1.0,-0.26462552,-1.0,1021,0.763061,0.2099867351310628,0.1932412427428544,0.1642292892633472,10,0.0143944358277553,176,102.1,46,10,33.62870797399151,1708.8084607124329,1077.952025794983,460.11188316345215,10,343.1086310950014,0.0,0.0,0.0,10,0.0,-0.138950071828909,-0.2162767803930142,-0.3603672880946226,10,0.0631810186618657,-33.23795,-72.74255624999998,-120.71455,10,23.92957153924058,24.56707851992592,15.955024459572863,9.127934329480269,10,3.9247604316708458,26.793007515567894,21.482619065905453,12.7238307448484,10,4.792706076355555,0.0,0.0,0.0,10,0.0,0.0,0.0,0.0,10,0.0,0.0,0.0,0.0,10,0.0,0.0,0.0,0.0,10,0.0,-7.288560728608695,-15.316462446378434,-21.805569538625512,10,4.242732104393859,-0.6760230108089345,-1.3899003028564567,-2.466821858472485,10,0.5060696064758576,251.2369359479657,188.20808241435395,87.13458043715802,10,58.62067007669472,456.8691086493923,212.5507662271858,86.51832260666859,10,96.4507684675849,0.0,0.0,0.0,10,0.0,-1.2861492874948235,-3.451455431378374,-6.454624099365185,10,1.381179006585579,54.50760495369553,32.1701648096949,17.231567251102234,10,9.530512129151552,61.380050532625965,33.24766527209418,18.59448385868301,10,11.761522797499628,355.449521950035,224.3888800257324,75.91752215346283,10,81.43667735624629,0.0,0.0,0.0,10,0.0,0.0,0.0,0.0,10,0.0,0.0,0.0,0.0,10,0.0,610.5085189142201,427.74944238277055,181.35517057236976,10,136.28810715201462,0.0217391304347826,0.0111033001891269,0.0056818181818181,10,0.0044093658004701,4.692907,-0.32418832,-4.707918,1000,1.0212675,264,103.27643115007736,39,1939,22.397757302537507,2059.6641886234283,1147.9927423229965,464.2319755554199,1939,180.56918875804,39860.0,144.40952372550964,200000.0,12.0,1752.4246678352356,2400000.0,1384.9502085482636,12000.0
1.2885741e-07,9.302034e-09,80.28208,-0.002303346,1.0065591e-09,0.008725911,11.931297,172.69545,172.68526,8.428507,416.2662,170.54085,415.62863,1.0,-0.27595735,-1.0,1025,0.77181077,0.2167731390905593,0.1957355970126487,0.1731385567506007,10,0.0144052621424317,160,102.5,47,10,28.450834785643814,1492.9545497894287,1059.230976819992,494.49962520599365,10,256.2612916041453,0.0,0.0,0.0,10,0.0,-0.1636442138206563,-0.2220172796822245,-0.2985177753496901,10,0.0431701497995276,-35.09327499999999,-72.56491874999999,-106.385125,10,17.815842572534148,28.5177433355122,16.12051433979031,8.847368214087698,10,4.890295787677384,28.227470662047555,21.193845694155986,12.63481983016936,10,5.211122361034899,0.0,0.0,0.0,10,0.0,0.0,0.0,0.0,10,0.0,0.0,0.0,0.0,10,0.0,0.0,0.0,0.0,10,0.0,-7.52559365471993,-15.592397249899133,-21.64569425301554,10,3.360259467387217,-0.6782200285258912,-1.5747472412464447,-2.624754088422109,10,0.6253940895727117,315.1092068340711,198.59257119886107,95.12282444810955,10,60.45235844926548,355.2890361320233,224.67727937266392,100.46337362638413,10,72.58869927784818,0.0,0.0,0.0,10,0.0,-1.4157597715337262,-3.3082213054900533,-4.972579248831439,10,0.897297018549123,53.88839503991101,31.909491538152984,17.383522937361143,10,9.73092901352643,50.29790263553867,32.79091029265289,19.129282784788384,10,8.315185430272459,377.9096930639287,237.4835353570109,71.39860655184943,10,80.77234359513116,0.0,0.0,0.0,10,0.0,0.0,0.0,0.0,10,0.0,0.0,0.0,0.0,10,0.0,457.2761358739188,374.17306612073423,207.09400244633545,10,61.73780289426085,0.0212765957446808,0.0107455887272985,0.00625,10,0.0039179111677855,4.892567,-0.31786942,-4.7838373,1000,1.0330644,258,105.27058206607236,28,1907,25.403780440065223,2303.124710083008,1156.6299566040816,227.44643783569336,1907,232.40582213311072,41767.0,144.0980348587036,200000.0,13.0,1896.522706747055,2600000.0,1387.9439799169463,13000.0
1.1463072e-07,8.29613e-09,83.60774,-0.0022244751,8.743286e-10,0.008913093,11.970759,172.75424,172.74356,8.541136,423.09286,189.53392,422.87408,1.0,-0.26818794,-1.0,1158,0.7846044,0.2209305719561089,0.202205202915013,0.1818565267835837,10,0.0111041187683945,153,115.8,88,10,17.831432920547915,1402.3465824127195,1188.0520183086396,911.787699699402,10,161.05069266249714,0.0,0.0,0.0,10,0.0,-0.1866951995278924,-0.2191025779797906,-0.2776422260994486,10,0.0275666658461193,-65.80482500000001,-82.44748499999999,-105.7337875,10,10.806257997577724,29.589650625430263,18.5607906461424,11.642250145269683,10,5.029046104297407,30.290424432812888,23.81478691377775,17.99570068643754,10,3.675268910471106,0.0,0.0,0.0,10,0.0,0.0,0.0,0.0,10,0.0,0.0,0.0,0.0,10,0.0,0.0,0.0,0.0,10,0.0,-14.385354915399096,-18.631227779519765,-23.390185394453013,10,2.7639551427433267,-1.0629125865835525,-1.6932135716418937,-2.5172673555518497,10,0.4667660557203466,263.0435850825871,212.7028171514793,154.34381266804118,10,33.91354751422136,346.279734685146,216.8524771217307,145.58691590731738,10,56.68294117645899,0.0,0.0,0.0,10,0.0,-2.881665274673724,-3.980564698395998,-5.0243930888713,10,0.614351416270754,50.94685956672463,35.40935391293257,23.50411651877728,10,7.670246327580116,56.44910551661273,36.96986589141402,25.06083667203045,10,7.813699581546924,320.1671273930113,258.3493400150818,166.26592722922564,10,53.57937545172665,0.0,0.0,0.0,10,0.0,0.0,0.0,0.0,10,0.0,0.0,0.0,0.0,10,0.0,561.5395661023759,473.8597885641208,355.7591949485273,10,67.22255674269498,0.0113636363636363,0.0088423990936533,0.0065359477124183,10,0.0013705055766959,4.6376476,-0.33487496,-4.571723,1000,1.0402496,267,109.96128318584071,46,1808,24.98970241263425,2412.506953716278,1214.082251241546,520.925488948822,1808,219.17723222308072,43575.0,144.69260120391846,200000.0,14.0,2041.215312242508,2800000.0,1382.240683600232,14000.0
1.03416205e-07,7.491688e-09,86.77594,-0.0020795162,7.8160867e-10,0.0090215895,12.003437,172.8007,172.78969,8.553977,431.7761,199.23079,431.93735,1.0,-0.28568792,-1.0,1168,0.78859276,0.2161765613840879,0.2008200830240663,0.1747819641987063,10,0.0133474571621709,158,116.8,84,10,22.25668438918969,1656.5217418670654,1268.5688533067705,867.883533000946,10,224.8145481608261,0.0,0.0,0.0,10,0.0,-0.1399335333280855,-0.2512807815379507,-0.3087493251534365,10,0.0507099396472374,-57.5742875,-83.45607125,-105.9509,10,14.739010470147804,33.101104983904634,17.508639176180928,12.47416178858712,10,6.183494498546725,32.90991232521638,20.9752177731706,12.470654003101783,10,4.8937095495888725,0.0,0.0,0.0,10,0.0,0.0,0.0,0.0,10,0.0,0.0,0.0,0.0,10,0.0,0.0,0.0,0.0,10,0.0,-14.915660656510946,-18.56284671310772,-24.5922820845448,10,2.998529894995582,-1.1193146174533828,-1.840927525287136,-2.756402056359632,10,0.5985570104047986,310.5180573289187,219.46843606164265,109.6766764663618,10,52.57427702916922,318.50799677940614,254.07812604712484,162.21718397787583,10,54.33229267825795,0.0,0.0,0.0,10,0.0,-2.796408582713029,-4.32336991189536,-6.048396192400141,10,0.9175797556125352,52.60605954426315,35.60542921016031,24.51320992781924,10,8.660904525289947,54.32341317677454,37.413556048409085,27.1995144386218,10,7.716799218054322,369.8870268555379,275.20287320633986,177.78289384140513,10,59.19293415727061,0.0,0.0,0.0,10,0.0,0.0,0.0,0.0,10,0.0,0.0,0.0,0.0,10,0.0,649.173905313287,498.42430203806873,391.15409874501614,10,71.59171205271112,0.0119047619047619,0.0088683437071798,0.0063291139240506,10,0.0016383795814104,4.460561,-0.3394325,-4.8678074,1000,1.0478483,258,111.28053541550474,26,1793,26.45120828603888,2329.7014899253845,1237.5115856851737,217.7491726875305,1793,240.76260846974253,45368.0,144.65224266052246,200000.0,15.0,2185.8675589561462,3000000.0,1382.626334175617,15000.0
9.435244e-08,6.848121e-09,89.70406,-0.0019378944,7.000743e-10,0.00911422,12.036253,172.85637,172.84563,8.56519,441.86758,197.98738,442.26974,1.0,-0.30282307,-1.0,1279,0.7907711,0.2150159268257015,0.1972341223020417,0.1883164776930845,10,0.0097425914413338,174,127.9,89,10,20.82042266621886,1683.240532398224,1322.6963389396667,972.2734899520874,10,193.7930180173801,0.0,0.0,0.0,10,0.0,-0.2003940530441189,-0.2531762615719493,-0.316473823192515,10,0.0297447828946827,-68.6667625,-88.29965375,-122.1553875,10,13.787197010552315,24.98622859249441,18.998372203759825,11.59471271035799,10,3.746999752972961,35.518879057361794,24.93479438060131,16.576112553297254,10,5.788885750561859,0.0,0.0,0.0,10,0.0,0.0,0.0,0.0,10,0.0,0.0,0.0,0.0,10,0.0,0.0,0.0,0.0,10,0.0,-15.329427053699726,-20.1924093527007,-29.791044595085047,10,3.627514286231298,-1.1195999039315776,-2.1353052995339383,-3.1658416692176963,10,0.6432249958302128,328.2141864386276,258.0057580623423,200.42740639057752,10,34.133752059465245,357.133951868464,293.3976107417309,162.25644687440828,10,56.41051001439661,0.0,0.0,0.0,10,0.0,-3.474863976876595,-4.194464784891902,-6.065472920899268,10,0.7457170948807954,54.14768303835834,40.43979250519452,23.838040658220816,10,7.489910757756085,55.24588406900146,41.88322245397624,27.945806241355527,10,7.092652378697421,428.2193497363863,313.9614624003214,189.34214072680504,10,58.01750633246479,0.0,0.0,0.0,10,0.0,0.0,0.0,0.0,10,0.0,0.0,0.0,0.0,10,0.0,654.302556176086,426.3310372018469,292.8619269189144,10,100.1197426323176,0.0112359550561797,0.0080303232362352,0.0057471264367816,10,0.0013459626926409,4.625179,-0.34819782,-4.7728853,1000,1.0526608,242,114.4922458357266,57,1741,25.69447969506271,2383.642602443695,1285.7543344400108,653.3570079803467,1741,234.7150399627596,47109.0,170.66340398788452,200000.0,16.0,2356.530967950821,3200000.0,1171.8974034655848,16000.0
8.6893266e-08,6.301754e-09,92.44106,-0.0018045864,6.4970845e-10,0.009199872,12.054182,172.91757,172.9064,8.752246,452.5095,209.14754,452.9593,1.0,-0.30210224,-1.0,1119,0.79907846,0.2164606827160263,0.2035005067223531,0.1821610311192289,10,0.0117368161988618,158,111.9,83,10,25.688324196023377,1637.7747173309326,1184.9136271476746,884.6018562316895,10,244.65531178430496,0.0,0.0,0.0,10,0.0,-0.1859482228429824,-0.2416484511402662,-0.3351864390868584,10,0.0408314295840645,-58.738800000000005,-78.01246875,-106.81935,10,15.721607626934626,29.255618992331986,16.8032959853905,11.48991469798328,10,5.202694405626204,30.877408948286472,20.41549468632297,12.208187547908192,10,5.737205257693714,0.0,0.0,0.0,10,0.0,0.0,0.0,0.0,10,0.0,0.0,0.0,0.0,10,0.0,0.0,0.0,0.0,10,0.0,-14.2774749616221,-18.263126128241225,-25.712555069986173,10,4.044756164352789,-0.7560623882917687,-1.710296474395418,-3.666458503147713,10,0.9126530046471608,308.7646829236677,235.80567792596725,170.65287407054058,10,49.83866901064625,405.05786120447226,249.37518883918227,158.5467238849827,10,87.8346207929414,0.0,0.0,0.0,10,0.0,-2.975004351195398,-3.9757317357172233,-5.615313678295635,10,0.8490592765525758,54.46965909445754,33.962122124783626,22.42352801976239,10,11.140277685625756,55.1019400505503,37.560925913611854,26.38093587048348,10,11.130791397298806,317.4342741692352,255.02457792672453,132.70917854123283,10,52.89679351015911,0.0,0.0,0.0,10,0.0,0.0,0.0,0.0,10,0.0,0.0,0.0,0.0,10,0.0,642.2882613297473,420.3521044965003,299.3251419804416,10,106.05525102098638,0.0120481927710843,0.0093879665446486,0.0063291139240506,10,0.0019949290075961,4.4087267,-0.34947556,-5.1910367,1000,1.0587986,269,119.80978260869566,50,1656,27.397934016245426,2789.4274525642395,1342.7761914749508,554.5245342254639,1656,266.17456322333504,48765.0,146.1918032169342,200000.0,17.0,2502.722775220871,3400000.0,1368.0657574434576,17000.0
8.0639744e-08,5.855358e-09,94.97879,-0.0017017393,5.9582217e-10,0.009300043,12.07257,172.97375,172.96266,9.024628,462.5153,225.96663,462.99365,1.0,-0.3159975,-1.0,1219,0.7936552,0.2212230404050004,0.1988935133630032,0.1779879918155821,10,0.0139894356302025,180,121.9,82,10,29.303412770528965,1745.1562867164612,1286.906526851654,923.5812788009644,10,276.01532126983983,0.0,0.0,0.0,10,0.0,-0.1939371994865444,-0.2584748243756036,-0.3389729016052217,10,0.0511174415937727,-60.2585875,-83.331725,-125.6884,10,18.527806874677413,25.201625777186763,18.221423853754587,11.848281739380338,10,5.401687835792264,53.42457323425603,26.264278288251727,12.356438359493811,10,10.360966048561798,0.0,0.0,0.0,10,0.0,0.0,0.0,0.0,10,0.0,0.0,0.0,0.0,10,0.0,0.0,0.0,0.0,10,0.0,-14.76373799747191,-19.228917792993578,-28.25122829948738,10,3.7017502456853664,-0.7494579415764744,-1.7111613788313154,-2.799881013376216,10,0.6891414529683021,385.4826686877344,255.31251387706848,137.4796186175044,10,80.06721975668955,420.9600899492589,282.76825979327964,156.48044220475828,10,87.2368140768127,0.0,0.0,0.0,10,0.0,-2.6353382591932006,-4.11142619006681,-5.625977929303378,10,0.933295833452327,55.32065988781408,37.31804406791359,22.437305448504507,10,11.35610167487912,63.19456302727042,40.78284934668445,24.16854961203981,10,11.360452079208702,475.7309029771376,306.7528379749889,171.96643080199115,10,102.67171675340458,0.0,0.0,0.0,10,0.0,0.0,0.0,0.0,10,0.0,0.0,0.0,0.0,10,0.0,521.5298213256931,409.4818685875418,337.8898794720934,10,58.06299169215798,0.0121951219512195,0.0086680198333919,0.0055555555555555,10,0.0019856451435715,4.450286,-0.34837744,-4.6370125,1000,1.0655833,252,120.57973621103118,28,1668,30.23634316335304,2739.695498466492,1357.3960859179854,225.43782949447632,1668,316.006794140986,50433.0,145.54315519332886,200000.0,18.0,2648.26593542099,3600000.0,1374.162871035293,18000.0
7.5300875e-08,5.4724962e-09,97.2955,-0.0015350331,5.515735e-10,0.009318674,12.093853,173.01141,173.00029,9.279608,476.98975,230.1695,477.5387,1.0,-0.31562594,-1.0,1207,0.807291,0.2188425407524787,0.2061468234331171,0.1849843739214201,10,0.0109498068167736,175,120.7,89,10,35.071498399697724,2009.9689173698423,1310.8877949237824,996.2869853973388,10,345.2185528213531,0.0,0.0,0.0,10,0.0,-0.1844551584234552,-0.2434157578769973,-0.3338452985772644,10,0.0539089813281624,-59.9822625,-82.04286625,-119.569775,10,21.90202714722719,27.85068288847152,16.542441864151638,11.5510601602488,10,5.2118897224976495,37.2488582037876,26.59183397290513,16.62404902543491,10,6.71349091665935,0.0,0.0,0.0,10,0.0,0.0,0.0,0.0,10,0.0,0.0,0.0,0.0,10,0.0,0.0,0.0,0.0,10,0.0,-15.064530903476708,-20.11241871319758,-29.271480397039404,10,5.374765140231436,-0.5761079564027176,-1.534462286365429,-3.2558186632003383,10,0.9328370128509168,407.6603846194545,276.8440475387803,177.8972458760294,10,93.77374393861332,389.1052378364636,250.93252054812143,169.39161761452087,10,84.5308217466,0.0,0.0,0.0,10,0.0,-2.881313047159398,-4.1884579590965485,-6.823330815660749,10,1.3179101680286192,56.09783241059487,36.0141478275995,22.85660117685135,10,14.43102349893703,57.1323093960369,39.42717560739494,28.00710495194705,10,12.14852602546182,435.375904899961,268.79298413605653,191.0548815245124,10,91.03974413339716,0.0,0.0,0.0,10,0.0,0.0,0.0,0.0,10,0.0,0.0,0.0,0.0,10,0.0,781.0169036234465,484.4871726339825,334.6941052321243,10,136.77678260088408,0.0112359550561797,0.0089622701360519,0.0057142857142857,10,0.0023405807636266,4.8185344,-0.35954303,-4.9628487,1000,1.0690595,277,127.14376996805112,60,1565,31.67164454548352,2825.347754955292,1438.232729022,726.8512296676636,1565,320.97530618469824,51998.0,144.58113408088684,200000.0,19.0,2792.847074508667,3800000.0,1383.3063440220958,19000.0
7.074474e-08,5.141491e-09,99.400314,-0.0013768282,5.180879e-10,0.009328853,12.103373,173.0506,173.03946,9.654895,491.5715,247.05424,492.04517,1.0,-0.3358132,-1.0,1138,0.80779815,0.2132078235317943,0.2018086096369364,0.1834753695470722,10,0.0089785263044504,165,113.8,92,10,24.57559765295648,1675.828118801117,1243.0608573436737,901.4513320922852,10,252.5264254019604,0.0,0.0,0.0,10,0.0,-0.1904704702822895,-0.2316669364524525,-0.2920407507702542,10,0.0362937271913181,-62.390237499999984,-76.14530124999999,-104.0758375,10,14.610575421727336,40.90720316493157,19.791421609067687,12.524958981597475,10,8.570112116732462,37.10504744647052,23.79909601282743,16.258159517865746,10,5.829348622982942,0.0,0.0,0.0,10,0.0,0.0,0.0,0.0,10,0.0,0.0,0.0,0.0,10,0.0,0.0,0.0,0.0,10,0.0,-15.437395294846274,-18.61671087070723,-25.05167934424118,10,3.53587529837743,-0.5611289762991679,-1.2928166465946411,-2.159038530806064,10,0.5844313549639101,367.1132510030134,257.1884232183878,192.35467710350903,10,52.69011905347873,409.3989782097928,249.6678358766329,143.5404432166493,10,86.3112886421203,0.0,0.0,0.0,10,0.0,-3.162442843647579,-4.021113717621591,-5.829889900060811,10,0.9520360533928848,53.94700368619847,33.28702996708975,24.163564806561062,10,10.65322144629146,58.18889506532493,34.983638093108326,27.198727569078788,10,9.167378965782524,427.22466390238776,258.6266406181699,172.83051814145014,10,75.63544231698339,0.0,0.0,0.0,10,0.0,0.0,0.0,0.0,10,0.0,0.0,0.0,0.0,10,0.0,626.2130534716914,448.19339910053424,332.9429680178111,10,72.6415340227325,0.0108695652173913,0.0091515515873882,0.006060606060606,10,0.0017023372284795,4.7280087,-0.35773447,-4.999268,1000,1.0732081,294,131.03545633617858,28,1523,36.00647499001711,2931.311647415161,1460.3292214993928,227.86720037460327,1523,365.6779398568812,53521.0,144.28528928756714,200000.0,20.0,2937.1323676109314,4000000.0,1386.1426967886582,20000.0
6.675568e-08,4.857732e-09,101.267105,-0.0011718664,4.827224e-10,0.009273236,12.118414,173.09917,173.08806,10.236671,504.49707,287.18863,504.77258,1.0,-0.32491884,-1.0,1250,0.81141716,0.2323308023929334,0.2045689727501404,0.1771510852568004,10,0.0165083724144871,169,125.0,88,10,22.856071403458643,1614.596661567688,1283.0825672626495,1003.5850191116332,10,197.06044745585825,0.0,0.0,0.0,10,0.0,-0.2014206556792555,-0.246556796611448,-0.3211991682645069,10,0.0364977829965725,-58.5809,-83.49554624999999,-118.9579125,10,17.1933113260352,26.73954761875084,20.378478218545222,15.244400359235415,10,4.034138674488008,37.422679494020585,26.057325455492656,18.01216601097331,10,5.70910929028704,0.0,0.0,0.0,10,0.0,0.0,0.0,0.0,10,0.0,0.0,0.0,0.0,10,0.0,0.0,0.0,0.0,10,0.0,-14.779478321394826,-21.026745905043263,-29.965703862138483,10,4.866328952559969,-0.8441570585221279,-1.853611125848633,-3.3324702849410714,10,0.6832315470648961,404.5117375682265,268.1414008193209,200.1181132010645,10,61.09894620848138,328.26045440801875,253.6537506087302,186.95454153199785,10,43.80288691027092,0.0,0.0,0.0,10,0.0,-3.119664380697424,-4.436341964107355,-6.705684206794633,10,0.9743694623413798,57.68777992945905,38.96133341057116,22.808012996028587,10,10.479683015625072,57.68646326851155,40.74399540684372,26.656492267690457,10,9.94588731507311,385.9537932615414,249.6115226034441,175.1440727624402,10,55.933787819318624,0.0,0.0,0.0,10,0.0,0.0,0.0,0.0,10,0.0,0.0,0.0,0.0,10,0.0,686.7786703683453,476.58384007474,358.6778544662811,10,96.67732334237326,0.0113636363636363,0.0082667044231218,0.0059171597633136,10,0.0014937053987181,4.4099755,-0.36869806,-4.7798977,1000,1.0721636,325,146.1802796173657,54,1359,42.90893236202309,3718.3414068222046,1611.4124131859269,657.9475049972534,1359,427.499900331206,54880.0,170.084792137146,200000.0,21.0,3107.217163324356,4200000.0,1175.8840839734348,21000.0
6.32271e-08,4.588193e-09,102.83999,-0.0009419623,4.699752e-10,0.009169161,12.126272,173.15259,173.14124,10.946128,518.91565,326.20514,518.993,1.0,-0.33484256,-1.0,1552,0.7982005,0.2230873602839879,0.1962097158340767,0.1466367469461819,10,0.0208175956516429,204,155.2,131,10,20.85089926118296,1905.2320256233213,1624.594139254093,1231.7971653938291,10,196.65474928676647,0.0,0.0,0.0,10,0.0,-0.2366860515049181,-0.2723002857261752,-0.3355171806250924,10,0.0257107551505388,-85.44363750000001,-100.15794375,-129.6556375,10,12.515717456085785,43.144225568312,23.10667450349868,18.188710410973123,10,7.467585307675906,47.11086161395157,32.40725118931476,14.309010479623016,10,8.753778443773896,0.0,0.0,0.0,10,0.0,0.0,0.0,0.0,10,0.0,0.0,0.0,0.0,10,0.0,0.0,0.0,0.0,10,0.0,-17.608390600734943,-24.77914210161205,-35.83936192437114,10,4.510616413401942,-1.3654014682424511,-2.0734899954775514,-2.7347574363001144,10,0.4319655539489615,394.8599420060896,344.3437872692455,256.1618069872711,10,43.2934080187907,472.1493198079692,347.9157675769661,210.59237092550663,10,86.02454822278037,0.0,0.0,0.0,10,0.0,-4.799879095880126,-5.539981047400611,-7.897062472429549,10,0.8681258935676237,58.20552886588694,50.52386104225184,40.581369059163535,10,5.662783782359176,68.9444218432956,48.261321544696855,34.46130265515876,10,9.87626173338024,460.3024574755905,351.9406215368461,247.97759060289428,10,61.248927349897045,0.0,0.0,0.0,10,0.0,0.0,0.0,0.0,10,0.0,0.0,0.0,0.0,10,0.0,685.92957818275,535.4763033598078,299.27297895543603,10,118.61254469029107,0.0076335877862595,0.0065495982534489,0.0049019607843137,10,0.0008003893211085,4.7325993,-0.37284654,-4.9119196,1000,1.0712606,379,153.63149728471683,60,1289,44.66025494518588,4196.633269786835,1674.0572951630254,718.9817743301392,1289,434.9811506808151,56169.0,144.84383416175842,200000.0,22.0,3252.0610015392303,4400000.0,1380.7974716869503,22000.0
6.022138e-08,4.3720263e-09,104.13375,-0.00078074425,4.4568396e-10,0.009111443,12.129989,173.21828,173.20715,11.491413,536.983,346.8575,536.9265,1.0,-0.3348259,-1.0,1619,0.7923101,0.2219717321745906,0.1939075620193995,0.1827277223382503,10,0.0104623466049111,241,161.9,115,10,37.52452531345333,2742.432834148407,1692.6299628257752,1104.8272352218628,10,475.9151758524877,0.0,0.0,0.0,10,0.0,-0.2285949823671998,-0.2942043646256418,-0.3808441106086998,10,0.055599949863127,-80.68690000000001,-104.81402,-149.0576,10,21.825283053667945,53.0848921139338,27.400584109045656,18.86810763988867,10,10.752142024353738,43.50407960573345,31.41280369952801,18.259454995123946,10,8.030268263169615,0.0,0.0,0.0,10,0.0,0.0,0.0,0.0,10,0.0,0.0,0.0,0.0,10,0.0,0.0,0.0,0.0,10,0.0,-19.7508392328042,-25.408251804737144,-38.36484550475004,10,6.033137968354748,-1.3759553996309175,-2.4084260210308672,-2.954703551800374,10,0.482884089068845,516.9895566380933,343.2782652114776,201.47937184196115,10,95.2457206058846,591.6134542126592,370.5753837486778,166.86994955737583,10,119.79519261764986,0.0,0.0,0.0,10,0.0,-4.178194126318928,-5.778468767264312,-8.980861818170709,10,1.4548254876511586,77.57775915581715,53.31049081251872,33.57493972331626,10,11.712116109406129,81.73860287326053,52.63995593991432,31.01197703987627,10,15.77840566495546,584.2541754150018,387.80696958693824,202.9518388858189,10,100.33369691744582,0.0,0.0,0.0,10,0.0,0.0,0.0,0.0,10,0.0,0.0,0.0,0.0,10,0.0,957.116104482158,541.0251836242569,317.3126709865004,10,180.8098943221396,0.008695652173913,0.0064660390011611,0.0041493775933609,10,0.0012807870736852,4.6921353,-0.3749661,-4.8045077,1000,1.0699022,471,164.21764220939818,59,1213,50.06607787429878,5440.440135002136,1799.078206076346,696.582197189331,1213,502.66367858550905,57382.0,145.50671482086182,200000.0,23.0,3397.5677206516266,4600000.0,1374.507013275825,23000.0
5.745591e-08,4.1665054e-09,105.15714,-0.0005559629,4.2996826e-10,0.008968533,12.135119,173.28343,173.27194,11.996357,554.0257,395.66705,553.77594,1.0,-0.33219302,-1.0,1438,0.798733,0.2298513381877626,0.1983751549892062,0.1784644214726012,10,0.0150429912476318,177,143.8,92,10,24.416387939250967,2098.53550195694,1551.0929662942883,963.851284980774,10,305.28436537831647,0.0,0.0,0.0,10,0.0,-0.2197373421860291,-0.2709595363036693,-0.3599017819683686,10,0.0397433635423729,-66.120625,-94.78539625,-116.964425,10,14.544440540765963,28.26947441202531,21.252418456627503,15.780633477879103,10,3.903382271044502,57.31047749456524,35.12669573829764,19.89905893620053,10,9.69468002528166,0.0,0.0,0.0,10,0.0,0.0,0.0,0.0,10,0.0,0.0,0.0,0.0,10,0.0,0.0,0.0,0.0,10,0.0,-17.570807414177118,-22.974255776017834,-28.27545900625288,10,3.137854283218648,-1.0175518620694666,-2.333666027632604,-2.9581991821472555,10,0.5444558437038696,416.68539425619554,320.59832962700045,162.80526675745315,10,79.86043544386749,451.5583075356907,323.72749289760924,157.43030851544592,10,82.69969654271154,0.0,0.0,0.0,10,0.0,-3.148574650057232,-4.879525529812627,-5.727832416687291,10,0.7117385783393905,54.96444671422333,46.538006790678615,23.983347829719285,10,9.389356219814138,59.82524532257982,46.33223604855539,26.69048960548965,10,9.319504763382747,499.8933066106919,350.3003354576541,190.20862375257667,10,84.37701192557327,0.0,0.0,0.0,10,0.0,0.0,0.0,0.0,10,0.0,0.0,0.0,0.0,10,0.0,664.7604048157061,511.0030054434542,354.5799297924866,10,102.69479586753395,0.0108695652173913,0.0071943093458907,0.0056497175141242,10,0.001451521436913,4.8932123,-0.3701238,-4.7493544,1000,1.0721655,409,164.39159109645507,32,1213,60.60034223638247,4261.467490196228,1828.5821156106208,277.3614239692688,1213,639.8425253695617,58595.0,144.29572892189026,200000.0,24.0,3541.863453388214,4800000.0,1386.042410917536,24000.0
5.4919163e-08,3.9817576e-09,105.89391,-0.00038950893,4.1177525e-10,0.008861022,12.140913,173.30128,173.2898,12.486013,576.1585,434.29517,575.8329,1.0,-0.28926167,-1.0,1532,0.82251376,0.2509583227409542,0.2210314023738426,0.1807751562349704,10,0.0178319047353418,278,153.2,77,10,52.455314316091936,2745.764830827713,1656.3309285879136,782.9476909637451,10,511.6295659935769,0.0,0.0,0.0,10,0.0,-0.1919206880412494,-0.2744983271361601,-0.3396330355453465,10,0.0433257721685075,-55.383425,-104.13307625,-176.27561250000002,10,30.882228080668344,32.16340820828942,21.143115385220675,12.78441882127496,10,6.486431470395844,71.59480572398176,35.23186217471887,16.784738234950606,10,13.753502398414309,0.0,0.0,0.0,10,0.0,0.0,0.0,0.0,10,0.0,0.0,0.0,0.0,10,0.0,0.0,0.0,0.0,10,0.0,-15.756082464900972,-27.744739353993747,-49.7856204329924,10,9.026488591505734,-0.6018436723680991,-2.310378276949783,-3.655415893975458,10,0.8877048536858461,612.56699344261,331.136614604889,145.9080568948683,10,126.13605745318164,600.1907344619835,320.59338362680523,125.08664430088818,10,138.00124509211898,0.0,0.0,0.0,10,0.0,-2.411490019892693,-5.444397031145714,-9.696543000713689,10,1.8965534289993524,90.24331605555687,49.733967467427256,24.15803719044044,10,16.803619716350166,91.61330558327704,49.66193031948202,24.21022189484868,10,17.897644658521976,545.8815605791951,329.97561102758067,124.37173811314054,10,111.381957991582,0.0,0.0,0.0,10,0.0,0.0,0.0,0.0,10,0.0,0.0,0.0,0.0,10,0.0,897.7339316063931,633.0032520064349,364.80867994442895,10,150.58837469207094,0.0129870129870129,0.007284784200823,0.0035971223021582,10,0.0024568938467336,4.5365715,-0.37251443,-5.041711,1000,1.0745735,494,178.67387387387387,58,1110,63.52610261791549,5529.945670604706,2026.7322603063003,673.9386224746704,1110,675.7803072779952,59705.0,145.661137342453,200000.0,25.0,3687.5245950222015,5000000.0,1373.0498309222655,25000.0
5.273367e-08,3.824569e-09,106.42033,-0.0003035197,3.941252e-10,0.008817144,12.144594,173.2921,173.28084,13.117755,604.6399,464.782,604.1361,1.0,-0.31659356,-1.0,1704,0.8191118,0.2393007088026642,0.2156542042122081,0.1907718352601174,10,0.015889628720995,366,170.4,108,10,68.76074461493273,3926.705904006958,1893.7361668109893,1069.0666422843933,10,718.3638103082661,0.0,0.0,0.0,10,0.0,-0.2338860927954468,-0.2973846034972113,-0.5284205847858855,10,0.0811783903357554,-76.4038625,-112.653755,-225.9351625,10,40.435225605543415,56.28939199106976,26.48455749119489,15.476859930712337,10,10.695128000937627,79.6926940392909,38.50638657727514,26.34641982116573,10,14.809637267641545,0.0,0.0,0.0,10,0.0,0.0,0.0,0.0,10,0.0,0.0,0.0,0.0,10,0.0,0.0,0.0,0.0,10,0.0,-21.083924039092924,-29.8303964178054,-56.98505154394054,10,9.740739040112656,-1.1789975014609428,-2.3708670181013907,-4.881644776974914,10,0.9736092852864576,816.916978849272,374.3626777128381,229.01499287719355,10,157.52120743816974,873.4751199671446,371.032581922503,155.34823177586603,10,182.8683331114817,0.0,0.0,0.0,10,0.0,-3.3067436192448816,-5.989143855474509,-12.39518238741438,10,2.36119180686354,119.4926678824433,56.16002791756559,33.80685216565657,10,23.05773979042784,119.45742333209007,55.01721560175006,32.999578663171256,10,22.46654830817103,916.0576817055462,380.8454731565552,139.24774238284544,10,191.542722523943,0.0,0.0,0.0,10,0.0,0.0,0.0,0.0,10,0.0,0.0,0.0,0.0,10,0.0,1193.5733351238578,714.9611406796117,515.1478657998027,10,169.7507401857992,0.0092592592592592,0.006472891931526,0.0027322404371584,10,0.0016114882677051,4.5677075,-0.3698787,-4.9245706,1000,1.078456,567,190.9208494208494,52,1036,70.08844047402948,6382.302858829498,2183.380319697775,633.3175239562988,1036,763.6296002646554,60741.0,169.92620706558228,200000.0,26.0,3857.4508068561554,5200000.0,1176.9814877513911,26000.0
5.081274e-08,3.6793129e-09,106.78835,-0.0001816233,3.8570686e-10,0.00872469,12.142458,173.24481,173.23323,13.80077,635.38184,515.4412,634.6337,1.0,-0.31789657,-1.0,1937,0.81664914,0.2377706700158718,0.2118339853892906,0.1864957164951868,10,0.0145756503626155,288,193.7,123,10,68.19098180844738,3140.9088773727417,2122.955177259445,1385.481092453003,10,690.5775454755986,0.0,0.0,0.0,10,0.0,-0.2129331853353359,-0.3198029276854946,-0.4505834927310171,10,0.0909130543807609,-81.02243750000001,-127.17463375000004,-189.6379,10,41.87329306504402,58.78716057779032,31.701309947633764,12.596867027352069,10,16.490071194119285,61.96285858361196,47.20673640718199,24.411715003097765,10,11.102226505352954,0.0,0.0,0.0,10,0.0,0.0,0.0,0.0,10,0.0,0.0,0.0,0.0,10,0.0,0.0,0.0,0.0,10,0.0,-21.145562855230043,-33.7005688354846,-51.39992848262766,10,11.28365538493803,-0.8866467078506085,-2.2208343529578576,-3.379215902271862,10,0.7705307835525678,714.1680202755135,447.035440487973,283.3653938898105,10,155.6335600445065,696.948168435064,418.0647086717225,256.79284865118376,10,149.1861182102118,0.0,0.0,0.0,10,0.0,-3.915255040743238,-7.0181155524168215,-11.458023767286816,10,2.734138165150833,90.81594557442308,60.225864351386576,37.206235794597646,10,20.3063425989856,93.99694713373631,62.08104417358434,43.413757819327024,10,19.170267365103737,665.0808837356556,415.108967933054,293.6385774551945,10,126.41804764645072,0.0,0.0,0.0,10,0.0,0.0,0.0,0.0,10,0.0,0.0,0.0,0.0,10,0.0,1246.5770153086655,781.0698026106876,467.2553251624613,10,279.19339554593864,0.008130081300813,0.00581735074097,0.0034722222222222,10,0.0018939277093633,4.6314645,-0.37391934,-4.849767,1000,1.0797395,680,204.49070247933884,62,968,81.53539461309508,7731.294440746307,2345.2783928755825,705.2770233154297,968,894.6792221297093,61709.0,144.45280528068542,200000.0,27.0,4001.903616905213,5400000.0,1384.5352439599988,27000.0
4.899578e-08,3.552789e-09,106.95683,-0.00010383108,3.6687367e-10,0.008660378,12.145901,173.16982,173.15817,14.520199,667.4755,570.1825,666.4882,1.0,-0.321854,-1.0,1964,0.81578666,0.2487959606748545,0.2192761845746644,0.1805204565159534,10,0.0245136569268999,477,196.4,106,10,108.45478320479924,5061.818654060364,2177.4791459560392,1102.3193340301514,10,1161.661461192665,0.0,0.0,0.0,10,0.0,-0.2058437397350165,-0.3160384109238995,-0.6034598747691705,10,0.1238698001586471,-75.2985625,-127.91281624999996,-281.733075,10,60.8096667116789,84.06536993072478,34.11354510856488,20.2237181028529,10,19.549336127806853,86.27252298920094,43.14947562684545,21.083284003423305,10,19.278459825263887,0.0,0.0,0.0,10,0.0,0.0,0.0,0.0,10,0.0,0.0,0.0,0.0,10,0.0,0.0,0.0,0.0,10,0.0,-21.7383138029344,-33.93674834076823,-70.07812056051935,10,14.338556332736765,-1.2938047089095626,-2.412366363798997,-4.127264186089629,10,0.925165933902641,1223.158793556614,463.5910275289156,207.5537357479153,10,301.4459196310301,1105.9915871408916,413.524905085411,144.4123033077006,10,281.8844985120612,0.0,0.0,0.0,10,0.0,-4.107996248019415,-7.049566422342371,-15.701691960968112,10,3.5652249527245687,148.056197828748,62.04888848632137,30.00239277255769,10,34.146549718305415,159.60388749360135,64.35798973786429,32.662832627742404,10,36.27206253994716,1244.1366342113367,479.1744392220168,218.5237523367601,10,293.8357110795717,0.0,0.0,0.0,10,0.0,0.0,0.0,0.0,10,0.0,0.0,0.0,0.0,10,0.0,1319.071733275934,758.2607340985871,505.62228807760937,10,267.43571255080604,0.0094339622641509,0.006254848326425,0.0020964360587002,10,0.0023265433396033,4.958332,-0.3811862,-4.9536896,1000,1.0764639,878,232.3791866028708,64,836,99.01749880296332,9507.694150447844,2637.773849944464,789.3633756637573,836,1075.317824202883,62545.0,143.87942934036255,200000.0,28.0,4145.783050060272,5600000.0,1390.0527748610823,28000.0
4.7272874e-08,3.4257428e-09,106.9599,3.8777816e-05,3.560871e-10,0.008518013,12.145646,173.13908,173.12726,14.880122,700.9007,571.9719,700.052,1.0,-0.3018099,-1.0,1970,0.8194907,0.2407709972536622,0.2188061495964635,0.1938172370238539,10,0.0147224674326108,365,197.0,105,10,81.06047125449,3876.485275745392,2184.79797654152,1192.5417547225952,10,836.2130638011781,0.0,0.0,0.0,10,0.0,-0.219575187883786,-0.332584256896412,-0.530026020880585,10,0.0975531742888418,-72.199775,-131.90768625,-231.4814,10,50.23394335609559,80.2027272648078,34.05301797638442,12.88743956710995,10,17.415287858842643,72.42615556639963,43.839120990935605,20.224488641416663,10,15.582875431629144,0.0,0.0,0.0,10,0.0,0.0,0.0,0.0,10,0.0,0.0,0.0,0.0,10,0.0,0.0,0.0,0.0,10,0.0,-18.267221093135287,-35.03417397677338,-57.46814677823345,10,12.486441498011908,-1.7566440245935155,-2.9544102291483747,-5.768690272141778,10,1.3151973361608802,926.4355133584256,446.3729666506882,238.35290156853625,10,203.21343103918093,751.102685696701,403.0430635389064,156.0532949196462,10,198.7850662583704,0.0,0.0,0.0,10,0.0,-3.0110250761019297,-7.094231940316774,-12.843767545645637,10,3.03637594848399,112.04623634370115,60.37468171727426,29.78568529157241,10,24.94526194137315,116.63956252113144,63.68631318370596,33.11863008318436,10,26.244860578695405,857.9678631933807,457.5577502457442,266.67084923633473,10,171.91102308766366,0.0,0.0,0.0,10,0.0,0.0,0.0,0.0,10,0.0,0.0,0.0,0.0,10,0.0,1264.3595701624415,821.5023293123164,480.0093123501496,10,263.98286460875914,0.0095238095238095,0.0059467486762705,0.0027397260273972,10,0.0022580450560798,4.6324363,-0.3920724,-4.9591727,1000,1.0715349,1000,274.83618233618233,51,702,120.3283148855797,11393.890733242037,3107.4418051772645,611.5198554992676,702,1318.9891057140949,63247.0,143.82238221168518,200000.0,29.0,4289.60543680191,5800000.0,1390.6041391084018,29000.0
4.56613e-08,3.3039298e-09,106.735756,0.00015325338,3.489743e-10,0.008385606,12.143384,173.15721,173.1453,15.330731,743.4012,598.78973,742.48474,1.0,-0.29862097,-1.0,2360,0.8314928,0.2472787499886619,0.2227678213810286,0.2024398922514146,10,0.0135426127919178,513,236.0,150,10,97.96734149705196,5633.990642786026,2609.5775945425034,1570.0764136314392,10,1095.4377312137,0.0,0.0,0.0,10,0.0,-0.2719352829167801,-0.3881646280142339,-0.7712319624830283,10,0.133529569257528,-102.5757875,-159.99809624999995,-348.524775,10,65.80381920270258,86.44018391781475,39.22729900038468,26.90251711025112,10,16.19442949762174,112.5944405651249,54.60435779198316,33.84070151719988,10,20.87291643183248,0.0,0.0,0.0,10,0.0,0.0,0.0,0.0,10,0.0,0.0,0.0,0.0,10,0.0,0.0,0.0,0.0,10,0.0,-28.547124565541644,-43.824338844747366,-99.5921497250668,10,19.389617125337487,-1.7782355341343503,-3.342778526656103,-8.223908670771529,10,1.769954181211406,1070.1330865008254,497.6509310319072,279.49231348783314,10,217.322639273872,1027.2855857116426,500.2718223444479,262.8794331782992,10,211.38623100194016,0.0,0.0,0.0,10,0.0,-5.231178229280326,-8.476077274563828,-18.89361093562613,10,3.812940053579192,154.37795338480487,72.05552605270198,49.28983340735024,10,29.58596039416993,156.43020339839282,75.88931074656196,50.67570055967403,10,29.410426429474867,1052.1961723773854,493.1093079156388,294.14807917890647,10,204.54536434408027,0.0,0.0,0.0,10,0.0,0.0,0.0,0.0,10,0.0,0.0,0.0,0.0,10,0.0,2361.2379722298847,1053.419865412248,679.3493243221475,10,462.4713633845308,0.0066666666666666,0.004703129641279,0.0019493177387914,10,0.0012079944753194,4.6047606,-0.4007086,-4.6552653,1000,1.067186,917,337.2881040892193,54,538,153.54750753556118,10540.038725852966,3827.6195358886594,637.2294263839722,538,1720.348365869377,63785.0,145.1743323802948,200000.0,30.0,4434.779773235321,6000000.0,1377.654002059299,30000.0
4.4217796e-08,3.1947196e-09,106.30139,0.00023991516,3.4270495e-10,0.008264196,12.1470585,173.20154,173.18948,15.765621,793.7288,642.17126,792.5695,1.0,-0.34112123,-1.0,4888,0.81173116,0.2493726437017402,0.21034097319578,0.1855913844044257,10,0.0187295186345493,906,488.8,195,10,237.67532476048075,10124.679251670836,5394.2283332109455,1874.081625699997,10,2706.4447520783274,0.0,0.0,0.0,10,0.0,-0.3159538866863913,-0.7550282118913734,-1.3695825580421994,10,0.3341733470342818,-140.1559875,-313.35847125,-579.9667,10,146.57383122509847,184.8315600687617,95.53508623907274,43.013852876666846,10,44.960054802510136,194.5829389943137,101.58968072550203,35.41210428005908,10,49.904101401308296,0.0,0.0,0.0,10,0.0,0.0,0.0,0.0,10,0.0,0.0,0.0,0.0,10,0.0,0.0,0.0,0.0,10,0.0,-38.99800562926509,-82.19186624159815,-153.3015169747149,10,37.437587070664456,-2.789874835291492,-6.798440780353803,-12.949688667733673,10,3.1923559492667497,1970.3793870349607,1053.6444678323708,303.86329601018275,10,568.0287724451216,1939.8062081536889,1085.7195646800178,339.8698981632286,10,555.188457482204,0.0,0.0,0.0,10,0.0,-7.233418913462412,-17.042537315347392,-31.995969285698543,10,8.303717667695242,273.46485465727403,149.14978144832625,55.1414728794656,10,72.18816091497787,287.43144178992713,154.08077179245691,62.82578334382909,10,76.34943362795006,1863.3655377514456,1067.9677507050394,351.8597369020716,10,527.057764666944,0.0,0.0,0.0,10,0.0,0.0,0.0,0.0,10,0.0,0.0,0.0,0.0,10,0.0,4053.4839324841455,2033.3144340731928,835.9134393993529,10,1006.4835579794532,0.0051282051282051,0.0027619467865027,0.0011037527593818,10,0.0015332609489976,4.5559974,-0.39679036,-4.944955,1000,1.0691793,1000,385.9756097560976,30,492,215.3088994197491,11873.579809188845,4401.578245465348,257.359570980072,492,2442.006301771263,64277.0,175.66324853897095,200000.0,31.0,4610.443025827408,6200000.0,1138.5420778873388,31000.0
4.298811e-08,3.1030114e-09,105.68811,0.00034487914,3.3603798e-10,0.008110171,12.152714,173.24365,173.23137,15.816224,855.49835,639.2641,854.44366,1.0,-0.3459795,-1.0,5948,0.813757,0.2287242518383264,0.209984769735531,0.198359940285222,10,0.0101967693022246,1000,594.8,199,10,340.41116315420675,12155.67894935608,7012.7634178161625,2339.708710193634,10,4117.993784647016,0.0,0.0,0.0,10,0.0,-0.3810609802152969,-0.9712678659927534,-1.6309329839482811,10,0.5101907790827703,-132.39915,-386.594465,-650.4295749999999,10,215.97276895284264,184.6966977040272,104.61713751047232,37.67547818140507,10,46.28847174746458,192.0001035979633,119.71969283218992,48.89954916920911,10,56.488654881168095,0.0,0.0,0.0,10,0.0,0.0,0.0,0.0,10,0.0,0.0,0.0,0.0,10,0.0,0.0,0.0,0.0,10,0.0,-35.67020704184236,-99.90774008795204,-164.7934817374397,10,53.0481327509961,-3.890273404858279,-8.683826305280984,-15.027298586207884,10,3.8424460636432354,2499.201544152735,1404.587561624661,410.1261360403988,10,885.6014409990843,2528.172958589133,1409.068400678523,469.0238814595135,10,867.6791122697311,0.0,0.0,0.0,10,0.0,-7.176334229125235,-21.979448176717803,-38.222417596801314,10,13.20213498128038,299.6521689625531,179.1851537812705,60.0982608028476,10,99.70670701241094,313.8419664179123,184.6449042136421,58.620543044566034,10,106.8428327610618,2480.7990414743854,1385.2177432525912,447.8366876783755,10,849.066347830937,0.0,0.0,0.0,10,0.0,0.0,0.0,0.0,10,0.0,0.0,0.0,0.0,10,0.0,4589.211690259846,2655.208358402357,948.8956451667514,10,1454.3032128866655,0.0050251256281407,0.0020484670920254,0.0,10,0.0018757602805544,4.74832,-0.40069324,-5.0723634,1000,1.0739572,1000,561.8605341246291,78,337,304.2609396910375,12306.02310371399,6608.972400472497,961.7414798736572,337,3568.4686550393485,64614.0,151.36005473136902,200000.0,32.0,4761.803085327148,6400000.0,1321.352587741569,32000.0
4.1871093e-08,3.021983e-09,104.980225,0.00032290304,3.2770472e-10,0.008075513,12.159232,173.26028,173.2479,15.536335,929.86945,611.91675,928.9882,1.0,-0.33947974,-1.0,7429,0.829345,0.2437091053368746,0.2190128535615413,0.2023417216937615,10,0.0122586074427821,1000,742.9,222,10,279.5909333293911,12436.299968242643,8953.411182069778,2530.661859512329,10,3443.216251160359,0.0,0.0,0.0,10,0.0,-0.4107597518659877,-1.250285431663196,-1.730542527755679,10,0.4561381218671804,-154.34724999999997,-489.103145,-664.482675,10,179.19282391348506,193.43635285469344,144.18763083165675,51.44433542952906,10,47.23362827151905,231.64102743451616,164.5435397068337,53.895859077532485,10,59.06004078068136,0.0,0.0,0.0,10,0.0,0.0,0.0,0.0,10,0.0,0.0,0.0,0.0,10,0.0,0.0,0.0,0.0,10,0.0,-45.77387208757263,-132.22097051190934,-180.8572277773945,10,45.77717971411106,-3.985007606056248,-14.48098719468216,-19.93243168773316,10,5.341754106293196,2449.5382177639776,1688.10960626293,446.803598609332,10,685.3002884762918,2478.3335309353606,1739.314047818553,409.1280644908092,10,703.6289957324266,0.0,0.0,0.0,10,0.0,-7.701795182309221,-27.124419078555725,-37.60223293162842,10,10.433111041217256,305.0346692986678,226.2013067320423,69.38076365568506,10,82.67279007820603,310.8569005476958,231.1287022280301,70.72130578049936,10,84.99180131873507,2535.54437513261,1776.3990736985718,516.7236857878275,10,692.3979676663931,0.0,0.0,0.0,10,0.0,0.0,0.0,0.0,10,0.0,0.0,0.0,0.0,10,0.0,4802.834773026861,3530.7393860558127,1084.360807027674,10,1300.2251321974975,0.0045045045045045,0.0013259706060929,0.0,10,0.0014214472910382,4.7670417,-0.39863816,-4.7530746,1000,1.0802506,1000,651.3470790378007,63,291,320.72910894255153,12364.33329963684,7823.370164726199,769.3590431213379,291,3856.763470603983,64905.0,152.97953462600708,200000.0,33.0,4914.7826244831085,6600000.0,1307.364416351148,33000.0
4.079904e-08,2.9404528e-09,104.302,0.00032629757,3.2347097e-10,0.008017862,12.16124,173.21968,173.207,15.045739,1002.92834,563.9792,1002.26685,1.0,-0.32637286,-1.0,6629,0.83942246,0.2471740135582872,0.2263215059635267,0.2092905633322198,10,0.0111489881547517,1000,662.9,264,10,284.674006540815,12411.073414802551,8004.157512998581,3129.3200244903564,10,3533.4927941351984,0.0,0.0,0.0,10,0.0,-0.5093392967767744,-1.1833391361098318,-1.7534144527165414,10,0.4647419146069942,-183.0258375,-447.512285,-668.1538499999999,10,182.0920602087092,191.2031363255528,126.85691036417568,53.48626338903633,10,52.39056399166237,231.31434282297715,150.50349201445897,55.06512861307613,10,64.85072173688131,0.0,0.0,0.0,10,0.0,0.0,0.0,0.0,10,0.0,0.0,0.0,0.0,10,0.0,0.0,0.0,0.0,10,0.0,-52.04274833856059,-122.81153392019,-182.16933322228223,10,48.539492543351166,-6.11055534659844,-13.859925844187549,-20.83792733510145,10,5.3953680254788665,2282.6191066323704,1458.6124029791335,534.1615100838899,10,679.8285925261127,2376.172215840352,1519.520712024468,554.1654955400095,10,692.0842210353563,0.0,0.0,0.0,10,0.0,-10.53782225524421,-24.48099807210506,-36.72956181495754,10,10.246500563994545,301.09382475556623,201.67340317140392,81.3097421595046,10,83.8801325507887,314.1396302725919,206.79788893915344,85.91843554706506,10,88.35712975181167,2653.5987647859456,1635.9130437698625,683.7487426564583,10,721.5815410934383,0.0,0.0,0.0,10,0.0,0.0,0.0,0.0,10,0.0,0.0,0.0,0.0,10,0.0,4885.385194732399,3205.9537865542848,1287.8558604654786,10,1361.636431274144,0.0037878787878787,0.0014524678827578,0.0,10,0.0012917782221674,4.46703,-0.39887372,-4.6258974,1000,1.0821245,1000,728.0833333333334,83,264,326.51862078941565,12458.476492881777,8800.6765775089,975.3337326049804,264,3973.7963498249496,65169.0,151.37728238105774,200000.0,34.0,5066.159911394119,6800000.0,1321.202209830572,34000.0
3.9765315e-08,2.8712275e-09,103.64001,0.00028108477,3.0999786e-10,0.0080101155,12.164115,173.15558,173.14293,13.972952,1068.7322,486.65274,1068.5227,1.0,-0.32276896,-1.0,5423,0.8418221,0.2485244774652733,0.2276801954134208,0.2076081774135897,10,0.0117755727005031,1000,542.3,248,10,252.93321252852505,12392.665490150452,6497.330655479431,2907.321469306946,10,3131.639102077025,0.0,0.0,0.0,10,0.0,-0.4856266272643832,-0.9739067312137736,-1.7043975106164018,10,0.4197058363045252,-169.78197500000002,-367.90107875,-658.3837874999999,10,165.73989597294704,202.91900516436905,105.6578443729447,35.22724913938371,10,56.44846368660105,218.5759338962303,122.68214509465528,60.91854485540836,10,53.58491202055017,0.0,0.0,0.0,10,0.0,0.0,0.0,0.0,10,0.0,0.0,0.0,0.0,10,0.0,0.0,0.0,0.0,10,0.0,-48.0516823214108,-101.39758337632108,-179.38317862309572,10,45.27960662743784,-4.395566952734721,-11.392385465270374,-22.18713163423832,10,6.003678311472871,2272.7739250079394,1203.960908385931,541.6209888078836,10,558.4159626496931,2365.5362833074264,1209.2297563753991,496.8601762671965,10,605.1066015548304,0.0,0.0,0.0,10,0.0,-8.837711836529053,-19.667346288000108,-36.64402173530222,10,9.312218890137242,302.2250811797504,166.98877020054434,79.76085988823687,10,76.70830875591031,302.41769465105347,167.68019559200715,78.61053616330568,10,74.48656483900439,2613.317179134967,1343.427559382611,556.650465146171,10,656.4752564618876,0.0,0.0,0.0,10,0.0,0.0,0.0,0.0,10,0.0,0.0,0.0,0.0,10,0.0,4856.169697999989,2590.1552551038176,1203.7272280940665,10,1246.3246422185978,0.0040322580645161,0.0022113616367525,0.0,10,0.0012388084703159,4.6552243,-0.40125093,-4.951401,1000,1.083612,1000,803.5697211155378,85,251,304.1417388820566,12500.266542434692,9761.388219669048,888.7919068336487,251,3733.00310650622,65420.0,150.45250034332275,200000.0,35.0,5216.612415790558,7000000.0,1329.323205288135,35000.0
3.8769063e-08,2.8027978e-09,103.08449,0.00023889943,2.9872668e-10,0.00800786,12.1643915,173.09314,173.08034,12.525555,1122.185,389.47888,1122.5925,1.0,-0.32265916,-1.0,6398,0.8443438,0.2426936870135456,0.2270045024996718,0.2175513738238742,10,0.0066237592995788,1000,639.8,310,10,228.81687000743628,12158.04404592514,7691.539641046524,3717.8791704177856,10,2754.197278177785,0.0,0.0,0.0,10,0.0,-0.5620615967343943,-1.138401333667337,-1.8068239593781108,10,0.4055391416174723,-215.967725,-432.4979687499999,-676.167275,10,154.17149053278575,216.95991968504703,133.11146436642306,64.06832425463617,10,49.689462520834034,249.63258314716697,150.67830846099142,74.25896077731404,10,54.04698905242604,0.0,0.0,0.0,10,0.0,0.0,0.0,0.0,10,0.0,0.0,0.0,0.0,10,0.0,0.0,0.0,0.0,10,0.0,-60.93443537155562,-120.81509825452268,-187.81125918503184,10,42.5331337503005,-6.647518784832663,-13.852908633248036,-22.794662840733302,10,5.110136465999919,2193.572828651636,1403.0617903807683,681.2059339559116,10,490.8131567653695,2290.895072045563,1415.9554354153163,645.1487131771471,10,537.9307996202729,0.0,0.0,0.0,10,0.0,-10.915388209246023,-22.95153935932408,-36.45812621757585,10,8.403119839047022,307.1022179402979,195.3356299745957,91.55798869534996,10,69.88457946366708,306.93362801650164,197.3628366302973,98.7126368931959,10,69.7990657200837,2539.234776755457,1603.6610349238235,797.6874416248263,10,562.6413566560456,0.0,0.0,0.0,10,0.0,0.0,0.0,0.0,10,0.0,0.0,0.0,0.0,10,0.0,4902.684621113927,3078.395028133272,1507.139784648939,10,1098.3894847897886,0.0032258064516129,0.0017091045647913,0.0,10,0.0008889563386007,4.872907,-0.40131846,-4.9509554,1000,1.0850415,1000,854.4102564102565,69,234,278.1314838129054,12590.260462760923,10431.826565708105,843.6795883178711,234,3469.930430254741,65654.0,175.84230947494507,200000.0,36.0,5392.454729795456,7200000.0,1137.3826958778486,36000.0
3.781112e-08,2.733248e-09,102.601616,0.0002161973,2.91642e-10,0.007991933,12.167419,173.02655,173.01358,11.336052,1158.8938,322.95703,1159.8638,1.0,-0.31704912,-1.0,6771,0.8434667,0.2396438474430743,0.2287708373014452,0.216190466821406,10,0.0077680998025694,1000,677.1,392,10,220.5236721987007,12681.671434879305,8355.061451339721,4693.926131248474,10,2775.562437321014,0.0,0.0,0.0,10,0.0,-0.7692270901937734,-1.2230244973188444,-1.762799569314217,10,0.3499049534036031,-276.0289375,-462.87792875,-682.1872125,10,143.03657391022736,214.35919119717784,140.05601306729494,80.63970608389093,10,47.41078514983822,236.43765255905225,153.6122963633501,96.50863980077548,10,49.70529484189476,0.0,0.0,0.0,10,0.0,0.0,0.0,0.0,10,0.0,0.0,0.0,0.0,10,0.0,0.0,0.0,0.0,10,0.0,-76.8014664762299,-127.79162829058504,-190.3243197476293,10,38.158337028961306,-9.360739878492604,-15.853752106033737,-23.333939977684423,10,4.817161917221847,2345.950854663489,1530.2989357777017,837.1306289626716,10,522.2751789917221,2483.739811836754,1576.8222536215212,868.8073561708222,10,534.307105554965,0.0,0.0,0.0,10,0.0,-14.359028593215903,-24.65041503560535,-36.41944771881784,10,7.786984001704409,301.5171907580432,206.04703296911208,117.32838905499293,10,65.908984203026,317.19075520789323,210.2537295510686,122.08974411864595,10,69.64041604092776,2680.411356627193,1760.068837682806,959.2410515081622,10,597.0879894346011,0.0,0.0,0.0,10,0.0,0.0,0.0,0.0,10,0.0,0.0,0.0,0.0,10,0.0,4870.346598458865,3299.624664655522,1923.1291692507527,10,1057.8176243328633,0.0025510204081632,0.0014301926577358,0.0,10,0.0008062689372518,4.6029944,-0.39791706,-4.6798887,1000,1.0876338,1000,857.328947368421,103,228,281.09206153284856,12604.79186820984,10571.520626544952,1220.8422737121582,228,3497.1872035602605,65882.0,153.4838149547577,200000.0,37.0,5545.938551664352,7400000.0,1303.0689917301954,37000.0
3.6893834e-08,2.6656235e-09,102.16818,0.00013179687,2.8588298e-10,0.0080416575,12.166968,172.95442,172.94131,10.794777,1177.5862,336.45218,1178.6396,1.0,-0.33673552,-1.0,8645,0.83823395,0.2396574683154814,0.2221952350322753,0.2085750130874386,10,0.0091897946966866,1000,864.5,271,10,238.89087466874912,12753.335618972778,10866.000559854509,3297.4740624427795,10,3059.1723398256145,0.0,0.0,0.0,10,0.0,-0.502871310604235,-1.5856469507539086,-1.8534277558036905,10,0.4231883983496581,-188.45365,-580.32394875,-685.04915,10,154.69083603256058,230.7797574305281,188.6188342654955,60.99104538223773,10,53.50400968287834,233.9663075123003,192.70409662272647,63.89459365631794,10,50.66808870221521,0.0,0.0,0.0,10,0.0,0.0,0.0,0.0,10,0.0,0.0,0.0,0.0,10,0.0,0.0,0.0,0.0,10,0.0,-54.78816039924345,-157.526361930821,-190.5679179243156,10,40.720245553601714,-6.042194047784768,-20.418416421919574,-26.11379413526717,10,5.81935939248484,2406.43809109676,1984.5003229244144,585.575031826533,10,564.9507084417692,2529.3617698323405,2096.516844160152,623.3140161970706,10,617.3481410145419,0.0,0.0,0.0,10,0.0,-9.877309232240355,-31.212344492300083,-36.65343097300757,10,8.568214141732017,300.74323338253805,258.2373612646685,85.0407611511543,10,69.9769531945114,308.63833424385734,265.8390874758909,88.15575930640617,10,71.02616642403201,2742.936970413895,2333.0993055694003,688.015250274203,10,664.027148633268,0.0,0.0,0.0,10,0.0,0.0,0.0,0.0,10,0.0,0.0,0.0,0.0,10,0.0,4914.562913096504,4201.619980367634,1314.9016124942457,10,1150.1296274158626,0.003690036900369,0.0006686680397936,0.0,10,0.0011731644648014,4.492827,-0.38966063,-4.7187476,1000,1.0899148,1000,680.8530465949821,47,279,335.4819086347045,12605.376545906069,8389.47364808368,500.6163439750672,279,4213.183626458639,66161.0,155.38743829727173,200000.0,38.0,5701.325996160507,7600000.0,1287.1053296945406,38000.0
3.6022218e-08,2.6016687e-09,101.89834,0.00012558138,2.8010938e-10,0.008026286,12.168093,172.89531,172.88217,10.1915655,1192.0388,301.72556,1193.3195,1.0,-0.3357634,-1.0,9223,0.84018105,0.2314748042356051,0.2220019956721638,0.2127053070279363,10,0.0053402762219627,1000,922.3,267,10,218.8268950563436,12674.408771038055,11610.489226722715,3270.326639652252,10,2785.827302886333,0.0,0.0,0.0,10,0.0,-0.5238702576756845,-1.7278786177337893,-1.9282923867453257,10,0.4031290692480095,-183.1442625,-623.86487375,-688.720325,10,147.34722277369474,232.13389578921075,204.4712886559221,63.154529785079866,10,47.89663227434473,232.4128758361644,207.22356154497143,62.1594733826006,10,48.54273427486973,0.0,0.0,0.0,10,0.0,0.0,0.0,0.0,10,0.0,0.0,0.0,0.0,10,0.0,0.0,0.0,0.0,10,0.0,-51.80587022657147,-168.8514686345888,-188.4621403444078,10,39.21795268291403,-6.237582926838682,-22.648561465143263,-26.115537955245635,10,5.5811434455079,2280.421125079506,2073.624233128201,568.7708344729617,10,502.7902826038879,2531.905777551846,2253.7211504462007,600.0439281357758,10,554.9693435018113,0.0,0.0,0.0,10,0.0,-10.083981725496686,-33.31594194793804,-36.43334829802559,10,7.757712630665369,299.26277081161254,276.01893113844665,84.28509865346581,10,63.950940892716936,311.5382885423798,285.54978527785823,84.43297026445458,10,67.09625299911625,2785.513854452208,2535.9154502454485,711.2340292953102,10,611.1403922923752,0.0,0.0,0.0,10,0.0,0.0,0.0,0.0,10,0.0,0.0,0.0,0.0,10,0.0,4927.708273661483,4478.863581614027,1303.3937264027995,10,1061.0985528008785,0.0037453183520599,0.0004791343456662,0.0,10,0.0011325140557964,4.4202113,-0.40032715,-4.776954,1000,1.0887338,1000,932.4325581395348,105,215,200.7409619975168,12689.065380096436,11649.135640632274,1244.120454788208,215,2533.2438031347147,66376.0,156.54447054862976,200000.0,39.0,5857.87047290802,7800000.0,1277.592234967322,39000.0
3.5206494e-08,2.5436224e-09,101.61375,9.022705e-05,2.728974e-10,0.008038873,12.165678,172.8473,172.8341,9.382883,1207.0168,244.661,1208.4723,1.0,-0.32011795,-1.0,8482,0.8498635,0.2467638463444443,0.2309792968677864,0.2206324856849686,10,0.007497804730021,1000,848.2,326,10,236.4101520662765,12660.415893554688,10655.938040876388,3965.644032478333,10,3020.023913014914,0.0,0.0,0.0,10,0.0,-0.6459004866509221,-1.6379594728895397,-1.9733100253800324,10,0.4457513087949077,-224.61275,-586.47020625,-709.5828624999999,10,161.16000216933355,227.2538739317402,184.6337768939272,72.67589968973475,10,52.30645063614987,237.20409030226205,193.1192956381227,79.83015408252848,10,50.523904919901085,0.0,0.0,0.0,10,0.0,0.0,0.0,0.0,10,0.0,0.0,0.0,0.0,10,0.0,0.0,0.0,0.0,10,0.0,-62.58054279832592,-162.34173972356092,-199.7194396268553,10,43.841894210966046,-8.551713015277755,-21.77579791680876,-28.41033248994862,10,6.313245794410473,2332.0032010533646,1916.250996451437,695.9027538845736,10,544.0450594694557,2496.845956221912,2047.73293116342,751.6199559265483,10,588.7293821880804,0.0,0.0,0.0,10,0.0,-11.762439257451604,-30.67267008458329,-37.06600913407635,10,8.619715918195267,303.24701744725417,256.27143281648813,100.7631259540908,10,69.273519414388,314.0902436081619,259.16916871072715,91.54116401556,10,74.90390395883963,2856.2490472100844,2325.580943414053,840.4727936984855,10,677.1668518224989,0.0,0.0,0.0,10,0.0,0.0,0.0,0.0,10,0.0,0.0,0.0,0.0,10,0.0,4933.900359530188,4136.463665840191,1587.20583759632,10,1150.4193527904793,0.0030674846625766,0.0007570299859385,0.0,10,0.0010495379546624,4.6330876,-0.39605477,-4.7629204,1000,1.091619,1000,906.6233183856502,72,223,237.2223074109662,12712.74511051178,11355.404341467827,892.9766166210175,223,3015.642307259044,66599.0,155.58960366249084,200000.0,40.0,6013.4600830078125,8000000.0,1285.4329292710677,40000.0
3.447205e-08,2.4907447e-09,101.418945,3.4248547e-05,2.670197e-10,0.008079265,12.160684,172.77394,172.76079,9.017068,1216.0388,230.12038,1217.5519,1.0,-0.31482336,-1.0,7377,0.85293365,0.2405041156371258,0.2335249501507604,0.2272360281245494,10,0.0036125815742524,1000,737.7,452,10,223.3092250669461,12795.24505329132,9256.899235200885,5547.9953808784485,10,2900.889270331156,0.0,0.0,0.0,10,0.0,-0.8602298160108139,-1.474141597608723,-2.091466675683284,10,0.4488616093718798,-319.2540625,-515.3836262499999,-704.3326875,10,153.6152647689094,234.5052935222046,156.55542606873524,86.3297267518205,10,51.70825305582272,220.7761194632484,164.4827204200967,113.08190450964427,10,44.04871007309557,0.0,0.0,0.0,10,0.0,0.0,0.0,0.0,10,0.0,0.0,0.0,0.0,10,0.0,0.0,0.0,0.0,10,0.0,-91.1174139090007,-143.16382218507573,-195.30772427166585,10,42.2686234434018,-10.810340769679804,-18.79302322789604,-27.86499735605313,10,6.629336182537609,2397.347898280171,1689.5220466605874,965.8596986665646,10,538.0989010178321,2422.76098377876,1764.998972884255,1048.2654937505235,10,539.3653218316031,0.0,0.0,0.0,10,0.0,-16.347808951360577,-26.83974859478856,-37.2823589260521,10,8.25491639321678,304.76814974741154,223.4054466169776,137.62949432012977,10,68.33415287539951,313.45432074602115,225.9152694915849,132.89993754755358,10,67.84657524143756,2830.7941270777865,2007.5848650817177,1222.736866894065,10,667.6794646203225,0.0,0.0,0.0,10,0.0,0.0,0.0,0.0,10,0.0,0.0,0.0,0.0,10,0.0,4936.154572852467,3607.44191560881,2195.158893659644,10,1102.5293461537922,0.0022123893805309,0.0010889244406287,0.0,10,0.0009123710816241,4.964405,-0.39129585,-4.611824,1000,1.0943785,1000,873.7456140350877,68,228,257.2779168833793,12723.414778709412,10945.173969223832,846.5807218551636,228,3264.058221817228,66827.0,177.33120560646057,200000.0,41.0,6190.791293144226,8200000.0,1127.8330811320754,41000.0
3.3840724e-08,2.4480322e-09,101.338745,-1.6644664e-05,2.592257e-10,0.008123745,12.160466,172.7107,172.69746,8.617007,1221.9307,209.21146,1223.5785,1.0,-0.29288232,-1.0,6495,0.86482275,0.253137432447825,0.2447778263637098,0.2366085143479065,10,0.0042952738554472,1000,649.5,116,10,274.7541628438048,12686.59829378128,8091.492783069611,1301.5722703933716,10,3532.9390160550315,0.0,0.0,0.0,10,0.0,-0.1916467157797959,-1.3295502159591808,-2.143036055667754,10,0.6001843441463975,-81.35797500000001,-467.34649875,-727.2281875,10,200.170029027218,213.09767454401688,132.42232354887818,15.749760978085876,10,57.68398918733743,228.0903844215105,146.95143907475958,31.58642759585389,10,58.91560898711167,0.0,0.0,0.0,10,0.0,0.0,0.0,0.0,10,0.0,0.0,0.0,0.0,10,0.0,0.0,0.0,0.0,10,0.0,-24.440508627935667,-133.157190127915,-205.98308713755205,10,56.282415291831214,-1.559625764579443,-16.88352720144409,-28.73666590147856,10,8.23495723878894,2320.16338662215,1461.67904014606,230.4699803431733,10,639.2628195259274,2450.074189767133,1551.7856319162806,247.32769608904457,10,675.8620346824807,0.0,0.0,0.0,10,0.0,-4.0501914702495725,-23.64351991394244,-36.87360321515119,10,10.043627541523405,314.57286957114195,200.57355823211805,32.97617598987973,10,85.58780167951215,311.6148414775472,202.1140063486269,49.96055892865152,10,82.78437698592798,2796.754650812658,1721.922132577325,229.10791814755768,10,796.2768164522748,0.0,0.0,0.0,10,0.0,0.0,0.0,0.0,10,0.0,0.0,0.0,0.0,10,0.0,4960.498546037509,3202.853758014565,555.1322962594278,10,1365.8304745527669,0.0086206896551724,0.0019627538186637,0.0,10,0.002381045215477,4.4817996,-0.3893926,-4.751741,1000,1.0963129,1000,885.7938596491229,87,228,252.9296007681826,12776.762252807615,11117.324725992848,1010.6592168807985,228,3224.706470042393,67055.0,151.2288887500763,200000.0,42.0,6342.020186424255,8400000.0,1322.498641979204,42000.0
3.3285854e-08,2.4066376e-09,101.20088,7.100764e-05,2.5623043e-10,0.008025062,12.161279,172.69188,172.67865,8.120883,1230.1575,179.73448,1232.0842,1.0,-0.28702578,-1.0,6176,0.86917317,0.2820915454504639,0.2507186223469604,0.2384978853227327,10,0.0122689023470169,1000,617.6,175,10,299.9540631496763,12689.242457389832,7648.114754962921,2004.622182846069,10,3813.8948414631295,0.0,0.0,0.0,10,0.0,-0.380113842889849,-1.2953578440062228,-2.1076519054651586,10,0.6194932299929825,-123.59622499999998,-448.380735,-734.6889624999999,10,216.36749120532983,210.57861577087624,127.32434516337824,31.34840270721636,10,63.46406283549213,220.1429756018748,140.0130997286811,46.00799085797856,10,60.89668622402182,0.0,0.0,0.0,10,0.0,0.0,0.0,0.0,10,0.0,0.0,0.0,0.0,10,0.0,0.0,0.0,0.0,10,0.0,-36.25911263854452,-128.708911427118,-213.01684520837,10,60.83697480463112,-3.3154697007987783,-15.849557154411777,-26.514637473261423,10,8.184348017351764,2334.2844432031125,1381.9841440194266,373.8223674479731,10,692.7002007963578,2413.510659686763,1462.991176754935,372.3444218614883,10,729.621188865557,0.0,0.0,0.0,10,0.0,-5.570873523673111,-22.37525894718359,-36.735564946469374,10,11.024672683241226,308.0889242296256,190.62715371885253,56.50522528075928,10,90.30163028858264,311.1221429441101,189.45739319943783,53.3715825887933,10,94.46615550780848,2801.541771477464,1626.0833518378404,347.4015972857792,10,844.3767966244835,0.0,0.0,0.0,10,0.0,0.0,0.0,0.0,10,0.0,0.0,0.0,0.0,10,0.0,4956.276813084007,3037.027175481469,844.1070312878451,10,1487.889074823746,0.0057142857142857,0.0021188134151121,0.0,10,0.0018206801579886,4.5580363,-0.38991544,-4.8706026,1000,1.0975049,1000,861.7257383966245,72,237,287.0760728727073,12754.148601531982,10819.300360858691,856.475019454956,237,3674.3142237242814,67292.0,151.68667840957642,200000.0,43.0,6493.706869125366,8600000.0,1318.5073474940923,43000.0
3.275718e-08,2.3693811e-09,101.07917,-3.3468089e-06,2.5119337e-10,0.008089679,12.1652,172.68646,172.67323,7.9330897,1233.7522,182.64592,1235.7715,1.0,-0.3164821,-1.0,5534,0.8596178,0.2652103064422479,0.2395540854834567,0.218993122639176,10,0.0130817916478939,1000,553.4,173,10,272.7864366129665,12809.967485904694,6954.234019136429,2028.9480142593384,10,3510.893574869197,0.0,0.0,0.0,10,0.0,-0.3259906735597933,-1.1438741977705316,-2.054255344996384,10,0.536093756829812,-123.438325,-388.00767,-688.2861,10,182.4935543532032,199.97871065301945,109.27878856526029,26.452835114770764,10,51.80047534545199,206.4590796080215,120.43918635924209,46.73783957477299,10,52.82083996774608,0.0,0.0,0.0,10,0.0,0.0,0.0,0.0,10,0.0,0.0,0.0,0.0,10,0.0,0.0,0.0,0.0,10,0.0,-36.24813649482962,-109.2219210746148,-190.0613983329077,10,49.92777801197632,-3.527950420725932,-12.987307327014395,-24.297032482506992,10,6.209394601687616,2507.0532091293385,1318.8842150248688,326.5610871006936,10,690.862212424914,2465.817450408881,1343.1667740187452,470.7938161907181,10,675.8272529401326,0.0,0.0,0.0,10,0.0,-6.4911427363432175,-19.829719344522765,-36.82471778678334,10,9.999579168617434,310.8730895184996,170.06618950804614,54.30249239436012,10,83.33370400426244,313.65058470829456,173.89107675290427,58.61161963907149,10,82.80994941593286,2739.6345603057,1466.0480903526527,365.4356183061162,10,754.8662007438554,0.0,0.0,0.0,10,0.0,0.0,0.0,0.0,10,0.0,0.0,0.0,0.0,10,0.0,4930.662876590741,2691.4880727933905,819.4440110686247,10,1329.049760627114,0.0057803468208092,0.0021602965582216,0.0,10,0.0015779163710845,4.776865,-0.39215815,-4.705258,1000,1.0982226,1000,864.0086206896551,93,232,280.99558211307,12775.355934143066,10852.04956818038,1079.1624565124512,232,3602.470035661797,67524.0,150.36903738975525,200000.0,44.0,6644.075913906097,8800000.0,1330.0610516086615,44000.0
3.224234e-08,2.3317364e-09,100.98824,2.2614762e-05,2.476508e-10,0.008056443,12.16752,172.6937,172.68036,8.051485,1233.6025,192.15677,1235.5675,1.0,-0.2986501,-1.0,4766,0.8642099,0.2613580691803883,0.2461225032324167,0.2310178059732293,10,0.0094386881101595,1000,476.6,89,10,364.9444341266216,12628.104859828947,5892.0243814945225,933.7149410247804,10,4631.0208289592565,0.0,0.0,0.0,10,0.0,-0.1214478702598969,-0.9877504647118656,-2.1279843256606323,10,0.7553240455860977,-63.6534375,-339.81856374999995,-721.3069375,10,258.30530836804616,209.30098131777868,91.22028257112706,10.623801306565356,10,73.22635748817514,219.38842129403807,104.87937550784056,19.763657584832167,10,77.33789905422364,0.0,0.0,0.0,10,0.0,0.0,0.0,0.0,10,0.0,0.0,0.0,0.0,10,0.0,0.0,0.0,0.0,10,0.0,-19.69068684930916,-96.86016454839992,-204.41746875914032,10,72.51557169389685,-0.4974313154938767,-11.148441937980008,-25.68572271918651,10,9.411301154245852,2383.6606171922213,1104.7466675972291,171.58263383772405,10,854.568742771286,2452.546420324441,1123.2002639708955,159.6271041315551,10,902.9505723486732,0.0,0.0,0.0,10,0.0,-3.0823146349760497,-17.188905652103664,-36.32269064520497,10,13.066116914225988,310.49937486946743,148.08953819443246,23.729048653497564,10,114.01758337107503,318.6524529068688,150.0552819663523,27.46281576326415,10,113.73756944227802,2778.7299378684984,1241.926037989744,117.43931280398614,10,1011.602122260528,0.0,0.0,0.0,10,0.0,0.0,0.0,0.0,10,0.0,0.0,0.0,0.0,10,0.0,4918.671610842841,2312.5526906865134,424.0753871624675,10,1779.5406427151488,0.0112359550561797,0.0045990262746832,0.0,10,0.0041413969687141,4.9418817,-0.39097384,-4.9826474,1000,1.0994229,1000,885.0260869565218,88,230,255.11023911650307,12833.039635658264,11116.773411534145,892.0071256160736,230,3264.7794453470856,67754.0,148.04006695747375,200000.0,45.0,6792.115985393524,9000000.0,1350.985608899058,45000.0
3.173928e-08,2.2957927e-09,100.93551,-3.3057582e-05,2.4334984e-10,0.008107897,12.170641,172.71127,172.698,8.007718,1234.7701,193.7876,1236.7255,1.0,-0.29894823,-1.0,4266,0.86218053,0.2701287587754108,0.2463658718946577,0.2223263436182712,10,0.0124577287791758,1000,426.6,87,10,339.8323704416635,12603.639888763428,5311.527789211274,1026.685257911682,10,4308.046564947458,0.0,0.0,0.0,10,0.0,-0.2062609044597504,-0.9083534075498484,-2.159743081942101,10,0.6968087369671365,-64.7192625,-304.7509475,-711.3395,10,235.8918755494196,198.20108573620897,83.089992260574,10.739169063430678,10,67.99979119300045,210.4249534261821,92.81837955946784,26.76135823308825,10,66.23791794109218,0.0,0.0,0.0,10,0.0,0.0,0.0,0.0,10,0.0,0.0,0.0,0.0,10,0.0,0.0,0.0,0.0,10,0.0,-16.950848202004394,-86.0186081709113,-198.26384633433705,10,65.32815560829184,-0.6506018737987249,-9.758989406497658,-25.22687978983729,10,8.347720976886867,2423.6646994478524,998.5508320347872,179.11439013372924,10,814.8533898820638,2454.950588334103,1011.500622265784,167.76414347932544,10,830.8480200426526,0.0,0.0,0.0,10,0.0,-2.639070777297965,-15.365463173511523,-36.522669633564384,10,12.449145994919254,308.5825540554091,132.0746430963593,23.95894579147212,10,104.9067907407289,307.2843788048785,133.6588214413017,26.5897761853154,10,103.73840861556828,2682.155206467941,1126.7463658515362,204.95806972502368,10,924.7359931122402,0.0,0.0,0.0,10,0.0,0.0,0.0,0.0,10,0.0,0.0,0.0,0.0,10,0.0,4935.536754034287,2078.176506621458,403.1290231201272,10,1665.2715062235206,0.0114942528735632,0.0047341393828959,0.0,10,0.0041078325097147,4.58992,-0.39131394,-4.708541,1000,1.099468,1000,857.5371179039302,70,229,266.93043215257563,12815.713328361511,10768.781079048673,848.8971681594849,229,3427.1078091730337,67983.0,171.3090581893921,200000.0,46.0,6963.425047874451,9200000.0,1167.4805880894426,46000.0
3.124777e-08,2.2617552e-09,100.86216,7.870164e-05,2.3806626e-10,0.00799027,12.172738,172.72868,172.71542,8.125063,1233.5488,206.50491,1235.4249,1.0,-0.3079079,-1.0,5161,0.8566635,0.2718329597278493,0.2421161173057067,0.2150341029925193,10,0.0151314950781963,1000,516.1,81,10,325.0924330094442,12590.281321525574,6413.51855711937,911.1248874664308,10,4148.938606737405,0.0,0.0,0.0,10,0.0,-0.1527619971036608,-1.046011620660839,-2.033066395292774,10,0.6649421446625018,-63.0021,-363.35750625,-698.2930125,10,225.3093431444968,191.9339663502953,98.10919488124372,10.40801183889321,10,65.37680826883309,208.44771473273445,108.9275976192866,17.000647084638807,10,64.49826294943114,0.0,0.0,0.0,10,0.0,0.0,0.0,0.0,10,0.0,0.0,0.0,0.0,10,0.0,0.0,0.0,0.0,10,0.0,-18.78079842211255,-101.73737273836764,-193.6880370260577,10,62.09048248669674,-0.5503872848121334,-10.4583042468362,-22.23906302536392,10,7.358891213266882,2370.001748052953,1226.5199176344854,173.512460931228,10,791.2803672251773,2441.000082683688,1225.3909466005543,171.42069076250476,10,800.02358167001,0.0,0.0,0.0,10,0.0,-2.538078261653196,-18.735605015197088,-36.37546529831668,10,11.808095984405126,305.14425579141704,158.76472633965727,22.099762872396635,10,99.74778054237466,314.3788152668042,160.8480734300153,30.92634046425736,10,99.3405837858011,2686.719635571919,1345.6987941523553,161.13291161996997,10,895.1344676469778,0.0,0.0,0.0,10,0.0,0.0,0.0,0.0,10,0.0,0.0,0.0,0.0,10,0.0,4864.191402231649,2500.154085781677,382.3157798951936,10,1594.434869354362,0.0123456790123456,0.0040512352718603,0.0,10,0.0041329816086664,4.597084,-0.39263868,-4.709928,1000,1.0984809,1000,841.7826086956521,103,230,281.5731515921618,12798.84482383728,10564.50892427175,1201.2805814743042,230,3606.429625680048,68213.0,151.02869057655334,200000.0,47.0,7114.453742742538,9400000.0,1324.2516983792832,47000.0
3.0767435e-08,2.2221802e-09,100.6599,3.241628e-05,2.3921487e-10,0.008020377,12.17473,172.74986,172.73637,8.191197,1233.0752,208.77116,1234.9481,1.0,-0.300516,-1.0,7125,0.8600906,0.2715255829296631,0.2414967577104439,0.2068325235836259,10,0.0157380846180793,1000,712.5,216,10,309.6779779060823,12725.149934768677,8829.257012224198,2149.999438285828,10,3997.059127732164,0.0,0.0,0.0,10,0.0,-0.3487779174166431,-1.5285765033800218,-2.3167121079599444,10,0.698853238420734,-148.62337499999998,-511.4104675,-742.9392375,10,221.16080413197287,203.9576687329068,141.62907098459704,27.200206086664764,10,59.36323638792789,218.8159660410852,149.63603521643853,51.82766488755564,10,57.562725075989576,0.0,0.0,0.0,10,0.0,0.0,0.0,0.0,10,0.0,0.0,0.0,0.0,10,0.0,0.0,0.0,0.0,10,0.0,-41.2535349439021,-142.8314687632205,-211.23996320127475,10,60.51987605983923,-2.3329201641468864,-16.025070004293525,-25.16431394451684,10,7.881783817482317,2460.918194338805,1675.1667869647958,429.1617085389427,10,762.6490796802375,2601.089813626212,1689.5009799978318,460.9610163559306,10,741.6758313575714,0.0,0.0,0.0,10,0.0,-6.86045019491357,-25.21935225447034,-35.924139426588866,10,11.191289658009811,310.5233351672357,221.2505298233036,64.47695240358127,10,95.98744469143608,313.231933090492,221.62115133925263,69.8544490193338,10,95.07827209974268,2789.5454513465806,1894.336444405367,478.3869676906042,10,875.1163868016886,0.0,0.0,0.0,10,0.0,0.0,0.0,0.0,10,0.0,0.0,0.0,0.0,10,0.0,4909.913182017288,3415.355803858164,716.6422721817781,10,1568.5802897052365,0.0046296296296296,0.0015640230104341,0.0,10,0.0017061735317269,4.6473875,-0.39083874,-4.828306,1000,1.0994412,1000,865.1134453781513,79,238,280.4223400708625,12815.212931632996,10869.002135549274,876.2409663200378,238,3596.4731814430875,68451.0,152.89455580711365,200000.0,48.0,7267.348302841186,9600000.0,1308.0910497056084,48000.0
3.0297937e-08,2.1943811e-09,100.52033,3.3710774e-05,2.294539e-10,0.008007916,12.1769905,172.75772,172.74457,8.192033,1232.8768,206.2902,1234.7533,1.0,-0.28721344,-1.0,5917,0.8655804,0.2643067328881107,0.2417231022842082,0.1853598590616745,10,0.0214360163315538,1000,591.7,104,10,298.03323640157987,12439.685026168823,7329.670787239074,1128.6800074577332,10,3741.2087036036087,0.0,0.0,0.0,10,0.0,-0.1367177297563778,-1.2556898582164906,-2.151367446396061,10,0.6737736420732238,-72.83137499999998,-429.00443125,-760.2687625,10,223.15983580647227,219.0677475443537,119.48730991427485,12.703296187403335,10,58.62224569511572,215.17644407511173,123.0220664210456,23.50059432021653,10,61.25196689323742,0.0,0.0,0.0,10,0.0,0.0,0.0,0.0,10,0.0,0.0,0.0,0.0,10,0.0,0.0,0.0,0.0,10,0.0,-23.00534796424158,-122.05943557792924,-221.4648759358948,10,63.46397701845852,-0.4306423868591778,-13.170608789455912,-27.003940617258536,10,8.210091240191426,2520.31345115414,1372.4699148673992,203.78001029267267,10,695.2196344512364,2340.8381274548774,1391.5110525107525,192.5495340983041,10,700.5649526440633,0.0,0.0,0.0,10,0.0,-3.9073648120459854,-21.11656100661828,-37.33546566347808,10,10.735254212533656,315.57955011913594,184.4537679081392,28.70919052357815,10,92.27985275063556,313.3903396928298,183.9607266031073,35.321022492705666,10,91.0676855444604,2747.827114216295,1578.9067875971712,222.2639788068344,10,831.0840456549888,0.0,0.0,0.0,10,0.0,0.0,0.0,0.0,10,0.0,0.0,0.0,0.0,10,0.0,4964.632235916706,2862.2819372501563,491.2609752580042,10,1478.4476144997102,0.0096153846153846,0.0026697148712228,0.0,10,0.002894898931821,4.806243,-0.39107257,-4.6111045,1000,1.0992081,1000,861.578947368421,80,228,284.36171660857616,12836.55621433258,10840.070179676277,890.9042401313782,228,3652.789527382798,68679.0,150.31698060035706,200000.0,49.0,7417.665292978287,9800000.0,1330.5216696158473,49000.0
2.9839256e-08,2.1534992e-09,100.41136,-1.03326765e-05,2.33642e-10,0.008043243,12.17598,172.7599,172.74634,8.175116,1232.8724,212.34225,1234.7191,1.0,-0.3081623,-1.0,7968,0.8593202,0.263360995411489,0.2357911488858252,0.1997677616532472,10,0.0180732816468089,1000,796.8,175,10,241.99991735535767,12921.915312767029,9970.361482429504,1967.5025815963745,10,3110.8816980278057,0.0,0.0,0.0,10,0.0,-0.2067280572602048,-1.667737764054857,-2.1619634258902867,10,0.5472006176295388,-101.016525,-567.06824375,-726.9518625,10,176.99867111406033,207.95550307640087,154.72504039903828,61.96508503507772,10,39.54567003449671,220.7649836352515,168.44270803723188,63.98074299900275,10,44.92494964936364,0.0,0.0,0.0,10,0.0,0.0,0.0,0.0,10,0.0,0.0,0.0,0.0,10,0.0,0.0,0.0,0.0,10,0.0,-29.56105008355168,-158.43681330047713,-205.46273913914783,10,49.22013261929589,-1.2950387713222185,-17.29746045408768,-23.914708339305736,10,6.174784438897111,2516.4297035285304,1919.5508879533336,392.33955123101896,10,596.6104522412893,2606.8141979961943,1902.383376727275,383.7235646703388,10,600.3420040441041,0.0,0.0,0.0,10,0.0,-5.666446339274039,-28.52319010274467,-36.18551651947738,10,8.709802072830104,314.1599377795345,245.39908086743296,57.08648260928682,10,73.85389288124095,311.1147527871068,246.78013961616483,51.930180795919576,10,75.1146953721013,2724.673267524326,2099.944585965767,405.2834824909866,10,667.0444738659301,0.0,0.0,0.0,10,0.0,0.0,0.0,0.0,10,0.0,0.0,0.0,0.0,10,0.0,4947.131565410746,3876.765260822404,664.7719842488725,10,1224.644193516933,0.0057142857142857,0.0012365907679702,0.0,10,0.001621417975324,4.5558887,-0.38949552,-4.9237523,1000,1.0997515,1000,823.9634146341464,63,246,310.11698992799285,12866.996307373049,10355.013049775023,820.6068744659424,246,3971.947827443006,68925.0,153.56144547462463,200000.0,50.0,7571.226742267609,10000000.0,1302.410246151591,50000.0
2.9391124e-08,2.1243238e-09,100.30922,5.045536e-05,2.2696603e-10,0.007974284,12.17864,172.75444,172.74107,8.291616,1232.6423,215.90675,1234.488,1.0,-0.3146681,-1.0,7678,0.8564935,0.2639521101121567,0.235167192110145,0.2068505494022809,10,0.0186922601499159,1000,767.8,260,10,269.0281769629345,13024.842831611631,9729.039116621016,2948.857005119324,10,3527.754467322692,0.0,0.0,0.0,10,0.0,-0.4364988781469869,-1.6360780042203753,-2.404188532259215,10,0.6348204936807275,-178.1704125,-544.5990737499999,-779.512825,10,199.1677835318553,216.1835848946861,148.53695664593556,43.132734671703496,10,55.52717818582626,234.4428289515894,159.09172626327668,64.63200460231255,10,56.33007014250912,0.0,0.0,0.0,10,0.0,0.0,0.0,0.0,10,0.0,0.0,0.0,0.0,10,0.0,0.0,0.0,0.0,10,0.0,-50.21487830299557,-150.26033280651515,-220.7642129160835,10,54.92079020565932,-3.2208111857107617,-16.929131256366,-28.711555697440545,10,7.793687193329029,2652.7072279545755,1863.5819501182136,631.3084597535869,10,663.8026957630565,2644.48703550346,1896.8125168534364,599.9082481968571,10,705.7936282550515,0.0,0.0,0.0,10,0.0,-8.709877109200939,-27.464714855972808,-37.63368418427208,10,9.79132107404828,310.5835549131902,236.1337277607308,82.74375565314048,10,80.88117765597626,317.7629988402424,237.70920323603767,83.94448357921931,10,83.7415724136499,2762.218683107058,2062.007324770429,581.7139332603974,10,766.1065448179767,0.0,0.0,0.0,10,0.0,0.0,0.0,0.0,10,0.0,0.0,0.0,0.0,10,0.0,4979.68087641655,3743.8359220386455,1061.3511740685562,10,1355.3912083534965,0.0038461538461538,0.0010897155685561,0.0,10,0.0012695320695399,4.4738345,-0.39673465,-5.2118983,1000,1.0977802,1000,860.9126637554585,57,229,272.0810328601562,12851.173184394836,10855.581293158915,742.5358781814575,229,3499.5366061392947,69154.0,178.76568412780762,200000.0,51.0,7749.992430448532,10200000.0,1118.7829530918866,51000.0
2.8953343e-08,2.0916355e-09,100.167885,2.5891595e-05,2.2463183e-10,0.007987539,12.17669,172.74211,172.72868,8.19351,1234.786,209.66777,1236.6307,1.0,-0.3505182,-1.0,9925,0.84367996,0.24792394898866,0.2211508077393946,0.1955476232733805,10,0.0164266234813076,1000,992.5,925,10,22.5,13105.392610549929,12740.236490678788,11680.945996761322,10,384.3144503825304,0.0,0.0,0.0,10,0.0,-1.8634354747936344,-2.1139218917162985,-2.349555537238949,10,0.1526624718474983,-619.718025,-675.4586987499999,-727.4255625,10,33.7742497165645,209.55924690410484,182.23818325521205,158.96256199635482,10,14.593831343205023,209.6701083857821,190.60494254106783,180.07427169581194,10,8.279069616881914,0.0,0.0,0.0,10,0.0,0.0,0.0,0.0,10,0.0,0.0,0.0,0.0,10,0.0,0.0,0.0,0.0,10,0.0,-160.15693109871967,-181.2754881771312,-200.4369554288245,10,12.607797635434338,-14.905498092088564,-20.40848038658558,-24.71937790453372,10,3.65605782778556,2642.752629288494,2475.9467042891674,2180.011989775661,10,136.42496277556285,2635.687150080965,2498.9164079146863,2279.3989020830354,10,92.53029388196732,0.0,0.0,0.0,10,0.0,-33.12547875007408,-35.1661230415283,-36.654412834986296,10,1.2343818466177847,308.0283664704017,303.1116405246186,285.97830649487423,10,5.942541078163622,310.12537541694456,301.95485469669813,283.6497950749946,10,6.819830949682188,2769.9351196699754,2683.403753894804,2481.504704972229,10,77.6637908457998,0.0,0.0,0.0,10,0.0,0.0,0.0,0.0,10,0.0,0.0,0.0,0.0,10,0.0,4968.804127211661,4871.373641401037,4586.105315386272,10,115.10527444342222,0.001081081081081,0.0001081081081081,0.0,10,0.0003243243243243,4.910279,-0.39833778,-5.3478937,1000,1.0978035,1000,853.1134453781513,69,238,280.3864075705423,12875.20200061798,10754.848025450186,787.0450992584229,238,3617.529495687517,69392.0,156.4749879837036,200000.0,52.0,7906.46742272377,10400000.0,1278.159548546055,52000.0
2.85256e-08,2.060964e-09,100.03784,5.413275e-05,2.2108397e-10,0.007948895,12.177866,172.72943,172.71584,8.248905,1235.3715,216.05562,1237.158,1.0,-0.33971858,-1.0,10000,0.8497437,0.247637161508022,0.2263379626651209,0.2086985590432614,10,0.0144840032599675,1000,1000.0,1000,10,0.0,13033.64421749115,12916.418331480028,12756.074875831604,10,78.95503602329974,0.0,0.0,0.0,10,0.0,-1.9720003109725008,-2.2202244272597467,-2.505085687557318,10,0.1754910276951229,-650.8243249999999,-696.3528162499999,-754.0514499999999,10,38.14817214036241,223.2997695007888,182.2078205642128,162.42975957569962,10,17.69753848656707,206.7123903716547,196.11988684918688,185.2907882104508,10,7.391866929335191,0.0,0.0,0.0,10,0.0,0.0,0.0,0.0,10,0.0,0.0,0.0,0.0,10,0.0,0.0,0.0,0.0,10,0.0,-171.9516000245094,-187.2212448046305,-205.50478992975425,10,12.519198396798496,-17.202066713046104,-21.490473108295625,-26.272970324551764,10,3.319938636598749,2574.854483057291,2502.9533908245203,2411.3657503838976,10,51.48071275441508,2615.098306645291,2549.290885111605,2468.676584139322,10,52.50777891086685,0.0,0.0,0.0,10,0.0,-34.32068811494713,-35.503934401105624,-36.76498074310719,10,0.8047553467400329,307.81274810199784,305.0901815118649,302.5977060049634,10,1.976661060606893,313.18306218446264,306.20980836134413,300.95651211557,10,3.9784167959596064,2811.445008328453,2734.982664633436,2691.717451181814,10,37.403843692130096,0.0,0.0,0.0,10,0.0,0.0,0.0,0.0,10,0.0,0.0,0.0,0.0,10,0.0,4982.746037849611,4930.507868900165,4840.336851194786,10,45.7798150536623,0.0,0.0,0.0,10,0.0,4.9880295,-0.39529964,-4.616095,1000,1.0993257,1000,820.44,54,250,311.8243197699628,12881.558563232422,10359.31144107628,642.9988765716553,250,4006.917952287791,69642.0,157.68331265449524,200000.0,53.0,8064.1507396698,10600000.0,1268.3650326285708,53000.0
2.8107806e-08,2.032009e-09,99.86696,1.34851725e-05,2.1661566e-10,0.00797587,12.176502,172.71352,172.69998,8.497734,1235.9427,234.83412,1237.6246,1.0,-0.3537522,-1.0,9473,0.84313464,0.243041246748317,0.2206499891464939,0.1996464849556171,10,0.0135014751372137,1000,947.3,473,10,158.1,13054.387168884276,12231.02924838066,5797.372808933258,10,2147.764325910083,0.0,0.0,0.0,10,0.0,-0.7760616091463333,-2.008100145678223,-2.459566547663047,10,0.4493706649088355,-319.86592499999995,-641.6207287499999,-735.9521625,10,112.46513303067522,192.7564606093389,169.58526008520485,92.1791587006142,10,28.08468754879204,237.4942622018885,190.35350037485395,102.57362749558207,10,33.31630952041808,0.0,0.0,0.0,10,0.0,0.0,0.0,0.0,10,0.0,0.0,0.0,0.0,10,0.0,0.0,0.0,0.0,10,0.0,-92.88982286752392,-172.18977673472548,-201.83628374443643,10,28.682650433282333,-6.375772613683003,-17.886417713158266,-25.015209543456976,10,4.987811474367822,2647.550262531141,2418.068973547378,1036.278143525304,10,462.3108728066562,2633.0795835977624,2424.921459487233,1234.0640779229827,10,400.2623676858139,0.0,0.0,0.0,10,0.0,-16.161298644901166,-32.86753530488701,-36.45276552893699,10,5.73115560849495,315.17996325568697,291.47933511240853,148.73882110326332,10,47.72732846301195,315.0386770703549,288.0132857137318,124.21259769474185,10,54.75143829892661,2776.508308171424,2546.4832480571145,1187.9938018712703,10,455.608075179789,0.0,0.0,0.0,10,0.0,0.0,0.0,0.0,10,0.0,0.0,0.0,0.0,10,0.0,4973.472804682715,4629.043401890254,2232.063814723526,10,806.9501495561879,0.0021141649048625,0.0002114164904862,0.0,10,0.0006342494714587,4.6975403,-0.39646086,-4.755777,1000,1.0985177,1000,861.0847457627119,68,236,278.5648321298144,12908.880230903624,10901.455323370836,857.7913227081299,236,3580.426315674845,69878.0,157.7041471004486,200000.0,54.0,8221.854890346527,10800000.0,1268.1974677090218,54000.0
2.7700027e-08,2.0024102e-09,99.75177,3.668095e-05,2.1359185e-10,0.007943459,12.1750965,172.68994,172.67636,8.6625395,1236.0087,239.8899,1237.6737,1.0,-0.35527718,-1.0,9329,0.84462094,0.2351226445154394,0.2211834001339256,0.2006800335728495,10,0.009654726241184,1000,932.9,658,10,134.23147916938117,13076.257801055908,12026.214257001877,8346.037341117859,10,1803.0204279478808,0.0,0.0,0.0,10,0.0,-1.4670924556354006,-2.058848733036008,-2.377759220034253,10,0.2681350998141135,-461.5417,-635.3974949999999,-711.2408125,10,83.11340846159469,201.4497130499667,179.60510029228544,119.23648440363564,10,25.28183394246075,205.6494875035283,185.85512814424337,133.9454622880672,10,24.249545572225845,0.0,0.0,0.0,10,0.0,0.0,0.0,0.0,10,0.0,0.0,0.0,0.0,10,0.0,0.0,0.0,0.0,10,0.0,-128.21647123810976,-169.79937515391742,-190.4515410443677,10,21.59643472419005,-15.15129412275828,-18.89560962406654,-23.04838917663109,10,2.5539703737526125,2621.623582298642,2357.2709500805945,1538.563016932054,10,390.4523182889645,2585.58541724131,2360.106427303529,1630.3558174887737,10,350.80958299607687,0.0,0.0,0.0,10,0.0,-22.998863365555096,-32.30159003427281,-35.516708396540054,10,4.649266354639327,307.9027034845482,286.0182814808176,207.79596346127525,10,38.399643091226494,310.85122664551085,284.3880339571541,204.84982255064128,10,39.631361911437615,2736.525092555188,2526.3337044263635,1747.6635143373187,10,385.6481771000916,0.0,0.0,0.0,10,0.0,0.0,0.0,0.0,10,0.0,0.0,0.0,0.0,10,0.0,4969.78664898619,4567.620760175854,3278.427106746481,10,654.4511586513703,0.0015197568389057,0.0003010069804628,0.0,10,0.0006020499615753,4.661592,-0.3966636,-4.857068,1000,1.0985935,1000,804.5079365079365,69,252,320.6597179237152,12853.5031375885,10153.535824015027,819.2329444885254,252,4106.015604293527,70130.0,156.6294674873352,200000.0,55.0,8378.484362125397,11000000.0,1276.8989335686254,55000.0
2.730245e-08,1.9742277e-09,99.530594,6.931548e-05,2.0996895e-10,0.00789313,12.176326,172.67522,172.66167,8.635454,1236.9153,244.93922,1238.6041,1.0,-0.36470965,-1.0,9175,0.84075165,0.2818931301671795,0.221953219689188,0.1979364733508511,10,0.0222360801178626,1000,917.5,175,10,247.5,13039.251408576964,11846.975426244737,2073.9893827438354,10,3258.6721830061583,0.0,0.0,0.0,10,0.0,-0.3113578332728769,-1.955395371649086,-2.40782445491242,10,0.5751383760822156,-133.4847125,-613.5638724999999,-711.2210749999999,10,162.3409986442438,215.3468336559085,184.6402162493786,52.194164108390325,10,45.65145127879532,214.4040477155133,187.67207122555115,53.754968995679526,10,45.29490128703146,0.0,0.0,0.0,10,0.0,0.0,0.0,0.0,10,0.0,0.0,0.0,0.0,10,0.0,0.0,0.0,0.0,10,0.0,-42.43927454366088,-164.19513590035535,-191.8086041978215,10,41.436045186238445,-3.8602733389447694,-16.935154199091723,-24.40106433920464,10,5.4463922853254,2629.393837566154,2341.783562965783,397.9500047071045,10,649.1870736318002,2674.239634347888,2358.2365575367435,465.9896889100238,10,634.7047739153255,0.0,0.0,0.0,10,0.0,-5.822127519501729,-31.17960359726026,-35.309291991658675,10,8.506567963866441,312.53153644513486,281.3324485143136,55.884197003944365,10,75.20711910750751,305.9008849219997,278.6332792714313,56.62091274584189,10,74.02605772315346,2716.541446749556,2441.241652096629,301.091929230126,10,713.9790656390394,0.0,0.0,0.0,10,0.0,0.0,0.0,0.0,10,0.0,0.0,0.0,0.0,10,0.0,4978.845564576392,4468.386320357226,842.0763638921694,10,1212.338224390413,0.0057142857142857,0.0005714285714285,0.0,10,0.0017142857142857,4.388294,-0.40217298,-4.8711276,1000,1.0969352,1000,875.6278026905829,42,223,278.2340056815366,12870.246864318848,11068.675451853886,438.0963487625122,223,3563.577791197223,70353.0,180.5092887878418,200000.0,56.0,8558.993655443192,11200000.0,1107.9762229580674,56000.0
2.691457e-08,1.9476234e-09,99.37377,2.3998911e-05,2.0554222e-10,0.0079259025,12.176202,172.65099,172.63756,8.476189,1238.2686,241.2127,1239.9949,1.0,-0.3506313,-1.0,8515,0.8441382,0.2452879141609722,0.2227625576551383,0.2074896806776509,10,0.0102631475808259,1000,851.5,399,10,230.7935224394307,13046.35987520218,10969.386513471603,5113.629417419434,10,2962.9590033717845,0.0,0.0,0.0,10,0.0,-0.8875235869816405,-1.8616447969783176,-2.324774528975615,10,0.4923255752503078,-290.29915,-581.5693849999999,-714.1422249999999,10,151.78512528399972,229.20395479805933,177.2245528638368,97.13755882785615,10,44.43423500998799,215.7884877445679,170.70151067759724,86.88238049647401,10,44.04987113167972,0.0,0.0,0.0,10,0.0,0.0,0.0,0.0,10,0.0,0.0,0.0,0.0,10,0.0,0.0,0.0,0.0,10,0.0,-81.96217695589536,-155.5217977725533,-192.6253759282773,10,39.40897014889981,-9.357742850942184,-16.109656525309244,-22.08018673085534,10,4.289330501893801,2648.9322454164467,2161.720557988196,979.413200591832,10,597.8262540655273,2660.0099319341125,2167.5720199360794,967.0342427616472,10,591.0214104299752,0.0,0.0,0.0,10,0.0,-13.362639125047174,-29.04103093411741,-34.96703465291342,10,7.862006600362515,308.3668213395974,259.42529857353804,119.16241528569604,10,70.80240864255421,312.825593937945,262.40324882180005,135.19443204449112,10,68.55245499078647,2730.3299836676106,2281.421344609113,1083.2706713226644,10,622.0791509527572,0.0,0.0,0.0,10,0.0,0.0,0.0,0.0,10,0.0,0.0,0.0,0.0,10,0.0,4962.611287526541,4147.3784891303685,1975.122475482864,10,1104.477064216504,0.0025062656641604,0.0006097704138249,0.0,10,0.0009500172972071,4.425347,-0.4033229,-4.9362473,1000,1.0967717,1000,876.2202643171806,63,227,266.158716740306,12885.106307983398,11071.50259510536,748.9684476852417,227,3414.462114098883,70580.0,154.73119568824768,200000.0,57.0,8713.724854946136,11400000.0,1292.5641730511788,57000.0
2.6537705e-08,1.9205983e-09,99.197266,5.7989804e-05,2.0241785e-10,0.007877791,12.173,172.62756,172.6141,8.239344,1241.7865,235.953,1243.5219,1.0,-0.37235716,-1.0,10000,0.83531934,0.2220632997737672,0.2122535667899525,0.2006371197445845,10,0.0063994813039043,1000,1000.0,1000,10,0.0,13088.941508293152,12925.57323346138,12485.942834377289,10,203.82687106628904,0.0,0.0,0.0,10,0.0,-2.003765933654565,-2.1439012717569104,-2.341644025187302,10,0.0976502829398857,-630.7512875,-662.56616375,-688.483475,10,16.151755827254956,218.40735826918865,202.47882584277343,187.90161988778,10,9.160444863872158,216.4146690418841,200.66391405145964,188.5421824387961,10,9.7856761076192,0.0,0.0,0.0,10,0.0,0.0,0.0,0.0,10,0.0,0.0,0.0,0.0,10,0.0,0.0,0.0,0.0,10,0.0,-165.0191357811634,-174.9334373993198,-183.3775593538772,10,5.63050502831512,-14.975772497453097,-17.58665968124036,-19.866786207235364,10,1.3760452418107765,2642.0106294175707,2565.5778980328764,2442.0052693338857,10,66.95029697883615,2644.812805042637,2545.3236714732293,2440.3531228651696,10,51.551747654388144,0.0,0.0,0.0,10,0.0,-33.38221995775956,-33.87519850804232,-34.842157852117445,10,0.4517813492129689,308.0136279603381,304.9312610423027,301.6321755269124,10,1.9573442310032991,316.738911604618,308.15684618895017,302.7710202421367,10,3.8552680702297897,2725.356416143091,2678.264272323996,2608.620951200301,10,29.149307507552475,0.0,0.0,0.0,10,0.0,0.0,0.0,0.0,10,0.0,0.0,0.0,0.0,10,0.0,4955.745790863449,4870.12640511667,4600.160675790912,10,121.76075050583012,0.0,0.0,0.0,10,0.0,4.743489,-0.3984608,-4.9599195,1000,1.0976748,1000,791.0860927152318,46,302,323.0069492701141,12875.137862205504,9960.773141984118,466.92190885543823,302,4143.222092643492,70882.0,157.30175924301147,200000.0,58.0,8871.026618719101,11600000.0,1271.441597109064,58000.0
2.617761e-08,1.8943278e-09,99.041405,-1.1483486e-05,1.9988108e-10,0.007934797,12.176651,172.60675,172.59367,8.941409,1236.9595,313.64932,1238.288,1.0,-0.38850522,-1.0,10000,0.8328108,0.2146485818597924,0.2079886486450304,0.1976677630605813,10,0.0052107295658884,1000,1000.0,1000,10,0.0,13078.657594680786,12980.00147137642,12810.181725502014,10,70.33924986671043,0.0,0.0,0.0,10,0.0,-1.9321758658464667,-2.1190144051619098,-2.2682084556211954,10,0.1219236993090606,-620.428575,-649.4249362499999,-669.930225,10,17.11729142897835,207.32687186652785,186.6394409779976,172.713254126898,10,10.851023202188824,207.190483359243,190.0785789068593,175.2561002576531,10,9.300078898754675,0.0,0.0,0.0,10,0.0,0.0,0.0,0.0,10,0.0,0.0,0.0,0.0,10,0.0,0.0,0.0,0.0,10,0.0,-162.5262435508701,-171.36885217535817,-176.96035886238937,10,4.352087837591219,-13.508994689208231,-17.101862360719657,-19.89491708548181,10,2.291239746469389,2665.3336825804035,2575.2430165671367,2483.6992881987835,10,46.94961693977538,2625.093680689637,2569.804345283383,2492.337359207121,10,37.33386297618224,0.0,0.0,0.0,10,0.0,-33.32255360951057,-34.59985532384992,-35.74274552008072,10,0.8081161656057997,307.1101747163618,304.21345838171953,301.7738032312485,10,1.6826800030083555,310.97603442113774,304.6933461457395,300.8137102148453,10,3.02323820052586,2734.418003146673,2696.479529378581,2641.193001195704,10,26.30910342296606,0.0,0.0,0.0,10,0.0,0.0,0.0,0.0,10,0.0,0.0,0.0,0.0,10,0.0,4949.220320996095,4889.185076659398,4759.3081159923895,10,51.40883264789871,0.0,0.0,0.0,10,0.0,4.5525646,-0.41092107,-5.206788,1000,1.0945953,1000,793.2976744186046,52,215,309.6738340301998,12854.85318851471,9955.869559800349,612.6969804763794,215,3975.663405142942,71097.0,156.94473671913147,200000.0,59.0,9027.971360206604,11800000.0,1274.3339100177682,59000.0
2.5873325e-08,1.871396e-09,99.023926,-2.7299324e-05,1.984706e-10,0.007949212,12.178226,172.56094,172.54749,8.546009,1239.6423,277.89618,1241.0994,1.0,-0.3727784,-1.0,8980,0.83729964,0.2311623230765143,0.2123617316247548,0.2045771973178869,10,0.0068391903821787,1000,898.0,163,10,251.001593620439,13103.137150764464,11507.91174583435,1761.4198775291443,10,3355.6657803513863,0.0,0.0,0.0,10,0.0,-0.1601266280783985,-1.864402865394564,-2.4210935819697523,10,0.6128914898530263,-91.700425,-589.2393774999998,-705.2800875,10,171.4793293012055,197.58500287741987,172.2718869445023,62.27135612031312,10,38.13466349680204,205.7461151010549,178.9226404319238,44.69293970259868,10,45.98423912330274,0.0,0.0,0.0,10,0.0,0.0,0.0,0.0,10,0.0,0.0,0.0,0.0,10,0.0,0.0,0.0,0.0,10,0.0,-28.59518908650691,-158.2619275875084,-191.7354636294494,10,44.73295001375722,-1.9032052753287336,-15.68836453956686,-22.740390839171862,10,5.611449105785116,2663.9679041617064,2280.10091645242,417.9076918649145,10,644.9853111280353,2677.803119013324,2293.042241708622,422.7280656358172,10,649.9146852781091,0.0,0.0,0.0,10,0.0,-5.19378387231051,-31.16983453086076,-35.91931114148405,10,8.912792429203975,306.63148276211507,273.7935948119638,54.06969903622364,10,75.21458241217263,310.3646737246813,275.96340571443454,51.64488798844887,10,76.1209699845315,2753.082455212044,2415.950063259156,412.72359551974233,10,691.327510073367,0.0,0.0,0.0,10,0.0,0.0,0.0,0.0,10,0.0,0.0,0.0,0.0,10,0.0,4975.391909358972,4286.545782702958,399.8775167712533,10,1339.7441806983502,0.0061349693251533,0.0007358959533231,0.0,10,0.0018363162066722,4.7287865,-0.4138018,-4.7279224,1000,1.0952748,1000,861.7982456140351,64,228,289.0295067746472,12964.91393661499,10938.03550421355,787.2426996231079,228,3708.712461689344,71325.0,155.70383262634277,200000.0,60.0,9183.675196886064,12000000.0,1284.4898974321263,60000.0
2.5650438e-08,1.8583575e-09,99.014145,-4.546374e-05,1.9367799e-10,0.007966594,12.177563,172.52223,172.50897,8.26124,1242.8867,255.73528,1244.4094,1.0,-0.36062008,-1.0,7409,0.84590304,0.2753355663403329,0.2312599897268611,0.2058616951851239,10,0.0243019639645329,1000,740.9,98,10,396.2949532860594,13039.728695869446,9520.86685628891,1135.3145580291748,10,5196.641052721713,0.0,0.0,0.0,10,0.0,-0.1775316821783133,-1.6286887120403488,-2.380324737075496,10,0.8872262884140665,-67.79831250000001,-498.20608,-704.8063875,10,260.8426062101977,203.82530153453376,136.86755510546556,18.57314956386902,10,72.52128638687931,205.5336988987877,148.97207309802482,25.30195657317343,10,74.77953540648953,0.0,0.0,0.0,10,0.0,0.0,0.0,0.0,10,0.0,0.0,0.0,0.0,10,0.0,0.0,0.0,0.0,10,0.0,-20.57584944748931,-135.11658529419245,-194.6001088583023,10,68.66060594324428,-0.5073467478065662,-14.618110145776782,-23.987125372406982,10,8.08565850859675,2669.5991930076534,1898.639255007217,210.3000258855385,10,1059.125811495211,2599.6879454297405,1827.2813740744937,176.05956550298566,10,998.7455518385142,0.0,0.0,0.0,10,0.0,-2.9720020790453634,-25.759391374358,-36.49581379205069,10,14.03949520438122,315.95206047483504,228.63043253720167,25.78682888654373,10,122.8217565997317,311.1530460470447,229.3514425062903,35.48390466474158,10,120.788316364177,2727.578208160973,1988.2488568659248,244.82225714583456,10,1093.4864433880246,0.0,0.0,0.0,10,0.0,0.0,0.0,0.0,10,0.0,0.0,0.0,0.0,10,0.0,4961.815634465374,3629.376601880252,474.4515090319848,10,1954.9281285916688,0.010204081632653,0.0023580425718674,0.0,10,0.0037606476834416,4.7976522,-0.41226083,-4.956485,1000,1.0969967,1000,895.1863636363636,47,220,252.07227822672849,12903.894310951231,11377.645187344337,474.5851755142212,220,3230.546325092509,71545.0,177.967600107193,200000.0,61.0,9361.64280128479,12200000.0,1123.800061806399,61000.0
2.5490674e-08,1.8446196e-09,99.048965,-0.00010307557,1.9463456e-10,0.008026994,12.179057,172.53374,172.52036,8.446473,1241.3564,287.95627,1242.6647,1.0,-0.3765912,-1.0,10000,0.83963436,0.2392044274028649,0.2138050659213698,0.2052980692801333,10,0.0089579286853464,1000,1000.0,1000,10,0.0,13057.19466495514,12888.898691034316,12625.020515918732,10,117.00558372689667,0.0,0.0,0.0,10,0.0,-2.0129886672013835,-2.1311365699448634,-2.2706862999083066,10,0.0717261049035635,-639.5147374999999,-657.2626975,-714.9119875,10,20.78447182615307,206.49920444255656,176.33545124641552,165.861271701663,10,11.242833049541408,220.36242698028093,197.8502274572019,185.91989933515083,10,8.84964484486062,0.0,0.0,0.0,10,0.0,0.0,0.0,0.0,10,0.0,0.0,0.0,0.0,10,0.0,0.0,0.0,0.0,10,0.0,-169.05603356593315,-176.9424784591942,-199.528765346432,10,7.985641732991367,-16.829446831773005,-18.259700732241463,-22.357358972794778,10,1.4935064486428975,2662.45427672854,2616.405507894745,2466.846634087733,10,57.41078512993162,2632.8399223621605,2469.1833663013444,2302.201306683345,10,81.89626758412271,0.0,0.0,0.0,10,0.0,-33.78565630604632,-35.00654843721825,-36.20961659525827,10,0.6844970779058015,312.6364260237605,308.3745657822752,304.6442422788349,10,2.196841443659246,312.2239429426313,307.86718512154323,303.3018542480089,10,2.536899303597586,2713.3494814830547,2678.3331056030447,2632.139873679503,10,25.30208537759758,0.0,0.0,0.0,10,0.0,0.0,0.0,0.0,10,0.0,0.0,0.0,0.0,10,0.0,4942.461325819066,4881.897643837753,4818.876718373052,10,36.84557778773281,0.0,0.0,0.0,10,0.0,4.7219157,-0.39193594,-4.678988,1000,1.1035664,1000,658.2096774193549,49,310,332.52779350715133,12926.961388587952,8271.251285819853,485.7202515602112,310,4282.758915847829,71855.0,157.88921308517456,200000.0,62.0,9519.53201842308,12400000.0,1266.7109810225506,62000.0
2.539472e-08,1.8393332e-09,99.15065,-4.6210294e-05,1.9224428e-10,0.007978262,12.17999,172.52924,172.51584,9.409642,1234.4376,334.78366,1235.4218,1.0,-0.36918953,-1.0,9265,0.8461929,0.2466269252943567,0.2198263769892153,0.1977849184765817,10,0.0145924263169435,1000,926.5,704,10,105.3558256576256,13056.304533958437,11801.844542598725,8637.546003341675,10,1505.1356319374654,0.0,0.0,0.0,10,0.0,-1.5025841462954612,-1.977221885721196,-2.2133265576608068,10,0.2093214726402988,-486.529375,-612.70529125,-669.5354749999999,10,57.169672020844025,175.6307812407881,160.4957277866874,139.21352670212494,10,10.83113314994224,209.72404523273488,185.792978831755,151.9085652780354,10,16.965601587378636,0.0,0.0,0.0,10,0.0,0.0,0.0,0.0,10,0.0,0.0,0.0,0.0,10,0.0,0.0,0.0,0.0,10,0.0,-141.59818318857674,-168.45219224122783,-183.49272912289888,10,14.065795770664716,-14.748031718228775,-17.55195996711718,-21.63891472001536,10,2.4382838367929187,2675.717132401332,2360.5427806090893,1691.3108208210356,10,325.45422126798,2655.4779248558534,2256.1005417177976,1438.52889395681,10,385.9695053081512,0.0,0.0,0.0,10,0.0,-24.535022414849305,-32.82803330977685,-36.23908252420853,10,4.186252200993141,311.45587870950504,287.0171701058842,219.01059550859367,10,30.837409520850063,314.0906035258312,286.1183488031473,216.51960917029183,10,32.63990633087921,2682.996425960948,2453.037251091518,1856.8531910768595,10,292.5513950340357,0.0,0.0,0.0,10,0.0,0.0,0.0,0.0,10,0.0,0.0,0.0,0.0,10,0.0,4931.5114067612285,4511.063222463225,3469.177570062615,10,492.4530223373793,0.0014204545454545,0.0004955629836242,0.0,10,0.0006125345042893,4.798126,-0.4074861,-4.6193633,1000,1.0990949,1000,847.3491379310345,48,232,289.92722570699254,12975.472389221191,10740.114561357246,541.9985628128052,232,3724.655169657501,72087.0,156.18589735031128,200000.0,63.0,9675.717920064926,12600000.0,1280.5253444324587,63000.0
2.5341546e-08,1.8338698e-09,99.184685,-7.465889e-05,1.9345384e-10,0.008009433,12.174419,172.46613,172.45251,8.958143,1240.4972,285.6085,1241.8855,1.0,-0.36450008,-1.0,9712,0.8483335,0.2369849018237058,0.2210997571857325,0.2093605796998229,10,0.0089588254438306,1000,971.2,712,10,86.4,12986.639085769652,12401.918294095993,8893.305452346802,10,1173.7032075971142,0.0,0.0,0.0,10,0.0,-1.5097233590919017,-2.081341254067669,-2.3330405143902304,10,0.2100190336085131,-487.239925,-647.1294649999999,-700.957575,10,55.40515224615476,183.49270939010995,166.59904274079796,133.32733111851115,10,16.323327825568892,213.96934937664503,197.1567128495141,145.49310663805278,10,19.58572238286996,0.0,0.0,0.0,10,0.0,0.0,0.0,0.0,10,0.0,0.0,0.0,0.0,10,0.0,0.0,0.0,0.0,10,0.0,-142.0961838935342,-178.2160343707234,-196.928044546884,10,13.727047205723746,-15.15224139041405,-19.44147920766183,-24.151540568502217,10,2.224521437187022,2664.7954887464966,2480.850444865273,1737.6468459869357,10,256.4257549920427,2556.513373580372,2371.298770521417,1569.4577880716186,10,276.2447688910805,0.0,0.0,0.0,10,0.0,-25.137938201591588,-34.86426855256882,-37.45559739191769,10,3.316368731356317,312.7411809733008,299.2262506877459,226.61548079625183,10,24.37576691707052,312.2859471512299,299.24539959830065,223.43442162730048,10,25.36710253023855,2730.921977950184,2583.6681038658426,1896.1716142105988,10,232.5792072475064,0.0,0.0,0.0,10,0.0,0.0,0.0,0.0,10,0.0,0.0,0.0,0.0,10,0.0,4961.639887384102,4742.780767266081,3518.391235879705,10,411.1918502586086,0.0014044943820224,0.0002404494382022,0.0,10,0.0004893306801964,4.8863635,-0.40707207,-4.5737257,1000,1.0993547,1000,859.6173913043478,55,230,278.7890766560984,13000.53216457367,10923.251552604592,712.7504024505615,230,3587.5102410303525,72317.0,156.0311713218689,200000.0,64.0,9831.74909567833,12800000.0,1281.7951586573045,64000.0
2.530987e-08,1.8366778e-09,99.30864,-9.990583e-05,1.8811215e-10,0.008044597,12.176759,172.46152,172.44826,9.568569,1236.1477,344.2272,1237.1561,1.0,-0.37584668,-1.0,10000,0.841571,0.2257046185075158,0.2148988785661162,0.2051818940450559,10,0.0068104666110885,1000,1000.0,1000,10,0.0,12956.118350982666,12790.675578069688,12527.03125667572,10,152.17761868841427,0.0,0.0,0.0,10,0.0,-1.890809434178964,-2.133265369694956,-2.215675687036009,10,0.0900289304586908,-637.6988875,-658.2140449999999,-679.8976625,10,14.239391446019576,188.77067121812075,170.2213270191117,149.04659607968756,10,10.965446603258105,219.9266324149912,202.0039514202296,190.6209897704437,10,9.440807349223665,0.0,0.0,0.0,10,0.0,0.0,0.0,0.0,10,0.0,0.0,0.0,0.0,10,0.0,0.0,0.0,0.0,10,0.0,-169.37908805432147,-178.09484104499663,-187.6871956121976,10,6.098678575256566,-15.734063617401295,-19.08125946373054,-20.96348152551086,10,1.5241622634160907,2707.7688772247657,2595.2157028064325,2487.18187288474,10,63.82351815178246,2544.613081547277,2462.753034525452,2345.410087050097,10,66.59206680790587,0.0,0.0,0.0,10,0.0,-34.64711936139808,-35.781523542705834,-36.8036175136517,10,0.7173195536837612,307.661446842142,305.79274647485664,303.5332369689425,10,1.3262663453386907,312.76665234381335,309.56866855394054,306.7150662248597,10,1.958120252731356,2702.644216025009,2669.5981811756405,2634.719050719292,10,24.96552340738592,0.0,0.0,0.0,10,0.0,0.0,0.0,0.0,10,0.0,0.0,0.0,0.0,10,0.0,4926.945659170266,4826.277231587987,4434.218859853927,10,137.35865820148655,0.0,0.0,0.0,10,0.0,4.6147213,-0.39351735,-4.9285116,1000,1.1037385,1000,667.172932330827,46,266,323.79036918524264,13004.295594215391,8403.475418318036,446.81378507614136,266,4167.09639360636,72583.0,158.01716327667236,200000.0,65.0,9989.766263484957,13000000.0,1265.6852955259037,65000.0
2.5286575e-08,1.8343972e-09,99.44365,-0.0001174197,1.8852897e-10,0.008072912,12.174406,172.42421,172.41101,9.963698,1233.5931,347.1924,1234.4524,1.0,-0.36745745,-1.0,8779,0.8468408,0.2666346529544924,0.2243086733458748,0.2108661700407076,10,0.0171347148664547,1000,877.9,136,10,269.23240889610594,13110.009652137756,11251.00302915573,1506.5647983551023,10,3562.133972625175,0.0,0.0,0.0,10,0.0,-0.1808373764553211,-1.9058693212700024,-2.3463760306203785,10,0.6253353986811424,-92.9438875,-586.38730875,-683.5096249999999,10,175.8486199409126,184.07196887539925,156.51127665802997,42.2244100949904,10,41.87135961195884,212.7730446714264,172.5486759496959,44.85066598282382,10,46.472032389194446,0.0,0.0,0.0,10,0.0,0.0,0.0,0.0,10,0.0,0.0,0.0,0.0,10,0.0,0.0,0.0,0.0,10,0.0,-31.645929228433843,-159.84065427072068,-186.20709229968105,10,45.03298151616225,-1.4496032939771553,-17.842950843059533,-22.716122273399503,10,5.813636627695586,2667.3021067171803,2259.4893475787985,243.8172691493116,10,744.4519807159692,2599.5328608252858,2162.9733365000066,288.57673926087966,10,700.445733767376,0.0,0.0,0.0,10,0.0,-4.161941974241975,-31.704519202316817,-36.66689344858375,10,9.997501974020826,310.9300203285148,269.7926845646396,46.74946362228552,10,81.61396989962205,311.8485208503689,271.596220958036,41.84137180062412,10,83.08385721869692,2759.156005051501,2354.9741460501486,279.67832815751296,10,751.4901594795801,0.0,0.0,0.0,10,0.0,0.0,0.0,0.0,10,0.0,0.0,0.0,0.0,10,0.0,4959.49500198199,4272.9145884655045,623.8975809660469,10,1319.12751416425,0.0073529411764705,0.0008908151129814,0.0,10,0.0022033816348616,4.380353,-0.40557754,-4.6420894,1000,1.0998496,1000,852.1576763485477,64,241,302.37546394550657,13006.394284248352,10854.185669667491,772.0811281204224,241,3891.87109780991,72824.0,178.80845093727112,200000.0,66.0,10168.57471895218,13200000.0,1118.515366313213,66000.0
2.526688e-08,1.832261e-09,99.65116,-0.000123675,1.8908933e-10,0.008095766,12.164591,172.34538,172.33202,9.675595,1238.4546,298.70544,1239.5455,1.0,-0.36702323,-1.0,9624,0.84580857,0.2554576769282414,0.2201077547210896,0.2108049383234569,10,0.0128243566264343,1000,962.4,624,10,112.8,12903.121794700624,12356.088719511032,7783.076162338257,10,1524.8400713622295,0.0,0.0,0.0,10,0.0,-1.4577900539965043,-2.1576563191776548,-2.3852375394319605,10,0.2421651517061386,-463.2983375,-645.05110625,-696.3389999999999,10,61.88637730078184,192.7086625810357,175.58598113186002,108.7264260112464,10,24.095202172360896,210.9723389187428,192.87144580654336,148.1467060144862,10,16.08386364691037,0.0,0.0,0.0,10,0.0,0.0,0.0,0.0,10,0.0,0.0,0.0,0.0,10,0.0,0.0,0.0,0.0,10,0.0,-134.08025486339824,-174.45716012368644,-190.47327101555945,10,14.181286398928654,-15.588664198192443,-19.64702829470092,-23.63018508743109,10,2.1173973617197586,2668.2604576313875,2496.096525368969,1543.0657758643315,10,320.64405753127954,2607.2686731283475,2392.1779183328704,1443.722134507538,10,320.23756144175366,0.0,0.0,0.0,10,0.0,-23.16316764785889,-34.282953819379884,-36.76876820784931,10,3.75216607834035,311.3408701714041,296.7672573548776,197.19908326743368,10,33.27636925450958,313.4026777625052,299.3736097811678,194.64044652304293,10,34.95367393124725,2695.3476341344744,2559.072200753339,1592.106174347171,10,322.5478453073024,0.0,0.0,0.0,10,0.0,0.0,0.0,0.0,10,0.0,0.0,0.0,0.0,10,0.0,4919.353049634186,4680.381179964437,3085.8962150118064,10,532.626411296447,0.0016025641025641,0.0001602564102564,0.0,10,0.0004807692307692,4.7159166,-0.4057885,-4.825848,1000,1.0993159,1000,851.7773109243698,54,238,299.0814031391675,12959.93835258484,10848.5718779053,629.9384441375732,238,3850.267190856817,73062.0,157.4048821926117,200000.0,67.0,10325.979605197906,13400000.0,1270.6086190850542,67000.0
2.5253074e-08,1.8313052e-09,99.71241,-3.7450412e-05,1.8894085e-10,0.0080144415,12.155369,172.25883,172.24545,8.934901,1246.6262,268.63626,1247.9952,1.0,-0.36426067,-1.0,10000,0.84768534,0.2271999151570657,0.2204532122507614,0.2104082033506668,10,0.0055008540558494,1000,1000.0,1000,10,0.0,13043.68257713318,12911.93682603836,12796.60931301117,10,81.30405954445196,0.0,0.0,0.0,10,0.0,-2.120538277051508,-2.2578783106874987,-2.426313902558843,10,0.0866050768259164,-653.2717749999999,-675.7843675,-693.6547,10,13.335538425443316,199.6800913856441,185.1407017286108,160.36233058617267,10,12.104953719955388,207.1857753689173,199.5001925606213,187.48528781712696,10,6.382192693493446,0.0,0.0,0.0,10,0.0,0.0,0.0,0.0,10,0.0,0.0,0.0,0.0,10,0.0,0.0,0.0,0.0,10,0.0,-173.72306272520257,-182.709764151426,-188.8305257906361,10,4.8957868407927485,-17.287129937801918,-21.444565409503,-23.531032819912653,10,2.0784739066287026,2728.601573040836,2617.1859027090422,2542.401207230436,10,46.98843636470293,2593.001970638199,2519.128967823564,2440.063078690664,10,43.636422707081074,0.0,0.0,0.0,10,0.0,-34.78190928732504,-35.5535663862036,-35.98600050908122,10,0.4129248622665407,313.62557065688713,308.52995185726013,305.2343416362188,10,2.660274741522073,315.85862219883484,311.2690130907632,302.98990293641737,10,3.616547193343344,2739.427199219632,2681.904350837351,2638.82816712138,10,29.90460246637957,0.0,0.0,0.0,10,0.0,0.0,0.0,0.0,10,0.0,0.0,0.0,0.0,10,0.0,4923.162350475386,4861.108028442996,4710.712150803766,10,70.56513489085643,0.0,0.0,0.0,10,0.0,4.865124,-0.40427488,-4.6928673,1000,1.0991461,1000,870.6324786324786,50,234,282.25732632011125,12986.453637123108,11105.230508783943,484.862359046936,234,3645.252751121018,73296.0,158.5022222995758,200000.0,68.0,10484.481831550598,13600000.0,1261.8119613615995,68000.0
2.524276e-08,1.82909e-09,99.70087,-4.4697306e-05,1.9033151e-10,0.008020767,12.158815,172.26775,172.25421,9.560126,1241.6125,327.6802,1242.566,1.0,-0.3483938,-1.0,9200,0.85334945,0.2670653425559757,0.2296821306606276,0.2117281237410106,10,0.0164902139005039,1000,920.0,200,10,240.0,13012.467030525208,11824.338912391662,2267.492995262146,10,3188.097661874116,0.0,0.0,0.0,10,0.0,-0.3484452906425253,-2.111989227036438,-2.437633478486392,10,0.5914270697831591,-144.360075,-632.75069625,-734.6692250000001,10,164.59938754084226,209.1611758763359,174.8010729475962,38.3704138258064,10,46.76417316426756,217.8377352082999,192.7073424211358,58.52557324508437,10,45.198455240239575,0.0,0.0,0.0,10,0.0,0.0,0.0,0.0,10,0.0,0.0,0.0,0.0,10,0.0,0.0,0.0,0.0,10,0.0,-45.979720498518525,-173.0764864559588,-206.60755354226063,10,43.43230165256118,-3.708421269078249,-20.337355421521867,-26.05996496825892,10,6.076358489861063,2695.897731472518,2388.739316754068,421.2788690136709,10,657.3545027364265,2581.2102544538902,2317.834994010433,486.2264748747002,10,611.8637111908903,0.0,0.0,0.0,10,0.0,-6.9153360333019736,-32.18084718520802,-36.2844618369298,10,8.472873553863296,317.4155003676,285.1358009651061,57.9827796546636,10,75.86341167492907,315.1882288315681,285.74361491327136,60.69408188275696,10,75.0710642369298,2745.0954242182006,2417.365234944239,336.5176225453194,10,696.6114996111369,0.0,0.0,0.0,10,0.0,0.0,0.0,0.0,10,0.0,0.0,0.0,0.0,10,0.0,4925.802206144012,4484.342086012463,972.487800656194,10,1171.1211027844658,0.005,0.0005,0.0,10,0.0015,4.714726,-0.38851526,-4.8188763,1000,1.1034507,1000,673.8720930232558,47,258,348.3444832183258,12916.55617237091,8470.724907813146,463.8224067687988,258,4472.254483238882,73554.0,155.56110382080078,200000.0,69.0,10640.042939662932,13800000.0,1285.6684292391676,69000.0
2.5236078e-08,1.8288691e-09,99.7943,-0.000105680985,1.9001709e-10,0.008089223,12.153172,172.22868,172.21521,9.502276,1243.613,328.9825,1244.6349,1.0,-0.3680639,-1.0,8368,0.843856,0.2717909932983857,0.2244168167368364,0.201963896221761,10,0.0191027374399749,1000,836.8,136,10,327.10512071809575,13042.67334842682,10791.269212675095,1533.243407249451,10,4392.086215329261,0.0,0.0,0.0,10,0.0,-0.2444749128429588,-1.8250162056697488,-2.3025476947713965,10,0.7613510328324704,-99.990175,-556.4889437499999,-679.7594999999999,10,214.49063314651465,187.8557899965861,146.92890680795162,36.86282597374009,10,49.58998729083816,228.22699098751224,174.0199858608158,34.5843388919979,10,64.32930100373602,0.0,0.0,0.0,10,0.0,0.0,0.0,0.0,10,0.0,0.0,0.0,0.0,10,0.0,0.0,0.0,0.0,10,0.0,-31.86226616891145,-151.0090755538774,-183.80546149560843,10,55.628865788006486,-2.6328629116154203,-15.942342800457396,-21.226303918818985,10,6.478670830287909,2718.4242752362325,2195.896894598917,267.8838923883792,10,896.3907962640632,2626.684075818119,2118.482787672611,329.81215609980416,10,850.9259636949951,0.0,0.0,0.0,10,0.0,-4.799604743580129,-29.223305878699893,-35.78277298264789,10,11.579601035644275,316.0987282477472,260.89099876433,44.00016944063394,10,100.35643822777782,321.02054415279724,261.0808311355952,43.76765000115974,10,103.72061401523185,2702.1112667432826,2197.518537741562,288.5092411694268,10,931.3291753229336,0.0,0.0,0.0,10,0.0,0.0,0.0,0.0,10,0.0,0.0,0.0,0.0,10,0.0,4934.37458402726,4070.460007921885,601.943575154294,10,1644.7737735176192,0.0073529411764705,0.0011663286004056,0.0,10,0.0024298475762091,4.7546134,-0.3768759,-5.0141554,1000,1.106406,1000,641.9889380530974,23,452,348.9486958787916,13002.104727745056,8097.083690689728,177.95936489105225,452,4525.705739692282,74006.0,154.3720452785492,200000.0,70.0,10794.414989233015,14000000.0,1295.571355805513,70000.0
2.5231774e-08,1.8288423e-09,99.82825,-1.3135581e-05,1.8969983e-10,0.007999393,12.155003,172.26819,172.25488,10.285996,1235.9347,405.56183,1236.5459,1.0,-0.3577261,-1.0,10000,0.84859204,0.2532111020712254,0.2221215929653253,0.2045358133243854,10,0.0131236185359498,1000,1000.0,1000,10,0.0,12998.631304740906,12864.676873970033,12612.476623535156,10,102.45985101475254,0.0,0.0,0.0,10,0.0,-2.143934536227881,-2.241027035210615,-2.3680484863737026,10,0.0633472042984781,-640.8963624999999,-679.4871224999999,-739.643075,10,26.333137259052297,207.51744649397864,188.52225116773965,171.12493743710377,10,12.812333369204008,226.1266409039609,203.36650153185624,179.69845291202176,10,12.714079616557877,0.0,0.0,0.0,10,0.0,0.0,0.0,0.0,10,0.0,0.0,0.0,0.0,10,0.0,0.0,0.0,0.0,10,0.0,-168.55032235131583,-184.25439397006653,-212.5714942252449,10,11.912089810678951,-16.231950933824464,-19.93586290564543,-26.6866588415619,10,2.948315926960872,2705.651681414856,2590.6315255408945,2440.4879676947658,10,75.80641040384128,2614.121429291956,2514.118486771801,2316.170809328065,10,77.68662090723508,0.0,0.0,0.0,10,0.0,-33.916981445538106,-34.807393551263566,-35.70444859105824,10,0.5334492076640687,314.12517810136853,311.0682265379793,308.19694301653624,10,1.9487749784452075,315.58890956562584,312.35287391480176,306.7159040222744,10,2.5523667472524574,2723.811515760616,2669.761133438652,2601.14194492492,10,36.49610103372435,0.0,0.0,0.0,10,0.0,0.0,0.0,0.0,10,0.0,0.0,0.0,0.0,10,0.0,4964.919966597981,4848.754610442721,4757.657412766352,10,64.12329284929243,0.0,0.0,0.0,10,0.0,5.1639204,-0.40295774,-5.286814,1000,1.0985179,1000,848.7964601769911,60,226,310.6162632514904,13020.695719718931,10828.492702608615,707.9438753128052,226,4008.9438311817207,74232.0,181.08412218093872,200000.0,71.0,10975.49911570549,14200000.0,1104.459063507294,71000.0
2.5229978e-08,1.8280591e-09,99.75086,-1.3061133e-05,1.9034074e-10,0.00799313,12.156413,172.25894,172.24536,10.20973,1236.5227,379.81744,1237.1514,1.0,-0.3590003,-1.0,8297,0.8480869,0.2776637537335062,0.2308838134533698,0.2044790260085165,10,0.0238156612456741,1000,829.7,132,10,340.6799230949778,13104.972346305847,10631.508727931976,1477.0127410888672,10,4499.238696847073,0.0,0.0,0.0,10,0.0,-0.2683198175449343,-1.841270041445028,-2.3475587433259903,10,0.7783746353080566,-98.7861875,-561.4055549999999,-705.5761499999999,10,225.93541151617703,205.90150308196843,152.58733734481424,43.56027065520291,10,53.71308728394012,227.34304820344528,173.29164486248084,30.91821850450695,10,70.41967618931207,0.0,0.0,0.0,10,0.0,0.0,0.0,0.0,10,0.0,0.0,0.0,0.0,10,0.0,0.0,0.0,0.0,10,0.0,-31.06055556328773,-152.70021583708237,-194.49851470564505,10,59.17167486949053,-2.240759989555817,-15.586489801819004,-22.87504082190257,10,6.830786339872699,2699.835677874478,2163.05032765594,286.94841750320336,10,935.7608456650032,2593.581350122786,2067.577248261361,251.5700320170104,10,893.1431537897236,0.0,0.0,0.0,10,0.0,-4.362018398538151,-28.596049603673283,-36.49317338781375,10,11.96200977206674,317.96031193222643,260.0721926297996,43.39981499676017,10,105.34915512160256,315.1034662356649,258.6392625700136,42.94974362628589,10,106.9446327560657,2749.091544880729,2185.535597680076,309.1335562053838,10,931.8916217548478,0.0,0.0,0.0,10,0.0,0.0,0.0,0.0,10,0.0,0.0,0.0,0.0,10,0.0,4919.23105760641,4009.344684966576,580.7059312994616,10,1666.044296986547,0.0075757575757575,0.0013636363636363,0.0,10,0.0027482359313965,4.717235,-0.40411553,-4.582181,1000,1.0974773,1000,866.4841628959276,50,221,285.563356796108,13025.588325500488,11060.65418082233,607.9423637390137,221,3711.676271957336,74453.0,154.15536332130432,200000.0,72.0,11129.654482841492,14400000.0,1297.3924208082349,72000.0
2.522996e-08,1.8268214e-09,99.70944,-3.0445568e-05,1.915772e-10,0.0080072,12.157338,172.27728,172.26361,10.287907,1236.9121,360.58826,1237.4666,1.0,-0.3729307,-1.0,10000,0.83765775,0.2349577266012853,0.2135386595986917,0.2029802797825577,10,0.0109744656220394,1000,1000.0,1000,10,0.0,12989.28095149994,12774.637395191192,12648.43577194214,10,122.7195712561812,0.0,0.0,0.0,10,0.0,-1.8869285332498444,-2.102057302321748,-2.3455589039235205,10,0.1508494315581117,-633.5145375,-660.5391225,-705.3985124999999,10,24.64899857938628,207.88304283572367,167.34407060648684,144.5566465845056,10,19.62465152901643,249.64839937061785,221.899490150413,195.31739770334207,10,15.71779735010624,0.0,0.0,0.0,10,0.0,0.0,0.0,0.0,10,0.0,0.0,0.0,0.0,10,0.0,0.0,0.0,0.0,10,0.0,-167.01687281091768,-176.53901675653745,-195.86870504905207,10,9.824454333554137,-12.8544561613074,-17.175765538065637,-24.085975875495087,10,3.168305970043748,2735.7634120392327,2653.0006192052724,2532.0758148897016,10,58.67352348114287,2641.806288177895,2560.088836490498,2463.003746938776,10,50.03631382795636,0.0,0.0,0.0,10,0.0,-31.79895279425917,-34.60451811096296,-36.33092943881311,10,1.309091629549778,315.35792078267013,309.14240030848464,304.8225300089148,10,3.2110522935072967,321.0037723047297,315.5985542473328,311.5085882184193,10,3.009169001533544,2680.485152737311,2617.220367641929,2522.7504649521707,10,55.13561883831402,0.0,0.0,0.0,10,0.0,0.0,0.0,0.0,10,0.0,0.0,0.0,0.0,10,0.0,4921.328360987307,4680.833123646213,4441.607277012813,10,152.0236560545642,0.0,0.0,0.0,10,0.0,4.665931,-0.39999938,-4.6878505,1000,1.0990037,1000,835.17903930131,62,229,311.8933563920887,13041.9510679245,10654.895170848962,750.5259695053101,229,4036.755855979627,74682.0,157.47626090049744,200000.0,73.0,11287.130748033524,14600000.0,1270.03269480961,73000.0
2.522996e-08,1.8288132e-09,99.59279,4.2668922e-05,1.895854e-10,0.007924752,12.151075,172.22957,172.21608,9.828752,1243.0071,315.4613,1243.9059,1.0,-0.34324268,-1.0,7523,0.8518508,0.2523320723467978,0.2316751884844215,0.2111255573544233,10,0.0153121548462143,1000,752.3,163,10,288.80064058100703,13044.616046905518,9505.473490715029,2018.8497667312624,10,3719.862397528148,0.0,0.0,0.0,10,0.0,-0.3689745523806133,-1.618666411792978,-2.4366483917959445,10,0.600806530981963,-118.2671,-515.48626125,-693.8323375,10,186.1751140132148,183.34465916341625,139.03392041352922,46.43417631061793,10,45.81987788887763,242.0249060724439,171.27827801975758,34.91845691477913,10,65.89658672155011,0.0,0.0,0.0,10,0.0,0.0,0.0,0.0,10,0.0,0.0,0.0,0.0,10,0.0,0.0,0.0,0.0,10,0.0,-34.89518872369834,-141.9114268460847,-186.94669437371607,10,48.843956682591205,-3.1842051010985664,-14.268628224531938,-19.96987560070145,10,5.137158305379666,2642.264234365398,1925.228008901867,388.7824705454839,10,757.9666559927826,2654.87561878132,1884.362191123205,369.7271798520503,10,789.1859091338581,0.0,0.0,0.0,10,0.0,-4.7662551453120106,-25.289634113016632,-35.22009255789704,10,10.115849875391683,320.9797381363376,237.51258678141235,55.722999032067065,10,88.99767975222579,320.4798838492085,237.9409363475774,54.55520522144786,10,89.66526310813057,2724.2830069445945,1943.871450165244,408.7954140712743,10,773.4345929197975,0.0,0.0,0.0,10,0.0,0.0,0.0,0.0,10,0.0,0.0,0.0,0.0,10,0.0,4898.872215681404,3552.05555010626,793.6916351253125,10,1330.7955914127397,0.0061349693251533,0.0013275694748647,0.0,10,0.0018269322562437,4.8211436,-0.4016968,-4.765554,1000,1.0981535,1000,877.520737327189,46,217,269.1374869785928,13028.260760307312,11194.017615890723,558.9671268463135,217,3481.876224418049,74899.0,152.23076224327087,200000.0,74.0,11439.361514568329,14800000.0,1313.79490618586,74000.0
2.522996e-08,1.8301477e-09,99.44252,2.4760951e-05,1.8825076e-10,0.007930641,12.15177,172.23363,172.22014,9.367274,1247.3513,285.8925,1248.4473,1.0,-0.34979677,-1.0,9781,0.84874016,0.2745167695165557,0.2249990660465088,0.1968282428211669,10,0.0195748419112354,1000,978.1,781,10,65.7,12919.982898712158,12430.416899061203,9483.36644077301,10,1005.677210543876,0.0,0.0,0.0,10,0.0,-1.8128154148416031,-2.117684748837231,-2.3130689991138604,10,0.1581154440029562,-605.033325,-666.93999375,-703.1484375,10,31.458099385930847,197.2906763204365,176.39356270656452,153.51948035266864,10,12.72947477519783,237.5480997754377,220.66438067792188,182.58567145028096,10,16.865001807658484,0.0,0.0,0.0,10,0.0,0.0,0.0,0.0,10,0.0,0.0,0.0,0.0,10,0.0,0.0,0.0,0.0,10,0.0,-161.60096115223337,-181.85231569851936,-197.3889224881908,10,9.409123536722364,-14.151820108677136,-18.54281557862197,-22.978369635113243,10,2.6512935554402337,2728.7174281366183,2516.6658654059274,1728.252664089497,10,273.8004801564828,2595.6170794191216,2457.1250975301205,1761.8590129576708,10,236.38088147203968,0.0,0.0,0.0,10,0.0,-26.046100641302274,-33.140542276393646,-35.81409604415623,10,2.5027712593122184,315.9322212303333,305.4765815393504,238.09897744215203,10,22.597187609201395,321.70155623731694,309.0427050571964,253.2368959471595,10,18.75675872525112,2673.258236506654,2557.600602877027,1992.085857972649,10,193.5186210156471,0.0,0.0,0.0,10,0.0,0.0,0.0,0.0,10,0.0,0.0,0.0,0.0,10,0.0,4927.441112958313,4645.965199045961,3845.9097664762658,10,320.1847863179649,0.0012804097311139,0.0001280409731113,0.0,10,0.0003841229193341,4.451428,-0.39455548,-5.0916033,1000,1.1005172,1000,830.5787234042554,58,235,308.91818991109085,13070.009496688845,10550.037205390729,682.1137657165527,235,4008.4520962403567,75134.0,156.52114295959473,200000.0,75.0,11595.882661819458,15000000.0,1277.782644684809,75000.0
2.522996e-08,1.8280055e-09,99.22142,2.2428465e-05,1.9039294e-10,0.0079152845,12.147781,172.19481,172.18129,8.692533,1255.9908,254.66545,1257.548,1.0,-0.32866067,-1.0,7670,0.8591358,0.2764155109432195,0.2414893935078636,0.2029457139727543,10,0.0258347247838332,1000,767.0,216,10,291.461146638793,12951.852820396423,9632.241531658172,2587.3236989974976,10,3831.1253134995663,0.0,0.0,0.0,10,0.0,-0.4387492995469264,-1.7164164992617077,-2.411234459920637,10,0.6665677545086022,-162.61726249999998,-538.1113575,-705.220875,10,189.7169122597692,194.7721692178412,146.71239813021748,55.97933351147077,10,47.448911899901006,225.74938162484924,175.16458916934096,54.23788070412069,10,58.074324946568936,0.0,0.0,0.0,10,0.0,0.0,0.0,0.0,10,0.0,0.0,0.0,0.0,10,0.0,0.0,0.0,0.0,10,0.0,-51.20818690835607,-149.42869577458757,-193.04595090214565,10,48.970118853924646,-4.205708842926748,-15.262508127013174,-21.66464083879428,10,5.676483268085818,2696.730097788813,1938.992905192155,493.9502753074274,10,806.662992255211,2580.060896460643,1882.1400163790145,474.160659119817,10,773.9393915438277,0.0,0.0,0.0,10,0.0,-6.836923950379905,-25.85614359580332,-35.669843496428,10,10.155722951063233,317.7996083726865,240.23641103116609,68.53974018538008,10,91.71126483520338,315.4419085948656,239.8830855660047,68.42681725799181,10,90.6537693493427,2675.3076515586995,1924.5652742721056,510.926470231596,10,808.5479397546811,0.0,0.0,0.0,10,0.0,0.0,0.0,0.0,10,0.0,0.0,0.0,0.0,10,0.0,4939.334439480647,3696.73691865674,1037.507579468129,10,1382.221277009848,0.0046296296296296,0.0012502398065454,0.0,10,0.0015905487923449,4.5643296,-0.3907201,-4.7102137,1000,1.1021459,1000,795.3562753036438,55,247,322.4119541977444,13030.483833312988,10108.44142661114,638.4193096160889,247,4176.568689096617,75381.0,178.00756525993347,200000.0,76.0,11773.890230894089,15200000.0,1123.5477531977494,76000.0
2.522996e-08,1.8278321e-09,99.136475,-6.100538e-06,1.9056651e-10,0.007937018,12.150616,172.20947,172.19588,9.017223,1253.8812,274.46335,1255.28,1.0,-0.3553158,-1.0,6899,0.84452146,0.2797809284264478,0.2323336563428154,0.2042237398912657,10,0.0274382478859002,1000,689.9,150,10,335.7452754693653,12965.674313545229,8638.8821518898,1652.3685808181765,10,4423.834796143759,0.0,0.0,0.0,10,0.0,-0.2595114337573571,-1.4367749975315314,-2.180862241923061,10,0.7347994380363787,-106.0101125,-462.67660625,-664.2853,10,209.9387437653018,175.76966878994006,122.53302298067344,30.174609881444383,10,52.20840886078676,218.11999703124368,151.50175126527918,44.93094207457925,10,61.838322183533215,0.0,0.0,0.0,10,0.0,0.0,0.0,0.0,10,0.0,0.0,0.0,0.0,10,0.0,0.0,0.0,0.0,10,0.0,-33.75117126938011,-126.30984788544131,-180.0831783704749,10,52.46522984484082,-1.5043773589830147,-10.681345059838524,-15.876382439736222,10,5.440964337830812,2698.1297428139487,1753.6093668107958,257.0904880768185,10,940.7041288291832,2665.078105586684,1761.7333933469404,369.215565778813,10,906.4971199900826,0.0,0.0,0.0,10,0.0,-4.993433824133055,-23.66018141942923,-35.588068280655754,10,12.06398215610214,317.7778687968764,217.3126528369689,51.44879445345559,10,103.89296292128202,316.0883239704936,218.4568495282276,46.644729175652856,10,104.12021170381252,2649.9444121117976,1745.7550700651757,292.00145805892777,10,921.0488069195468,0.0,0.0,0.0,10,0.0,0.0,0.0,0.0,10,0.0,0.0,0.0,0.0,10,0.0,4867.345460209692,3193.190509987641,680.8041334310803,10,1587.1446801690042,0.0066666666666666,0.0017450650419774,0.0,10,0.0022041834044309,4.7548823,-0.38835967,-4.931024,1000,1.1034168,1000,780.0677290836653,51,251,338.6768950452221,13019.654314041138,9947.565224264725,635.0298624038696,251,4387.108799000209,75632.0,151.19714283943176,200000.0,77.0,11925.087378501892,15400000.0,1322.7763186794864,77000.0
2.522996e-08,1.8281502e-09,99.10237,-2.5167074e-05,1.9024825e-10,0.007953358,12.149003,172.19511,172.18163,9.355345,1252.3323,294.19528,1253.6394,1.0,-0.35088637,-1.0,6582,0.84332895,0.286420170468639,0.2351581602768363,0.1954440312223226,10,0.0293412141539568,1000,658.2,89,10,379.71747391975526,12911.695329666138,8142.1151944637295,1009.306592464447,10,4942.436336716384,0.0,0.0,0.0,10,0.0,-0.1865386320601583,-1.3124783435114125,-2.317128212831926,10,0.8139251592031348,-64.58109999999999,-438.51790625,-715.8593875,10,241.3691281562336,207.3741248669301,117.6389200974201,20.54544540854482,10,58.32171933065453,246.0290702915113,144.055060901407,28.82468732488025,10,76.70714780320978,0.0,0.0,0.0,10,0.0,0.0,0.0,0.0,10,0.0,0.0,0.0,0.0,10,0.0,0.0,0.0,0.0,10,0.0,-19.13505352839618,-120.82936757199232,-196.8351592947264,10,62.40751654415431,-1.4230901098756874,-10.22167428587314,-19.94506117281913,10,6.061431224423004,2658.49865614832,1665.5576326411756,202.1783978443728,10,1012.2117218883092,2659.295472381501,1691.3612083519256,178.5633162807944,10,1001.2421227247352,0.0,0.0,0.0,10,0.0,-2.4803962990170145,-22.10392158953952,-35.435900321734664,10,13.145851745846018,314.8074651324324,206.0099092758705,24.31364579482827,10,118.89505951128508,319.7795122538147,206.2644723648681,25.905868179204305,10,120.3879066350851,2691.3567895978254,1665.7966871892145,196.677757400748,10,1059.097294692462,0.0,0.0,0.0,10,0.0,0.0,0.0,0.0,10,0.0,0.0,0.0,0.0,10,0.0,4855.88712318161,2943.575103245998,405.0927590250493,10,1785.740548768386,0.0112359550561797,0.0025410925385378,0.0,10,0.0034815161547271,4.751903,-0.39319834,-5.162983,1000,1.1016692,1000,850.6017316017316,72,231,293.9045060870967,13075.157124519348,10862.763429292483,854.2376971244812,231,3804.9694998054056,75863.0,151.37619853019714,200000.0,78.0,12076.46358180046,15600000.0,1321.2116696146468,78000.0
2.522996e-08,1.8275965e-09,99.0459,-2.4542978e-05,1.9080183e-10,0.007948215,12.148617,172.16231,172.14857,9.397173,1252.1648,285.62497,1253.4327,1.0,-0.36148983,-1.0,8329,0.83851564,0.2845663107593633,0.2234931584193641,0.1890590001070616,10,0.0261358362601001,1000,832.9,193,10,253.91315444458564,12910.726532936096,10198.180676174165,2181.586787223816,10,3268.286611609416,0.0,0.0,0.0,10,0.0,-0.4024824926460636,-1.6253223952888778,-2.0455773808258426,10,0.4894426631656011,-151.070825,-546.9221775,-660.4167499999999,10,152.79992815716466,195.67551966970217,145.3297259850202,54.2358415294302,10,37.650260746332734,215.89300627219592,168.03235617774538,53.50613590347517,10,45.99509030258108,0.0,0.0,0.0,10,0.0,0.0,0.0,0.0,10,0.0,0.0,0.0,0.0,10,0.0,0.0,0.0,0.0,10,0.0,-47.04482609077078,-149.58455141364192,-182.7064536556712,10,39.02542573176951,-5.374851080217111,-13.178704452472395,-17.338663636567958,10,3.4341081283992905,2707.343984069074,2114.377046996852,463.0418765727902,10,690.6770809018021,2667.254907261287,2171.067841373724,452.22994712061967,10,695.8299003158776,0.0,0.0,0.0,10,0.0,-6.144781977359262,-29.03668602508094,-35.82508557792606,10,9.20102957857502,319.39177768943114,262.6005204341583,60.11932009116329,10,79.05023832729732,316.6288969158769,262.82883747978724,58.45635251981447,10,78.86631935331118,2695.537796604638,2139.4904511319896,353.63078046840866,10,725.5467315273982,0.0,0.0,0.0,10,0.0,0.0,0.0,0.0,10,0.0,0.0,0.0,0.0,10,0.0,4627.377468520886,3557.867692336715,859.6378916148586,10,1119.6818620069462,0.005181347150259,0.0010496316543792,0.0,10,0.0015239015522604,4.7402024,-0.3941605,-5.03818,1000,1.1010267,1000,842.1410788381743,70,241,297.158180513576,13060.189248085022,10735.517418016536,902.9449415206908,241,3844.735308044217,76104.0,153.5521285533905,200000.0,79.0,12230.015714645386,15800000.0,1302.4892711302236,79000.0
2.522996e-08,1.828684e-09,98.97255,-8.729867e-06,1.897144e-10,0.007926533,12.143956,172.10828,172.09448,9.384861,1252.1097,277.98087,1253.3982,1.0,-0.3674489,-1.0,9781,0.8364664,0.2308625383170206,0.214102125627354,0.1967642830817369,10,0.0111731991514308,1000,978.1,781,10,65.7,12904.635558605194,12116.65091114044,9307.088258266447,10,963.4528217651344,0.0,0.0,0.0,10,0.0,-1.4394384309437884,-1.9085951045982057,-2.2707961816902085,10,0.2049175060687401,-515.1684875,-638.0679787500001,-693.3389,10,48.52552829664604,200.30294950224305,183.95613674712075,164.3824549252142,10,10.848467692506642,231.7411746616181,206.17968314300387,163.92557321117764,10,18.9336988334148,0.0,0.0,0.0,10,0.0,0.0,0.0,0.0,10,0.0,0.0,0.0,0.0,10,0.0,0.0,0.0,0.0,10,0.0,-142.95584433248064,-173.69431890620737,-192.3273134345292,10,14.127712559321846,-11.856027033690104,-15.234881785448044,-20.01452750258202,10,2.3917531894373334,2673.3392323787643,2512.8418984976743,1891.3330377440843,10,216.133108318421,2695.018866213675,2554.33531393785,2137.9217699474416,10,153.31173826468384,0.0,0.0,0.0,10,0.0,-26.132253856757075,-33.49621600222709,-35.080603120074386,10,2.5409009422117528,317.7155209935571,306.40853429820754,244.58617001590352,10,20.81498311943752,322.7279984185219,306.34514336805523,249.64068479490285,10,19.372424008351544,2667.2857709047703,2515.5802737567324,2017.065737094851,10,173.55195565450109,0.0,0.0,0.0,10,0.0,0.0,0.0,0.0,10,0.0,0.0,0.0,0.0,10,0.0,4904.960420830535,4257.876717743324,3024.329671658006,10,476.66330359671866,0.0012804097311139,0.0001280409731113,0.0,10,0.0003841229193341,4.598058,-0.3988144,-4.709076,1000,1.0991082,1000,859.6563876651983,74,227,293.7231997202662,12987.486983299255,10965.774645241348,865.4307203292847,227,3785.1789982268087,76331.0,156.41985058784485,200000.0,80.0,12386.435569047928,16000000.0,1278.6100948720743,80000.0
2.522996e-08,1.8271179e-09,98.92722,-3.531758e-05,1.9128071e-10,0.007949496,12.136359,172.01132,171.99748,9.094947,1254.4633,272.32364,1255.8304,1.0,-0.3759569,-1.0,7296,0.83095753,0.2346444898896734,0.2154180833954679,0.1840909160242884,10,0.0163119079573159,1000,729.6,109,10,349.0880118250984,13017.178730487823,9002.503115701675,1174.9714951515198,10,4525.453514716463,0.0,0.0,0.0,10,0.0,-0.2128044535568712,-1.413721897806858,-2.176250178511353,10,0.7050545140239166,-72.45636249999998,-469.7939487500001,-669.9696999999999,10,219.35345468776129,197.69509680073577,132.89515798188344,24.33335219126052,10,59.18268690858895,250.24029697361328,164.19716007990525,40.57964538251961,10,69.25722104262263,0.0,0.0,0.0,10,0.0,0.0,0.0,0.0,10,0.0,0.0,0.0,0.0,10,0.0,0.0,0.0,0.0,10,0.0,-21.789891705070573,-126.5250286948008,-180.541441303655,10,56.84849747034755,-2.193252728835093,-11.074843365286048,-18.245294101105863,10,5.431366129531217,2698.495350956372,1901.6328553548265,283.78948490932146,10,916.564370289228,2726.737257910381,1897.8006101162616,219.07216422055816,10,932.0946124655964,0.0,0.0,0.0,10,0.0,-2.766859220061967,-24.521756458137368,-36.49419095130676,10,12.195368331219932,322.4008974289741,228.7972093973166,35.15477617993304,10,110.20174690698327,323.24098152837064,231.19723754480023,32.980014087051345,10,111.05373341118676,2653.2277451482983,1828.809238995277,165.62631677433242,10,969.8402344220674,0.0,0.0,0.0,10,0.0,0.0,0.0,0.0,10,0.0,0.0,0.0,0.0,10,0.0,4799.603259007361,3151.956900426969,455.86430178999154,10,1618.2223670687747,0.0091743119266055,0.0017636819873467,0.0,10,0.0028101353209387,4.949973,-0.39755684,-4.7071576,1000,1.0998888,1000,844.2457627118644,60,236,309.7348219681999,13039.786916255953,10763.231872780849,664.6905946731567,236,4015.051497934153,76567.0,176.79416465759277,200000.0,81.0,12563.229738235474,16200000.0,1131.2590570359112,81000.0
2.522996e-08,1.8276226e-09,98.88971,1.2775063e-05,1.9077591e-10,0.0078984015,12.133433,171.95175,171.93791,8.658095,1257.0167,253.45262,1258.5349,1.0,-0.3501782,-1.0,9093,0.8448936,0.2959685178498416,0.2281596022798183,0.2037638229319213,10,0.0251375498064918,1000,909.3,127,10,260.9636181539488,12973.853286743164,11392.718515825272,1363.8897995948792,10,3350.316028189978,0.0,0.0,0.0,10,0.0,-0.2432491113335377,-1.8505030332316703,-2.257597728868145,10,0.5521310344769856,-99.042775,-610.80457,-714.300125,10,173.28946447799706,217.1081486902928,185.0629351095484,26.40598581358453,10,53.48525065972444,242.23814467107744,203.89043490329817,40.97969611177982,10,55.40518138306218,0.0,0.0,0.0,10,0.0,0.0,0.0,0.0,10,0.0,0.0,0.0,0.0,10,0.0,0.0,0.0,0.0,10,0.0,-32.580695759492464,-167.70325070418738,-198.05005081188563,10,46.21115592157964,-3.300751028795695,-16.199089442442126,-21.793049344475847,10,4.769687956428887,2646.3175821604555,2336.026057721655,322.62155939326203,10,672.7402246902916,2693.2264279668493,2369.542023294144,315.7027969217349,10,687.0273301136234,0.0,0.0,0.0,10,0.0,-3.881447065188908,-29.683070829435348,-33.42066374004963,10,8.619807703135805,319.6674959698034,286.8677062003484,42.274962370370034,10,81.58140527237875,324.1847573513431,287.72818759080235,28.718880845765213,10,86.51820727474649,2690.684542980557,2339.731779198234,217.3671600914585,10,711.566124460036,0.0,0.0,0.0,10,0.0,0.0,0.0,0.0,10,0.0,0.0,0.0,0.0,10,0.0,4863.410032084323,4079.914100676986,483.539923092388,10,1216.426551709837,0.0078740157480314,0.0008909212435402,0.0,10,0.0023480704750896,4.42444,-0.39679644,-5.0424237,1000,1.1003503,1000,842.6398305084746,58,236,311.0239948342943,13022.863631248474,10755.93942076776,704.6361875534058,236,4031.64252098425,76803.0,155.64511466026306,200000.0,82.0,12718.874856948853,16400000.0,1284.974478232441,82000.0
2.522996e-08,1.8283471e-09,98.73351,2.3374954e-05,1.9005131e-10,0.007875306,12.128635,171.90125,171.88759,8.381611,1258.7147,266.80478,1260.2638,1.0,-0.33018225,-1.0,6594,0.8562634,0.2945039656584085,0.2453941891662883,0.2122109299530725,10,0.0270395227930507,1000,659.4,133,10,374.34855415775286,13119.85411453247,8388.77415189743,1646.3663325309751,10,4947.2419327492935,0.0,0.0,0.0,10,0.0,-0.2769481004998939,-1.4443907137536942,-2.36614511138732,10,0.8572501823996779,-103.4047625,-458.470545,-715.3659499999999,10,253.30695263717487,206.59510483195697,133.35771833553093,32.57642317526728,10,68.72772759029006,257.67424945618313,156.5599645450189,33.855683399380865,10,81.74295596873692,0.0,0.0,0.0,10,0.0,0.0,0.0,0.0,10,0.0,0.0,0.0,0.0,10,0.0,0.0,0.0,0.0,10,0.0,-33.22873944126397,-127.50482646523066,-198.12945858746224,10,66.9301745010487,-2.843253544411832,-12.835523068520226,-22.054769045974787,10,7.204692837865446,2693.305132999535,1694.472741416282,305.10866702107813,10,976.1170253218744,2640.912404547702,1705.8927055367228,343.1705397995231,10,987.1769588767158,0.0,0.0,0.0,10,0.0,-4.000853951697187,-21.057246138361,-33.59829494401444,10,12.163364777499636,328.14405603245314,210.075750517068,43.45655484757474,10,120.60968874207,323.883019715326,207.43002467928204,42.23595124431587,10,119.46364213669167,2687.8358744475013,1686.5203979990758,306.25412997808337,10,1034.079348769916,0.0,0.0,0.0,10,0.0,0.0,0.0,0.0,10,0.0,0.0,0.0,0.0,10,0.0,4909.929941219665,3116.930774764677,607.8335130613666,10,1854.7449237399587,0.0075187969924812,0.0023418763799626,0.0,10,0.0028965247644442,4.7394,-0.37893257,-4.8484697,1000,1.1070137,1000,748.4670658682635,24,334,333.9904761170592,13066.869317054749,9515.441177353174,254.6501407623291,334,4346.9748846795765,77137.0,150.01360392570496,200000.0,83.0,12868.888465166092,16600000.0,1333.212420515216,83000.0
2.522996e-08,1.8282047e-09,98.71088,-3.457003e-05,1.9019368e-10,0.007931441,12.135495,171.91893,171.90546,9.543684,1250.6493,342.69333,1251.6931,1.0,-0.34109658,-1.0,6803,0.85348153,0.2861438299933814,0.244328530102184,0.2067701205083297,10,0.0293367499820886,1000,680.3,172,10,391.94490684278577,12953.91639137268,8592.718878936768,2102.603364944458,10,5113.140706395188,0.0,0.0,0.0,10,0.0,-0.3358385310716958,-1.4041485249024142,-2.382697215947593,10,0.8235351083198806,-131.92544999999996,-461.9088175,-712.089525,10,254.25110331533443,208.86137187604407,143.9174436090192,48.43147290092321,10,71.23573203326505,243.4328305244842,161.94222181364498,41.831148106640285,10,90.75642451594382,0.0,0.0,0.0,10,0.0,0.0,0.0,0.0,10,0.0,0.0,0.0,0.0,10,0.0,0.0,0.0,0.0,10,0.0,-42.222480679051394,-129.73014834592104,-194.7295926753781,10,67.2005347461011,-3.3186309677981374,-12.865038951521507,-20.43879616843952,10,7.076932061580211,2672.968457798035,1747.990009356038,383.2122806017701,10,1059.4144083632389,2664.520807062646,1755.5750434681922,431.6810408954398,10,1035.3545136991197,0.0,0.0,0.0,10,0.0,-5.782176288435627,-21.71116348730342,-32.93154409672675,10,12.573117621044917,325.3667168131552,215.59965883613648,54.60373012447516,10,124.13714899614114,325.3643549386511,215.31249203710613,53.43030524403332,10,123.0940801270555,2664.89246434285,1722.8520095429203,373.9972088384161,10,1070.6829529085585,0.0,0.0,0.0,10,0.0,0.0,0.0,0.0,10,0.0,0.0,0.0,0.0,10,0.0,4904.600934174422,3157.002890065596,805.8711182920453,10,1839.9041817012003,0.005813953488372,0.0020294681834006,0.0,10,0.0025214228048481,4.9582477,-0.38934994,-4.97457,1000,1.1045078,1000,795.1826086956522,53,230,307.30153956542694,13045.771986961365,10125.788990928815,614.4824714660645,230,3997.269632549795,77367.0,151.34579348564148,200000.0,84.0,13020.234263181686,16800000.0,1321.4770981987976,84000.0
2.522996e-08,1.8329002e-09,98.672676,-1.6779406e-05,1.8549838e-10,0.007910594,12.143315,171.92052,171.90718,10.041481,1245.5553,387.1776,1246.2736,1.0,-0.32241645,-1.0,5657,0.86047554,0.2927760893596594,0.251030744471703,0.2119321022540487,10,0.0264857251157386,1000,565.7,86,10,396.3390089304862,13154.577777862549,7067.20178194046,865.8438944816589,10,5205.303158869365,0.0,0.0,0.0,10,0.0,-0.2064136855084352,-1.251026696648116,-2.4481877274058235,10,0.9291640914076816,-67.02855,-396.62703625,-717.7147124999999,10,271.697538312698,217.52510873118308,123.67338477014906,26.05279600541296,10,75.83088363183123,258.01362344079774,132.6817186592501,22.378872162451085,10,88.42946668042292,0.0,0.0,0.0,10,0.0,0.0,0.0,0.0,10,0.0,0.0,0.0,0.0,10,0.0,0.0,0.0,0.0,10,0.0,-19.99579008465282,-111.44928914728806,-198.5626227231,10,72.66069694252825,-1.3652902263422286,-11.416716565054584,-22.67571737396448,10,8.650956930914598,2688.3318633195745,1421.0336109000928,173.41897249338797,10,1046.3198595622189,2678.8262426916817,1458.0171695094318,170.48700189120933,10,1065.6484766553567,0.0,0.0,0.0,10,0.0,-2.8278462205224257,-18.06143477149845,-32.56468945732381,10,12.775654432171118,317.84385338879054,179.1191115119571,26.36671626404172,10,124.69610109741036,320.0562556434716,180.61672815723404,20.581450208905054,10,125.52820683950584,2723.7783206118047,1435.7645507537982,111.61895431303,10,1078.9743337284615,0.0,0.0,0.0,10,0.0,0.0,0.0,0.0,10,0.0,0.0,0.0,0.0,10,0.0,4948.468926036592,2589.3749230650114,390.9720810532292,10,1927.8829343095667,0.0116279069767441,0.0034682932961395,0.0,10,0.0037799825127706,4.8202944,-0.37755018,-4.8425403,1000,1.1090083,1000,601.9017543859649,45,285,329.0846702178039,13052.952333450316,7640.073478390877,455.02418518066406,285,4261.950213113602,77652.0,150.33806800842285,200000.0,85.0,13170.572335720062,17000000.0,1330.3350418790455,85000.0
2.522996e-08,1.8316763e-09,98.69043,-5.5155695e-05,1.8672226e-10,0.00795039,12.140688,171.92482,171.9114,10.74639,1239.3466,424.10434,1239.873,1.0,-0.34516045,-1.0,8361,0.8491924,0.2797393186184999,0.2333453576669471,0.1961887712694419,10,0.0248549995874931,1000,836.1,149,10,328.10256018507386,13025.81307220459,10580.719453001022,1559.190647125244,10,4277.243586518444,0.0,0.0,0.0,10,0.0,-0.2562992419804603,-1.741685255944104,-2.3504069127061644,10,0.7250246651842807,-109.5628625,-566.4682237499999,-729.300625,10,218.8699857089198,212.63739621360344,169.45617440055716,40.16204588203897,10,64.14489248367437,251.61901235447897,199.6060666659576,33.002118789781434,10,74.89753555653179,0.0,0.0,0.0,10,0.0,0.0,0.0,0.0,10,0.0,0.0,0.0,0.0,10,0.0,0.0,0.0,0.0,10,0.0,-36.08911240556644,-156.77243072206096,-207.5032749041853,10,58.2878182767946,-2.5319972292564685,-15.826270962314457,-23.331513075759045,10,6.855616743333826,2727.452310241748,2147.964061010432,339.77471925660404,10,864.3054554441972,2738.365208164688,2167.7537899292465,290.2936487984757,10,901.402700484066,0.0,0.0,0.0,10,0.0,-4.8776902365328,-26.48544678502866,-32.71582831253852,10,10.34952267287624,326.8756749820587,266.6127524349281,49.34346581238591,10,104.13763391052257,322.3170247931747,266.3888358472724,51.45815592179197,10,103.5834397735453,2682.742653955549,2154.5793171008195,258.5633171393354,10,897.0040847675084,0.0,0.0,0.0,10,0.0,0.0,0.0,0.0,10,0.0,0.0,0.0,0.0,10,0.0,4914.053286858426,3855.464441129204,622.218269584892,10,1539.5046342191397,0.0067114093959731,0.0011428390528048,0.0,10,0.0023287789949789,4.7372217,-0.38138938,-4.5892754,1000,1.1068183,1000,752.1540983606558,50,305,327.74766261875294,13092.099564552307,9627.670252987597,546.0569515228271,305,4265.190584835797,77957.0,179.29519486427307,200000.0,86.0,13349.867535591124,17200000.0,1115.4788623945026,86000.0
2.522996e-08,1.8311882e-09,98.73096,-6.1762694e-05,1.8721039e-10,0.007960239,12.14374,171.94353,171.93007,11.545582,1231.9369,487.9325,1232.1033,1.0,-0.33732933,-1.0,5992,0.8522452,0.2788281515240181,0.2393618807185868,0.2064540313502608,10,0.0232280572841462,1000,599.2,136,10,329.9817570715084,13119.472156524658,7412.836545753479,1483.8160977363586,10,4244.687724883909,0.0,0.0,0.0,10,0.0,-0.2747421884235994,-1.2182602237967182,-2.289479714262456,10,0.680046528642558,-101.332325,-406.9438275,-685.04915,10,212.22013744311693,218.27013131839328,132.34189187166018,37.50450430048433,10,66.14165826183098,262.48325668004134,150.18241990053167,33.745583364803394,10,79.06405871775553,0.0,0.0,0.0,10,0.0,0.0,0.0,0.0,10,0.0,0.0,0.0,0.0,10,0.0,0.0,0.0,0.0,10,0.0,-30.49640264986611,-114.3146221772376,-195.3498083502548,10,56.80391375793032,-2.747281934255265,-11.213011145800568,-19.885537086807737,10,5.8494347154827055,2599.3393165448883,1509.680282642107,314.3507761388714,10,865.8468691830818,2670.135854260249,1523.3449188622028,334.5518806605337,10,881.7026135662418,0.0,0.0,0.0,10,0.0,-4.041114772930878,-18.310809074926063,-32.685686154072215,10,10.387734365435662,318.1000999450059,189.95789308994807,45.29382433991614,10,104.3576492222838,326.3699066769203,192.3634770911854,46.16909198244717,10,104.94151794309916,2669.056389639618,1482.2042933173095,263.96878589029825,10,855.6929229897892,0.0,0.0,0.0,10,0.0,0.0,0.0,0.0,10,0.0,0.0,0.0,0.0,10,0.0,4899.003495231743,2697.4291847115032,523.8302473672497,10,1543.8264098889197,0.0073529411764705,0.0023945455757576,0.0,10,0.0023754007461414,4.548965,-0.39891893,-4.9276466,1000,1.0993092,1000,791.3318385650224,62,223,313.0692658494117,13068.7822599411,10088.2427678878,721.0369205474854,223,4086.047536899737,78180.0,150.72828364372253,200000.0,87.0,13500.595823287964,17400000.0,1326.890980015014,87000.0
2.522996e-08,1.8308557e-09,98.81342,-6.565115e-05,1.8754281e-10,0.007970725,12.138868,171.86789,171.85435,11.341638,1234.5127,432.10342,1234.795,1.0,-0.34597924,-1.0,7957,0.84668463,0.2704712437073006,0.2257894651378869,0.2026412256000034,10,0.017421589337999,1000,795.7,405,10,234.38304119539023,12935.23517036438,9695.90771369934,4394.420273780823,10,3169.096596366576,0.0,0.0,0.0,10,0.0,-0.691434757135474,-1.5545536037659011,-2.1136801284349964,10,0.5255597807535518,-263.0811375,-532.4841962500001,-680.7661125,10,150.29466058393922,239.4662976482976,168.04789905017142,80.78172926738523,10,51.73713994135814,254.3379660259032,203.49564651794208,118.25115019065407,10,47.698208415151605,0.0,0.0,0.0,10,0.0,0.0,0.0,0.0,10,0.0,0.0,0.0,0.0,10,0.0,0.0,0.0,0.0,10,0.0,-73.35346288380956,-148.48081466067475,-186.44878870225884,10,39.32864479002629,-6.3117397253736325,-15.098002559612372,-20.23430813327292,10,5.184664953565187,2604.002600762285,1992.7108565132949,980.5301553946032,10,640.4562338193022,2656.6466045981683,2026.015797072131,969.6899800500915,10,641.9075146841554,0.0,0.0,0.0,10,0.0,-12.172051031379674,-24.174116216749585,-30.831720767561016,10,7.1724495115765246,322.6604367721898,253.601491387022,123.2245177014525,10,76.13640093242613,324.54570566892824,254.86058964748827,132.23554963045586,10,75.71958355671131,2634.965672227625,2009.9355699324133,909.1001839951518,10,651.6637311949053,0.0,0.0,0.0,10,0.0,0.0,0.0,0.0,10,0.0,0.0,0.0,0.0,10,0.0,4792.00831972084,3396.101714832608,1380.4923632238178,10,1196.558780630159,0.0024691358024691,0.0009083427835259,0.0,10,0.0009668059495537,4.437669,-0.4083796,-4.7293954,1000,1.0948129,1000,877.6561085972851,56,221,290.5434435646959,13092.770525932312,11300.549184781934,673.5354986190796,221,3780.998951747024,78401.0,152.82082104682922,200000.0,88.0,13653.416648626328,17600000.0,1308.7221926305026,88000.0
2.522996e-08,1.8336035e-09,98.747986,1.7442708e-05,1.8479515e-10,0.007882396,12.123032,171.73074,171.71745,10.657984,1242.308,390.4934,1242.7719,1.0,-0.3539117,-1.0,8181,0.84284884,0.2815138150101731,0.2244513030152901,0.2032263238390244,10,0.0211250083735491,1000,818.1,209,10,254.4816103375645,12451.460410118105,9828.10011332035,2430.610725402832,10,3181.463583447679,0.0,0.0,0.0,10,0.0,-0.4415664985978389,-1.5539878857581724,-2.107350295350906,10,0.5136799191818191,-161.058,-538.9127000000001,-683.5293624999999,10,165.11169748924078,232.96627787530724,177.29160848177244,55.47404229914038,10,54.49717288358338,276.76023749075256,202.6418782242476,54.7903886060498,10,62.73678762702892,0.0,0.0,0.0,10,0.0,0.0,0.0,0.0,10,0.0,0.0,0.0,0.0,10,0.0,0.0,0.0,0.0,10,0.0,-50.42040428451921,-150.0905132420915,-191.4609101877344,10,43.951580888932696,-4.918978825387177,-14.860401978221375,-21.75696908512265,10,5.110402212647128,2570.997010097206,2032.4061435343144,482.6966566713014,10,657.7493884821478,2554.5121246173526,2071.678082841837,457.8854529831533,10,671.1121291422187,0.0,0.0,0.0,10,0.0,-6.711230342038812,-25.05940298831977,-30.979586889212843,10,7.678783998530585,320.79867680132344,260.32903593661314,64.36068099637625,10,81.30562883877607,322.1684275709107,259.45916466942805,66.8633521939306,10,82.01768348375835,2564.7881566865435,2049.1072694851905,453.7707781588877,10,658.5834754460178,0.0,0.0,0.0,10,0.0,0.0,0.0,0.0,10,0.0,0.0,0.0,0.0,10,0.0,4678.868600107659,3391.939060133414,980.1655199612028,10,1156.4256146487028,0.0047846889952153,0.0012407331803426,0.0,10,0.001332538093902,4.581894,-0.39304855,-4.6829267,1000,1.0988058,1000,701.14453125,46,256,360.1694894656789,13064.31871509552,8906.785719115287,553.5515975952148,256,4688.25633285424,78657.0,152.95671129226685,200000.0,89.0,13806.373364210129,17800000.0,1307.5594938612646,89000.0
2.522996e-08,1.8314904e-09,98.595314,1.9735597e-05,1.8690796e-10,0.0078678895,12.1125145,171.62088,171.6075,10.013637,1249.3458,333.57065,1250.1532,1.0,-0.36604092,-1.0,8132,0.8371905,0.2230304002781536,0.2147426159588592,0.2048652193212564,10,0.0055068424773972,1000,813.2,457,10,203.42015632675145,12462.533527374268,9827.324747753144,5328.563405036926,10,2696.8665146139897,0.0,0.0,0.0,10,0.0,-0.7653437768580169,-1.5141387645116495,-1.9877935470587915,10,0.4693888046800725,-288.56225,-526.21951375,-668.4893875,10,138.76776187430593,241.63169645873324,182.80037890668024,94.9128392292398,10,48.086171097032775,251.02635247037324,197.9191042838472,106.7028941952671,10,47.74212788739738,0.0,0.0,0.0,10,0.0,0.0,0.0,0.0,10,0.0,0.0,0.0,0.0,10,0.0,0.0,0.0,0.0,10,0.0,-82.84628683104259,-145.38469228665494,-183.31278457302943,10,35.920167014048374,-6.87872113492193,-14.293694709411032,-19.48152263882308,10,4.697429859670467,2636.112227675572,2075.659732780245,1200.2900621096603,10,526.8907734998402,2675.097963505429,2076.981047080905,1136.582171924385,10,523.8664699000841,0.0,0.0,0.0,10,0.0,-14.443224723620112,-25.471524700100453,-31.79769977419297,10,6.2882735619426,322.3675610048615,257.12322251470687,147.74664926591544,10,64.66478762138686,315.1203559628792,256.1248835386956,151.2033562972581,10,62.75519966585247,2626.440906223232,2020.493470597484,1138.4187912016478,10,520.9788665691648,0.0,0.0,0.0,10,0.0,0.0,0.0,0.0,10,0.0,0.0,0.0,0.0,10,0.0,4478.056979473058,3363.5405114442583,1568.0378865320467,10,1096.0629556373694,0.0021881838074398,0.0009282188338567,0.0,10,0.0008144082675805,4.5440426,-0.40509188,-4.822494,1000,1.0949235,1000,882.3290043290043,73,231,270.54632074669104,13116.14468383789,11300.361564109851,891.9339475631714,231,3514.716146146361,78888.0,153.969083070755,200000.0,90.0,13960.342453479769,18000000.0,1298.962077393758,90000.0
2.522996e-08,1.8301577e-09,98.402756,5.3665713e-06,1.882407e-10,0.007866852,12.104545,171.53777,171.52437,9.277001,1256.3353,283.56647,1257.3872,1.0,-0.35665336,-1.0,7597,0.842054,0.2667950266211586,0.2220545904964475,0.2073291158892071,10,0.0175123451068366,1000,759.7,367,10,225.5043458561276,12594.286992549896,9121.283882021904,4289.398707151413,10,2940.005733085097,0.0,0.0,0.0,10,0.0,-0.6216864036271819,-1.3914587662441118,-1.9974293709844493,10,0.4527155146007758,-238.84348750000004,-495.45862,-671.46975,10,143.1797085603025,241.2556055481288,172.23078934347018,77.41889060697993,10,51.35395671497414,248.8357270944887,185.548279092176,90.0083262110775,10,52.77956550836754,0.0,0.0,0.0,10,0.0,0.0,0.0,0.0,10,0.0,0.0,0.0,0.0,10,0.0,0.0,0.0,0.0,10,0.0,-69.99163758541495,-139.060561861754,-185.684609922309,10,37.62851415572512,-7.354939725040833,-13.329128933475332,-19.258282921973453,10,4.3092558118280335,2666.384592415973,1942.915495406856,811.5865391917345,10,639.8931095920922,2691.732922390413,1935.9989181711976,816.5283706042717,10,616.9100332579827,0.0,0.0,0.0,10,0.0,-11.585623193440032,-23.453835930364328,-31.32598656522529,10,6.83833297270936,328.9308768600599,242.43135538604463,118.0207253044828,10,73.19163908593238,320.0426868769634,238.7977824033221,115.35632292306336,10,71.37873281978244,2611.606788182306,1875.396925910658,854.9900983820431,10,598.0118608920424,0.0,0.0,0.0,10,0.0,0.0,0.0,0.0,10,0.0,0.0,0.0,0.0,10,0.0,4677.8384958648085,3096.4261141728266,1378.8144117900829,10,1071.0293425095372,0.0027247956403269,0.0011928229990502,0.0,10,0.0009402924759463,4.8406057,-0.40101534,-4.886287,1000,1.0959084,1000,859.1722689075631,50,238,296.6813780326002,13111.144453048706,11032.12735220364,508.6464624404907,238,3863.0006818534766,79126.0,177.25133728981018,200000.0,91.0,14137.59379529953,18200000.0,1128.3412754906058,91000.0
2.522996e-08,1.8286428e-09,98.23187,2.3373996e-05,1.8975564e-10,0.007835176,12.094581,171.44102,171.42757,8.363194,1265.6367,227.39304,1267.1228,1.0,-0.35981494,-1.0,7792,0.8409813,0.2322022336828839,0.2182857270415596,0.2119211771343354,10,0.0057446807297992,1000,779.2,354,10,246.4888638458135,12927.833063602448,9503.4240298748,4235.011634349823,10,3348.6357568705807,0.0,0.0,0.0,10,0.0,-0.6396553165829368,-1.4571796075799688,-2.0787530400273955,10,0.5475205544193273,-226.6062375,-507.44915125,-674.8645999999999,10,164.71390562387015,231.7517875775569,173.53055727443623,81.14424979894491,10,54.025219651444566,266.3417529677839,197.1967822070185,90.62584387681152,10,64.6080630174165,0.0,0.0,0.0,10,0.0,0.0,0.0,0.0,10,0.0,0.0,0.0,0.0,10,0.0,0.0,0.0,0.0,10,0.0,-63.664496367620885,-141.79646437701223,-186.9974325156291,10,43.98600924480449,-6.996191905556179,-14.778114557883702,-20.943203510183643,10,5.254859413779655,2684.9091616603573,2013.6163639436616,908.7468427659658,10,698.4960190861045,2662.5885439055605,1996.5677836820644,923.5168591578886,10,658.5491848005166,0.0,0.0,0.0,10,0.0,-11.00243046142153,-23.857625512188463,-31.01516857498008,10,7.027886793169846,322.75985161761247,247.92341605387327,115.13857940359613,10,79.3076844472835,315.8395496908094,244.47168776169755,114.38196158592628,10,77.12449156254745,2605.8430749693007,1952.068598692236,927.0691301230358,10,656.3238834225737,0.0,0.0,0.0,10,0.0,0.0,0.0,0.0,10,0.0,0.0,0.0,0.0,10,0.0,4670.234618257615,3261.6435170133395,1336.2150709441134,10,1265.1406792121636,0.0028248587570621,0.0010845944727867,0.0,10,0.0010251953874268,4.652807,-0.39535797,-4.8256235,1000,1.0981871,1000,879.4358974358975,61,234,275.3191430072487,13152.69017791748,11307.789512420311,721.0747842788696,234,3584.002283758554,79360.0,153.0157289505005,200000.0,92.0,14290.609528303146,18400000.0,1307.0551725090863,92000.0
2.522996e-08,1.8275379e-09,97.99815,5.4950586e-05,1.9086065e-10,0.0077849007,12.101217,171.51723,171.50368,8.482095,1264.0817,263.05832,1265.321,1.0,-0.3572059,-1.0,8627,0.8437333,0.2294962423576648,0.2200246369800173,0.2132139920450172,10,0.0048614468046657,1000,862.7,573,10,156.8273254251312,12913.444764137268,10562.660078191757,6909.162556409836,10,2105.6649774528346,0.0,0.0,0.0,10,0.0,-1.0611888577463455,-1.665997738920471,-2.0980746557869634,10,0.3755745976359564,-365.8345625,-568.5248712499999,-678.8713124999999,10,107.89472810840594,228.7829564772885,189.3676015153572,117.30569203862714,10,35.37574364697881,257.06429402480603,218.11520424112933,140.78085446962973,10,40.49625430083457,0.0,0.0,0.0,10,0.0,0.0,0.0,0.0,10,0.0,0.0,0.0,0.0,10,0.0,0.0,0.0,0.0,10,0.0,-102.58173560194206,-158.34414962299792,-187.73279507532925,10,28.286332134774625,-10.008143352402271,-16.391274084623706,-20.21013882712179,10,3.305875214043346,2703.249590627824,2230.9899515878496,1400.7210849754524,10,438.2440201112783,2627.0030111377127,2212.737519842448,1504.6206579039076,10,402.6301893582398,0.0,0.0,0.0,10,0.0,-18.735624978088,-26.38533725405032,-30.691720593084504,10,4.352416069592008,332.03067976865395,278.2207847603692,181.467084662856,10,50.44945300432478,317.4338782044373,269.81455937696813,179.9018275069095,10,48.14741649406255,2561.061699877254,2160.6212115758003,1440.7687941293343,10,401.9013756468904,0.0,0.0,0.0,10,0.0,0.0,0.0,0.0,10,0.0,0.0,0.0,0.0,10,0.0,4766.502722524221,3656.59886240042,2365.5249770069336,10,846.3145111948644,0.0017452006980802,0.0007054097352914,0.0,10,0.0007222575649656,4.629016,-0.37225905,-5.002238,1000,1.1075968,1000,680.0502958579882,37,338,345.4968043977034,13108.469962120056,8675.111933702548,358.3908519744873,338,4520.070534302986,79698.0,155.82274866104126,200000.0,93.0,14446.43228173256,18600000.0,1283.509639757779,93000.0
2.522996e-08,1.8295395e-09,97.91487,1.8691024e-08,1.8885878e-10,0.007833172,12.10705,171.55246,171.53897,9.426311,1260.4329,321.91245,1261.4568,1.0,-0.35035434,-1.0,7053,0.84361124,0.2410820597818394,0.2224133528128723,0.2143251024353888,10,0.0077675662579528,1000,705.3,274,10,280.5722901499718,12952.87715625763,8686.197583484649,3158.6745958328247,10,3583.496107476707,0.0,0.0,0.0,10,0.0,-0.4406275133020958,-1.329710777161496,-2.1609473060462894,10,0.5846171101198525,-185.92725,-465.7694725,-681.1213875,10,187.85241952510407,247.07229088760164,165.10618005380678,64.35251424295313,10,62.34857902393822,281.1850106566095,183.56020468259868,65.0339929283364,10,78.49572836293868,0.0,0.0,0.0,10,0.0,0.0,0.0,0.0,10,0.0,0.0,0.0,0.0,10,0.0,0.0,0.0,0.0,10,0.0,-55.99359021361626,-130.2084082090307,-189.18411648179912,10,50.6730339824889,-4.390881822672067,-13.043483895919058,-19.96821737757088,10,5.649750552709785,2687.3615997188026,1823.173461014716,719.6323056523707,10,763.2480962647528,2597.6960876183,1797.2080865359378,665.278948636176,10,728.5324466302471,0.0,0.0,0.0,10,0.0,-8.494099020839855,-21.28037714969592,-30.31718287213664,10,8.259178782828196,328.946653551826,229.36807476288564,87.03380850833813,10,92.25005491571332,316.34981403953896,221.337794847767,85.85611622707319,10,87.94321456771844,2629.442722957572,1809.128014572976,678.2163533459475,10,723.2886623398965,0.0,0.0,0.0,10,0.0,0.0,0.0,0.0,10,0.0,0.0,0.0,0.0,10,0.0,4820.1173860579,2992.795876522548,1003.0980373842816,10,1295.9529935538585,0.0036496350364963,0.0014719407300539,0.0,10,0.001243386749604,4.5838637,-0.38052097,-4.623366,1000,1.1041492,1000,825.7333333333333,58,240,315.6073835567786,13147.003779411316,10626.685019940138,703.022310256958,240,4108.805755370805,79938.0,152.21423292160034,200000.0,94.0,14598.64652109146,18800000.0,1313.9375744383394,94000.0
2.522996e-08,1.8273426e-09,97.891685,-9.426947e-05,1.9105577e-10,0.007925604,12.111565,171.58345,171.56976,9.424966,1260.8715,300.50696,1261.9509,1.0,-0.34162828,-1.0,7006,0.8427952,0.2352852478845187,0.2230787482992175,0.2139431498894176,10,0.0067844724164603,1000,700.6,389,10,158.9950942639426,12268.959688186646,8266.860573959351,4823.683522224426,10,2014.591019725245,0.0,0.0,0.0,10,0.0,-0.6781553523778272,-1.2676173317205666,-1.912498603317811,10,0.3221515440130779,-264.048275,-463.11477875,-676.0883249999999,10,105.52192825258984,211.0994739904316,165.29481366012118,101.39689577140626,10,35.6911332193016,266.0519202278943,187.27020025598665,109.80164044495424,10,39.48351910245098,0.0,0.0,0.0,10,0.0,0.0,0.0,0.0,10,0.0,0.0,0.0,0.0,10,0.0,0.0,0.0,0.0,10,0.0,-76.98981335138703,-130.13228892551385,-188.3167214070918,10,28.236577460448608,-7.215921031006614,-12.01412159592967,-17.604740419270485,10,3.0697603553763337,2609.652780899952,1780.4365399952756,952.4993674722908,10,444.168757836674,2587.776565957389,1802.0263132379628,985.2657814772512,10,421.8679243984686,0.0,0.0,0.0,10,0.0,-11.729132561670818,-21.016318955016978,-30.175090681587463,10,4.668349204734296,322.2016500867753,226.2099816452086,133.61086727576998,10,49.87825503876961,312.08629138492086,219.276531269866,116.48765270549748,10,50.78131147351272,2396.6727311360933,1723.38088998379,1007.9611041170256,10,375.4546994593319,0.0,0.0,0.0,10,0.0,0.0,0.0,0.0,10,0.0,0.0,0.0,0.0,10,0.0,4339.349744297709,2694.9774740255907,1552.9202264712433,10,756.0977345899871,0.0025706940874035,0.0014199232447391,0.0,10,0.0006139005800737,4.7061987,-0.38122964,-4.8740525,1000,1.1027396,1000,871.847533632287,46,223,271.31666022792524,13181.827114105225,11248.34456960182,576.0344772338867,223,3536.258183261162,80161.0,152.3199725151062,200000.0,95.0,14750.966499567032,19000000.0,1313.0254470086986,95000.0
2.522996e-08,1.8275835e-09,97.946,-3.945766e-05,1.9081486e-10,0.007875137,12.114528,171.59714,171.58347,9.419301,1262.7089,295.45996,1263.7599,1.0,-0.33638227,-1.0,8605,0.84577495,0.2360096145551388,0.2253215499661864,0.217723946950943,10,0.0055563909925428,1000,860.5,457,10,195.85772897692857,12897.588663101196,10400.804657030105,5215.509371757507,10,2652.533699891641,0.0,0.0,0.0,10,0.0,-0.7670241062448143,-1.6258207662568158,-2.057156647691135,10,0.4311068080876453,-291.759725,-577.78965375,-686.2531374999999,10,134.14153928547856,253.9779476555984,205.89376793438583,108.4290994854768,10,51.25462884084755,303.9461875284642,238.37194289490344,146.42865634200268,10,53.391193814202005,0.0,0.0,0.0,10,0.0,0.0,0.0,0.0,10,0.0,0.0,0.0,0.0,10,0.0,0.0,0.0,0.0,10,0.0,-84.22152355084862,-161.7115785351265,-189.36451523074737,10,35.76496199053583,-7.25406317829691,-16.043359196822543,-21.11037513444812,10,4.499146640925544,2715.093340558373,2213.1361055528114,1133.4571290611466,10,548.6790216608152,2636.659705555246,2222.4906066470767,1199.749748311464,10,513.2411465691424,0.0,0.0,0.0,10,0.0,-11.983982421152968,-24.69057143058287,-30.463955948304204,10,5.833850083542066,337.14293149632545,282.04506730070943,154.3508269790744,10,61.90128561114062,314.6694895950568,270.3276252065458,150.62098552795948,10,57.967897158666425,2578.372448721216,2123.645732492558,1093.669981703203,10,536.4639071553096,0.0,0.0,0.0,10,0.0,0.0,0.0,0.0,10,0.0,0.0,0.0,0.0,10,0.0,4625.619152615698,3508.6690397084144,1553.701178261284,10,1038.1462487195645,0.0021881838074398,0.0008508408970188,0.0,10,0.0007729171348818,5.2681665,-0.38155776,-5.1561623,1000,1.1020006,1000,873.1902654867257,79,226,262.15160460894487,13169.887357711792,11257.541494582609,956.759861946106,226,3420.652148869486,80387.0,179.21270537376404,200000.0,96.0,14930.179208755491,19200000.0,1115.9923041331372,96000.0
2.522996e-08,1.8259795e-09,98.00725,-4.12391e-05,1.924189e-10,0.007881819,12.115448,171.61896,171.60518,9.647383,1262.3804,309.28067,1263.2788,1.0,-0.32297784,-1.0,7468,0.8506325,0.2669488242032783,0.2366318855187112,0.2213318289065167,10,0.0159183890593055,1000,746.8,177,10,316.54724765822874,12927.016777515411,9179.767672514916,1918.026134252548,10,4301.363076336548,0.0,0.0,0.0,10,0.0,-0.3155529303915114,-1.435172057934078,-2.1145653571915024,10,0.6970004573438939,-129.9319625,-511.19138125,-696.5955875,10,213.9206561140347,239.3644828848816,180.53107724749768,55.8560974783901,10,66.68372819921835,313.61087106245,216.7134781666215,33.95531147049076,10,89.33053269044704,0.0,0.0,0.0,10,0.0,0.0,0.0,0.0,10,0.0,0.0,0.0,0.0,10,0.0,0.0,0.0,0.0,10,0.0,-40.49742290651624,-143.84261109377013,-194.08382688640967,10,56.31691134861848,-3.474319446196282,-14.711286669171468,-21.283520905862943,10,6.925760334276654,2735.2041425210223,1930.7079176824493,424.034654793488,10,890.2519064843826,2620.581747418391,1899.0754270594564,427.2195888773656,10,841.6111410845466,0.0,0.0,0.0,10,0.0,-5.436929978357527,-20.748993068667115,-27.96623064347497,10,9.060194187015703,336.7400067297884,249.0957945184319,63.64470940306529,10,104.35448329568024,318.60750998792446,235.5623200253177,53.59675883917509,10,100.35728313106576,2632.339070688077,1833.020898323505,356.7873881030597,10,871.7271344263415,0.0,0.0,0.0,10,0.0,0.0,0.0,0.0,10,0.0,0.0,0.0,0.0,10,0.0,4646.822282754267,3222.540014179935,653.1383407137163,10,1593.098683199935,0.0056497175141242,0.0015522378329105,0.0,10,0.0018342641355558,4.5323377,-0.37937847,-4.720918,1000,1.103265,1000,838.9213973799127,68,229,262.58354116808323,13185.30122089386,10818.233936043283,876.0547590255737,229,3442.777694260343,80616.0,152.24210572242737,200000.0,97.0,15082.421319007874,19400000.0,1313.6970160189871,97000.0
2.522996e-08,1.8255834e-09,98.03189,-5.9992202e-05,1.9281501e-10,0.007902543,12.107985,171.57007,171.55624,9.6521435,1263.6324,302.89346,1264.6411,1.0,-0.3080469,-1.0,7616,0.85504466,0.2898876154067802,0.242062788616383,0.2189465713747978,10,0.0204034724162249,1000,761.6,154,10,296.8242577688016,12677.002758026125,9347.099001002312,1830.228120803833,10,3789.1280350497937,0.0,0.0,0.0,10,0.0,-0.3005688018619421,-1.4830265339088704,-2.09227049913768,10,0.6028407544348131,-115.0893625,-531.2663924999999,-712.36585,10,201.9795939862752,255.3158398102017,188.804410368072,46.64312823641157,10,72.60320847101524,319.7374264705332,229.2076676386585,29.765607932034943,10,95.4881896927234,0.0,0.0,0.0,10,0.0,0.0,0.0,0.0,10,0.0,0.0,0.0,0.0,10,0.0,0.0,0.0,0.0,10,0.0,-34.92314728867585,-150.62287466076322,-199.3729767732429,10,54.54224243184501,-3.052563058932668,-15.223475547067704,-20.625973037556182,10,5.660950279294746,2678.0148526463536,1945.3442325241808,380.43119067202144,10,786.4398789297626,2667.532202480052,1948.8358274610405,397.656144896892,10,784.9128938647008,0.0,0.0,0.0,10,0.0,-4.677960277994378,-20.91499915799457,-28.30114994166535,10,8.082515189981772,344.5571775916248,254.27595945436727,55.62288946692802,10,99.2893695787468,311.5846602388723,235.6021538480385,52.01448341256835,10,91.7225080821105,2538.114103704626,1860.8444405427056,332.96313136742526,10,784.9830119166222,0.0,0.0,0.0,10,0.0,0.0,0.0,0.0,10,0.0,0.0,0.0,0.0,10,0.0,4614.9880201842425,3294.74024428886,667.9854731914508,10,1322.1118882460153,0.0064935064935064,0.0014909687808503,0.0,10,0.0019243988981366,4.808646,-0.3815993,-4.8511133,1000,1.1017671,1000,860.7260869565217,67,230,268.03442140628346,13210.593026161194,11104.117435811911,820.5121355056763,230,3513.106511060154,80846.0,153.85541772842407,200000.0,98.0,15236.276742696762,19600000.0,1299.9217249081696,98000.0
2.522996e-08,1.8247306e-09,97.96496,2.50538e-06,1.936679e-10,0.00783469,12.104065,171.47192,171.458,9.119366,1268.2472,284.4429,1269.5442,1.0,-0.3083243,-1.0,6325,0.8554394,0.2670860528302746,0.2408909765532011,0.2312755819355552,10,0.0125769170409033,1000,632.5,187,10,320.42198738538525,12728.530959129332,7811.236628460884,2300.807978630066,10,4157.799835426715,0.0,0.0,0.0,10,0.0,-0.4100954615880149,-1.31230812929754,-2.240423278683218,10,0.7084327767857762,-140.8468,-446.217505,-709.3065375,10,223.8914033063097,240.63144791417568,153.3085057102719,53.81380097526957,10,71.26574763437921,295.4795833958582,182.4849675393206,48.53804537822004,10,87.84293938873907,0.0,0.0,0.0,10,0.0,0.0,0.0,0.0,10,0.0,0.0,0.0,0.0,10,0.0,0.0,0.0,0.0,10,0.0,-42.50961619089934,-124.73206208642956,-195.2015886100887,10,59.925999840561175,-4.556704213114881,-12.735203332367371,-21.945340427651185,10,7.0821725501539685,2607.486479384399,1577.799223725889,447.9917708185226,10,847.3414204179439,2640.361682947366,1637.7697424070254,484.7861084557507,10,831.3058653115195,0.0,0.0,0.0,10,0.0,-5.067441948740578,-17.23730851862668,-28.53642807847637,10,8.896175710284881,355.24391428359854,212.6752852799869,66.95327061802874,10,107.91133053023684,315.418711790092,199.7304362385311,54.04487913579451,10,101.07492225862455,2642.9175525294586,1574.9337554613717,479.6889162062544,10,828.0989469554062,0.0,0.0,0.0,10,0.0,0.0,0.0,0.0,10,0.0,0.0,0.0,0.0,10,0.0,4780.832970326875,2785.0491190968983,827.7703423910084,10,1553.112938035855,0.0053475935828877,0.0018039593213028,0.0,10,0.0017522112812618,4.620138,-0.38155302,-5.0479407,1000,1.1019164,1000,843.931914893617,63,235,289.13566653439807,13159.565695762634,10867.998888254166,772.2857713699341,235,3787.952758989338,81081.0,151.127051115036,200000.0,99.0,15387.403798341751,19800000.0,1323.3898135666163,99000.0
2.522996e-08,1.8258358e-09,97.89055,-8.350927e-06,1.9256269e-10,0.007839595,12.099224,171.4302,171.41635,9.084412,1268.927,275.22855,1270.2201,1.0,-0.304757,-1.0,6822,0.8577815,0.2607590221567948,0.2406517792182732,0.2284619975791049,10,0.010438387327205,1000,682.2,323,10,268.0342515425967,12891.694853782654,8246.282820034026,3416.960035085678,10,3530.2010814516434,0.0,0.0,0.0,10,0.0,-0.4809262164876179,-1.3187423265605671,-2.105117362735459,10,0.5837109487111922,-222.69821249999995,-475.8888887499999,-705.6353624999999,10,185.91556018194865,247.21492697924555,166.6229791579875,76.87163667431861,10,62.30873617219985,324.5352803472197,213.2379062459485,102.77747617211004,10,85.54021983641326,0.0,0.0,0.0,10,0.0,0.0,0.0,0.0,10,0.0,0.0,0.0,0.0,10,0.0,0.0,0.0,0.0,10,0.0,-64.38432249499078,-136.4790786305118,-196.79667779189745,10,50.154192927251245,-4.679716221160774,-13.48515868320527,-21.119080071264904,10,5.720965456040529,2653.167260701792,1693.3308914633049,692.6309628653667,10,738.0472739218615,2644.0962379817565,1749.865236474392,819.0416687070831,10,703.3920601006747,0.0,0.0,0.0,10,0.0,-8.223771135539572,-18.234378672469084,-26.589429696243457,10,7.098701700336685,337.5529165487477,225.49812796685805,103.96168833652152,10,91.6538193566472,320.3091115081583,210.1366840910109,89.4647985887182,10,87.1416374500651,2549.563918168385,1675.3883862986847,734.2004622626641,10,698.0731867800622,0.0,0.0,0.0,10,0.0,0.0,0.0,0.0,10,0.0,0.0,0.0,0.0,10,0.0,4880.907433666947,2860.009766854101,948.8598344942932,10,1300.728061828851,0.0030959752321981,0.0014533120076502,0.0,10,0.0011122916092867,4.5501766,-0.38484165,-4.7271814,1000,1.0994682,1000,865.474358974359,50,234,287.3534286071447,13171.556015014648,11138.33662674264,591.2061452865601,234,3763.2208277279374,81315.0,152.66260814666748,200000.0,100.0,15540.066411018372,20000000.0,1310.0784955007064,100000.0
2.522996e-08,1.824976e-09,97.88107,-5.806386e-05,1.9342247e-10,0.007888551,12.095831,171.37239,171.3583,8.994687,1268.5883,265.8401,1269.903,1.0,-0.3062573,-1.0,7622,0.8555731,0.256629656891595,0.2397455875375278,0.2269263680885168,10,0.0102151274719375,1000,762.2,402,10,242.1168313025759,13021.255051612854,9559.254322743416,5088.646425247192,10,3262.79050739114,0.0,0.0,0.0,10,0.0,-0.923326187298341,-1.5480174658293318,-2.1958703232709733,10,0.5384266504037157,-300.7995,-537.09092875,-712.68165,10,163.34292608652297,262.00868988626496,186.1571836148913,108.76062411600336,10,60.67232402416335,304.3061097855607,222.1812882962648,107.38460140241996,10,72.02919972771082,0.0,0.0,0.0,10,0.0,0.0,0.0,0.0,10,0.0,0.0,0.0,0.0,10,0.0,0.0,0.0,0.0,10,0.0,-86.83902122797754,-150.95069846924144,-197.66240613485053,10,42.51061834710667,-8.520385842508775,-15.564760115101672,-21.45534196393939,10,5.095439939698827,2617.417381651652,1928.4633101263769,974.8396443730236,10,658.6600809296629,2647.275502006014,1973.5532192447024,1009.6616709404502,10,645.8282302428923,0.0,0.0,0.0,10,0.0,-10.94392327511708,-19.99772950422848,-27.79978905270166,10,6.470739295130382,344.08207994498395,254.417035541386,135.49773039868217,10,74.81928564332075,319.90206955865943,237.1909714691409,123.50844099247624,10,75.33018641022198,2624.479950574848,1926.4249924178423,1024.2238248634117,10,627.4205444104134,0.0,0.0,0.0,10,0.0,0.0,0.0,0.0,10,0.0,0.0,0.0,0.0,10,0.0,4789.327447774005,3448.5444482435896,1792.0340315935257,10,1249.4251813905132,0.0024875621890547,0.0009706627434038,0.0,10,0.0009907887429433,4.7472677,-0.3833958,-4.7914443,1000,1.0988321,1000,873.6343612334801,57,227,277.4357936753244,13183.731254577637,11236.282855907726,671.3037576675415,227,3651.136301690258,81542.0,177.24175667762756,200000.0,101.0,15717.308171987534,20200000.0,1128.4022667624863,101000.0
2.522996e-08,1.822564e-09,97.908394,-6.416439e-05,1.958345e-10,0.007896834,12.087489,171.30449,171.29045,8.633266,1269.972,251.39711,1271.3744,1.0,-0.29972833,-1.0,7844,0.8540446,0.2550029861653699,0.238790703902284,0.2286354280580147,10,0.007667362915953,1000,784.4,106,10,276.1159901200943,12969.002601623535,9567.70192387104,1154.1015405654907,10,3510.740179962877,0.0,0.0,0.0,10,0.0,-0.233648217875014,-1.5620310596021212,-2.1900315524238403,10,0.5891359934294311,-78.1605,-554.4934825,-728.3729625,10,199.1266855933256,246.7508925404012,185.1330933134619,26.166384784570496,10,63.06976724846489,309.39914538453564,237.39586529332533,38.54780977752639,10,81.22198356502179,0.0,0.0,0.0,10,0.0,0.0,0.0,0.0,10,0.0,0.0,0.0,0.0,10,0.0,0.0,0.0,0.0,10,0.0,-22.8490158620639,-155.62652442888725,-206.9096181050812,10,54.95939823744214,-2.078534569653929,-15.046386270437075,-22.155078705110057,10,6.014842149757501,2601.4334007048246,1990.204466657286,241.2410751936728,10,717.6100089120165,2599.5138941122977,1982.223831313485,202.06110766718743,10,722.7793023538595,0.0,0.0,0.0,10,0.0,-2.967826998861807,-20.806520424346417,-27.25860903680414,10,7.1731611764973975,344.9420453805292,266.013034683237,35.941522030530294,10,92.66813073204638,317.77719504254253,247.1581068417136,32.63040250731318,10,86.37594009534712,2559.700750464587,1948.317600974304,208.1900290847768,10,723.7236886871774,0.0,0.0,0.0,10,0.0,0.0,0.0,0.0,10,0.0,0.0,0.0,0.0,10,0.0,4825.969909760991,3348.432110000803,459.4423190259433,10,1271.4471310674528,0.0094339622641509,0.0016385989918854,0.0,10,0.0026867134952552,4.572234,-0.37895516,-5.0404315,1000,1.0996268,1000,859.4935064935065,53,231,288.24850795587264,13171.77723121643,11045.693066697617,633.77321434021,231,3827.727685046367,81773.0,152.90022683143616,200000.0,102.0,15870.208402872086,20400000.0,1308.042532994334,102000.0
2.522996e-08,1.8227568e-09,98.002235,-0.000117587566,1.9564166e-10,0.007957766,12.094963,171.36205,171.34816,9.255308,1262.4248,350.72308,1263.3505,1.0,-0.28653738,-1.0,6569,0.8621062,0.3200809305280647,0.2544389136361047,0.2311843494794703,10,0.0271263612543382,1000,656.9,162,10,318.7787477232446,12763.85952949524,7971.567328500748,1868.8723430633545,10,4127.508000981215,0.0,0.0,0.0,10,0.0,-0.3428937830184904,-1.2576671017268573,-2.2044134841271426,10,0.6564284575770185,-135.55714999999998,-467.39979000000005,-714.2211750000001,10,221.3932650980153,261.48244165370375,160.70919028980865,45.589286178180416,10,76.7608175526963,334.316630762609,200.87241831172145,51.44749110322192,10,92.0567788949198,0.0,0.0,0.0,10,0.0,0.0,0.0,0.0,10,0.0,0.0,0.0,0.0,10,0.0,0.0,0.0,0.0,10,0.0,-44.98428772945722,-135.4132922336596,-201.8048104398423,10,61.2053921993128,-3.1430723347657814,-13.13585405388168,-22.72118467015485,10,7.319607577457404,2615.42351984583,1663.6069655841989,396.6184437916157,10,823.7615781486012,2628.435165876018,1660.7754265556985,371.36617817451327,10,833.4930140652713,0.0,0.0,0.0,10,0.0,-4.338313275696116,-17.30789046750953,-27.46833318791785,10,8.363339403387359,333.7519847192224,218.83537849264383,41.73653024546289,10,108.21928212390728,313.7754949183758,206.4856066378416,55.21434264897723,10,99.1818057442472,2602.0229567113806,1626.1072156206828,276.73128334655456,10,854.9334350523935,0.0,0.0,0.0,10,0.0,0.0,0.0,0.0,10,0.0,0.0,0.0,0.0,10,0.0,4823.794220161664,2773.3504619926307,787.3092989009833,10,1524.2274365908931,0.0061728395061728,0.0020264010411216,0.0,10,0.0020784392449282,5.1148906,-0.3572062,-4.833294,1000,1.1086664,1000,555.2748538011696,25,342,361.9736596816696,13153.84474849701,6995.381291117933,185.78257703781128,342,4721.961131460941,82115.0,151.29647278785706,200000.0,103.0,16021.50487923622,20600000.0,1321.9078826803411,103000.0
2.522996e-08,1.8213782e-09,98.19955,-0.00011203667,1.970202e-10,0.007968001,12.100293,171.40636,171.39241,10.066605,1253.5001,429.10468,1254.0808,1.0,-0.30864063,-1.0,8920,0.8573957,0.2562260675313819,0.2385263627431457,0.2213015583627999,10,0.010065884499028,1000,892.0,575,10,144.21165001483064,12884.162907600405,11170.66009364128,6839.826823234558,10,1994.5822492170569,0.0,0.0,0.0,10,0.0,-1.09696418336593,-1.7892093384970735,-2.1678816806242214,10,0.3476110534953864,-420.9811375,-626.7011525,-715.9778124999999,10,96.93406755014782,246.8974828636412,217.43355265063445,136.4905695743726,10,32.630931492252394,302.5618886435187,264.64049863420314,181.78425028322312,10,43.07869733254941,0.0,0.0,0.0,10,0.0,0.0,0.0,0.0,10,0.0,0.0,0.0,0.0,10,0.0,0.0,0.0,0.0,10,0.0,-124.48780855939744,-177.30869994522195,-208.4871733649417,10,25.562616918579973,-10.865665917882229,-17.924230069536417,-21.42332809965268,10,3.389951931790901,2691.7955270109915,2284.115017294868,1419.958672891521,10,394.030548789652,2575.206159706863,2220.416741513756,1365.1167436452515,10,395.14080492816544,0.0,0.0,0.0,10,0.0,-13.327425121690482,-23.28797768295264,-26.97082538294058,10,4.356679192649398,349.8033636937652,293.59548222009823,184.803196337357,10,52.24494059945009,315.4991289352112,279.77137051546146,184.1867404456686,10,43.78044099327563,2563.3792092708736,2240.3577409746595,1413.5277106773638,10,371.9128166257306,0.0,0.0,0.0,10,0.0,0.0,0.0,0.0,10,0.0,0.0,0.0,0.0,10,0.0,4825.828713995685,4093.026592863025,2437.4991007083604,10,805.6884869953814,0.0017391304347826,0.0006594680267006,0.0,10,0.0006833310898156,5.073476,-0.3596724,-4.6861506,1000,1.1084049,1000,652.0446428571429,50,336,382.2612012527635,13173.446905136108,8331.673652275687,514.2030534744263,336,5018.309666553646,82451.0,155.27881622314453,200000.0,104.0,16176.783699035645,20800000.0,1288.0056975227617,104000.0
2.522996e-08,1.8230204e-09,98.37445,-0.00010313345,1.9537803e-10,0.007973089,12.1018915,171.41377,171.39993,10.783095,1246.588,480.19574,1246.8818,1.0,-0.3173777,-1.0,8787,0.85264355,0.2688043166438928,0.2348889288361134,0.2229357490883954,10,0.0124268438187776,1000,878.7,554,10,187.25066088000867,12574.405352592468,10859.104309082031,6718.299240112305,10,2359.076468567716,0.0,0.0,0.0,10,0.0,-1.0679753975763084,-1.7054317673903965,-2.1542080991211545,10,0.3685007849188698,-392.0854375,-606.9320725,-721.1293000000001,10,121.4124797282205,261.93527125185415,210.9193169402234,131.56134050394382,10,47.03177832655252,303.1715513291699,251.4274670990348,136.38485000366012,10,61.48914603762509,0.0,0.0,0.0,10,0.0,0.0,0.0,0.0,10,0.0,0.0,0.0,0.0,10,0.0,0.0,0.0,0.0,10,0.0,-113.18496816155591,-171.18674877062512,-199.68370752783028,10,31.613856149391843,-12.033763237602056,-17.042992044652305,-21.148300588629205,10,2.866953430095874,2690.724353043491,2305.37083669966,1369.3002436989516,10,514.1586759535356,2600.399236933413,2220.320029423795,1300.9173698662055,10,510.1778676899252,0.0,0.0,0.0,10,0.0,-14.696687600106069,-23.831755460285937,-28.52197069722308,10,5.091670276436782,339.2336963045419,293.8112449418382,198.23899983448464,10,56.46196918199736,315.3339588692931,275.18269239402406,178.75666229769513,10,56.29161481222396,2565.843249649439,2177.7330114514134,1371.7619178186203,10,457.4781719608796,0.0,0.0,0.0,10,0.0,0.0,0.0,0.0,10,0.0,0.0,0.0,0.0,10,0.0,4563.360313099569,3825.415373317047,2404.999479421471,10,817.5800656932327,0.0018050541516245,0.0005069376930402,0.0,10,0.0007777684738147,4.5421085,-0.37536097,-5.12368,1000,1.1023713,1000,855.3688888888889,53,225,282.61657089280857,13181.890891075134,11026.98987422678,597.0966186523438,225,3702.899932699611,82676.0,154.70600843429563,200000.0,105.0,16331.489711999891,21000000.0,1292.7746118208518,105000.0
2.522996e-08,1.8228621e-09,98.54115,-0.000106815976,1.9553638e-10,0.007990107,12.098568,171.36537,171.35141,10.811996,1247.702,436.11316,1248.0284,1.0,-0.30481735,-1.0,8305,0.86163884,0.2807561758990807,0.2445875198226897,0.2279207257930323,10,0.0152629637207437,1000,830.5,268,10,270.05897504063813,12901.145912647247,10363.917143249511,3180.936829566956,10,3447.568446745918,0.0,0.0,0.0,10,0.0,-0.557633344955837,-1.6715555280341694,-2.162599436131776,10,0.5582075257171047,-207.6582375,-586.4741537499999,-741.1233875,10,184.4649196191557,279.72839092725206,212.8734621446659,79.66897365877898,10,67.47173273880153,306.367220556712,244.2436639685768,69.02292657178172,10,80.63547922356635,0.0,0.0,0.0,10,0.0,0.0,0.0,0.0,10,0.0,0.0,0.0,0.0,10,0.0,0.0,0.0,0.0,10,0.0,-64.28638419808644,-167.73457697326805,-213.3310899233362,10,50.76898876610769,-5.63290201911267,-16.520796160466865,-21.80971384474212,10,5.785019578490926,2647.128417634138,2114.0482260286503,577.0908846901343,10,717.6709687929655,2593.1135027638893,2060.742699398212,578.2801036705469,10,695.0940422793661,0.0,0.0,0.0,10,0.0,-7.010986119083448,-21.99021986230415,-27.35254622575019,10,7.364051448028205,339.623440934004,279.3379433763959,97.80980194913336,10,89.17668604949527,316.81140656246737,260.0962086775372,85.20454066315526,10,83.3199333446633,2594.359100132981,2036.9759753023943,622.6050183332258,10,687.6034954925188,0.0,0.0,0.0,10,0.0,0.0,0.0,0.0,10,0.0,0.0,0.0,0.0,10,0.0,4817.979632840929,3833.076117469233,1311.5880482160112,10,1256.8691265347047,0.003731343283582,0.0007715422335086,0.0,10,0.0012711875926229,4.5280547,-0.37452838,-4.786599,1000,1.1026269,1000,862.6695652173913,68,230,282.9560488759043,13194.372993469238,11166.356494746002,796.0858068466187,230,3729.258458147844,82906.0,180.8497798442841,200000.0,106.0,16512.33949637413,21200000.0,1105.8902044127717,106000.0
2.522996e-08,1.8216759e-09,98.66585,-9.956489e-05,1.9672253e-10,0.007992834,12.093847,171.29486,171.2808,10.527148,1251.421,395.7328,1251.757,1.0,-0.33188236,-1.0,9663,0.8496441,0.2425299691836608,0.2287920705909669,0.2217714487582494,10,0.0052710824787611,1000,966.3,663,10,101.1,12888.70921754837,12181.503900241853,8146.282326221466,10,1366.0121242407592,0.0,0.0,0.0,10,0.0,-1.247670173980345,-1.8655804147631632,-2.0601122595439083,10,0.2187874483647021,-462.9628,-657.4087549999999,-690.5164374999999,10,65.3636540810127,265.5568374624049,238.0660271153235,173.02844413587218,10,24.31392116942416,324.1752533787129,289.664126752586,188.69884548276656,10,35.21426179408073,0.0,0.0,0.0,10,0.0,0.0,0.0,0.0,10,0.0,0.0,0.0,0.0,10,0.0,0.0,0.0,0.0,10,0.0,-135.64917924505394,-184.2559649038349,-192.1926466584456,10,16.35391371463939,-11.136176051602993,-17.22695036763969,-20.555425842034715,10,2.3884984817681114,2677.5428369621754,2478.408074565809,1636.5804014920122,10,287.02725460121184,2604.2284460013743,2470.080167581868,1710.763176045603,10,255.55750589642955,0.0,0.0,0.0,10,0.0,-18.012707903955622,-26.2061485058208,-27.7364273335776,10,2.7609861134476787,337.6721997220721,319.14888653451305,216.95013705221112,10,34.609720441802466,319.08865280874966,300.4980323137859,207.21091159961537,10,31.320420165415708,2596.9745455420148,2429.6836995482213,1630.0217591110454,10,269.5725742122338,0.0,0.0,0.0,10,0.0,0.0,0.0,0.0,10,0.0,0.0,0.0,0.0,10,0.0,4830.088897956045,4414.773354506723,2917.639245679942,10,549.3375578953296,0.0015082956259426,0.0001508295625942,0.0,10,0.0004524886877828,5.0799255,-0.3767084,-4.7800345,1000,1.100578,1000,906.9549549549548,63,222,246.305636231517,13214.386743545532,11747.479539286984,794.3669157028198,222,3234.1646009162564,83128.0,157.8353579044342,200000.0,107.0,16670.174858808517,21400000.0,1267.1431969070932,107000.0
2.522996e-08,1.8216096e-09,98.8175,-9.5460215e-05,1.9678892e-10,0.00800086,12.082894,171.15906,171.14507,10.049405,1258.6477,372.92792,1259.223,1.0,-0.3142989,-1.0,8892,0.8556503,0.2617483872509131,0.2373127989089709,0.2268992949214962,10,0.0104639603172525,1000,889.2,359,10,201.8374593577713,12922.024341583252,11050.355677342415,4234.761739253998,10,2693.821334232639,0.0,0.0,0.0,10,0.0,-0.6954375766270136,-1.6546325776885062,-2.069470719795063,10,0.4336581809791816,-266.29835,-611.33550875,-711.4381874999999,10,135.2140281579705,258.5736233959659,216.03657082345225,90.28570898625829,10,49.67891385986374,326.58433608074176,277.0663176052,98.38397177444112,10,67.45059831129396,0.0,0.0,0.0,10,0.0,0.0,0.0,0.0,10,0.0,0.0,0.0,0.0,10,0.0,0.0,0.0,0.0,10,0.0,-79.58791612671507,-175.79123210574022,-210.67558140776487,10,37.000608878252486,-6.821633646953533,-15.657757417842726,-21.055167610115827,10,4.180582287139148,2700.048628065293,2281.418086223987,934.2671579513026,10,539.8879392248867,2665.229513502288,2291.06640322596,941.9123967747552,10,515.9171440686897,0.0,0.0,0.0,10,0.0,-11.130416674635676,-24.213045023926647,-27.948145832624263,10,4.957431288951423,332.6532953054404,292.4363085356397,118.20333075728396,10,66.74127694533198,315.7707258080578,278.63045472297165,116.61535769941074,10,61.99237738832623,2576.535935389329,2197.789171382026,762.5048651989232,10,550.0343287608254,0.0,0.0,0.0,10,0.0,0.0,0.0,0.0,10,0.0,0.0,0.0,0.0,10,0.0,4826.479526692989,3922.521658038546,1481.831657301424,10,1054.6070207911923,0.0027855153203342,0.0005417681663631,0.0,10,0.000912045000355,4.665546,-0.36066708,-4.734003,1000,1.1067356,1000,736.314393939394,24,264,328.8843106516553,13176.055869102478,9388.430508638874,175.47393226623535,264,4290.48258880921,83392.0,156.07935547828674,200000.0,108.0,16826.254218816757,21600000.0,1281.399448294258,108000.0
2.522996e-08,1.8208114e-09,98.9637,-0.00010208,1.9758709e-10,0.008019178,12.069772,170.98225,170.96811,9.408933,1265.2885,345.13638,1266.2521,1.0,-0.3192347,-1.0,7903,0.85687613,0.2533153187401121,0.2365997723592117,0.2264706038177213,10,0.0076059017449474,1000,790.3,467,10,193.20199274334607,12961.915510177612,9828.873363375664,5802.32050037384,10,2711.9558827934966,0.0,0.0,0.0,10,0.0,-0.8785997842690814,-1.4405802722199057,-1.8872574717731885,10,0.3791461248667991,-331.84658749999994,-538.37781375,-683.94385,10,127.33023790985546,258.8796148215518,196.2924906965916,115.45002919829534,10,47.15819712891385,319.45284662491906,244.1061223170087,136.60878905914575,10,60.55097981748557,0.0,0.0,0.0,10,0.0,0.0,0.0,0.0,10,0.0,0.0,0.0,0.0,10,0.0,0.0,0.0,0.0,10,0.0,-100.47913389726742,-156.29678361339955,-195.2940005719545,10,34.08298590211785,-8.387537053467371,-14.093667362534244,-20.30489133634729,10,4.275618624537763,2638.626344569304,1986.5554845399845,1183.0373625374689,10,541.5788325012479,2644.24784458936,2038.495383021911,1159.132729807556,10,521.698118231405,0.0,0.0,0.0,10,0.0,-14.006341633135651,-22.051467034161657,-28.716718592664527,10,5.349542124267217,341.5695025477247,261.3012538035111,163.96083921793132,10,65.10712841415385,313.9016415092417,247.82510284231225,150.80784761302633,10,58.74068490879883,2557.9005154294664,1970.9372453451213,1053.3398449858585,10,537.6327112414374,0.0,0.0,0.0,10,0.0,0.0,0.0,0.0,10,0.0,0.0,0.0,0.0,10,0.0,4712.311098134096,3507.5431087397874,1841.91734003866,10,1049.8340553577805,0.0021413276231263,0.0009541450631042,0.0,10,0.000813564396572,4.5600815,-0.37568906,-4.6278067,1000,1.1006272,1000,907.1390134529148,65,223,247.96396644940708,13212.666619300842,11725.62723274188,786.6275863647461,223,3241.272899795612,83615.0,153.22554969787598,200000.0,109.0,16979.479774475098,21800000.0,1305.2653450704013,109000.0
2.522996e-08,1.8205396e-09,99.03962,-6.8600755e-05,1.9785883e-10,0.007991772,12.057975,170.81902,170.80486,8.284981,1272.8436,293.1341,1274.2369,1.0,-0.32018495,-1.0,8688,0.85720205,0.2540084908043928,0.2369187294352678,0.2264455799376688,10,0.0079682104870307,1000,868.8,346,10,238.7064305794881,13104.636302947998,10952.453582429886,4337.624270439148,10,3083.999324099657,0.0,0.0,0.0,10,0.0,-0.6836252341991521,-1.640361170774837,-1.9594260283640423,10,0.4171684743506743,-245.4358125,-595.290895,-694.0297125,10,155.87655384869154,253.5526341405445,209.34629522123976,82.90576283235492,10,59.35799164463042,316.24746322205056,269.44454179244974,96.4978195343016,10,81.31758491607744,0.0,0.0,0.0,10,0.0,0.0,0.0,0.0,10,0.0,0.0,0.0,0.0,10,0.0,0.0,0.0,0.0,10,0.0,-72.31852368664681,-171.60966596371014,-202.5129795857292,10,44.58239730694245,-5.086863771040634,-15.821838154727075,-19.697378098864405,10,4.426304164305989,2662.649367474037,2219.038208229316,855.4576146869389,10,642.7304159592237,2697.0538074994206,2265.760470273512,869.6728446618549,10,646.1434796163193,0.0,0.0,0.0,10,0.0,-10.160215431152125,-23.99707745231189,-29.205991339318714,10,6.592880023239516,337.0437669838225,283.9051096747835,122.87162457613276,10,77.06733957856001,317.38046960189024,272.5537983662001,113.35485119975272,10,73.95227542516962,2614.505033314739,2176.304602133301,808.4169821061973,10,625.1613009875832,0.0,0.0,0.0,10,0.0,0.0,0.0,0.0,10,0.0,0.0,0.0,0.0,10,0.0,4824.943778098735,3946.155720873703,1672.360671957112,10,1084.2356216860012,0.0028901734104046,0.000723618816865,0.0,10,0.0010162697094675,4.640709,-0.3749078,-5.116237,1000,1.1011915,1000,899.7027027027027,70,222,253.5756224462472,13207.773762702942,11657.808267788843,742.7713594436646,222,3327.8613743051446,83837.0,153.82627129554749,200000.0,110.0,17133.30605006218,22000000.0,1300.1680292681517,110000.0
2.522996e-08,1.8193275e-09,99.129875,-9.321356e-05,1.9907107e-10,0.008023603,12.052072,170.74857,170.73434,8.1264515,1274.6443,292.43195,1276.0088,1.0,-0.31177983,-1.0,9681,0.8580977,0.2461154705277482,0.2375953010072696,0.2268502026777218,10,0.0058749861961075,1000,968.1,771,10,70.96823232968397,12786.917404174805,11881.238208913805,9072.919715881348,10,1065.0736309115273,0.0,0.0,0.0,10,0.0,-1.3485043334704852,-1.816206300778508,-2.1244820283650245,10,0.2032554441926511,-517.8527875,-670.340765,-710.55,10,54.78952942663345,271.9462884162956,220.8616516474457,166.42830632339815,10,25.52791226596638,332.6407471795728,299.74257450644063,261.1457858753412,10,18.91937005531808,0.0,0.0,0.0,10,0.0,0.0,0.0,0.0,10,0.0,0.0,0.0,0.0,10,0.0,0.0,0.0,0.0,10,0.0,-152.47586524449463,-193.2127080068097,-206.49537715302364,10,14.591399931300543,-11.12262172704791,-16.33887737662361,-19.482336033305515,10,2.358094407473861,2659.1839469590623,2490.9602393355503,1893.5696591461565,10,216.1651241233442,2714.8324284350388,2529.6372056741966,1966.088089022861,10,213.556672733209,0.0,0.0,0.0,10,0.0,-21.270833996491028,-26.984789135084007,-28.79112907294052,10,2.0169107412208724,335.27362208245336,315.9270535098922,248.65423513495404,10,25.97326867666008,314.97687085658134,302.1493749476971,242.6631681952381,10,20.96423590932535,2599.6132387952102,2393.4760142257114,1774.7010956747708,10,223.94589154550144,0.0,0.0,0.0,10,0.0,0.0,0.0,0.0,10,0.0,0.0,0.0,0.0,10,0.0,4823.079732528959,4104.444619481432,3118.982920426241,10,534.6781626585836,0.0012970168612191,0.000239591796012,0.0,10,0.0004812269814017,4.7531276,-0.36613438,-4.676391,1000,1.1066364,1000,754.2452830188679,44,318,324.7869300004754,13216.787156105042,9718.762627169772,449.1764869689941,318,4294.041905310696,84155.0,180.8046691417694,200000.0,111.0,17314.110723018646,22200000.0,1106.1661236368818,111000.0
2.522996e-08,1.8208972e-09,99.31203,-0.00013121152,1.9750122e-10,0.008076174,12.062987,170.83553,170.82141,9.224096,1265.4646,402.2947,1266.2261,1.0,-0.30741808,-1.0,8439,0.8606762,0.2500328083935399,0.2403323549532858,0.2278319622273401,10,0.0055016363314884,1000,843.9,356,10,218.3870188449854,12789.447457313538,10409.141287994384,3705.184422969818,10,2937.052687123229,0.0,0.0,0.0,10,0.0,-0.5843312327302732,-1.598284496842878,-2.0959302897304486,10,0.4317527099867377,-240.363275,-587.4057637499999,-707.6288499999999,10,153.33701068830865,253.3610676953432,195.92943553377165,79.41957527450532,10,51.68364940312582,343.275822648739,269.4055281799034,127.29424326677294,10,69.59556170348382,0.0,0.0,0.0,10,0.0,0.0,0.0,0.0,10,0.0,0.0,0.0,0.0,10,0.0,0.0,0.0,0.0,10,0.0,-73.58459909251857,-170.2886346238045,-204.20822772860737,10,43.18738001362629,-5.756491599688472,-14.167387188148064,-17.70462569984875,10,3.268951054636205,2674.7265686271166,2173.291189446021,804.3129261640663,10,600.0540990765506,2642.010326930354,2206.7641912214663,937.7734943212132,10,587.4582760234271,0.0,0.0,0.0,10,0.0,-9.80368257531848,-23.462523400152342,-28.151415707718016,10,6.043388719501243,344.6067541995251,280.42000500512995,116.83446869260844,10,74.8793641206344,312.4765409235263,263.91913738454326,119.35679486422735,10,65.33289480640478,2557.5144177307075,2083.2804841979937,793.2924490382114,10,559.7292484873759,0.0,0.0,0.0,10,0.0,0.0,0.0,0.0,10,0.0,0.0,0.0,0.0,10,0.0,4700.855680630153,3616.251057142108,1006.5676275863964,10,1132.6788564489298,0.0028089887640449,0.0007211750192209,0.0,10,0.0009632605889589,4.610721,-0.3662914,-4.876754,1000,1.107434,1000,682.9273356401384,51,289,332.62845152123305,13145.22837638855,8723.601371598492,596.1615362167358,289,4329.028798736717,84444.0,154.8659155368805,200000.0,112.0,17468.97664475441,22400000.0,1291.439754878607,112000.0
2.522996e-08,1.8196185e-09,99.568016,-0.00012335202,1.9878008e-10,0.008088794,12.065311,170.86205,170.84775,10.4601555,1256.4333,479.74237,1256.8336,1.0,-0.30621177,-1.0,8424,0.86110145,0.2631503514340661,0.2424943199882524,0.2298663613350976,10,0.0098651686660543,1000,842.4,150,10,260.520709349564,12819.064887046814,10456.732480049131,1883.249948501587,10,3310.025040087071,0.0,0.0,0.0,10,0.0,-0.3014254500786378,-1.5877391445964926,-1.977057670848208,10,0.5043859033781387,-107.372,-587.0899637499999,-723.41885,10,181.4720898772545,247.07319346273832,196.70737273196505,51.02741544838422,10,58.302895023696365,341.3104258698928,266.45139709371404,39.77920354561588,10,86.36354831706173,0.0,0.0,0.0,10,0.0,0.0,0.0,0.0,10,0.0,0.0,0.0,0.0,10,0.0,0.0,0.0,0.0,10,0.0,-34.012243303436094,-170.35526973650082,-214.9806479692947,10,51.39512279000428,-2.4212308492236936,-14.28875768877609,-18.86180837546529,10,4.590934645684378,2658.53810954091,2172.0997619920454,338.7273816927537,10,686.167560438376,2658.0639687519315,2197.3706270175608,352.2440869208645,10,690.0713215534253,0.0,0.0,0.0,10,0.0,-3.79732291992443,-23.471615985075296,-29.1551248666394,10,7.271963975444326,331.3387175593555,275.09517777525014,52.371980266507165,10,83.73109069955967,317.59171539697866,262.6650284351492,48.43609210224416,10,80.44312451770847,2631.724967112392,2119.308597393981,394.66409671410406,10,660.4458891239348,0.0,0.0,0.0,10,0.0,0.0,0.0,0.0,10,0.0,0.0,0.0,0.0,10,0.0,4786.211344792173,3647.5639168583193,730.6968079862295,10,1222.812076999913,0.0066666666666666,0.001069773708972,0.0,10,0.001962749102442,4.8041496,-0.36658877,-4.7895765,1000,1.1063141,1000,625.6763485477178,46,241,311.3210825041619,13101.2563123703,7994.839113243388,539.5289096832275,241,4052.345297260469,84685.0,153.44196224212646,200000.0,113.0,17622.41861319542,22600000.0,1303.4244158348708,113000.0
2.522996e-08,1.8219671e-09,99.75693,-0.00010226046,1.9643134e-10,0.0080828145,12.058839,170.74066,170.72653,10.397881,1258.392,424.31567,1258.846,1.0,-0.2960617,-1.0,7787,0.8626823,0.2543185312072546,0.245026429818601,0.2381867866245124,10,0.0055992718603672,1000,778.7,340,10,236.8417404090757,13140.955607414246,9512.34747300148,3875.657922267914,10,3252.7161623034062,0.0,0.0,0.0,10,0.0,-0.5400785431594567,-1.4443735746286277,-1.9935083521995924,10,0.5225049261370555,-237.1658,-546.03596375,-710.0763,10,166.67484272251647,258.7818245522269,184.0653198790008,83.98544045696576,10,55.76234144100521,325.5823517565753,246.1642429869865,114.21169283230849,10,73.62057216794037,0.0,0.0,0.0,10,0.0,0.0,0.0,0.0,10,0.0,0.0,0.0,0.0,10,0.0,0.0,0.0,0.0,10,0.0,-73.90778474088586,-159.85976411574575,-205.66355993234305,10,45.33210122693154,-6.073452492573946,-13.041154939010584,-17.45670001070687,10,4.127167511048996,2655.2957122020703,1988.576720409148,816.7328993154791,10,655.0413036536789,2616.337007901671,2019.3293429728024,873.6521146538847,10,605.0154490561126,0.0,0.0,0.0,10,0.0,-9.62125748488842,-21.4735936540316,-27.76187156379389,10,6.013766496333249,340.8585830649041,256.7537338709206,104.83718813273192,10,78.88171593274892,313.86482505733915,243.08410138470623,110.680290192817,10,73.06664859358027,2605.1621832386973,1893.296453399704,796.6676003082438,10,626.9487451454416,0.0,0.0,0.0,10,0.0,0.0,0.0,0.0,10,0.0,0.0,0.0,0.0,10,0.0,4878.356424696973,3314.098512045783,1251.8578536329458,10,1303.8500419141265,0.0029411764705882,0.0009537337208842,0.0,10,0.0010263725658908,4.670722,-0.3735027,-4.968478,1000,1.1021353,1000,883.9254385964912,66,228,268.5453809574456,13210.243041038511,11499.216389804556,772.3541641235352,228,3533.5734151872703,84913.0,153.24411606788635,200000.0,114.0,17775.66273379326,22800000.0,1305.1072049735403,114000.0
2.522996e-08,1.8210822e-09,99.84148,-4.6739493e-05,1.9731643e-10,0.008034058,12.052333,170.69278,170.6786,10.207904,1260.7197,370.82907,1261.1505,1.0,-0.2986175,-1.0,6755,0.86148626,0.2705917220480461,0.2471535247329453,0.2320550461754034,10,0.0121823430370518,1000,675.5,193,10,342.08222695720394,12893.532358169556,8461.646405267715,2383.821753501892,10,4347.833456974998,0.0,0.0,0.0,10,0.0,-0.3929300898421106,-1.3160855404426544,-1.99129140452536,10,0.6693860392715871,-142.149475,-476.8777375,-722.195125,10,236.77689631484668,254.2642478934563,165.6591608927403,50.92136345568821,10,81.96290690260226,319.699738225856,205.4525458638259,42.923664415811054,10,108.0838355293142,0.0,0.0,0.0,10,0.0,0.0,0.0,0.0,10,0.0,0.0,0.0,0.0,10,0.0,0.0,0.0,0.0,10,0.0,-42.89126307720868,-137.3285321879498,-207.07455694456823,10,65.98049180519553,-3.2661772453893483,-10.970247462656015,-17.790226840302243,10,5.795192947027641,2664.854472284882,1731.7754704901793,429.7698829505944,10,911.488573327727,2640.1069827426413,1749.7997425576318,479.9226913732339,10,914.6412436475766,0.0,0.0,0.0,10,0.0,-6.1186501254324,-18.67738420169165,-28.46812576223133,10,9.00557930982761,347.01959166264794,224.4829182846135,63.96173922864213,10,113.0611020425216,310.9307153484332,209.3240100670036,55.43162276077673,10,105.82619102655244,2600.226431926419,1676.6557715863596,472.5527545578684,10,881.5914244028866,0.0,0.0,0.0,10,0.0,0.0,0.0,0.0,10,0.0,0.0,0.0,0.0,10,0.0,4733.299215474357,3050.657271309993,943.0642219792758,10,1510.5214545913632,0.005181347150259,0.0017029258439116,0.0,10,0.0019393411985867,5.03077,-0.366455,-5.014262,1000,1.102993,1000,866.3516949152543,40,236,276.9058749806912,13247.89428138733,11268.13437139786,484.4129285812378,236,3646.516054880087,85149.0,153.29636216163635,200000.0,115.0,17928.95910000801,23000000.0,1304.6624015064306,115000.0
2.522996e-08,1.8202668e-09,99.87605,-5.3882213e-05,1.9813168e-10,0.008043965,12.061651,170.77206,170.75777,10.881387,1255.0763,442.75323,1255.0375,1.0,-0.29128456,-1.0,7019,0.8612861,0.2766537191389679,0.2465096425647981,0.2327402472824923,10,0.0121224728184212,1000,701.9,228,10,290.48526640778186,12982.857339859009,8382.83872051239,2700.552763938904,10,3779.7626209019822,0.0,0.0,0.0,10,0.0,-0.4934322607860544,-1.307717325155089,-1.9816401307280465,10,0.5533356181461884,-175.0913625,-495.8888974999999,-717.142325,10,201.7881887789192,259.76079160699885,173.08849039527587,65.37244814469614,10,70.48024045499861,310.9024180779485,210.6082367413225,68.47680213327432,10,95.26523003605566,0.0,0.0,0.0,10,0.0,0.0,0.0,0.0,10,0.0,0.0,0.0,0.0,10,0.0,0.0,0.0,0.0,10,0.0,-53.777657097575016,-143.89329761736138,-207.9411498274158,10,57.471918118072175,-4.829999343353279,-11.619802890596231,-18.159028886145936,10,4.955113296420486,2640.984440938786,1795.4469296868624,512.1863259157708,10,790.6241470647575,2636.835222752384,1790.4355415405491,561.5654508261746,10,778.2518584167732,0.0,0.0,0.0,10,0.0,-5.896745405188776,-19.48557529151519,-28.232163655645586,10,7.946593515795408,324.7860554464547,228.2393738647293,64.90414739054317,10,92.15533689817278,311.36883353658743,218.35615914813465,72.12798108032871,10,90.21922081406709,2549.9910889362245,1703.6966640089602,462.03901438186654,10,779.9703636275583,0.0,0.0,0.0,10,0.0,0.0,0.0,0.0,10,0.0,0.0,0.0,0.0,10,0.0,4879.990576455335,2838.1611802102543,1098.254527414883,10,1349.37539121346,0.0043859649122807,0.0014407503641753,0.0,10,0.0014458860589231,4.7407055,-0.3654396,-4.9247704,1000,1.1038412,1000,698.8953974895397,45,239,325.09001254263035,13171.385021209717,8934.201920530288,455.0951318740845,239,4266.609286225124,85388.0,177.49404549598694,200000.0,116.0,18106.45314979553,23200000.0,1126.7983635232536,116000.0
2.522996e-08,1.8194739e-09,99.83381,-3.844118e-05,1.9892464e-10,0.008025146,12.037558,170.51358,170.49927,9.8572445,1264.8395,351.09436,1265.393,1.0,-0.28788954,-1.0,7471,0.86486363,0.2962874321015509,0.2519901726776165,0.2298954940069465,10,0.0174375744272498,1000,747.1,104,10,254.70863746641967,12887.707721710203,8975.762828969955,1231.102289199829,10,3295.962461551331,0.0,0.0,0.0,10,0.0,-0.2149265764576997,-1.3924468070691236,-2.1707935047454137,10,0.5439855837161126,-79.5816,-528.10641875,-722.7083,10,177.77261523572827,263.36613491853615,192.8992988555267,33.28788003957266,10,63.74842640630359,318.4073824868285,235.32338846088564,28.789214394458355,10,79.15787682203826,0.0,0.0,0.0,10,0.0,0.0,0.0,0.0,10,0.0,0.0,0.0,0.0,10,0.0,0.0,0.0,0.0,10,0.0,-26.82794728918376,-155.48506857684984,-210.21766725537407,10,49.05721764632318,-1.2606729111737809,-12.682516108150129,-19.303174907119505,10,4.917040420996941,2658.439201216765,1883.907461138568,227.56075598516605,10,673.6295076858353,2633.8684310152103,1917.1055987831992,240.87543674023576,10,653.5202777676047,0.0,0.0,0.0,10,0.0,-3.4212150931349776,-19.95895918159309,-26.378346340263136,10,6.576325236941828,336.6433135543254,243.5690744846449,27.993812207346224,10,86.23652956683613,317.148445951799,232.03665666231024,31.475179841252967,10,80.48765635748161,2577.7611186401664,1831.8240881627053,243.55449988369216,10,671.9544945017309,0.0,0.0,0.0,10,0.0,0.0,0.0,0.0,10,0.0,0.0,0.0,0.0,10,0.0,4832.480140789804,3052.520347915784,490.8993956331806,10,1237.3518589780597,0.0096153846153846,0.0017965765658031,0.0,10,0.0026823092652418,5.1213202,-0.370034,-4.945656,1000,1.0998868,1000,919.310502283105,48,219,238.86419677627325,13249.67664527893,11944.157510694304,490.3714227676392,219,3131.611259813719,85607.0,153.1343550682068,200000.0,117.0,18259.58751130104,23400000.0,1306.042657187664,117000.0
2.522996e-08,1.8202592e-09,99.647964,4.4527595e-05,1.9813934e-10,0.007927307,12.012285,170.24568,170.23152,8.264596,1279.3839,248.83347,1280.634,1.0,-0.2855488,-1.0,8236,0.86437047,0.2646978959991748,0.2482757333578327,0.2354181357527555,10,0.0106458739200379,1000,823.6,448,10,185.29500802773936,12957.683119773865,10091.371222496033,5177.735213756561,10,2580.750086072544,0.0,0.0,0.0,10,0.0,-0.8099240525105218,-1.5225168785878744,-1.9966488257570725,10,0.348334597511167,-322.9055,-584.74120125,-703.6616125,10,121.1613334348146,277.5059434029676,213.5550194499673,104.74746395836824,10,54.22399623448951,336.2629935776843,258.054247341015,140.34706403273768,10,62.84446873463472,0.0,0.0,0.0,10,0.0,0.0,0.0,0.0,10,0.0,0.0,0.0,0.0,10,0.0,0.0,0.0,0.0,10,0.0,-93.4123399939633,-171.36913356248073,-202.2954138670293,10,34.22342502803555,-8.558923385674818,-15.027341108952664,-20.875066656949286,10,3.505378814632368,2695.9232436255425,2117.306798112173,1167.2666846598397,10,490.5138022916759,2732.9150584989384,2120.0958732663016,1108.0104135784925,10,505.9012279004207,0.0,0.0,0.0,10,0.0,-13.645589581012953,-22.007650421912498,-27.145121363322986,10,4.703018135388898,345.8355675265346,272.57249167368866,157.5505733347071,10,60.599240439173386,310.0683949375517,257.3767366694926,142.31430628843756,10,55.4505345514126,2588.1578183641686,2078.9102667444527,1174.7849133494071,10,478.0491528895357,0.0,0.0,0.0,10,0.0,0.0,0.0,0.0,10,0.0,0.0,0.0,0.0,10,0.0,4897.27675112695,3453.9134735047096,1559.6331215298817,10,1052.2910445331167,0.0022321428571428,0.0008982973327343,0.0,10,0.0007914442980393,4.9256463,-0.36958495,-5.296135,1000,1.0999392,1000,913.1300448430492,58,223,244.7251338953309,13227.743246078491,11832.19380867107,724.4595317840576,223,3223.3490515580065,85830.0,153.86923146247864,200000.0,118.0,18413.456746578217,23600000.0,1299.8050233894255,118000.0
2.522996e-08,1.8178846e-09,99.466324,-6.7611213e-06,2.0051372e-10,0.007964067,12.004308,170.20856,170.19426,7.9169974,1283.2485,235.14851,1284.5188,1.0,-0.28228137,-1.0,7396,0.8692632,0.2996845291875512,0.2539914924221954,0.2395320321735979,10,0.0174495957185081,1000,739.6,116,10,276.9318327675604,13161.319957733154,9289.634319067,1395.9497919082642,10,3584.8842396675977,0.0,0.0,0.0,10,0.0,-0.2283485127267213,-1.4172925041463131,-2.081646501118988,10,0.5395031767045395,-89.7069375,-529.620285,-723.0241,10,197.7993683723678,273.5329624574958,194.10226744634105,37.07324461374783,10,73.97356362760242,315.8655420089215,225.878108035177,39.183700086961785,10,85.85358692246665,0.0,0.0,0.0,10,0.0,0.0,0.0,0.0,10,0.0,0.0,0.0,0.0,10,0.0,0.0,0.0,0.0,10,0.0,-30.386567680824143,-156.31201608113935,-222.75404385392952,10,57.78863319353215,-1.4371975833285742,-13.96798984020333,-20.313682307065665,10,5.619899039209667,2695.0647025611693,1919.7263915983865,252.83632258898928,10,755.1286514537356,2696.494786434313,1912.1282112193733,270.75264942064246,10,754.2360652340758,0.0,0.0,0.0,10,0.0,-3.1398471044155225,-20.18381397114847,-27.62534612920245,10,7.298324219629175,338.35502223247505,244.4489676131912,37.20572507711007,10,90.5883279839993,315.30809791314715,229.22744414325885,37.00832266958209,10,86.27393192613869,2695.417254582746,1916.9929990327985,288.6765253307417,10,710.5628951190166,0.0,0.0,0.0,10,0.0,0.0,0.0,0.0,10,0.0,0.0,0.0,0.0,10,0.0,4731.832652426967,3265.16668698104,537.9710683702715,10,1270.506166888168,0.0086206896551724,0.0017672919513135,0.0,10,0.0024089260910186,4.81398,-0.36335912,-5.0786376,1000,1.103943,1000,878.3347457627119,73,236,269.02846673052284,13266.311532974243,11380.562174322242,828.7806825637817,236,3519.541559793932,86066.0,151.4319839477539,200000.0,119.0,18564.888734579086,23800000.0,1320.7249537786067,119000.0
2.522996e-08,1.8168506e-09,99.33601,-1.49993075e-05,2.0154793e-10,0.0079618795,12.0115,170.21835,170.20396,8.08528,1282.461,238.33208,1283.6659,1.0,-0.28076926,-1.0,7988,0.8673703,0.2618789887510155,0.2505143658136951,0.2382957826355528,10,0.0071288305279408,1000,798.8,423,10,229.3542238547178,12953.265390396118,9561.503383660316,4810.130750179291,10,2995.1918443917853,0.0,0.0,0.0,10,0.0,-0.7061681823048644,-1.456777122978122,-1.9439473610654887,10,0.4514640444636259,-308.6352875,-568.69856125,-728.195325,10,160.7310983513684,279.9023771487037,213.7936682113225,97.05234979115654,10,66.88028964169143,332.7758303886216,248.554074909996,122.33660466848872,10,82.11583710266156,0.0,0.0,0.0,10,0.0,0.0,0.0,0.0,10,0.0,0.0,0.0,0.0,10,0.0,0.0,0.0,0.0,10,0.0,-91.41256901829657,-168.50552149263757,-216.20351225540463,10,46.70681655222504,-7.885523271272211,-15.568111255014708,-21.36034523166641,10,4.66198620280205,2632.39948130966,2025.2297252991373,1010.7654267017922,10,608.7105220475487,2570.514357428481,2025.6208268033613,1010.3410396158632,10,592.9160996896375,0.0,0.0,0.0,10,0.0,-11.97419423473682,-21.42983182854393,-27.28888202056896,10,5.547112318260898,336.779640021595,267.49004157018726,143.80098295885762,10,73.36735023538263,306.54175547614915,246.45589487673715,129.6396849244127,10,70.28782020126222,2660.2779173174054,2035.0439595084947,1030.4934180332623,10,605.3965185547802,0.0,0.0,0.0,10,0.0,0.0,0.0,0.0,10,0.0,0.0,0.0,0.0,10,0.0,4769.43592076507,3164.043953935171,1619.23306064339,10,1139.8645878367224,0.0023640661938534,0.0010015455557369,0.0,10,0.0009161616153175,4.9046,-0.3568836,-4.94408,1000,1.1064795,1000,875.2543103448276,55,232,269.35990533505645,13210.024616241457,11354.039163803232,611.4865159988403,232,3536.6238176670468,86298.0,153.60061144828796,200000.0,120.0,18718.48934984207,24000000.0,1302.0781500426065,120000.0
2.522996e-08,1.8153598e-09,99.1833,1.0869826e-05,2.0303874e-10,0.007923794,11.999555,170.10841,170.09386,7.6668854,1287.7445,220.55602,1289.3778,1.0,-0.27610245,-1.0,6825,0.8697209,0.3150104638675042,0.2573393243208048,0.2386437341187154,10,0.0205061670107518,1000,682.5,96,10,297.5490715831592,12286.519558906555,8137.894310903549,1060.878999710083,10,3559.00354479318,0.0,0.0,0.0,10,0.0,-0.1934099922726448,-1.2883707834479252,-2.110435182867467,10,0.5848990174466774,-79.99608750000002,-490.87952000000007,-738.8733124999999,10,213.47151448680785,293.42675558754974,179.26585854391774,31.29017864217055,10,79.56944675985913,306.03897768288044,204.74672745868943,32.615961422643174,10,85.66809594104458,0.0,0.0,0.0,10,0.0,0.0,0.0,0.0,10,0.0,0.0,0.0,0.0,10,0.0,0.0,0.0,0.0,10,0.0,-26.23820534006641,-145.33027730758005,-224.91708495970929,10,62.28278454882415,-1.3928007716748194,-13.268369096061992,-21.97144676224088,10,6.609457060863992,2601.644853400849,1716.829233242781,122.9627331996231,10,786.889051917937,2576.2613507397955,1754.3860712494802,238.2197023475464,10,756.5055687512887,0.0,0.0,0.0,10,0.0,-2.5940690132925583,-18.31649820290989,-27.00786993528031,10,8.007298703543913,329.6083455891875,224.882358411584,25.92970996626906,10,98.22141719075132,310.7255087973811,212.2125910839255,32.09282221600295,10,91.05498642718668,2592.207778726736,1758.7637310231507,220.4240920356194,10,771.50732736576,0.0,0.0,0.0,10,0.0,0.0,0.0,0.0,10,0.0,0.0,0.0,0.0,10,0.0,4585.425079309856,2660.757211101519,450.5838037418009,10,1204.7259433003665,0.0104166666666666,0.0022001709452797,0.0,10,0.002852464922497,5.144792,-0.35473344,-4.9566917,1000,1.1080203,1000,859.7698744769874,52,239,286.9297316271286,13261.879424095154,11135.045666770457,507.1639089584351,239,3758.492444424017,86537.0,177.29745364189148,200000.0,121.0,18895.786807775497,24200000.0,1128.047785750852,121000.0
2.522996e-08,1.8144901e-09,99.153435,-6.357655e-05,2.0390828e-10,0.007995852,12.016978,170.29623,170.28175,8.397622,1281.024,293.15103,1282.1779,1.0,-0.27989683,-1.0,8616,0.8688573,0.262181065287516,0.2520889319744242,0.2424703070198188,10,0.0066373300048045,1000,861.6,383,10,188.63997455470565,12790.826033592224,10511.767192053794,4524.250116109848,10,2500.005271431662,0.0,0.0,0.0,10,0.0,-0.6746908420308362,-1.5226187028244194,-1.8731621576294348,10,0.3545418412288826,-275.7131375,-608.24659,-712.6027,10,129.4378513710361,287.1390084350376,240.8544997819039,107.94997674652518,10,53.32757744136919,367.6458955107551,289.8135731349713,123.75820426593116,10,71.06712657116181,0.0,0.0,0.0,10,0.0,0.0,0.0,0.0,10,0.0,0.0,0.0,0.0,10,0.0,0.0,0.0,0.0,10,0.0,-85.7574336524966,-183.3981219360406,-216.1824468301663,10,37.791246643491846,-6.829258565835659,-16.24817599402732,-20.634834470750164,10,4.35705543758779,2667.4472559702926,2174.763813891308,906.5829361940816,10,516.3141129765522,2626.014828938998,2192.586849989879,955.0234051138434,10,502.57996706891817,0.0,0.0,0.0,10,0.0,-10.246029862327337,-22.35588177671708,-26.01258383686412,10,4.701568090324013,340.4899417169708,287.50060968392467,118.46978873216304,10,65.28223794736779,314.98016673666893,264.9873139456171,116.12188843473558,10,58.33352791049299,2625.8536309894625,2188.815571175877,983.2767543877546,10,490.0419830412417,0.0,0.0,0.0,10,0.0,0.0,0.0,0.0,10,0.0,0.0,0.0,0.0,10,0.0,4602.696255411424,3584.895445834274,1536.5591464487616,10,943.4601618960852,0.0026109660574412,0.0007598054151984,0.0,10,0.0008550182616726,4.5648513,-0.34491336,-5.2673783,1000,1.1121631,1000,677.5159010600706,30,283,352.3211406414835,13244.05104637146,8698.112445962724,265.784761428833,283,4633.101456293897,86820.0,154.7556734085083,200000.0,122.0,19050.54248523712,24400000.0,1292.3597280473225,122000.0
2.522996e-08,1.8160831e-09,99.27359,-0.00013595188,2.0231536e-10,0.00807784,12.030105,170.40996,170.39531,9.101104,1275.3699,307.0888,1276.3127,1.0,-0.284965,-1.0,9360,0.8683198,0.2549505361093069,0.2495847609883403,0.243342986691926,10,0.0039102586756161,1000,936.0,623,10,130.51360082382217,13049.851567268372,11710.914840745923,7667.27116727829,10,1752.827207362384,0.0,0.0,0.0,10,0.0,-1.047544464770928,-1.7101614754808083,-2.051452438599821,10,0.3052485950269015,-437.3632625,-662.1477287499999,-726.8334375000001,10,92.65524289566744,277.82925586481224,251.16102618555087,169.73836233166804,10,38.837457889072745,378.48804466074125,311.8020081552661,203.6016464430997,10,53.744825701576765,0.0,0.0,0.0,10,0.0,0.0,0.0,0.0,10,0.0,0.0,0.0,0.0,10,0.0,0.0,0.0,0.0,10,0.0,-130.0491550782965,-197.61322125854963,-215.93403943063743,10,27.48941571114119,-11.247838554244284,-18.20712152405411,-23.193803246486123,10,3.611655737892361,2631.6060321768528,2375.045807937668,1560.7073379123744,10,348.93735010995084,2680.573496550758,2396.309685299377,1613.0299750733784,10,322.37277553841494,0.0,0.0,0.0,10,0.0,-15.964257827995622,-24.564674187712647,-27.009600985630605,10,3.3345959601378645,347.91843137326555,311.0320884007816,209.93284600831828,10,41.94858234132079,313.1755632278368,289.3940215561899,193.81502462555224,10,39.788256561158136,2668.577429452576,2420.845924367818,1704.1891668497883,10,328.01969789681056,0.0,0.0,0.0,10,0.0,0.0,0.0,0.0,10,0.0,0.0,0.0,0.0,10,0.0,4906.366438464238,4131.374195893558,2523.571388932913,10,777.6828505332824,0.0016051364365971,0.0002961988539717,0.0,10,0.0005949935292835,5.246586,-0.35274446,-4.6894803,1000,1.1079055,1000,856.6958333333333,77,240,297.57534617186536,13245.625405311584,11104.22182461818,898.4306855201721,240,3909.7255452808345,87060.0,154.7654993534088,200000.0,123.0,19205.307988643646,24600000.0,1292.2776771022957,123000.0
2.522996e-08,1.8157262e-09,99.35788,-8.668989e-05,2.0267227e-10,0.00803532,12.036243,170.45567,170.44109,9.099357,1274.748,287.56403,1275.71,1.0,-0.28384086,-1.0,7473,0.86887777,0.287238352015585,0.2541722565288318,0.2377448994634016,10,0.0124550171355974,1000,747.3,125,10,322.61526622278745,12809.189128875732,9214.460445547104,1382.4397010803225,10,4144.996730793986,0.0,0.0,0.0,10,0.0,-0.2460979969624761,-1.3532171888243545,-2.041037387127096,10,0.6175025049284446,-97.7401,-527.9366762499999,-729.9124875,10,225.1337348043207,285.1971933715748,203.01192525744,41.868257058764286,10,86.26154136129773,352.21423361872564,245.1282424900924,50.13596358976811,10,102.6431812495517,0.0,0.0,0.0,10,0.0,0.0,0.0,0.0,10,0.0,0.0,0.0,0.0,10,0.0,0.0,0.0,0.0,10,0.0,-30.842474191641102,-158.17360388552046,-217.25053665224425,10,65.76813018520558,-2.3812443813649624,-14.090015393158575,-22.253075039610977,10,6.572064915014873,2623.3592146373703,1866.9075490666,249.38369359048383,10,861.7061923054436,2697.4779594867964,1911.402724285464,307.0142954077586,10,850.5277733236409,0.0,0.0,0.0,10,0.0,-3.220794623051712,-19.809588322790027,-26.896482621892336,10,8.394185860125091,342.04705902356955,247.83931274759505,39.76882969078728,10,105.5961668075142,308.65415974001905,230.20971764389483,40.50604420905098,10,97.3520494348476,2613.9256255182704,1898.6429769535057,249.07615927143704,10,834.8324892272467,0.0,0.0,0.0,10,0.0,0.0,0.0,0.0,10,0.0,0.0,0.0,0.0,10,0.0,4896.900274079102,3230.371870174561,519.165579390176,10,1510.9764310386445,0.008,0.0014721480679814,0.0,10,0.0023976678295281,4.8953557,-0.35318288,-4.787987,1000,1.1063471,1000,883.2987012987013,58,231,271.1275668956976,13238.333478927612,11473.085800282366,698.1489362716675,231,3565.602625580398,87291.0,152.7955346107483,200000.0,124.0,19358.10352802277,24800000.0,1308.938775661911,124000.0
2.522996e-08,1.8145045e-09,99.45501,-9.587644e-05,2.0389393e-10,0.008052278,12.029479,170.4064,170.3917,8.770719,1276.9844,264.80975,1278.0404,1.0,-0.28528288,-1.0,8755,0.868756,0.2550733587466334,0.2496254923722308,0.2400644027437692,10,0.0045657795413375,1000,875.5,426,10,203.69253790946783,12777.867233276367,10707.068447256088,5104.959097385407,10,2587.7279332249086,0.0,0.0,0.0,10,0.0,-0.7429531837893733,-1.578841790089329,-1.9896946077810385,10,0.3866389600579659,-294.1874375,-618.5594337499999,-723.6754375,10,144.68635274234086,296.5881401249272,245.48035354217373,134.54272985523738,10,54.31841309179852,374.0087480486305,288.10913734261743,130.25347437066142,10,73.0288028361022,0.0,0.0,0.0,10,0.0,0.0,0.0,0.0,10,0.0,0.0,0.0,0.0,10,0.0,0.0,0.0,0.0,10,0.0,-88.43735981437136,-185.09910650688727,-217.1089997616472,10,43.137168399322576,-7.154220615982898,-16.824359304609423,-20.864523883471065,10,4.427874797896225,2660.864720892785,2196.021443724136,1043.3585691874844,10,542.3832862995587,2734.621685769627,2267.631772870365,1092.0449380696732,10,530.145369424716,0.0,0.0,0.0,10,0.0,-11.83733585491506,-23.239258893672663,-27.03029283641588,10,4.895383188649398,337.6169412591236,287.5399752083904,147.35075046340614,10,67.21998109079712,315.6920758178245,270.0984852499012,129.33031118757293,10,63.992609976650414,2642.110612890636,2219.172963458748,1050.3344085485,10,527.1054050308575,0.0,0.0,0.0,10,0.0,0.0,0.0,0.0,10,0.0,0.0,0.0,0.0,10,0.0,4842.753062229931,3658.9561075517145,1722.998684546652,10,957.8001483128944,0.0023474178403755,0.0005410307327451,0.0,10,0.0008576249463988,4.4865155,-0.3579585,-4.7587795,1000,1.103448,1000,868.0,48,232,296.25414299445555,13259.209663391111,11265.271045513196,511.9203824996948,232,3904.998280371305,87523.0,156.18267917633057,200000.0,125.0,19514.28621172905,25000000.0,1280.5517299021333,125000.0
2.522996e-08,1.8151939e-09,99.42871,-4.559409e-05,2.0320455e-10,0.0079998905,12.020573,170.32213,170.30736,8.351395,1279.2755,240.06468,1280.4226,1.0,-0.2677892,-1.0,9514,0.8752506,0.2674789755026054,0.2575974193214547,0.2509331802542847,10,0.0048637409175719,1000,951.4,754,10,79.11030274243677,12863.538280010223,11858.680015420914,9157.100349903109,10,1128.9084551984415,0.0,0.0,0.0,10,0.0,-1.2522302463371866,-1.8391133655677423,-2.312216519454849,10,0.2616478668403882,-531.9848375,-694.4442,-744.7550875,10,61.099007902347005,290.8351189702672,267.31359901015554,193.444428554428,10,25.85657698531607,339.71444725655294,308.16161461091747,248.41527654539112,10,26.16225973416166,0.0,0.0,0.0,10,0.0,0.0,0.0,0.0,10,0.0,0.0,0.0,0.0,10,0.0,0.0,0.0,0.0,10,0.0,-162.2533092403407,-207.324054710604,-220.59427831910887,10,16.40617334066696,-14.624497828951853,-19.382571639876296,-25.54129398213156,10,2.840401818116223,2576.8061146512337,2389.713142600364,1877.6703234253373,10,235.58057533978163,2686.0120843982504,2444.0793836494813,1963.7709950735,10,214.3499438318199,0.0,0.0,0.0,10,0.0,-20.849281044003803,-24.951036058677783,-27.379179726847543,10,1.833347147322289,343.62059747078547,314.3662942217699,256.2994294037951,10,28.88225686775033,312.4748795286579,293.25855469866167,237.70489553836973,10,22.43274022304412,2658.7570651697697,2410.825634761504,1857.5874206295352,10,250.64811232535408,0.0,0.0,0.0,10,0.0,0.0,0.0,0.0,10,0.0,0.0,0.0,0.0,10,0.0,4952.138290331184,4245.644294578304,3148.978641526198,10,473.9185728509013,0.0013262599469496,0.0004595336759109,0.0,10,0.0005673038908002,4.819312,-0.3589545,-4.8974824,1000,1.1020306,1000,895.1806167400881,54,227,265.206042372026,13311.010430336,11635.531516070932,588.5568814277649,227,3494.326226774299,87750.0,180.7423985004425,200000.0,126.0,19695.02861380577,25200000.0,1106.5472277635529,126000.0
2.522996e-08,1.8130067e-09,99.375465,-2.2462516e-05,2.053917e-10,0.007972499,12.003205,170.10667,170.09189,7.461412,1287.2054,196.79704,1288.843,1.0,-0.28075,-1.0,9272,0.87194604,0.2727354367712817,0.2538184000954873,0.2386057624744665,10,0.0111336446138175,1000,927.2,558,10,149.72027250843487,13007.189297676086,11639.4658162117,6859.437785148621,10,2048.2415105447326,0.0,0.0,0.0,10,0.0,-1.108155609746625,-1.82242002880199,-2.099636201822787,10,0.3281316266667219,-425.9944625,-670.656565,-736.9785125,10,99.87295288806234,291.1449861148405,258.3199746518756,154.9037766653745,10,43.08172536562464,331.7867385732027,297.6687554022657,179.80560891198746,10,48.63217001985905,0.0,0.0,0.0,10,0.0,0.0,0.0,0.0,10,0.0,0.0,0.0,0.0,10,0.0,0.0,0.0,0.0,10,0.0,-129.2929691074894,-197.511008587372,-221.10195083700748,10,27.461265415331816,-10.660876121915315,-18.93060372803095,-22.64911065441401,10,3.546760659903396,2612.0282540729468,2339.427285047331,1305.3158624056512,10,423.5498818692363,2642.601785465311,2357.364543201308,1307.5729030026898,10,409.843521577156,0.0,0.0,0.0,10,0.0,-13.322882846519091,-23.81811900318339,-26.89581475635395,10,4.047853158056324,342.8909507062217,307.1621408906553,182.7482404144692,10,51.58161752984556,317.7065329712027,288.1055906008899,186.52270278130865,10,43.99875267754216,2643.7301875715475,2322.297785139543,1345.5401460870703,10,428.3910640603573,0.0,0.0,0.0,10,0.0,0.0,0.0,0.0,10,0.0,0.0,0.0,0.0,10,0.0,4916.591342867971,4255.234720263483,2694.4570669532504,10,758.6772382443413,0.0017921146953405,0.000319267491943,0.0,10,0.0006445096359591,4.723284,-0.357833,-4.8869877,1000,1.1020406,1000,899.8258928571429,47,224,255.3920848580304,13323.71562385559,11694.043924265674,570.400203704834,224,3367.487344413817,87974.0,155.64204692840576,200000.0,127.0,19850.67066454888,25400000.0,1284.9998053032457,127000.0
2.522996e-08,1.8096216e-09,99.23752,-2.3665303e-05,2.0877686e-10,0.007962666,11.996766,170.04951,170.03458,7.295996,1289.4576,216.54683,1290.9861,1.0,-0.28237766,-1.0,7522,0.87167776,0.3357196904096833,0.2596030224332311,0.2460972773509329,10,0.0257140304930955,1000,752.2,73,10,327.5890108046971,13060.554860115051,9607.592078018188,700.3045392036438,10,4292.074038830375,0.0,0.0,0.0,10,0.0,-0.1488395178100173,-1.5159371571374265,-2.3228800493565505,10,0.6931435919239748,-64.24556249999999,-544.23590375,-746.2551375,10,234.75554673814108,294.32999773146537,211.5081570288096,22.11772657464441,10,89.76339798366487,342.58037597103385,243.5730226974109,31.941643216310528,10,102.785620634481,0.0,0.0,0.0,10,0.0,0.0,0.0,0.0,10,0.0,0.0,0.0,0.0,10,0.0,0.0,0.0,0.0,10,0.0,-21.32980408395209,-159.60478043150556,-216.1056524270573,10,67.54981823110138,-0.5878580498671659,-15.534086655925291,-22.885336710837823,10,7.391857724225566,2638.1198956483795,1929.3481986260017,62.94501927869715,10,895.5775494521997,2678.601880774766,1936.746957093002,111.9673891374202,10,856.1747430165726,0.0,0.0,0.0,10,0.0,-1.204153235201481,-19.11884430492261,-26.57551635167872,10,8.542103960837988,340.4560384700494,250.53696463560885,23.004739334684416,10,107.39646242199184,320.8194940892116,233.7991343815337,31.66707153446065,10,99.59502134376964,2692.110248388285,1948.931419093885,181.0747875739065,10,857.5516811921433,0.0,0.0,0.0,10,0.0,0.0,0.0,0.0,10,0.0,0.0,0.0,0.0,10,0.0,4911.875798017453,3491.208850068984,309.4807364925295,10,1571.6591159427153,0.0136986301369863,0.0020152575721366,0.0,10,0.0040182468522383,4.874686,-0.34739137,-4.9593706,1000,1.1080925,1000,692.8095238095239,37,315,359.5048383515665,13240.683923721312,8916.603760336317,325.37710094451904,315,4755.642627741371,88289.0,153.6332128047943,200000.0,128.0,20004.30388212204,25600000.0,1301.8018457644257,128000.0
2.522996e-08,1.8121155e-09,99.21037,-4.3967862e-05,2.0628299e-10,0.007980799,12.006665,170.10822,170.09341,7.926263,1284.598,267.66464,1285.8357,1.0,-0.2740723,-1.0,6592,0.87435484,0.3115414641494529,0.2619003198338263,0.2473814162252233,10,0.0180953712377911,1000,659.2,90,10,329.2427068288681,12964.639533042908,8249.490411663055,1013.1444320678712,10,4314.588750273825,0.0,0.0,0.0,10,0.0,-0.1877072946964952,-1.2765810028688374,-2.0436515319472663,10,0.6751846244300256,-73.58139999999999,-477.6988175,-735.8139999999999,10,236.05194806162555,288.2722383368807,185.40786490735064,34.327285610949126,10,91.44935645589386,361.1508094926284,215.67211859186347,37.89975357701146,10,110.77993443377515,0.0,0.0,0.0,10,0.0,0.0,0.0,0.0,10,0.0,0.0,0.0,0.0,10,0.0,0.0,0.0,0.0,10,0.0,-24.402132705391896,-142.36455861909025,-219.0460215435472,10,67.80129651193857,-1.094780510679708,-12.877184826521178,-20.8870607999016,10,7.022334693837402,2667.4396657782163,1675.4760442281172,141.84390956085574,10,877.030974156631,2667.028099483558,1687.7190072676017,197.8000368604992,10,866.2647488768916,0.0,0.0,0.0,10,0.0,-1.9867639037180884,-16.780941821316294,-25.56799603056129,10,8.024186226490029,339.5383629914081,220.78476449007832,30.05336635785269,10,110.1464690324162,314.6927263121311,206.83416980503216,28.05963531806087,10,102.97660238390878,2593.8661169197176,1641.6454238962383,207.83126635495967,10,854.259573447188,0.0,0.0,0.0,10,0.0,0.0,0.0,0.0,10,0.0,0.0,0.0,0.0,10,0.0,4852.947128687669,2976.3992839815483,421.0270903506444,10,1585.7501174941726,0.0111111111111111,0.0022247418643995,0.0,10,0.0031747978124607,4.6590004,-0.36010578,-4.6346784,1000,1.1058248,1000,836.1659574468085,53,235,311.540076501622,13297.964756011965,10849.742087611749,616.3974914550781,235,4099.127517113498,88524.0,152.71486449241638,200000.0,129.0,20157.01875090599,25800000.0,1309.6302096377249,129000.0
2.522996e-08,1.8134048e-09,99.18104,-7.2946175e-05,2.0499381e-10,0.00800743,12.016815,170.1752,170.16046,8.209694,1283.0476,274.318,1284.1625,1.0,-0.29757878,-1.0,7754,0.86897826,0.3189947337616403,0.2518930813027827,0.2381682003201548,10,0.0226977043472255,1000,775.4,171,10,301.08908980565866,12998.410893440248,9829.366130542756,1781.4070901870728,10,4056.459679178922,0.0,0.0,0.0,10,0.0,-0.4376979446627013,-1.570745255041375,-2.172136858163157,10,0.6533725826076946,-147.99177500000002,-552.1802475000001,-726.695275,10,213.73049827423435,294.30195065475925,218.09141874032224,35.9268940307071,10,85.13411733645808,328.46905519735435,243.7836240168709,62.446495239236015,10,90.7746287103917,0.0,0.0,0.0,10,0.0,0.0,0.0,0.0,10,0.0,0.0,0.0,0.0,10,0.0,0.0,0.0,0.0,10,0.0,-46.85373471132689,-161.0157295316576,-212.34115779756647,10,60.07577276625251,-3.7779368322742455,-15.631032748570185,-22.335480197154887,10,6.643999715777059,2631.5042074376483,1951.5698615582,274.4831532534872,10,804.3963490396518,2611.857243360316,1968.5323312451887,324.776293406296,10,798.0605210964168,0.0,0.0,0.0,10,0.0,-3.607191756296772,-20.02333887068072,-26.45678405340401,10,7.57853937513536,341.68028320074933,256.19957637878093,60.98197361280759,10,98.8032248693262,322.02915761643965,241.5136087658224,48.2528981186904,10,95.6283067922683,2637.4864509609715,1985.6271033451528,380.8502009545849,10,792.8919723036543,0.0,0.0,0.0,10,0.0,0.0,0.0,0.0,10,0.0,0.0,0.0,0.0,10,0.0,4895.219614968421,3612.4331134669,766.6847854960916,10,1559.1139400059117,0.0058479532163742,0.001194089005859,0.0,10,0.0018218628820825,4.506888,-0.35892862,-5.0441866,1000,1.1078172,1000,849.0084745762712,57,236,278.73403262811433,13300.812573432922,11035.766240614956,678.9540338516235,236,3689.3142138750695,88760.0,153.9479112625122,200000.0,130.0,20310.96666622162,26000000.0,1299.1407181807078,130000.0
2.522996e-08,1.8131824e-09,99.25107,-6.632467e-05,2.0521601e-10,0.008006411,12.023059,170.2688,170.25409,8.823414,1279.665,305.2172,1280.5924,1.0,-0.2916791,-1.0,9306,0.87110823,0.2838954463449872,0.2517177068074264,0.2424808649755588,10,0.0114362111317647,1000,930.6,306,10,208.2,13045.935618400574,11866.180179882049,3455.253046989441,10,2810.665447540174,0.0,0.0,0.0,10,0.0,-0.4991670048470954,-1.8672272615439511,-2.191305931627056,10,0.4610642376050595,-227.6325875,-666.6202462499999,-731.8072875,10,146.55286393379458,289.8422127425406,263.1975408616041,96.231049781972,10,56.052092138396766,352.2118184490401,306.3549648996626,107.81791303973608,10,67.16608102205618,0.0,0.0,0.0,10,0.0,0.0,0.0,0.0,10,0.0,0.0,0.0,0.0,10,0.0,0.0,0.0,0.0,10,0.0,-75.14771501250648,-195.6283462950321,-217.0871261709865,10,40.32636687596644,-4.955571848641501,-18.89000907704386,-21.66596603285776,10,4.741569283780471,2613.571184935855,2361.6896895703567,595.4159797823513,10,590.9232046240234,2627.6090875720693,2372.689367030422,718.0674220275916,10,554.4364045839651,0.0,0.0,0.0,10,0.0,-7.817171840238878,-23.49769737608156,-27.657634473390715,10,5.316424754614883,340.4336393676244,307.69435640519634,85.34329589089796,10,74.36812096284307,318.40195616436586,290.7653353057731,94.76017445089708,10,65.41925368832834,2646.84740220824,2337.0188948935283,696.2279991048018,10,555.0008416162939,0.0,0.0,0.0,10,0.0,0.0,0.0,0.0,10,0.0,0.0,0.0,0.0,10,0.0,4952.833503348825,4409.624433420214,1329.9387003145118,10,1032.0317437262586,0.0032679738562091,0.0003267973856209,0.0,10,0.0009803921568627,4.816364,-0.35807785,-4.946151,1000,1.1082901,1000,852.068085106383,61,235,279.1247941039406,13273.425168037416,11071.418536326226,741.1542406082153,235,3672.150446317992,88995.0,181.2422060966492,200000.0,131.0,20492.208876371384,26200000.0,1103.495727111973,131000.0
2.522996e-08,1.8167016e-09,99.29993,-5.5625896e-05,2.0169695e-10,0.0079996195,12.034601,170.32608,170.31163,9.150301,1277.7596,302.7312,1278.5702,1.0,-0.30104864,-1.0,8911,0.86739707,0.2551813950329212,0.2455749231337067,0.237494672406045,10,0.0062236485407428,1000,891.1,533,10,174.41012011921785,13192.897003173828,11445.974418067932,6696.927343845367,10,2354.63063251978,0.0,0.0,0.0,10,0.0,-1.0161485954045129,-1.8320161678781872,-2.214566907849094,10,0.3760810305489593,-389.341925,-635.49420875,-729.8730125,10,120.94554271962092,297.91780826431614,256.64126845254475,173.80319732948206,10,45.338326051677285,329.0558909661781,283.93691867798395,160.17703247469024,10,58.25304674796553,0.0,0.0,0.0,10,0.0,0.0,0.0,0.0,10,0.0,0.0,0.0,0.0,10,0.0,0.0,0.0,0.0,10,0.0,-114.86890006321347,-183.49296437510333,-215.047047365671,10,34.310269512631315,-9.549776197986334,-18.30536975267513,-22.875591709088987,10,4.075375815033112,2561.615130437656,2227.970400681394,1238.8696756134818,10,474.50034568559806,2726.195486053755,2285.8808285058512,1350.312583266384,10,459.8161672119477,0.0,0.0,0.0,10,0.0,-14.972932767286576,-22.531276129667056,-26.083169537116177,10,4.047529195618715,353.0622082169108,298.8271747318372,166.92568236529786,10,62.19733837915782,316.0085437358541,277.32630852962245,168.18066914575795,10,53.17538065551904,2678.6394242989936,2307.8212083238604,1394.36256855765,10,451.6979424064528,0.0,0.0,0.0,10,0.0,0.0,0.0,0.0,10,0.0,0.0,0.0,0.0,10,0.0,4929.840438663569,4253.463936185665,2489.475230288713,10,899.7648775583556,0.0018761726078799,0.0004813737626554,0.0,10,0.0007462295410294,4.527716,-0.35435382,-4.8443775,1000,1.1084723,1000,866.688596491228,53,228,279.52984407681606,13313.350445747375,11281.594533087917,642.0144300460815,228,3690.147062371278,89223.0,154.55023169517517,200000.0,132.0,20646.759112119675,26400000.0,1294.0776458651126,132000.0
2.522996e-08,1.8165265e-09,99.32155,-3.5073972e-05,2.0187195e-10,0.007980798,12.027055,170.2566,170.24203,9.240702,1278.6885,305.98743,1279.5586,1.0,-0.3010044,-1.0,9211,0.8674821,0.2726465582283677,0.2470083078741734,0.2297301042390911,10,0.0129229489493595,1000,921.1,377,10,187.9981116926444,13264.106417655945,11800.821316432954,4394.118503570557,10,2603.150931762586,0.0,0.0,0.0,10,0.0,-0.730333775881082,-1.892740355521484,-2.288670964807696,10,0.4397040826959114,-283.4897125,-656.25411125,-745.8209125,10,130.05273700213965,294.7531629372242,259.4354129847657,95.77558401062618,10,57.783295272981086,345.8383298717111,301.88035297861023,126.73555898751806,10,63.00244501386911,0.0,0.0,0.0,10,0.0,0.0,0.0,0.0,10,0.0,0.0,0.0,0.0,10,0.0,0.0,0.0,0.0,10,0.0,-87.73664871531602,-189.82699343527764,-218.33452415275752,10,35.66654196588065,-7.214732546484915,-19.496799117918293,-24.83933028298678,10,4.5877333821550765,2585.528151278018,2304.397254458901,887.6793363265181,10,495.0233444790696,2698.4723956288435,2325.680682464136,883.3507182544063,10,512.8059024659392,0.0,0.0,0.0,10,0.0,-10.344806486140609,-23.707676968031976,-26.36009983944103,10,4.641248965288851,338.8558456141833,303.2542534137039,134.24909225627184,10,58.52913573669876,318.0053402232969,287.6968932814768,118.73238674396993,10,58.18301697915993,2679.75314185649,2383.50122714619,847.7128501126294,10,551.3799163896954,0.0,0.0,0.0,10,0.0,0.0,0.0,0.0,10,0.0,0.0,0.0,0.0,10,0.0,4949.040121126506,4406.672863172882,1634.1977357878468,10,972.8102230987356,0.0026525198938992,0.0003851560661285,0.0,10,0.0008360686931484,4.5986023,-0.3581551,-4.808176,1000,1.1053941,1000,825.6582278481013,55,237,315.29536963239315,13276.282468795776,10739.580880552405,666.7295970916748,237,4182.504479600744,89460.0,155.47532629966736,200000.0,133.0,20802.23444294929,26600000.0,1286.3777472607749,133000.0
2.522996e-08,1.8167998e-09,99.254166,-4.5518547e-05,2.0159875e-10,0.007985853,12.00366,170.0054,169.99094,8.691385,1284.8503,267.54135,1286.065,1.0,-0.29698566,-1.0,8560,0.8669809,0.2736199939802192,0.2486706126144716,0.2351652422454575,10,0.014031281128189,1000,856.0,184,10,263.131906085142,13172.29512310028,10989.62885775566,2094.672162055969,10,3477.9072141527363,0.0,0.0,0.0,10,0.0,-0.390466786821541,-1.7306298575031278,-2.14666105313414,10,0.5370648468737451,-138.24145,-610.11967875,-768.42035,10,184.97638327950148,307.23356867976395,245.2755688190136,58.41253962530199,10,75.42110733074014,358.47714865545083,285.2121862140341,57.7579969093167,10,90.9999507565727,0.0,0.0,0.0,10,0.0,0.0,0.0,0.0,10,0.0,0.0,0.0,0.0,10,0.0,0.0,0.0,0.0,10,0.0,-43.14590219792669,-176.91655415230449,-229.43867504639,10,52.22711832879932,-2.743392291531658,-17.477699731233493,-22.451487353209576,10,5.9561576956358735,2634.667039574957,2141.085633594395,349.5714643237815,10,713.4802362771624,2620.697250062147,2177.9535506443926,398.39884536662566,10,683.8258182922957,0.0,0.0,0.0,10,0.0,-5.1754240755708345,-22.12202530137652,-26.522151823166347,10,6.589659590046989,344.8875298559201,280.28869296672724,62.54486565047635,10,86.61437967157225,325.01715804078134,267.1976848376247,54.07201424509081,10,83.52718309410714,2636.302662124829,2179.954500194687,462.1980910831068,10,671.6499606858694,0.0,0.0,0.0,10,0.0,0.0,0.0,0.0,10,0.0,0.0,0.0,0.0,10,0.0,4935.002874578612,4130.043712554124,814.3432069083967,10,1300.8542702821028,0.0054347826086956,0.0008467329595542,0.0,10,0.0016479036500976,4.7906904,-0.36314404,-4.9597917,1000,1.1004465,1000,898.1210762331839,61,223,264.04913365091994,13315.505575180054,11718.036195815946,703.7938346862793,223,3501.1208441362382,89683.0,155.2933521270752,200000.0,134.0,20957.52779865265,26800000.0,1287.885136488919,134000.0
2.522996e-08,1.814153e-09,99.24243,-3.7691458e-05,2.0424529e-10,0.007977086,11.982088,169.7359,169.7212,8.071564,1289.485,227.97743,1290.8838,1.0,-0.3081752,-1.0,10000,0.86148286,0.2530154776889912,0.2400440945325643,0.225210656291989,10,0.0090485261058465,1000,1000.0,1000,10,0.0,13308.015402793884,12929.276621198656,12028.014701843262,10,354.8867673940286,0.0,0.0,0.0,10,0.0,-1.808077702366688,-2.0849633006590995,-2.265435595176684,10,0.1432494284058895,-673.8185125,-708.28216125,-741.6563,10,19.712015165323702,314.807531759078,291.078204913276,270.7629688490322,10,13.108276607024113,363.828720886096,328.6797645491808,303.0603645766108,10,17.068247062788416,0.0,0.0,0.0,10,0.0,0.0,0.0,0.0,10,0.0,0.0,0.0,0.0,10,0.0,0.0,0.0,0.0,10,0.0,-187.35619900416367,-201.08778617555168,-212.27413354787225,10,8.160840540741939,-14.686478533872917,-20.858453334621245,-23.502129835905585,10,2.4805867164027378,2615.4738363668803,2545.889286686489,2481.1887189547624,10,48.55896389948981,2649.01098845053,2557.8526130222303,2393.2738104762366,10,85.91472260270592,0.0,0.0,0.0,10,0.0,-24.49299468362668,-25.491143798923865,-26.2141503141974,10,0.5656651572070963,341.9179913511628,334.19546634035373,324.2866965241923,10,5.450900244522947,312.73612204467787,308.68961621571543,304.22853689897954,10,3.039522640659483,2709.496364253056,2633.004663986836,2470.180474142689,10,80.13396031542291,0.0,0.0,0.0,10,0.0,0.0,0.0,0.0,10,0.0,0.0,0.0,0.0,10,0.0,4966.191355943656,4761.647609315225,3944.2240850566745,10,310.45451568961533,0.0,0.0,0.0,10,0.0,4.686997,-0.36854577,-4.7677183,1000,1.0964946,1000,915.6203703703704,73,216,245.9316457877327,13278.663426399233,11961.590772675145,776.4755458831787,216,3262.476115967463,89899.0,157.9482069015503,200000.0,135.0,21115.476010084152,27000000.0,1266.237863179167,135000.0
0.087109424,0.006063813,16.300407,-0.0040318943,0.0009049425,0.005335926,5.8809376,168.86711,168.85126,5.5865645,1294.9868,209.34673,1296.4192,1.0,-0.2987108,-1.0,8691,0.86250484,0.2652213655618457,0.245364482723587,0.2347535841297733,10,0.0099903085921802,1000,869.1,315,10,262.1550876866593,13335.772770881653,11364.343752288818,3780.832067489624,10,3567.432294520209,0.0,0.0,0.0,10,0.0,-0.6602456446916307,-1.7772919361532786,-2.1276482520951907,10,0.5555065671759714,-239.415875,-619.8009225000001,-732.932325,10,181.32126560956416,312.3735291892285,257.28375094323803,102.62556055863143,10,77.98312172733488,362.22332730873234,285.4561776183589,91.76386166384655,10,87.53871851484506,0.0,0.0,0.0,10,0.0,0.0,0.0,0.0,10,0.0,0.0,0.0,0.0,10,0.0,0.0,0.0,0.0,10,0.0,-70.66046655352955,-176.93962298826446,-215.6990232722744,10,50.551871044735705,-6.502970638993674,-18.93012264076984,-23.0652919887184,10,6.187114926166362,2610.546269130433,2222.302851268372,745.5449851585406,10,687.2179298775488,2686.8263795448293,2280.232823315705,763.2825321753613,10,696.0625144636068,0.0,0.0,0.0,10,0.0,-8.282086291369229,-22.403602633728475,-26.887402609771925,10,6.824603724316854,351.1454909163076,291.84595639255787,108.73668533960104,10,86.61867787131278,315.8230553388911,267.2436066864981,94.68811392555828,10,81.38435939121453,2682.328923455372,2246.2192308439407,675.0433509436376,10,741.725451293461,0.0,0.0,0.0,10,0.0,0.0,0.0,0.0,10,0.0,0.0,0.0,0.0,10,0.0,4951.451956143479,4176.671295972383,1454.0081544452491,10,1313.1931557094526,0.0031746031746031,0.0005834177642688,0.0,10,0.0011725049590874,4.6358814,-0.36606514,-4.7383957,1000,1.0941942,1000,881.9317073170731,49,205,291.41438975387206,13280.885464668274,11542.49346268933,542.9618883132935,205,3869.490320298303,90104.0,163.15672421455383,200000.0,136.0,163.15672421455383,27200000.0,1225.8152458184722,136000.0
0.0017476933,0.00012307729,25.472385,-0.004038189,1.6738177e-05,0.0060759797,10.87614,168.4638,168.44684,6.9110756,1299.4829,192.3965,1301.142,1.0,-0.30384648,-1.0,10000,0.8581947,0.2494073911001946,0.239187725687169,0.2306618952600271,10,0.0058432169842086,1000,1000.0,1000,10,0.0,13411.792308807371,13222.986245059968,12999.955521583555,10,136.50996885945924,0.0,0.0,0.0,10,0.0,-1.989124115753526,-2.083136473587738,-2.2003497180316653,10,0.0596680490499837,-687.9110875,-711.6434575,-730.3467125,10,12.665405341093257,316.11796882529313,298.1247541360055,281.0840698843754,10,11.278300318462293,356.2051059218006,342.3949932449895,322.37254716934336,10,10.124004089295324,0.0,0.0,0.0,10,0.0,0.0,0.0,0.0,10,0.0,0.0,0.0,0.0,10,0.0,0.0,0.0,0.0,10,0.0,-192.6413437697824,-199.8227726623146,-209.26838438892003,10,5.295087770678703,-19.13147660398134,-21.05418767346105,-22.30610153401387,10,0.9599087018599602,2637.112029459558,2591.36256342228,2563.7052667017224,10,23.853275520962644,2739.091216625504,2678.824155740992,2639.410786933164,10,29.31083293848972,0.0,0.0,0.0,10,0.0,-24.61916292550364,-25.273316720343463,-26.57957228321513,10,0.5634592949495325,342.2002871776473,331.17278452705705,324.3634747595785,10,5.966712738183686,315.4869018193639,308.7602747219266,304.78106219373785,10,3.2603715314227992,2689.181938532189,2664.7774749586824,2626.879680788292,10,18.800581562950462,0.0,0.0,0.0,10,0.0,0.0,0.0,0.0,10,0.0,0.0,0.0,0.0,10,0.0,4963.732409827589,4767.623344802556,4584.594471512901,10,127.96335374126672,0.0,0.0,0.0,10,0.0,4.977662,-0.36705124,-4.837326,1000,1.092334,1000,859.2464454976304,57,211,311.91737866453985,13336.141883850098,11246.802849092755,720.4554243087769,211,4151.886339453447,90315.0,160.38394784927368,200000.0,137.0,323.54067826271057,27400000.0,1247.0075882404196,137000.0
9.940497e-05,7.021839e-06,34.072876,-0.0037351465,9.3055894e-07,0.0064609763,11.879551,168.43471,168.41817,7.188147,1296.227,264.76816,1297.5444,1.0,-0.29145226,-1.0,10000,0.8659965,0.2532728232486649,0.2464278602997575,0.2406201758269288,10,0.0036336996806719,1000,1000.0,1000,10,0.0,13475.674691200256,13164.660908412934,12774.436518669128,10,209.78423405714736,0.0,0.0,0.0,10,0.0,-1.9571000829212275,-2.106032535092363,-2.2637516934548225,10,0.0967131731140183,-704.7274375,-721.2990425,-735.4784625,10,10.088736581203428,301.717226186571,291.6680400448986,284.94287724368337,10,5.89062705730366,354.2079517877472,333.20172795480465,309.7649165996936,10,12.260484307148827,0.0,0.0,0.0,10,0.0,0.0,0.0,0.0,10,0.0,0.0,0.0,0.0,10,0.0,0.0,0.0,0.0,10,0.0,-201.9261843640504,-206.72381834233585,-213.0100445173277,10,3.1753848583909123,-19.18506410829716,-22.84588220549954,-25.76267389291536,10,1.8872944190647296,2658.9797971197568,2565.0368081331744,2521.1265083089256,10,36.13199424287912,2693.065591845396,2608.113411590607,2532.4371307262563,10,40.72516948703354,0.0,0.0,0.0,10,0.0,-24.48591873719741,-25.40877300005133,-26.33832351170325,10,0.5120490256463907,338.35717876545084,328.91279603909925,319.7063226076733,10,7.010708706631702,317.9287569547756,310.9369223484278,305.8798875172037,10,3.564559657284568,2727.5841134361144,2653.583679912169,2545.6642903670936,10,67.07324394647482,0.0,0.0,0.0,10,0.0,0.0,0.0,0.0,10,0.0,0.0,0.0,0.0,10,0.0,4968.46373775945,4844.867245996617,4540.432452609093,10,130.3897406599895,0.0,0.0,0.0,10,0.0,4.965665,-0.3374613,-4.86679,1000,1.1080109,1000,541.6666666666666,28,348,312.4656364248077,13268.417083740234,6899.748759978204,222.61923551559448,348,4093.374236772048,90663.0,160.90296816825867,200000.0,138.0,484.443653345108,27600000.0,1242.985149850418,138000.0
6.8578984e-06,4.847257e-07,42.263927,-0.003350776,6.3906164e-08,0.006731889,11.894992,168.58492,168.56862,8.540108,1283.7042,354.93546,1284.4108,1.0,-0.29304,-1.0,10000,0.8642166,0.251005924007493,0.2450582904887641,0.2388243468072357,10,0.0037370078639504,1000,1000.0,1000,10,0.0,13441.211139678957,13188.594775247571,12835.208840370178,10,189.3164533010322,0.0,0.0,0.0,10,0.0,-1.880747648650506,-2.0652107828957886,-2.1905660191612144,10,0.0829472863289232,-706.5630249999999,-719.400295,-730.0506499999999,10,7.310804103592166,322.5489624696197,304.4751811960442,283.30789770340766,10,11.806586542742938,370.5296600955568,340.14029792293854,316.2594769303382,10,16.18881639899297,0.0,0.0,0.0,10,0.0,0.0,0.0,0.0,10,0.0,0.0,0.0,0.0,10,0.0,0.0,0.0,0.0,10,0.0,-199.8393296063318,-205.41190590111225,-210.96457371959752,10,3.583224896297865,-18.385844497149023,-21.423057660554083,-22.88666701375864,10,1.222694478460872,2685.368985044797,2607.70642809882,2526.5391919164053,10,45.75368113704314,2647.789423598043,2603.884383294014,2540.6034006861823,10,34.6634163987471,0.0,0.0,0.0,10,0.0,-23.057729060890985,-24.73537583056487,-25.941193692659468,10,0.8599734910022069,347.7977490861423,335.32471287570604,320.2523320869881,10,9.169168977050038,314.4185982663583,310.9740824435549,303.94208026283025,10,3.2820740340565524,2732.595003183432,2660.04112014072,2559.1776217657984,10,54.868039012209856,0.0,0.0,0.0,10,0.0,0.0,0.0,0.0,10,0.0,0.0,0.0,0.0,10,0.0,4962.788336997579,4793.672512232159,4563.25894321355,10,109.44410253028396,0.0,0.0,0.0,10,0.0,4.708467,-0.35951948,-4.8969316,1000,1.0959592,1000,827.3348017621146,43,227,326.233305850439,13363.81834602356,10758.387124246436,483.4824438095093,227,4303.642306182536,90890.0,161.51327443122864,200000.0,139.0,645.9569344520569,27800000.0,1238.2883122412256,139000.0
1.1636262e-06,8.24508e-08,49.882053,-0.0029581853,1.0639305e-08,0.0069487495,11.89844,168.62814,168.61206,8.850866,1280.5182,331.582,1281.1602,1.0,-0.28646675,-1.0,9341,0.86642784,0.2554919198695032,0.2478475316401929,0.2378725439374107,10,0.0041815437162895,1000,934.1,341,10,197.7,13391.1971616745,12150.949469661711,4372.8922328948975,10,2599.86899039511,0.0,0.0,0.0,10,0.0,-0.6728017879745831,-1.87425512975774,-2.1092086054453776,10,0.4049989417980865,-243.600225,-671.5763325,-735.221875,10,143.09058859067403,322.75233110922807,284.51309629958115,111.76747489389986,10,58.26064384787232,365.10119779882143,324.36207275300666,130.8596632678598,10,65.65444481176937,0.0,0.0,0.0,10,0.0,0.0,0.0,0.0,10,0.0,0.0,0.0,0.0,10,0.0,0.0,0.0,0.0,10,0.0,-70.88220952514723,-194.7636266201316,-215.27598933084337,10,41.45374070067788,-6.744862548500379,-19.65171858703816,-22.494888762336323,10,4.3650591554553815,2596.7007053553284,2365.9498167812408,881.434538484376,10,496.60378884369817,2687.844624694497,2465.907911395308,905.579392364254,10,521.7636963139439,0.0,0.0,0.0,10,0.0,-9.011239004154524,-23.1040105817154,-25.52988385678275,10,4.736292510495685,334.4124941343528,302.4112958397751,111.01234330677735,10,63.931776291371975,319.5411478024756,291.49836630237894,108.18088811829392,10,61.32802065767517,2738.036906881332,2478.4855481770287,952.0185028679646,10,511.1095028183915,0.0,0.0,0.0,10,0.0,0.0,0.0,0.0,10,0.0,0.0,0.0,0.0,10,0.0,4917.33993211207,4354.027676769279,1432.0685469653072,10,991.842658742862,0.002932551319648,0.0002932551319648,0.0,10,0.0008797653958944,4.772154,-0.35328135,-4.5799255,1000,1.0976796,1000,852.2300884955753,66,226,300.36614850125653,13331.306889533997,11129.592469846251,733.1937789916992,226,3965.0793624052426,91116.0,159.49473786354065,200000.0,140.0,805.451678276062,28000000.0,1253.9598652534514,140000.0
5.2455516e-07,3.723756e-08,56.809353,-0.0025737423,4.726852e-09,0.00711849,11.910467,168.81645,168.80061,9.439313,1274.1443,385.0951,1274.4316,1.0,-0.27102795,-1.0,7370,0.8689148,0.2658336728493422,0.2546442537668282,0.2455145901241108,10,0.0083692745127587,1000,737.0,291,10,272.84684348549825,13351.90890789032,9497.310100769995,3591.574074745178,10,3605.706648510652,0.0,0.0,0.0,10,0.0,-0.529720236245717,-1.4469649440878751,-2.03847099148989,10,0.5459961354452467,-216.3427375,-536.63894,-739.8404499999999,10,195.32725680998195,312.8246422532761,225.47246653468125,102.01865171956288,10,83.46801150877037,384.058213321448,266.09401014852267,116.7003166279992,10,98.3386767783683,0.0,0.0,0.0,10,0.0,0.0,0.0,0.0,10,0.0,0.0,0.0,0.0,10,0.0,0.0,0.0,0.0,10,0.0,-65.71543603812731,-157.00297700011905,-220.15271718785817,10,55.80879725862671,-5.58524008640873,-14.992982349078265,-22.414978182645,10,5.802056737519575,2637.777491553668,1889.7726688393973,777.7599839325394,10,713.264522714549,2717.430410036737,1946.0627142178444,758.9529058985648,10,740.9684181649895,0.0,0.0,0.0,10,0.0,-7.333716221355784,-17.745414848054526,-25.50350360018308,10,6.552942648324263,341.32908609264115,241.7675990523325,85.26872266955354,10,91.65466359860817,320.298382004558,231.77528648775169,89.43724766407391,10,85.5048882706991,2695.33232277323,1902.271735206918,776.6646979558739,10,730.7599277913685,0.0,0.0,0.0,10,0.0,0.0,0.0,0.0,10,0.0,0.0,0.0,0.0,10,0.0,4895.518717011669,3365.132069697036,1114.5629625262577,10,1284.4037672016295,0.0034364261168384,0.0011215232006911,0.0,10,0.0012053869743029,4.622475,-0.33709592,-4.9899797,1000,1.1048017,1000,636.1584507042254,41,284,348.3780621525256,13339.811893463137,8200.689000290045,442.9030895233154,284,4604.765015602377,91400.0,182.29245448112488,200000.0,141.0,987.7441399097444,28200000.0,1097.1381156136038,141000.0
3.3768893e-07,2.399835e-08,63.063614,-0.0021779032,3.016764e-09,0.007222992,11.926487,168.95482,168.9391,10.357893,1267.7795,420.5427,1267.7958,1.0,-0.26772475,-1.0,9118,0.87086886,0.2724164210698608,0.2551608516023153,0.2430322637571808,10,0.0090419075953175,1000,911.8,381,10,185.75618428466925,13257.494525909424,11777.359780693054,4658.791434288025,10,2544.4428734055787,0.0,0.0,0.0,10,0.0,-0.6523196481957275,-1.826153747544172,-2.119793678346579,10,0.4162111804863992,-271.0156125,-669.03611625,-744.3603375,10,136.97503794017635,312.1045149619282,272.05243015368984,119.59117435915442,10,56.74518122901775,384.9486570859408,330.254722334552,135.32506900267134,10,69.77489775714774,0.0,0.0,0.0,10,0.0,0.0,0.0,0.0,10,0.0,0.0,0.0,0.0,10,0.0,0.0,0.0,0.0,10,0.0,-81.6252156867953,-195.69578257892243,-214.83564029817688,10,38.66861717840562,-7.301556497108685,-19.61834580102056,-22.65509378609228,10,4.263449233239571,2542.8346735176065,2281.29840437198,985.0448311196052,10,464.7223646246122,2665.9481404416474,2363.741707851613,998.3530338532064,10,489.9896816119931,0.0,0.0,0.0,10,0.0,-10.074335976676933,-21.793876358929776,-25.24092614602468,10,4.199808746713047,345.4740166343499,302.3080025836181,128.82070894442134,10,60.534104740813405,317.2175759369958,286.9734254658732,113.03763279842096,10,60.36976542356917,2715.003165948447,2364.09388035695,949.8060658029876,10,521.65899690118,0.0,0.0,0.0,10,0.0,0.0,0.0,0.0,10,0.0,0.0,0.0,0.0,10,0.0,4877.929246412255,4289.558816308045,1518.0495478170596,10,973.8781365841156,0.0026246719160104,0.0004935305085369,0.0,10,0.0008444949638591,4.8331094,-0.3426195,-5.2713804,1000,1.099254,1000,864.4166666666666,44,228,294.3094759211111,13353.168399810793,11263.214894179711,461.80780601501465,228,3899.7047461926336,91628.0,157.83139181137085,200000.0,142.0,1145.5755360126495,28400000.0,1267.175038531157,142000.0
2.4994586e-07,1.7805439e-08,68.5573,-0.0018331235,2.1902329e-09,0.0073177083,11.905377,168.72443,168.7089,10.215425,1273.3358,373.68542,1273.6433,1.0,-0.24862579,-1.0,9642,0.87478864,0.276071104048182,0.2623817286423354,0.2546671646045074,10,0.0057810207438732,1000,964.2,735,10,78.91615804130356,13075.520115852356,12298.06626420021,8793.243474006653,10,1225.027301643978,0.0,0.0,0.0,10,0.0,-1.3568916617897735,-1.888847350506191,-2.064587427011656,10,0.2107526360037459,-571.0848249999999,-720.3615112499999,-754.3475125,10,52.38310594601431,305.900207252708,285.0143292099221,211.7765365720623,10,26.22469209340776,404.09088732786006,360.40641374756376,300.30816169514173,10,28.472315046784924,0.0,0.0,0.0,10,0.0,0.0,0.0,0.0,10,0.0,0.0,0.0,0.0,10,0.0,0.0,0.0,0.0,10,0.0,-171.75806291168044,-213.23627031285625,-227.73367248186128,10,15.058538890198616,-13.75889208155148,-19.418919463349308,-22.65558370494049,10,2.719212870261902,2523.924980097395,2383.520305612069,1684.7052821302386,10,238.5195418590881,2662.011136647643,2463.235098117485,1807.1901084251097,10,235.4388351423124,0.0,0.0,0.0,10,0.0,-16.014525674296475,-22.05153972505132,-24.110391353559745,10,2.165367992992297,340.2356172219547,316.98713648513854,238.5153391103676,10,27.47002257909116,319.8121311714877,305.40596589678194,242.46765325615416,10,22.25154984003121,2623.810096052807,2439.463417370503,1718.0455744687442,10,255.63287682414983,0.0,0.0,0.0,10,0.0,0.0,0.0,0.0,10,0.0,0.0,0.0,0.0,10,0.0,4936.483545610806,4508.8137137527765,3193.2613375559977,10,512.2578895669009,0.001360544217687,0.0003458707911863,0.0,10,0.0005344734891843,4.508258,-0.3392539,-4.9731455,1000,1.098979,1000,878.3066666666666,58,225,273.5519600449692,13347.884839057922,11485.878840093612,643.9497509002686,225,3631.502527567621,91853.0,158.7233688831329,200000.0,143.0,1304.2989101409912,28600000.0,1260.053900111324,143000.0
1.99087e-07,1.4181695e-08,73.27441,-0.0015734234,1.7452622e-09,0.007435376,11.871462,168.41275,168.39723,9.096412,1284.4246,305.04254,1285.271,1.0,-0.24982767,-1.0,8097,0.87347096,0.2763619341531835,0.2622995666481507,0.2490110839386977,10,0.0100283331505358,1000,809.7,248,10,263.4972675380145,13050.707152366638,10155.691927909853,3029.8446068763733,10,3533.878960638302,0.0,0.0,0.0,10,0.0,-0.4583634796807789,-1.5913772325754814,-2.1784795242608515,10,0.5845393924781821,-190.9011,-605.0076662499999,-758.7292375,10,195.7151170550412,289.2776165752844,228.7390400467028,64.79313296355504,10,75.28860049454816,402.7295019493039,308.29770657034,86.2845450240925,10,102.29430591241984,0.0,0.0,0.0,10,0.0,0.0,0.0,0.0,10,0.0,0.0,0.0,0.0,10,0.0,0.0,0.0,0.0,10,0.0,-58.35283849568249,-177.99095898898094,-232.48713819266004,10,56.2840539037812,-3.4835165704621645,-15.681365410677824,-22.932246200972564,10,6.367469213198697,2542.456056038028,1980.068290375578,615.1075880940595,10,661.0019591568005,2630.8687320560307,2063.5538615391715,616.4360764780502,10,691.2925047257321,0.0,0.0,0.0,10,0.0,-6.256222494356077,-18.74599861373723,-23.66604947225541,10,5.758801428569878,334.5824766728697,262.0222262546307,89.48536099683757,10,83.41910348898018,332.6800350596564,259.8519918168603,81.70412606071767,10,84.96679109037215,2678.0187549912207,1983.8401856389528,584.6846658764056,10,716.5817088402493,0.0,0.0,0.0,10,0.0,0.0,0.0,0.0,10,0.0,0.0,0.0,0.0,10,0.0,4908.14226709144,3711.641322221816,1092.8962558165797,10,1349.9173751789033,0.0040322580645161,0.0009093555009601,0.0,10,0.0012968892386702,5.4772134,-0.3370784,-4.8209224,1000,1.0998205,1000,850.6582278481013,61,237,304.4783414415319,13317.260294914246,11096.494104875292,717.3264293670654,237,4036.183772829621,92090.0,156.46246910095215,200000.0,144.0,1460.7613861560822,28800000.0,1278.261816710541,144000.0
1.6594048e-07,1.1829262e-08,77.40248,-0.0013572712,1.4459735e-09,0.0075494703,11.871432,168.33273,168.31732,8.973076,1285.9791,291.57928,1286.7701,1.0,-0.23901924,-1.0,8962,0.87615126,0.2816742776780339,0.2655751880555847,0.2606598466626377,10,0.005627352301723,1000,896.2,493,10,171.1156334178733,12920.98958683014,11231.881817531586,6050.809587478638,10,2222.1682340635093,0.0,0.0,0.0,10,0.0,-0.927450331520692,-1.7507894533859178,-2.1285827554553567,10,0.3647023852889155,-369.9399625,-676.5896575,-759.6766375,10,129.35200990157972,288.5681636028825,253.0463414613716,140.10574951380187,10,47.25874422665305,413.53996830273184,356.01356714941846,196.72333828297693,10,69.23676238927897,0.0,0.0,0.0,10,0.0,0.0,0.0,0.0,10,0.0,0.0,0.0,0.0,10,0.0,0.0,0.0,0.0,10,0.0,-111.17511141501669,-200.73268811761616,-225.3551467422726,10,36.969285200272274,-9.60313106574593,-17.5274195904306,-22.323882167133146,10,3.99868780626652,2595.90887366954,2215.261040672749,1152.6759512292222,10,471.9521507953252,2652.3262195891307,2298.619028712096,1208.3085540236812,10,470.89913310985634,0.0,0.0,0.0,10,0.0,-12.059524960123916,-20.165978835760225,-23.97382451667813,10,3.543432300582105,336.68179632552665,294.6801616840168,161.30849971836508,10,58.18212142697092,328.8451765669531,285.8349065664488,151.678661087502,10,54.703710860012535,2589.7224571164106,2136.545619391077,1232.0420091675337,10,403.22494094164665,0.0,0.0,0.0,10,0.0,0.0,0.0,0.0,10,0.0,0.0,0.0,0.0,10,0.0,4915.184505798266,4109.7077896706,2201.4816006921574,10,831.15277382302,0.0020283975659229,0.0004757714029144,0.0,10,0.000747268172702,5.054661,-0.34075868,-4.89437,1000,1.09813,1000,871.1673819742489,64,233,282.73640245081344,13344.53973007202,11387.890694384923,736.1748704910278,233,3732.934241505034,92323.0,157.9517502784729,200000.0,145.0,1618.7131423950195,29000000.0,1266.2094573019608,145000.0
1.4264612e-07,1.0165748e-08,80.895386,-0.0011257434,1.2459418e-09,0.007597373,11.848375,168.05225,168.03688,8.381021,1291.967,249.81067,1293.101,1.0,-0.2412766,-1.0,6530,0.87790847,0.277407515287344,0.2663187019120087,0.2591196438761925,10,0.0058622540683369,1000,653.0,93,10,370.37305517545417,12951.052242279053,8129.136784124375,1161.9486093521118,10,4741.714113567133,0.0,0.0,0.0,10,0.0,-0.1638747079966309,-1.2465689013181709,-2.003649873235508,10,0.7303755494357751,-67.0877625,-488.98472,-753.854075,10,277.8465606304685,286.26606216797563,186.10384026501293,32.16127312802324,10,103.6391152344029,402.3095046453213,257.88002761232553,23.857117056072685,10,153.22118859391747,0.0,0.0,0.0,10,0.0,0.0,0.0,0.0,10,0.0,0.0,0.0,0.0,10,0.0,0.0,0.0,0.0,10,0.0,-21.079832228974524,-146.918607764118,-224.41594858650564,10,82.68184766678176,-0.835861962042443,-12.005807440476092,-20.03008673694542,10,7.386624799089486,2513.2854316607945,1591.9073633710293,209.56171795184423,10,929.0372791513172,2565.8987645229,1647.0309800147347,222.2719488428881,10,950.4300198154482,0.0,0.0,0.0,10,0.0,-1.7465927749536985,-14.323164886743175,-23.08450385177533,10,7.895802609432715,340.3763788329438,219.0320681697449,38.672452455720766,10,120.843297108033,321.789007313621,209.12002693430728,22.75195553579502,10,120.81551961004564,2550.32086446166,1547.807992584333,240.8473323742949,10,909.5020348037272,0.0,0.0,0.0,10,0.0,0.0,0.0,0.0,10,0.0,0.0,0.0,0.0,10,0.0,4795.515659772305,2988.594901279864,441.8954036735456,10,1758.8674921191248,0.010752688172043,0.0027657350712104,0.0,10,0.0035371108965116,4.644218,-0.34304965,-4.9535513,1000,1.0973278,1000,889.1830357142857,48,224,269.4495007644531,13347.749629020693,11631.923951121313,596.0331230163574,224,3566.1506078335915,92547.0,178.62644791603088,200000.0,146.0,1797.3395941257477,29200000.0,1119.6550249603376,146000.0
1.2539093e-07,8.937587e-09,84.04234,-0.0010899196,1.0936899e-09,0.0078133065,11.871453,168.2318,168.2168,9.335276,1281.3932,492.93143,1281.732,1.0,-0.26315603,-1.0,7993,0.87439287,0.281268727933996,0.2612723836082486,0.2451857530175055,10,0.0130982863455949,1000,799.3,323,10,279.54858253977966,13094.045389175417,10120.07937555313,3927.8683738708496,10,3736.346611059652,0.0,0.0,0.0,10,0.0,-0.5919165635825179,-1.5714904462810528,-2.122997791368696,10,0.5885157350780272,-241.8041125,-588.4380349999999,-750.8737125,10,197.91485382888,303.4207551520493,231.7758659722474,100.66492637944056,10,78.69357814162987,410.04836559926207,312.0075737838111,129.24676709220248,10,113.3611871148081,0.0,0.0,0.0,10,0.0,0.0,0.0,0.0,10,0.0,0.0,0.0,0.0,10,0.0,0.0,0.0,0.0,10,0.0,-74.22124176230471,-174.10489360432837,-222.8893632425576,10,56.53412576240969,-5.57914386396979,-15.712428666549751,-22.208118201764503,10,6.052048067125451,2501.1078719490124,1928.199892275718,719.74137049188,10,700.0793688621943,2578.08763289586,2004.6232327193447,789.1120056413336,10,710.7986011596622,0.0,0.0,0.0,10,0.0,-7.162383622701163,-17.914690852068816,-22.93529682882928,10,6.188493549385709,336.59317819953816,264.21444263722555,94.52658721460053,10,94.7820821375373,329.1271271083583,257.07513290193776,105.90174912734292,10,90.62398875287374,2688.2518178719592,2006.219353359317,761.1798057136682,10,765.2999255400969,0.0,0.0,0.0,10,0.0,0.0,0.0,0.0,10,0.0,0.0,0.0,0.0,10,0.0,4951.53282103759,3742.196740451571,1483.772225995894,10,1413.4074274134416,0.0030959752321981,0.0009215459589411,0.0,10,0.0012171690394924,5.195648,-0.32788047,-5.227503,1000,1.1095417,1000,432.8205804749341,29,379,271.5527024047159,13227.563046455383,5484.702038698901,236.2046823501587,379,3542.6400419902952,92926.0,156.7302589416504,200000.0,147.0,1954.0698597431185,29400000.0,1276.0777743272831,147000.0
1.1208271e-07,8.0029094e-09,86.84394,-0.000945075,9.637088e-10,0.007892591,11.880164,168.26888,168.25386,10.286475,1271.236,554.8596,1271.2024,1.0,-0.26528648,-1.0,10000,0.8749408,0.2635127475920817,0.2580570035667114,0.2510109719601407,10,0.0033522763308966,1000,1000.0,1000,10,0.0,13154.090957164764,12880.374566459655,12696.227642059326,10,133.7312201285286,0.0,0.0,0.0,10,0.0,-1.8634332853503648,-1.9763827567822467,-2.0531970508413693,10,0.0638248610919351,-717.3989124999999,-735.73307625,-750.4592250000001,10,8.453912259932654,287.5000732131091,282.65768637236994,279.0590396072738,10,2.6923291399050107,423.2226033845848,398.8051730668261,374.05617989033885,10,16.90446047290489,0.0,0.0,0.0,10,0.0,0.0,0.0,0.0,10,0.0,0.0,0.0,0.0,10,0.0,0.0,0.0,0.0,10,0.0,-211.7272643293282,-217.8720778246995,-222.4811046905607,10,3.028613802708059,-18.11486663911726,-19.95859150006668,-22.268036379087047,10,1.2480240969684564,2612.1938683055305,2494.2034597280253,2362.279210176731,10,85.37898237793199,2634.572990215209,2522.8349550934536,2407.82530807468,10,68.46494983097621,0.0,0.0,0.0,10,0.0,-20.826059866877056,-22.193545896755968,-23.746622332811445,10,0.9267673350083188,335.57735634271967,326.863277585223,316.3715804961838,10,6.001889145287569,328.96062470858294,319.37225012000965,312.112621469166,10,4.93148376429532,2665.6477718434608,2548.438708066281,2419.712793838988,10,69.14980150067387,0.0,0.0,0.0,10,0.0,0.0,0.0,0.0,10,0.0,0.0,0.0,0.0,10,0.0,4889.492219351456,4770.534230196505,4613.093740551109,10,75.83247425711536,0.0,0.0,0.0,10,0.0,4.905326,-0.33684728,-5.113526,1000,1.1040522,1000,628.0162601626016,55,369,386.2313918915584,13353.284670829771,8155.493930318168,583.4731221199036,369,5139.83822475964,93295.0,160.96367383003235,200000.0,148.0,2115.033538103104,29600000.0,1242.5163718068934,148000.0
1.0150434e-07,7.2539144e-09,89.13818,-0.00075728825,8.6643376e-10,0.007888342,11.880242,168.20763,168.19267,10.663475,1266.3452,557.917,1266.2067,1.0,-0.28266418,-1.0,8453,0.86845994,0.2658975891968322,0.2522954956841589,0.241512678190232,10,0.0086275202623674,1000,845.3,177,10,310.19092507679846,13022.759510993958,10781.944160175324,2222.959002494812,10,4007.8935892883615,0.0,0.0,0.0,10,0.0,-0.3391671099199448,-1.6297738362232752,-2.014112117104032,10,0.5933932298986366,-128.5503375,-606.501795,-745.011675,10,220.1023859253389,299.8444112918165,243.9882841739561,50.42593610999441,10,90.72628443430916,419.6326142885839,334.1203046640186,66.0254691829376,10,125.90260589128772,0.0,0.0,0.0,10,0.0,0.0,0.0,0.0,10,0.0,0.0,0.0,0.0,10,0.0,0.0,0.0,0.0,10,0.0,-40.40613011939894,-178.14263180723847,-219.44338922440497,10,63.96531272480883,-3.886111586008587,-15.54848830988574,-20.66035413980308,10,5.62588911661721,2599.033408894269,2108.94173285886,441.90975251862,10,769.4356350376063,2595.430337623445,2133.600547652094,394.8841556556631,10,808.142953753641,0.0,0.0,0.0,10,0.0,-4.512317477694042,-19.2885551697578,-23.34099773411625,10,6.804707820186166,363.0615180925713,285.2265429773535,66.81440677912255,10,104.69403719526292,324.12256321077416,267.1672893314835,54.45627951440893,10,98.37939642790433,2590.976188836264,2122.6182554948937,484.1380003690525,10,775.4204950945792,0.0,0.0,0.0,10,0.0,0.0,0.0,0.0,10,0.0,0.0,0.0,0.0,10,0.0,4846.266593828962,3932.1552462548098,802.2371481288886,10,1480.5747976969935,0.0056497175141242,0.0009272905919921,0.0,10,0.0019091391723322,5.0029035,-0.34797168,-4.7125373,1000,1.0960793,1000,890.6222222222223,60,225,267.8451865362103,13373.705709457396,11662.606172769334,740.1996021270752,225,3565.108407172504,93520.0,157.48322415351868,200000.0,149.0,2272.5167672634125,29800000.0,1269.976539247348,149000.0
9.2902184e-08,6.6499526e-09,91.14083,-0.0006626126,7.8222123e-10,0.007953879,11.859489,167.9588,167.944,10.260154,1269.9141,483.55466,1269.8099,1.0,-0.2817305,-1.0,9020,0.86804515,0.2849610221056434,0.2526640879249031,0.2366085866583239,10,0.0130285185025485,1000,902.0,303,10,216.76208155486967,13052.336741447449,11568.197915935516,3279.9806427955627,10,2993.7754343363017,0.0,0.0,0.0,10,0.0,-0.6487233062778545,-1.7460254417300294,-1.985506882578604,10,0.407130199827678,-244.0541875,-650.366415,-731.7283375000001,10,147.74737145603513,290.4752128019986,258.87762041332184,95.19516538676902,10,58.52671512715633,417.4142409552903,344.0162854020392,86.03330234907989,10,94.59230220039836,0.0,0.0,0.0,10,0.0,0.0,0.0,0.0,10,0.0,0.0,0.0,0.0,10,0.0,0.0,0.0,0.0,10,0.0,-73.08843748958887,-189.82143097846773,-217.1302085536003,10,41.997461885649,-7.1997739425197285,-17.174736153908743,-21.0117677209294,10,3.758706243007643,2565.2314371248544,2247.8698424054405,676.9994541954422,10,569.6630818972134,2643.508651738144,2284.5417580579788,682.998001807259,10,589.2250655554906,0.0,0.0,0.0,10,0.0,-7.089986473949431,-20.533407383985853,-24.541133936973367,10,5.162758923048257,336.6980074804499,297.76972298776184,111.48209663004208,10,67.10171122179598,322.86704057818656,285.5351827674452,92.19513331067824,10,68.94456019172267,2626.646969561408,2281.3063114957204,531.7725922533473,10,633.4200665642999,0.0,0.0,0.0,10,0.0,0.0,0.0,0.0,10,0.0,0.0,0.0,0.0,10,0.0,4898.134615668776,4261.491061139455,1263.592310005802,10,1083.3188790576671,0.0033003300330033,0.0004695030172473,0.0,10,0.0010311661347104,4.6023016,-0.351007,-4.697805,1000,1.0941485,1000,887.0309734513274,41,226,277.4493877402859,13394.875199317932,11652.578880649751,384.6991696357727,226,3698.270934219247,93746.0,158.06421613693237,200000.0,150.0,2430.5809869766235,30000000.0,1265.3085238896722,150000.0
8.5756106e-08,6.1353966e-09,92.83471,-0.00058675796,7.250927e-10,0.008013534,11.862409,167.92458,167.90968,10.503364,1268.4363,533.68164,1267.9916,1.0,-0.287326,-1.0,10000,0.8673922,0.2627412133213128,0.2483934117105295,0.231640024914818,10,0.0095836093005508,1000,1000.0,1000,10,0.0,13157.3636636734,12812.462777137756,12383.797103405,10,248.16432808108044,0.0,0.0,0.0,10,0.0,-1.7705690316108105,-1.9180268311486164,-2.058608250956379,10,0.0947986895864295,-689.6874625,-715.3935825000001,-741.7944625,10,15.084229127819857,289.691521228358,283.57795924129533,278.2436818251201,10,3.824888109342397,434.6263769204105,404.9185313315837,353.0292146816354,10,29.798222284388185,0.0,0.0,0.0,10,0.0,0.0,0.0,0.0,10,0.0,0.0,0.0,0.0,10,0.0,0.0,0.0,0.0,10,0.0,-193.51662521338227,-209.28855244042887,-222.7382240118089,10,9.02108352449611,-17.091732067924035,-19.537599182792867,-22.18748671882359,10,1.3185385480517844,2640.075958076613,2556.195697499172,2460.5071295448724,10,54.53811026385027,2630.772856560218,2573.747060634816,2499.8978651970137,10,41.25497978252066,0.0,0.0,0.0,10,0.0,-20.702010705924053,-22.098313660316634,-23.706592465444142,10,0.975805614776812,331.6344976571963,319.286440213382,305.03295531212166,10,9.506750797048207,328.7276781953263,321.7969062262759,313.20479754355176,10,4.938915253442026,2653.46165618981,2512.5029516143404,2380.026656081078,10,103.63247664188135,0.0,0.0,0.0,10,0.0,0.0,0.0,0.0,10,0.0,0.0,0.0,0.0,10,0.0,4918.955886970431,4603.215820212654,4335.381853781239,10,213.71517343311336,0.0,0.0,0.0,10,0.0,4.5985403,-0.336233,-5.036416,1000,1.1022316,1000,708.2289562289562,45,297,364.17033805780056,13357.472755432129,9181.105458717955,410.7064490318298,297,4820.087275863702,94043.0,185.2419159412384,200000.0,151.0,2615.8229072093964,30200000.0,1079.6692475554134,151000.0
7.978671e-08,5.7084906e-09,94.17457,-0.0004261685,6.7444594e-10,0.007960135,11.8203335,167.45682,167.44196,9.940491,1277.5872,423.53717,1277.9198,1.0,-0.29764846,-1.0,9334,0.8647349,0.2657413485724235,0.2451806540711518,0.2283255613757302,10,0.0096588171521844,1000,933.4,643,10,133.63173275835348,13283.828776359558,11981.709839487075,8083.788175106049,10,1935.6671193689808,0.0,0.0,0.0,10,0.0,-1.1563337539246366,-1.7940853707794315,-2.066798372774224,10,0.2949885017991382,-450.5084375,-658.98972875,-725.826825,10,90.08780534731832,286.99751065686746,259.547589980869,175.88830209883332,10,38.70055569138755,428.6041459712908,360.7707532918562,260.94429316370906,10,52.80478258280766,0.0,0.0,0.0,10,0.0,0.0,0.0,0.0,10,0.0,0.0,0.0,0.0,10,0.0,0.0,0.0,0.0,10,0.0,-134.70480122656755,-192.13095368459736,-215.49506856960727,10,24.71232391194296,-11.320518847906587,-18.22353742431447,-22.151776110340144,10,3.53671553219454,2654.2123142630903,2417.8038581968244,1654.058766447022,10,372.2921033724487,2682.026680384916,2349.4829888427034,1531.3786657981582,10,386.390507413912,0.0,0.0,0.0,10,0.0,-13.265071354054086,-20.69426208999552,-23.79106132018116,10,3.2791459945945176,337.3768149157454,304.4595051802154,213.0053442016182,10,44.23865533632838,327.1135680231243,298.60172215400564,206.05157943348124,10,43.38363104391279,2630.858033426845,2370.006642842596,1493.47228455736,10,398.0696215269206,0.0,0.0,0.0,10,0.0,0.0,0.0,0.0,10,0.0,0.0,0.0,0.0,10,0.0,4892.880223695911,4324.360943732434,2732.2559286515207,10,721.2836291885485,0.0015552099533437,0.0003002387956238,0.0,10,0.0006009632956399,4.59113,-0.35039118,-4.5913086,1000,1.094045,1000,892.7008928571429,35,224,264.52945893049406,13344.9657497406,11703.315637141466,424.1782703399658,224,3518.743854295111,94267.0,158.3577139377594,200000.0,152.0,2774.1806287765503,30400000.0,1262.963420137573,152000.0
7.461819e-08,5.3413522e-09,95.10137,-0.00027785404,6.28104e-10,0.007885964,11.791854,167.12042,167.10556,8.860672,1288.3157,341.61185,1289.123,1.0,-0.2875361,-1.0,9061,0.86803377,0.2593253182739314,0.2490301292413071,0.236506551532859,10,0.0077339979645997,1000,906.1,61,10,281.7,13089.58138370514,11476.055078411102,662.626256942749,10,3616.1653933016814,0.0,0.0,0.0,10,0.0,-0.1768817929518545,-1.780395071649894,-2.109735904021933,10,0.5387087861019545,-46.04758749999999,-649.5295450000001,-737.1364125,10,201.6467808414712,289.09477782526847,253.0011283729998,25.207397152839107,10,76.29241935217644,421.375261508941,358.25326152579424,21.909074221529533,10,113.19780604167356,0.0,0.0,0.0,10,0.0,0.0,0.0,0.0,10,0.0,0.0,0.0,0.0,10,0.0,0.0,0.0,0.0,10,0.0,-13.192813252466502,-189.7243528706507,-219.27230800283053,10,59.24610003785959,-0.6409548823970828,-18.169823233123022,-22.950242848822068,10,6.008104284450408,2694.036925792712,2327.1579977403894,104.7185409749552,10,743.7649722916686,2652.0150755986265,2321.3349507811017,110.99394888434428,10,737.8304451517826,0.0,0.0,0.0,10,0.0,-0.9127267106000592,-19.9179504664215,-23.4156283347688,10,6.435637954731261,331.5535391030557,291.9277399754912,26.24312867999928,10,88.86106367107837,331.4324892084548,291.68591831810784,22.237692235114,10,89.98583137272948,2605.6876353920047,2275.422634685264,127.60415803442514,10,719.0498505608235,0.0,0.0,0.0,10,0.0,0.0,0.0,0.0,10,0.0,0.0,0.0,0.0,10,0.0,4750.347132587444,4050.366161688177,271.7475464464489,10,1281.7961583068325,0.0163934426229508,0.001639344262295,0.0,10,0.0049180327868852,4.7368064,-0.35224488,-5.185672,1000,1.0937638,1000,929.3824884792626,56,217,222.4155538341594,13364.582551956177,12178.32010658106,529.1492800712585,217,2951.4535728203305,94484.0,159.2605175971985,200000.0,153.0,2933.441152572632,30600000.0,1255.80403113997,153000.0
7.025466e-08,5.025328e-09,95.82294,-0.00033075528,5.9504424e-10,0.00799659,11.792623,167.14577,167.13095,8.782478,1287.111,404.6161,1287.6698,1.0,-0.2818432,-1.0,9875,0.8694557,0.2634339666743207,0.250862509513151,0.2388333670206353,10,0.0075042152167168,1000,987.5,875,10,37.5,13049.654914855955,12568.738651371004,11064.253294467926,10,582.7173402283759,0.0,0.0,0.0,10,0.0,-1.667358361839887,-1.9071840992532016,-2.107958835233232,10,0.1289128247619176,-634.2645625,-711.1381775000001,-753.222475,10,29.51539018599386,287.9125539115541,275.46738750663445,256.4788955650369,10,9.347105205213664,433.59677045019697,401.9947403036837,339.6531652600619,10,27.264305465422648,0.0,0.0,0.0,10,0.0,0.0,0.0,0.0,10,0.0,0.0,0.0,0.0,10,0.0,0.0,0.0,0.0,10,0.0,-188.55867247968425,-208.86016838740343,-222.2757989895295,10,9.60643249319802,-15.521980314662835,-19.16935371515816,-21.614466293571333,10,1.689667976956748,2705.3373214090584,2605.840450015387,2331.686077099188,10,105.34018410529548,2603.034814778111,2534.261402760942,2258.7469935709423,10,99.8104876107116,0.0,0.0,0.0,10,0.0,-19.53684548368222,-21.424473255446348,-23.504704569595564,10,1.1369262292583326,331.5300239545172,321.39535601209434,297.2961633903832,10,10.13719926758959,329.57613785997614,321.05610731067054,285.18556770932497,10,12.54152706699085,2598.5426679068523,2470.6799960196045,2215.5328679805807,10,110.07130814344757,0.0,0.0,0.0,10,0.0,0.0,0.0,0.0,10,0.0,0.0,0.0,0.0,10,0.0,4806.481945486963,4395.925770270411,3754.6803699217794,10,298.6557592707831,0.0011428571428571,0.0001142857142857,0.0,10,0.0003428571428571,4.834341,-0.3390149,-5.130687,1000,1.1009858,1000,590.5867768595041,62,242,307.33240865864667,13353.290643692017,7601.858259185286,747.6682968139648,242,4038.242485764674,94726.0,160.400053024292,200000.0,154.0,3093.8412115573883,30800000.0,1246.8823808288314,154000.0
6.632646e-08,4.745703e-09,96.52008,-0.00026634877,5.604137e-10,0.007987956,11.79742,167.17271,167.15776,9.063701,1284.8715,372.1025,1285.3224,1.0,-0.27502176,-1.0,9232,0.87192714,0.2671218219540955,0.2542992927328025,0.2454984771984205,10,0.0063126724565073,1000,923.2,571,10,136.30832696500974,13095.25916671753,11712.406057977676,6822.060525894165,10,1954.8578074944955,0.0,0.0,0.0,10,0.0,-1.1960653628614324,-1.7907381456210132,-2.054522595959806,10,0.2770720000608788,-429.1722,-670.482875,-740.6891625,10,94.82754635158172,289.08793249788005,257.0116747362235,166.79696718725373,10,35.65010623467994,423.7651858030639,363.1389803551695,216.48586544548192,10,56.88462779455752,0.0,0.0,0.0,10,0.0,0.0,0.0,0.0,10,0.0,0.0,0.0,0.0,10,0.0,0.0,0.0,0.0,10,0.0,-125.70931534545824,-197.8065307997545,-219.4745030487956,10,27.72305493067421,-12.668994944906776,-18.837214445687685,-23.425689324133977,10,3.509519691814731,2672.079790201102,2418.911553517074,1466.4195675435487,10,371.40304036821647,2646.0616700991222,2356.7591514039395,1418.2368301434904,10,358.29664627474097,0.0,0.0,0.0,10,0.0,-11.919195812078932,-20.127859405714368,-23.123914428423426,10,3.4698071439922487,328.55649860297734,297.01710762931043,195.3965367778092,10,40.26196554327476,329.55727041176885,299.7409422204484,191.7094390848432,10,41.61493143481756,2589.716891885253,2303.4660631846027,1406.7150322891662,10,360.9294111064371,0.0,0.0,0.0,10,0.0,0.0,0.0,0.0,10,0.0,0.0,0.0,0.0,10,0.0,4780.854397841084,4131.959566589782,2217.854807012431,10,808.0913567735075,0.0017513134851138,0.0004165241895641,0.0,10,0.0006521218266987,4.7583437,-0.3423985,-4.6829104,1000,1.0965436,1000,883.7878787878788,34,231,284.4148287825921,13363.978037834167,11539.270558922835,367.2198429107666,231,3757.142190981497,94957.0,158.69870710372925,200000.0,155.0,3252.5399231910706,31000000.0,1260.24971248994,155000.0
6.2972916e-08,4.5011634e-09,97.1133,-0.00021851611,5.3667026e-10,0.00798758,11.777768,166.96315,166.94818,8.62129,1288.5663,300.59674,1289.358,1.0,-0.2657598,-1.0,9299,0.8730726,0.2756209075666079,0.2566218902918754,0.2398845380613773,10,0.0087232771638799,1000,929.9,767,10,89.92713717226853,12788.27754688263,11664.71707046032,9825.277381420135,10,1092.4825589183104,0.0,0.0,0.0,10,0.0,-1.3937224299217317,-1.7422668919387387,-2.004303448650166,10,0.2177691304552241,-550.8538875,-677.4975824999999,-776.7693125,10,71.16137633277118,300.8869456371326,263.6266176820656,219.7853912161813,10,25.480213398949928,425.132312587541,375.2352225469779,306.4598249699087,10,39.21839507277565,0.0,0.0,0.0,10,0.0,0.0,0.0,0.0,10,0.0,0.0,0.0,0.0,10,0.0,0.0,0.0,0.0,10,0.0,-163.01445971158734,-201.95240973872887,-233.51113674296727,10,21.622573808726223,-13.583472638726152,-18.225396660096457,-23.767494627155944,10,3.138892317366976,2718.808833391168,2429.4791984824487,2014.828326928332,10,239.32007954322555,2677.536579152735,2397.609455984132,1940.765000797143,10,253.9068414562295,0.0,0.0,0.0,10,0.0,-15.937895313202972,-20.46727098188384,-23.42116192516866,10,2.4247158474682258,326.86010394128294,294.4098152592427,249.14416311697505,10,23.93649595932929,331.1736298489752,301.93115013650834,255.6123424929364,10,26.79771652770657,2478.9292613391985,2250.8911197456464,1961.8487916073343,10,186.6272735741579,0.0,0.0,0.0,10,0.0,0.0,0.0,0.0,10,0.0,0.0,0.0,0.0,10,0.0,4501.68354198105,4074.193251594569,3415.323490258268,10,417.8827802199222,0.0013037809647979,0.0005865975349074,0.0,10,0.0005916857878772,4.680219,-0.3402233,-4.8511095,1000,1.0961885,1000,883.9122807017544,52,228,278.6864257266077,13391.978671073914,11527.317431235522,561.9192962646484,228,3699.542779191736,95185.0,185.4813792705536,200000.0,156.0,3438.0213067531586,31200000.0,1078.2753545749126,156000.0
6.002033e-08,4.2908366e-09,97.57375,-0.00025400767,5.1079074e-10,0.008059908,11.777422,166.93674,166.92166,8.498282,1286.4003,332.87216,1287.0647,1.0,-0.2743744,-1.0,9141,0.873,0.2671504688964855,0.254863720799463,0.2477095381040306,10,0.0059284547180725,1000,914.1,495,10,155.47890532159016,13166.082682609558,11755.175457668303,6272.846607685089,10,2057.4675857381444,0.0,0.0,0.0,10,0.0,-1.0265888852092069,-1.7247516940522751,-1.9351981705402104,10,0.2572746886256474,-368.0056875,-660.7601824999999,-746.6893625,10,109.26254159417812,286.53931512055834,250.4477490121626,142.5121859918812,10,41.49680503973868,434.8521512594066,366.77068753009206,183.59583932551527,10,76.8246887860816,0.0,0.0,0.0,10,0.0,0.0,0.0,0.0,10,0.0,0.0,0.0,0.0,10,0.0,0.0,0.0,0.0,10,0.0,-109.13908387340544,-196.8551432115096,-226.5752510586997,10,33.221110061561085,-11.161629514832484,-18.42634173600502,-21.42476175729823,10,3.0015162818209493,2676.7013293410782,2362.24323262111,1231.454616192456,10,438.04036295999225,2662.424307288188,2374.201701205712,1225.2465737947534,10,431.0205125986628,0.0,0.0,0.0,10,0.0,-10.826911740158971,-19.739351349708592,-21.840681529980458,10,3.190961889334006,327.5877404698266,290.84017577489453,153.93355023038745,10,49.36935499426053,333.32730765661137,297.7261673709608,163.74950256337522,10,51.03853227767605,2603.987968935351,2316.944703881197,1305.8443596707943,10,376.728665632504,0.0,0.0,0.0,10,0.0,0.0,0.0,0.0,10,0.0,0.0,0.0,0.0,10,0.0,4823.151507276683,4201.767782226983,2260.3019553708023,10,732.1735910710333,0.002020202020202,0.0005450713358856,0.0,10,0.0007119214493756,5.877258,-0.33239177,-4.993831,1000,1.1021731,1000,639.8190476190476,42,315,389.4909526251807,13353.48033809662,8267.399484218113,497.7497034072876,315,5145.959744583122,95500.0,159.51775884628296,200000.0,157.0,3597.539072751999,31400000.0,1253.7788986411674,157000.0
5.7265368e-08,4.0955226e-09,98.138336,-0.00021210023,4.857073e-10,0.008063167,11.782566,166.97386,166.95879,8.933236,1282.2153,337.24445,1282.759,1.0,-0.2644613,-1.0,8593,0.87657505,0.2702965196065425,0.2604294236518,0.2454188318780183,10,0.0085785909908709,1000,859.3,83,10,296.1783415444148,13171.543004989624,10932.493908071518,1061.854892730713,10,3841.73289233657,0.0,0.0,0.0,10,0.0,-0.1762718942847791,-1.5966840474085184,-2.054230110962884,10,0.5653398445607845,-62.2718125,-625.54256125,-748.99865,10,215.0148331525748,298.6861914022435,241.1378283633485,29.73151456562684,10,78.64970200092425,421.1906827053456,338.5961399304547,23.120854372327265,10,121.19662849042172,0.0,0.0,0.0,10,0.0,0.0,0.0,0.0,10,0.0,0.0,0.0,0.0,10,0.0,0.0,0.0,0.0,10,0.0,-19.28487150042129,-188.7001930231467,-230.42534977148296,10,64.62707978124297,-0.7327020529103461,-17.144474015375657,-24.07949021334533,10,6.67867749557666,2664.1400454538325,2166.6330322028844,212.4559339637081,10,770.738514278205,2691.625978539729,2216.7877880903534,184.4437916670707,10,777.4674987563559,0.0,0.0,0.0,10,0.0,-2.544526102771528,-18.990942073787227,-23.3204323303722,10,6.243957025370589,338.053394759024,282.696661833215,34.73397779307509,10,97.39676842885991,335.0626364476746,276.8813489613268,23.10289430292627,10,96.32292229946866,2655.3404815602576,2152.968901755646,228.1770828178931,10,727.0736726386142,0.0,0.0,0.0,10,0.0,0.0,0.0,0.0,10,0.0,0.0,0.0,0.0,10,0.0,4850.44052820281,3925.4527885321136,392.3721474248928,10,1421.5534003932164,0.0120481927710843,0.0014992213484512,0.0,10,0.0035700167410032,4.9069405,-0.33721325,-4.9008512,1000,1.0964869,1000,855.844537815126,56,238,313.84219157031816,13426.790818214417,11174.485986913953,684.2869501113892,238,4152.301841135408,95738.0,159.1842451095581,200000.0,158.0,3756.723326444626,31600000.0,1256.4057445656797,158000.0
5.480086e-08,3.91444e-09,98.52554,-0.00015106982,4.6962984e-10,0.008033113,11.754409,166.65872,166.64348,8.272806,1290.151,259.42706,1291.1838,1.0,-0.26233882,-1.0,8874,0.8771021,0.274682606954848,0.2610559422811506,0.2490430760782479,10,0.0079589701541251,1000,887.4,161,10,250.2259778680064,13078.068367004396,11254.60273079872,1955.5264053344729,10,3243.4188323844664,0.0,0.0,0.0,10,0.0,-0.2986603356260235,-1.6432593707446288,-2.016294278251941,10,0.4779112771725661,-119.92505,-645.50112125,-732.2020375,10,180.1312302753665,301.3712829632668,251.11482461469305,56.15601458259191,10,67.45951333668951,423.43411457938697,345.7924732539945,35.56169310520942,10,107.17455556336688,0.0,0.0,0.0,10,0.0,0.0,0.0,0.0,10,0.0,0.0,0.0,0.0,10,0.0,0.0,0.0,0.0,10,0.0,-37.574763968551935,-195.70427382756776,-225.5276591565322,10,54.28253697100228,-2.782507006480501,-17.802860293717547,-22.207150321589204,10,5.579266691433922,2588.664957162063,2225.580265416368,349.7894185544084,10,660.0882558416527,2620.886178492742,2269.2167594834486,388.1085639663279,10,654.5933544148778,0.0,0.0,0.0,10,0.0,-4.9187384887101135,-19.075144613634325,-22.42036740991269,10,5.059635551845245,340.60492816131205,288.9768334133922,64.58040808398009,10,78.42690945355014,330.9346619780331,291.3500363957357,53.81447771923532,10,81.80425094231282,2619.7898231805084,2189.213977816989,363.0108910829157,10,640.4469651513274,0.0,0.0,0.0,10,0.0,0.0,0.0,0.0,10,0.0,0.0,0.0,0.0,10,0.0,4800.873813745445,4083.246431726447,773.5614594128804,10,1154.8090809600126,0.0062111801242236,0.000855876524988,0.0,10,0.0018445531492881,5.033167,-0.33850217,-4.949644,1000,1.096872,1000,841.3805668016195,39,247,323.96519922764844,13403.016419410706,11042.79113018561,391.6185398101807,247,4304.773084093065,95985.0,158.84470415115356,200000.0,159.0,3915.5680356025696,31800000.0,1259.091394130986,159000.0
5.2721692e-08,3.7653534e-09,98.8546,-0.00018015814,4.5238147e-10,0.008088524,11.74574,166.55536,166.54015,8.06402,1293.3181,256.52786,1294.3215,1.0,-0.27323633,-1.0,9186,0.8753506,0.2989723009884449,0.2588859883464769,0.2483601966444699,10,0.0142808696811256,1000,918.6,370,10,190.9178881089984,13262.581011772156,11748.47518773079,4072.739233493805,10,2690.202835791277,0.0,0.0,0.0,10,0.0,-0.586707671745923,-1.7486198507616495,-2.1024436154110573,10,0.4085810691278573,-290.536,-665.003745,-735.9521625,10,130.0509012910628,288.9854823430806,253.41416785288607,110.84895581651078,10,51.870557142973794,415.0364203705224,345.04307873387097,132.68447111160148,10,78.27537307170054,0.0,0.0,0.0,10,0.0,0.0,0.0,0.0,10,0.0,0.0,0.0,0.0,10,0.0,0.0,0.0,0.0,10,0.0,-95.28097878218462,-199.251092953995,-225.0525942505159,10,36.46047210541492,-5.355321357452068,-18.86274876943456,-22.71250204654224,10,4.7345193956187535,2581.191901588433,2304.9746864361427,715.6305562581178,10,546.601566254448,2562.186035431648,2313.186585465224,878.5372565594616,10,507.559139924053,0.0,0.0,0.0,10,0.0,-8.393858861762821,-20.82463512396642,-24.56796022356741,10,4.422153768924956,344.024208392144,304.0686491940825,132.5325371331339,10,60.93607069368587,333.6426821928868,298.1395586674542,111.76673653196076,10,64.86690976607933,2667.66144348714,2323.9947597434566,833.6781374270886,10,532.4682404718536,0.0,0.0,0.0,10,0.0,0.0,0.0,0.0,10,0.0,0.0,0.0,0.0,10,0.0,4957.193972059143,4318.504641365818,1464.9143872998102,10,1007.3784940842417,0.0027027027027027,0.0003928192898781,0.0,10,0.0008522533763428,4.614765,-0.33987677,-4.9319572,1000,1.0965875,1000,873.1016949152543,56,236,285.2626173275862,13411.387994766235,11461.538144841032,550.370813369751,236,3791.9173701274767,96221.0,157.99840927124023,200000.0,160.0,4073.5664489269257,32000000.0,1265.8355291201349,160000.0
5.0807184e-08,3.6288987e-09,99.181,-0.0001681184,4.3567608e-10,0.0081025995,11.743414,166.47818,166.4629,8.281066,1294.1296,270.41614,1294.9985,1.0,-0.27774766,-1.0,8400,0.87448597,0.2851369862693736,0.2576749318485352,0.2485454171896396,10,0.0113285985786357,1000,840.0,362,10,248.2949858535206,13228.595656394958,10839.579698944091,4116.533703327179,10,3449.796322323355,0.0,0.0,0.0,10,0.0,-0.5464220074462738,-1.5784444604803798,-2.04484629691046,10,0.5440403075357956,-273.9367625,-603.81157375,-733.8994625,10,172.88052013576885,280.57768387834534,233.1415520373113,114.90792296722016,10,65.9433170641228,429.0432648200001,316.86876658972017,141.60104039725854,10,94.8419352291668,0.0,0.0,0.0,10,0.0,0.0,0.0,0.0,10,0.0,0.0,0.0,0.0,10,0.0,0.0,0.0,0.0,10,0.0,-88.71064430618134,-181.13210311098723,-215.43365682674727,10,48.49185272055946,-4.916684789261593,-17.087115919457187,-22.074501059246167,10,5.949598103429024,2627.213064215788,2120.271041513178,758.9421371000803,10,675.2156807101685,2600.46758106608,2147.9080247247457,898.0721015397047,10,629.8480216409349,0.0,0.0,0.0,10,0.0,-5.860508345291361,-18.74167098186259,-23.55273749582186,10,5.989811379279085,343.7156783645928,277.7194153918224,109.35496836924897,10,86.465688431293,335.71030091105933,273.70558663064645,113.6943665563434,10,79.5753231281841,2737.8045433755697,2135.1755825345417,739.850341703488,10,722.1206703254487,0.0,0.0,0.0,10,0.0,0.0,0.0,0.0,10,0.0,0.0,0.0,0.0,10,0.0,4945.217748512219,3981.987205738608,1528.252245753888,10,1296.5453024085973,0.0027624309392265,0.0006635680886986,0.0,10,0.001037639360657,4.8063045,-0.33733603,-5.021714,1000,1.0989591,1000,815.93359375,49,256,330.6645644515904,13394.998071670532,10703.174651576206,565.856162071228,256,4409.414999972276,96477.0,183.7721118927002,200000.0,161.0,4257.33856511116,32200000.0,1088.3044110456478,161000.0
4.8985026e-08,3.495637e-09,99.52781,-0.00013290046,4.2316572e-10,0.008095125,11.724881,166.24953,166.23412,8.212906,1299.1141,262.4465,1300.2412,1.0,-0.27483362,-1.0,7936,0.87611943,0.2747867583479076,0.2587516694678912,0.2495353394761092,10,0.0090861391177367,1000,793.6,125,10,325.3441869774224,13176.34868335724,10138.765987062454,1493.6130113601685,10,4218.327316388153,0.0,0.0,0.0,10,0.0,-0.212232744189402,-1.5473254153980482,-2.2039358162254032,10,0.6834936680077153,-93.0228375,-576.2165749999999,-741.9523625,10,235.6563553247828,280.74534254320974,220.1362480560857,40.28562500631461,10,87.19374363587748,426.0416040119953,301.10543287260543,35.13056987149871,10,125.17878147026542,0.0,0.0,0.0,10,0.0,0.0,0.0,0.0,10,0.0,0.0,0.0,0.0,10,0.0,0.0,0.0,0.0,10,0.0,-29.44448347359638,-171.93305416922863,-227.6936647920774,10,68.76647569142592,-2.1951936658698017,-16.458251810034508,-23.35504904935976,10,7.192218474033367,2550.371868409993,1953.3367491790143,301.89844108876923,10,816.7135143151255,2633.673940567936,2001.0481982170368,321.4150849095285,10,821.3863563531072,0.0,0.0,0.0,10,0.0,-3.599450065817726,-17.98399435537753,-26.141636801939203,10,7.809941693144937,335.5458824827885,255.19624122446325,42.58255528246632,10,103.61539002908148,341.97257261980985,257.59534726248,38.09991385395551,10,106.1246415535438,2731.4058037552527,2039.1308346897324,330.2114869333154,10,841.2319193177728,0.0,0.0,0.0,10,0.0,0.0,0.0,0.0,10,0.0,0.0,0.0,0.0,10,0.0,4976.708578599473,3729.513909162248,484.0448646120837,10,1588.5967879445482,0.008,0.0013119173862546,0.0,10,0.0024570372179806,5.022119,-0.33438754,-5.101016,1000,1.0991511,1000,841.0785123966942,51,242,312.1715034317063,13360.965162277222,11020.057243045696,553.8245649337769,242,4150.111067637626,96719.0,156.1949224472046,200000.0,162.0,4413.533497095108,32400000.0,1280.4513544132778,162000.0
4.7256858e-08,3.373861e-09,99.75258,-0.00013970415,4.06688e-10,0.008119909,11.716797,166.10046,166.08524,7.999957,1301.2606,251.01187,1302.4453,1.0,-0.2964048,-1.0,8131,0.8709466,0.2660160429895258,0.2495778981331348,0.2413766296291407,10,0.0072102916258278,1000,813.1,155,10,302.1914790327484,13352.355650901794,10656.257208490371,1936.7381496429443,10,4079.0531986815854,0.0,0.0,0.0,10,0.0,-0.2715989019085766,-1.6068831503599297,-2.1637398292278123,10,0.6824497840368882,-107.648325,-576.8481749999999,-734.1757875,10,216.57446932392207,289.92184815401936,233.1368131666289,56.67467627687692,10,79.75800679673877,370.18128169607405,292.4540971198457,51.48635015268644,10,102.13289117704367,0.0,0.0,0.0,10,0.0,0.0,0.0,0.0,10,0.0,0.0,0.0,0.0,10,0.0,0.0,0.0,0.0,10,0.0,-33.04205055773941,-170.38442310904716,-214.2160050922897,10,61.10911306500929,-2.12677004484154,-17.326682584636412,-22.923463876509327,10,7.295544747499334,2666.606898989057,2093.039611896184,395.2773684953087,10,787.0149082344402,2597.7823757727283,2078.979034549709,415.21456301604303,10,766.7233306849604,0.0,0.0,0.0,10,0.0,-4.250535605736884,-19.02814603006396,-24.26716196784416,10,7.09489028891491,342.015677853421,269.442374965175,55.74727072869128,10,99.44954962556164,330.4111133629033,260.7634162118684,50.05703605228498,10,95.46476029060578,2714.250392618627,2156.828483564814,352.8383669403246,10,834.869102439261,0.0,0.0,0.0,10,0.0,0.0,0.0,0.0,10,0.0,0.0,0.0,0.0,10,0.0,4947.757950586572,3892.7437963087023,674.9689350441731,10,1552.6452102075446,0.0064516129032258,0.0010769356351404,0.0,10,0.0019955069275803,4.8920493,-0.33475408,-4.7895823,1000,1.0979038,1000,861.4549356223176,50,233,296.4342437113808,13414.761702537537,11292.087627315726,551.7531795501709,233,3959.786449385451,96952.0,157.52821922302246,200000.0,163.0,4571.061721086502,32600000.0,1269.613793556871,163000.0
4.565892e-08,3.257722e-09,100.06644,-0.00020116697,3.9499215e-10,0.00820648,11.719644,166.12909,166.11378,8.254014,1297.8973,281.01224,1298.8156,1.0,-0.30260196,-1.0,10000,0.8695502,0.2596203840279835,0.2459311226600371,0.2421619774617026,10,0.0048647868500917,1000,1000.0,1000,10,0.0,13414.408543586733,13190.56611890793,12705.6506690979,10,207.2235186089918,0.0,0.0,0.0,10,0.0,-1.8839405126394708,-2.021847820776835,-2.457931486707327,10,0.1550072943519686,-694.9771125,-707.89925375,-763.9399374999999,10,19.247198077817743,291.9038079244157,275.8975202067335,263.50006378773355,10,8.753414119173838,398.8304564004428,368.0419839694077,299.5406699901544,10,26.654372400357506,0.0,0.0,0.0,10,0.0,0.0,0.0,0.0,10,0.0,0.0,0.0,0.0,10,0.0,0.0,0.0,0.0,10,0.0,-203.95917412291024,-207.3252409434509,-217.78651314116064,10,3.874721244176569,-20.88926422894788,-22.374898754974616,-27.24085563176257,10,1.7149879900838367,2676.623874340905,2606.626066596988,2412.8598702160634,10,72.71575528403673,2638.060946410223,2564.232431967873,2416.2711540106748,10,65.37958405200305,0.0,0.0,0.0,10,0.0,-21.135476915425983,-22.89494707363709,-25.557853611680137,10,1.1904498970826085,336.42730498634296,327.6072841579704,312.9830236132922,10,7.103089349668298,330.71507022715883,317.9295928038688,297.39217942969844,10,8.800378947303141,2753.8648375001867,2682.299635535476,2620.760023267161,10,40.95242140005695,0.0,0.0,0.0,10,0.0,0.0,0.0,0.0,10,0.0,0.0,0.0,0.0,10,0.0,4979.86680647488,4810.957656346395,4337.466017567343,10,172.63229367397415,0.0,0.0,0.0,10,0.0,5.0647664,-0.32659727,-5.536642,1000,1.1039878,1000,670.975,51,320,364.8436043361593,13365.58081150055,8696.411148973555,576.2497653961182,320,4852.680927625017,97272.0,159.80059838294983,200000.0,164.0,4730.862323999405,32800000.0,1251.5597690110983,164000.0
4.4289248e-08,3.16641e-09,100.41535,-0.00013204901,3.7673029e-10,0.008165277,11.733151,166.21442,166.19919,9.082545,1290.6445,318.96814,1291.2448,1.0,-0.30024225,-1.0,8807,0.8701077,0.2751092581364217,0.2494792133477808,0.2384847845899879,10,0.0104847148849535,1000,880.7,191,10,256.82914554232354,13529.70306110382,11535.842256879809,2043.739155769348,10,3581.229114041485,0.0,0.0,0.0,10,0.0,-0.3200509427553468,-1.7604821999348286,-2.361332898662165,10,0.5702583436015471,-142.03105,-624.1747525,-743.63005,10,179.31419721138215,298.2963272058408,257.2494894352295,75.21156984459118,10,65.31474995658563,377.5063567147643,311.87598375836706,70.2888588281312,10,91.37201522821688,0.0,0.0,0.0,10,0.0,0.0,0.0,0.0,10,0.0,0.0,0.0,0.0,10,0.0,0.0,0.0,0.0,10,0.0,-45.16649395597023,-183.3388702337629,-213.0555967450497,10,50.94670340496812,-2.3322339718156484,-19.436556857251546,-26.15032004512227,10,7.010581178228922,2671.2716313213004,2258.9403127217547,368.7586241122468,10,711.6789005711582,2702.9696654130994,2261.4836721034526,488.8376605510902,10,666.1899415139417,0.0,0.0,0.0,10,0.0,-3.7486479271197934,-20.673853304199195,-24.6991815229821,10,6.273830458697345,342.65517831479553,286.7574921528465,62.607872313224746,10,86.81650146858289,320.5268859857163,278.35435868138643,58.08517056629492,10,80.59111081593346,2763.618834083716,2367.40275648564,451.4417425421146,10,730.8029727349883,0.0,0.0,0.0,10,0.0,0.0,0.0,0.0,10,0.0,0.0,0.0,0.0,10,0.0,4975.070329058332,4186.79731446618,618.6465438105524,10,1355.026523542359,0.0052356020942408,0.0006858978717617,0.0,10,0.0015919271982622,5.4854364,-0.33758515,-5.431928,1000,1.0943624,1000,840.1729957805907,62,237,315.3593617359174,13395.9987449646,10960.76011951664,738.2974290847778,237,4178.276916719735,97509.0,158.04974174499512,200000.0,165.0,4888.912070035934,33000000.0,1265.4244024181287,165000.0
4.3100833e-08,3.0809588e-09,100.60881,-6.499061e-05,3.6710815e-10,0.008113696,11.7245035,166.12956,166.11424,8.968298,1289.9431,298.81195,1290.6129,1.0,-0.30692032,-1.0,8499,0.8677015,0.2571715047961109,0.2453297781457594,0.237913221020431,10,0.0066011577667579,1000,849.9,261,10,248.523821795819,13430.351425170898,11153.695873832705,3162.968409538269,10,3349.5922175950127,0.0,0.0,0.0,10,0.0,-0.4859894435841682,-1.6477294991098803,-2.06893902470288,10,0.5158147599023887,-188.256275,-594.0987499999999,-717.773925,10,172.42570173657217,309.44935709299705,248.18885014194493,79.70569880346079,10,71.94404727776875,401.8806222316174,314.6701006441172,92.4931456162519,10,91.99492895798971,0.0,0.0,0.0,10,0.0,0.0,0.0,0.0,10,0.0,0.0,0.0,0.0,10,0.0,0.0,0.0,0.0,10,0.0,-56.85886509620744,-174.96397286226835,-209.7772238375485,10,49.08748424355885,-5.134228641811374,-18.94462281965848,-23.75456410920854,10,5.863121520080695,2712.541790606469,2255.1123441332643,673.552614966508,10,665.5642020788545,2672.1675170809085,2215.0565626641555,647.856842620253,10,662.2332246667146,0.0,0.0,0.0,10,0.0,-6.576603755123109,-19.45595261402828,-23.728545807972928,10,5.521062938267192,345.0275598751268,283.0441305294317,89.45870679743908,10,82.18709655498972,329.14637873548907,270.577224516072,84.35915022287298,10,77.42231836364206,2761.509057926719,2239.667976093828,620.4580064457086,10,688.4739367896283,0.0,0.0,0.0,10,0.0,0.0,0.0,0.0,10,0.0,0.0,0.0,0.0,10,0.0,4926.681099915664,3968.446994881027,1077.786840359019,10,1213.2781814742298,0.003831417624521,0.0007090066995954,0.0,10,0.0012250418248001,5.0005517,-0.33406073,-4.8547435,1000,1.0960044,1000,819.578947368421,33,247,347.95367211362134,13445.320540428162,10738.689417360283,324.2022933959961,247,4619.174110926575,97756.0,182.7697098255157,200000.0,166.0,5071.681783676148,33200000.0,1094.2732260774144,166000.0
4.198027e-08,2.9985991e-09,100.624245,-4.793792e-05,3.598236e-10,0.008097876,11.716659,166.03319,166.01785,8.882931,1289.7777,297.88797,1290.4943,1.0,-0.2998363,-1.0,10000,0.8713208,0.255808168622635,0.2476276091964792,0.2407901329661047,10,0.0046353402522939,1000,1000.0,1000,10,0.0,13463.067377090454,13249.73027267456,12702.669819831848,10,221.351193496073,0.0,0.0,0.0,10,0.0,-1.826948208182586,-2.0454125467835595,-2.329119396370248,10,0.1337399650792424,-691.0690875,-713.1060062499998,-744.3406,10,16.51614670439889,301.12127327847827,284.24278785990094,273.53120842040823,10,8.329854699007372,413.5839745062408,353.60642745566065,325.8618621500889,10,22.1350274365798,0.0,0.0,0.0,10,0.0,0.0,0.0,0.0,10,0.0,0.0,0.0,0.0,10,0.0,0.0,0.0,0.0,10,0.0,-203.0538113466069,-208.732094838782,-216.55233438953687,10,4.110674262117114,-22.03991505247848,-23.845231925853668,-26.17040843544436,10,0.959311470065518,2697.886772656486,2615.574108866012,2520.292999972505,10,49.382788609086326,2631.4659399408765,2577.035824962428,2479.4167491032504,10,41.54650895108711,0.0,0.0,0.0,10,0.0,-19.83810896587286,-23.21499852054516,-24.699941216549945,10,1.2375139276767362,337.2084290513165,323.19831530662924,300.4609666822969,10,11.24089721800794,328.97643114684064,318.850291011444,310.2575534892001,10,6.41846855027648,2776.005040432244,2689.684886743943,2559.051852411182,10,69.10937153736855,0.0,0.0,0.0,10,0.0,0.0,0.0,0.0,10,0.0,0.0,0.0,0.0,10,0.0,4956.422595316173,4858.253812869663,4522.754190788097,10,128.87107353503478,0.0,0.0,0.0,10,0.0,4.7596784,-0.33394167,-4.9495587,1000,1.095899,1000,792.4779116465863,52,249,359.50550670533835,13387.511022567747,10384.430698578615,509.44083976745605,249,4787.363191318344,98005.0,160.4166567325592,200000.0,167.0,5232.098444461823,33400000.0,1246.7533239608197,167000.0
4.0901007e-08,2.9207143e-09,100.59042,-4.5681823e-05,3.5136646e-10,0.008092914,11.705637,165.92015,165.90477,8.693861,1291.5083,281.01013,1292.3113,1.0,-0.2945998,-1.0,9606,0.87259734,0.2590676061734538,0.249793294281876,0.2425911639999831,10,0.004875941344476,1000,960.6,752,10,82.03438303540779,13584.956762313845,12677.07739329338,9414.704483032228,10,1272.483631376096,0.0,0.0,0.0,10,0.0,-1.4876575706598754,-1.94580889311284,-2.1645113755126992,10,0.212986410833637,-550.5972999999999,-686.92816,-730.05065,10,57.95249770945728,294.18051506378595,277.24522465266364,220.61617591559315,10,23.356707683603588,382.083294598252,345.7145522684424,266.09321353223766,10,30.871160350007525,0.0,0.0,0.0,10,0.0,0.0,0.0,0.0,10,0.0,0.0,0.0,0.0,10,0.0,0.0,0.0,0.0,10,0.0,-165.02312226705476,-202.32335676842743,-214.81698518248905,10,15.702077905915244,-18.026004435209188,-22.26653917928632,-24.75346647373624,10,1.9348558238181053,2757.9527961454805,2512.4086939046183,1917.7594752141129,10,234.9329580006797,2652.1437729234062,2429.1833199685184,1794.736001593899,10,245.60292150984444,0.0,0.0,0.0,10,0.0,-17.546324130596926,-21.56168152276897,-24.78618544638168,10,2.125180367657519,346.97022429163314,319.5220745024308,248.33324522727065,10,28.65104493816499,328.3913339792499,307.1478231892191,246.5949989472536,10,23.282291763473445,2767.5428901192963,2547.767302070248,1862.0989018363337,10,267.3342034803767,0.0,0.0,0.0,10,0.0,0.0,0.0,0.0,10,0.0,0.0,0.0,0.0,10,0.0,4973.614228091456,4679.130780867595,3452.950888311701,10,499.5623577742588,0.0013297872340425,0.0002500747421396,0.0,10,0.0005014088233794,4.586653,-0.33225575,-4.6031404,1000,1.0942508,1000,876.2938596491229,34,228,299.75482167963673,13393.917511940002,11527.779259100294,310.4492597579956,228,3993.3717341058527,98233.0,158.41009092330933,200000.0,168.0,5390.508539199829,33600000.0,1262.545831735085,168000.0
3.98589e-08,2.8440976e-09,100.51565,5.1928164e-06,3.446146e-10,0.008036059,11.684937,165.70796,165.69241,8.284456,1297.1404,259.16568,1298.188,1.0,-0.2833319,-1.0,8472,0.87650615,0.2740970983433841,0.2562378792308634,0.2459696965098016,10,0.0078040528475975,1000,847.2,260,10,233.68731244977764,13503.21141242981,11133.752591133118,3066.7167072296143,10,3240.070889260676,0.0,0.0,0.0,10,0.0,-0.480834604893738,-1.710569971161214,-2.25153863170528,10,0.520861810306196,-192.993275,-612.8533225,-736.5837624999999,10,166.69283739742752,297.1965085628904,247.1821911149039,81.15659199028742,10,66.35816584853124,386.8906291891444,311.1490645241298,93.58659424312276,10,80.82866653902789,0.0,0.0,0.0,10,0.0,0.0,0.0,0.0,10,0.0,0.0,0.0,0.0,10,0.0,0.0,0.0,0.0,10,0.0,-61.1492580944808,-182.20881527825296,-221.03477647842143,10,47.46701547543169,-4.962790520375207,-18.89111981617689,-24.47486864225971,10,6.223326112808686,2705.600563940852,2213.4326098005868,623.6302307123451,10,628.766671438564,2626.5428584754336,2172.1494605068488,652.1276016837753,10,599.1858689935364,0.0,0.0,0.0,10,0.0,-5.254159509730823,-18.69612840892448,-24.40025711474792,10,5.6847898532133465,347.7377374255045,278.35782014062966,77.90860226606202,10,82.53976100988079,330.7543316880979,273.8481261955702,90.50561179311867,10,70.66125706050282,2760.504678124936,2218.163322892712,633.6736281463843,10,657.1984752639395,0.0,0.0,0.0,10,0.0,0.0,0.0,0.0,10,0.0,0.0,0.0,0.0,10,0.0,4967.002516482312,4079.495855718115,1020.3825770772786,10,1254.6493182985612,0.0038461538461538,0.0007974688815132,0.0,10,0.0011913481999651,4.753352,-0.32583034,-5.1611643,1000,1.0969809,1000,806.8785425101214,51,247,353.575744516541,13493.129300117493,10624.316239662016,449.3852643966675,247,4733.673199769831,98480.0,156.7455129623413,200000.0,169.0,5547.254055976868,33800000.0,1275.9535901231875,169000.0
3.8852974e-08,2.769766e-09,100.308495,1.0734379e-05,3.3847203e-10,0.008013944,11.662069,165.43515,165.41971,7.761414,1304.233,246.48505,1305.5239,1.0,-0.2684332,-1.0,7667,0.87932295,0.2717472559872521,0.2613756332379431,0.2503402649739651,10,0.0061825423755373,1000,766.7,438,10,248.58280310592687,13453.249507904053,9969.883957004547,5081.98162651062,10,3516.936153678065,0.0,0.0,0.0,10,0.0,-0.7584842502297373,-1.48100634105302,-2.062224971205074,10,0.5341051065109199,-319.944875,-558.152815,-736.5837625,10,177.8817136959466,289.8796639056096,225.2012845226668,129.46271878556752,10,66.50750982012282,412.4068561280316,299.24418176041394,168.53328430501566,10,91.16414508408268,0.0,0.0,0.0,10,0.0,0.0,0.0,0.0,10,0.0,0.0,0.0,0.0,10,0.0,0.0,0.0,0.0,10,0.0,-98.05040974985567,-168.91311454573017,-220.26913627977493,10,51.4436935175141,-8.331964528260269,-16.578542092510105,-24.186623200686064,10,6.230116811471647,2680.011315733266,2017.0655295601828,1165.1197589487492,10,658.5682397677106,2667.925982626656,1990.6051039845,1128.4790959271145,10,676.5141022777176,0.0,0.0,0.0,10,0.0,-7.939889755293632,-15.887249778952542,-22.713078475880565,10,5.640651864380839,341.86623660136024,249.98171283594485,147.39534856283825,10,80.35716331793648,333.0144729299417,253.4836907565908,144.23303559010867,10,77.03585853913783,2682.311480951156,1955.838981148548,1018.6390449641794,10,693.2478616949336,0.0,0.0,0.0,10,0.0,0.0,0.0,0.0,10,0.0,0.0,0.0,0.0,10,0.0,4933.008985131931,3578.2572605063046,1439.4332093692185,10,1378.6446889129415,0.002283105022831,0.0009770075994,0.0,10,0.0010081215829418,4.74754,-0.3205678,-4.52017,1000,1.097344,1000,790.9409448818898,52,254,368.92605427153967,13431.208876609802,10429.305504102407,599.3742837905884,254,4939.563046419339,98734.0,156.85893297195437,200000.0,170.0,5704.112993717194,34000000.0,1275.0309861903695,170000.0
3.78834e-08,2.6975762e-09,100.24701,-8.542254e-05,3.330963e-10,0.008105183,11.668614,165.46869,165.45312,7.955169,1302.9198,300.48074,1303.927,1.0,-0.2606315,-1.0,8417,0.88134086,0.2757482952802381,0.2623271696564049,0.2482941273764498,10,0.0084899441989217,1000,841.7,350,10,211.88489799889,13485.851523399351,10793.181278562546,4320.063942909241,10,2764.935740540785,0.0,0.0,0.0,10,0.0,-0.5871887856173703,-1.610031599705514,-2.0958030798490768,10,0.4449376881911981,-249.9359625,-616.8245075,-755.78835,10,159.99913659058632,299.012603374878,248.40632521465733,115.38021401650118,10,59.785696449241314,415.1612731949581,327.9473308508548,146.47613182101486,10,79.05473431544016,0.0,0.0,0.0,10,0.0,0.0,0.0,0.0,10,0.0,0.0,0.0,0.0,10,0.0,0.0,0.0,0.0,10,0.0,-78.06936031011597,-187.83636978050063,-235.1348007899656,10,48.62458103094502,-6.794556313175891,-18.02639164278823,-23.05586091796706,10,4.966988999187608,2692.514062354081,2201.3920154440043,866.845009118754,10,563.2448471745205,2656.809270797527,2175.968799590896,890.5747496215886,10,535.7738945855165,0.0,0.0,0.0,10,0.0,-7.187873633777303,-17.696494852048414,-23.00923126847933,10,4.563142559294227,333.28902581068724,273.1852114869745,114.95205069196162,10,71.6969679040458,343.0026041522706,277.0340408242506,118.7626908652678,10,69.30850174161127,2708.6957343865315,2098.7030965734166,904.660898064344,10,526.0692959541982,0.0,0.0,0.0,10,0.0,0.0,0.0,0.0,10,0.0,0.0,0.0,0.0,10,0.0,4931.316276774953,3853.923553178271,1430.6057190558236,10,1063.4607641487655,0.0028571428571428,0.0009205387872029,0.0,10,0.0008951353200823,4.6164904,-0.3072228,-4.948042,1000,1.1041353,1000,661.5880398671096,33,301,367.1328025942059,13421.722661972046,8637.725948351166,263.57675218582153,301,4902.181828873602,99035.0,182.8331961631775,200000.0,171.0,5886.946194410324,34200000.0,1093.893254600774,171000.0
3.6952827e-08,2.6323401e-09,100.317726,-4.650202e-05,3.238863e-10,0.008071918,11.66712,165.45047,165.43477,8.212808,1300.8715,316.3264,1301.6979,1.0,-0.26620096,-1.0,7911,0.87787706,0.2781625397339154,0.2613087852028509,0.2471823010984717,10,0.0082916226784324,1000,791.1,411,10,259.13990429881693,13513.722984313965,10244.98870575428,4794.1695466041565,10,3654.8841714512864,0.0,0.0,0.0,10,0.0,-0.7138995937211254,-1.5285184539143086,-2.2055719974038874,10,0.5535850686331861,-305.99046250000004,-578.20414125,-746.6104124999999,10,185.50019047927896,306.20059327833894,231.41287640747268,129.8349264415739,10,71.32964320965726,412.0529282817978,310.00942607989253,172.6069510445391,10,99.77358428897551,0.0,0.0,0.0,10,0.0,0.0,0.0,0.0,10,0.0,0.0,0.0,0.0,10,0.0,0.0,0.0,0.0,10,0.0,-97.70925154144751,-173.77531723414808,-224.64668441709705,10,53.62233609108879,-7.41643206002872,-16.536222137907725,-22.751282117392265,10,6.013178643683187,2682.0913719692267,2076.1501874092114,972.3322861962876,10,719.1378540933755,2645.3304018864096,2051.3679324735213,1046.5633762960815,10,676.2519726309027,0.0,0.0,0.0,10,0.0,-8.8551365130634,-16.731204225414157,-24.21296736003376,10,5.7194588137955495,337.6016988822019,260.327708027248,126.5244929069798,10,87.36515503378517,340.59467669571984,259.3964907127992,140.81749269637822,10,84.00665902497141,2783.504045597192,1997.3990900290728,953.246800920624,10,712.7913884326666,0.0,0.0,0.0,10,0.0,0.0,0.0,0.0,10,0.0,0.0,0.0,0.0,10,0.0,4954.122149285965,3680.951558671186,1579.6574018438469,10,1420.324616950741,0.0024330900243309,0.0008521486106341,0.0,10,0.0010579851547079,4.4839406,-0.31162724,-4.967958,1000,1.0974257,1000,867.4199134199134,52,231,306.6502602547048,13418.1524848938,11431.646438827762,608.7758846282959,231,4105.6699948959895,99266.0,155.8649332523346,200000.0,172.0,6042.811131954193,34400000.0,1283.1622599562777,172000.0
3.60714e-08,2.569346e-09,100.3355,-4.9235005e-05,3.1636577e-10,0.008076075,11.663711,165.37225,165.35652,8.086946,1302.027,301.4313,1302.8506,1.0,-0.25511187,-1.0,6431,0.87837005,0.2716167723463988,0.2637509337401835,0.2542218905437702,10,0.005876544375648,1000,643.1,328,10,268.2660805990948,13159.56812095642,8123.421605205536,3995.746007919312,10,3511.98250698767,0.0,0.0,0.0,10,0.0,-0.558596032090286,-1.2103822435066447,-2.041121119005487,10,0.5552429229847454,-247.2516625,-473.07432125,-739.2285875,10,197.154637286498,304.0349312712479,193.39404781565685,95.71020826174215,10,79.53257526035641,393.17789833869926,257.4602245901816,126.03819701851948,10,100.63726901102186,0.0,0.0,0.0,10,0.0,0.0,0.0,0.0,10,0.0,0.0,0.0,0.0,10,0.0,0.0,0.0,0.0,10,0.0,-75.88304903601251,-143.0767758439014,-225.83739221571955,10,57.5230817122133,-5.362907546748572,-12.902139297767633,-22.902441185636977,10,6.5604783795892825,2602.4835722508,1664.5026916796796,795.7100695261731,10,709.3293818085216,2629.6693597694075,1656.727764018401,831.1912936931674,10,695.0212430420818,0.0,0.0,0.0,10,0.0,-7.06587749923264,-13.755130662422578,-22.64630559831768,10,5.76385543873482,332.61859114005216,210.94679605981003,113.38928927466864,10,87.35056124287779,322.95689295969146,211.49767945034864,110.55671046071868,10,84.48379816166074,2696.708082579141,1568.2555719357758,704.7852407191252,10,701.9990889786998,0.0,0.0,0.0,10,0.0,0.0,0.0,0.0,10,0.0,0.0,0.0,0.0,10,0.0,4710.256543150666,2869.500317957109,1379.8095594653887,10,1278.3383250240147,0.0030487804878048,0.0016814815922283,0.0,10,0.0010766637039167,4.941017,-0.3140802,-4.8374333,1000,1.0970304,1000,823.8565573770492,27,244,347.8230187538392,13422.586046218872,10852.499860275964,274.00929737091064,244,4651.43782384589,99510.0,153.53846955299375,200000.0,173.0,6196.349605560303,34600000.0,1302.605142426342,173000.0
3.5271984e-08,2.5112443e-09,100.311874,-5.0269853e-05,3.1051464e-10,0.00807522,11.6632,165.33826,165.32237,8.198662,1301.7909,288.23987,1302.584,1.0,-0.27314633,-1.0,6345,0.87437487,0.2736893398168125,0.2570941771408191,0.2489801463326833,10,0.0073747298026016,1000,634.5,286,10,257.36093332127933,12986.668511390686,8163.844810843468,3347.9186992645264,10,3482.5502577139696,0.0,0.0,0.0,10,0.0,-0.4594005238696627,-1.198764349721981,-1.8900492801370048,10,0.5160504290325582,-209.967525,-458.0679,-719.6884625,10,184.34298546444344,296.33743148818496,187.2740759713816,95.38240556663276,10,70.85648007066003,402.06137802618207,247.9840509500993,121.39832256470504,10,97.78658684426652,0.0,0.0,0.0,10,0.0,0.0,0.0,0.0,10,0.0,0.0,0.0,0.0,10,0.0,0.0,0.0,0.0,10,0.0,-67.15044694561267,-137.3068259443682,-216.0686043125264,10,53.76185329582827,-4.346081632475018,-12.753649522629072,-20.428333295300703,10,5.490690698797609,2636.476565166757,1672.0835865033907,669.4044097150802,10,698.468454559036,2631.1845098173944,1623.657606800174,763.0565197070739,10,653.7622897099827,0.0,0.0,0.0,10,0.0,-6.024252714054354,-13.618993769196855,-21.27273720998244,10,5.398867918150557,336.5917666763604,210.59370449775383,85.2185285641472,10,87.97671256641196,329.5373618071451,208.47814518622187,97.14254076090752,10,85.49970769586164,2556.8045262370515,1602.612605850681,688.0516807468325,10,657.9086257341816,0.0,0.0,0.0,10,0.0,0.0,0.0,0.0,10,0.0,0.0,0.0,0.0,10,0.0,4684.820527178068,2905.0566659247847,1053.2646312781412,10,1339.081804863438,0.0034965034965034,0.0017844511294706,0.0,10,0.000954578327672,4.6522164,-0.31521112,-4.7667603,1000,1.0966713,1000,853.1234042553192,37,235,318.197592975882,13470.252082824709,11228.461923217774,315.2315120697021,235,4251.053612380015,99745.0,153.58174085617063,200000.0,174.0,6349.931350708008,34800000.0,1302.2381364155783,174000.0
3.4594706e-08,2.4623545e-09,100.3115,-2.4843921e-05,3.0522201e-10,0.008049764,11.655858,165.3507,165.33481,8.087231,1302.0013,289.27985,1302.7822,1.0,-0.26981175,-1.0,5693,0.8728631,0.2677717857961849,0.2579866966839888,0.250624609974026,10,0.0056784599727649,1000,569.3,187,10,354.7748722781815,13255.370142936708,7351.409565258026,2116.197683811188,10,4747.2863574968615,0.0,0.0,0.0,10,0.0,-0.3453694725354613,-1.0985998546076083,-2.0348425253663267,10,0.6984170498804737,-131.964925,-413.19074625,-726.73475,10,256.2582211782821,301.6838149654551,170.0319849277668,56.99803290922563,10,102.7439131915398,416.02872513094366,230.00854330218831,66.61278210324335,10,143.52715211123638,0.0,0.0,0.0,10,0.0,0.0,0.0,0.0,10,0.0,0.0,0.0,0.0,10,0.0,0.0,0.0,0.0,10,0.0,-41.43323926905919,-122.86562132568142,-217.39412291748687,10,74.44037843789062,-3.801484834401383,-11.188793322993645,-20.745645268319628,10,7.324829401069413,2660.5877101423944,1495.9667859831384,420.2113497503078,10,952.8927867729664,2626.2825525158387,1485.0741614208664,461.4204693193904,10,928.641353140924,0.0,0.0,0.0,10,0.0,-4.27146172018856,-12.134292280604644,-22.2367809666909,10,7.461958056305712,334.12638671438333,188.9910629990692,63.33982558544237,10,115.48592267195596,328.3744906353261,185.47040049560687,55.751495628207046,10,115.5272944825074,2649.0941126572825,1409.9129828057569,429.68415558727327,10,917.4796220199236,0.0,0.0,0.0,10,0.0,0.0,0.0,0.0,10,0.0,0.0,0.0,0.0,10,0.0,4830.081764346392,2631.585618501544,625.1165020114532,10,1753.171673411363,0.0053475935828877,0.0024463736194408,0.0,10,0.0020525996332172,4.6840734,-0.3187694,-5.3386445,1000,1.0960877,1000,823.4688796680498,52,241,341.6017555648228,13424.463375091553,10843.57497026119,600.3845863342285,241,4542.970101953036,99986.0,152.5102195739746,200000.0,175.0,6502.441575050354,35000000.0,1311.387529036968,175000.0
3.400841e-08,2.4219755e-09,100.1433,3.2239874e-05,2.9869757e-10,0.007979225,11.645216,165.2146,165.19888,7.7983894,1305.0079,262.94852,1306.044,1.0,-0.2743569,-1.0,4149,0.8739288,0.2698217013588294,0.2560327609182697,0.2389140039860065,10,0.0088123815701351,1000,414.9,187,10,222.64700761519344,13148.635766983032,5119.768918848038,2294.478130340576,10,2966.578207253194,0.0,0.0,0.0,10,0.0,-0.359113079441834,-0.7558804249514895,-1.9999672081726656,10,0.4531305284782148,-140.412575,-295.91446875,-727.563725,10,161.57486959063024,291.6800366839512,129.15688635375992,55.368617745650525,10,63.54322801036209,370.4011584986434,157.03683498951972,76.03296641641788,10,82.47601245616548,0.0,0.0,0.0,10,0.0,0.0,0.0,0.0,10,0.0,0.0,0.0,0.0,10,0.0,0.0,0.0,0.0,10,0.0,-43.06333282228837,-89.72752307274342,-214.1810573796391,10,47.11774487775725,-3.62660835303788,-8.273773627212934,-21.189341158249565,10,4.968147054339112,2617.4097862976414,1047.5741811190385,484.4146008272019,10,591.8491103087257,2519.301088431176,1058.4200094447517,462.75352354232064,10,556.6056945805473,0.0,0.0,0.0,10,0.0,-4.213233334130178,-9.274639497708453,-21.89762018012992,10,4.961964148381816,326.7597829019055,136.52059722364083,73.58154175141438,10,70.46824093892522,326.38388459496247,136.46213723036303,54.088572627836925,10,73.14847352418836,2570.198089182606,1020.851178565106,401.661677824189,10,579.677715086308,0.0,0.0,0.0,10,0.0,0.0,0.0,0.0,10,0.0,0.0,0.0,0.0,10,0.0,4914.329208788525,1754.2482949258174,793.30467780727,10,1141.501851167196,0.0053475935828877,0.0028716862229384,0.0,10,0.0014031002407639,4.710107,-0.31978646,-5.654315,1000,1.0955585,1000,821.4180327868852,42,244,343.61913819494254,13396.449759483336,10796.7316961777,475.8921480178833,244,4590.516833047012,100230.0,175.98920154571533,200000.0,176.0,6678.430781126022,35200000.0,1136.4333620665218,176000.0
3.3457887e-08,2.3823898e-09,99.90461,1.2639692e-05,2.9424158e-10,0.007979728,11.633542,165.08914,165.07341,7.383935,1308.6145,244.99103,1309.8943,1.0,-0.25996107,-1.0,3617,0.87716097,0.2649987927316981,0.2597510318954825,0.2500180174538299,10,0.0038581772998085,941,361.7,121,10,222.59966307252128,12092.81660604477,4522.737956333161,1367.3926486968994,10,2895.148454806694,0.0,0.0,0.0,10,0.0,-0.2078481509371193,-0.668706340812005,-1.8032950144135,10,0.4297416774424659,-83.09487499999999,-263.11469125,-699.2009375,10,166.48333682346478,277.9371355291887,105.68589374502274,36.24076364123811,10,65.11157246596227,372.3065207731154,144.43756195607332,49.09962081267187,10,88.47382792947427,0.0,0.0,0.0,10,0.0,0.0,0.0,0.0,10,0.0,0.0,0.0,0.0,10,0.0,0.0,0.0,0.0,10,0.0,-27.15631760108726,-79.83979437164308,-207.0393358376577,10,48.752283720010325,-2.599784580389622,-6.688227763223357,-16.77202668587265,10,3.7857677530765055,2405.379990289656,923.6879001291742,277.34181708481293,10,574.9601313650884,2450.565423471204,937.041386462884,292.26861552164104,10,582.2938257532786,0.0,0.0,0.0,10,0.0,-2.939225463279058,-7.851715430492584,-19.915851473277144,10,4.562423665063313,301.5659538142534,123.67040064603884,35.49624904476421,10,72.77304801980623,315.6306927156393,117.82099618006988,39.78482257267465,10,75.04970153980119,2258.3844956266703,864.1244780299428,281.1805780427033,10,532.6195719196146,0.0,0.0,0.0,10,0.0,0.0,0.0,0.0,10,0.0,0.0,0.0,0.0,10,0.0,4464.509338245664,1590.6081787053265,443.0187041127294,10,1092.056452361698,0.0082644628099173,0.0038597819369505,0.0010626992561105,10,0.0022752469305182,4.966242,-0.3177935,-4.7957993,1000,1.094913,1000,821.6722689075631,46,238,345.9030711183956,13412.858338356018,10795.733241704333,467.1039552688599,238,4618.97906303006,100468.0,149.93628215789795,200000.0,177.0,6828.367067813873,35400000.0,1333.8999548446848,177000.0
3.2924895e-08,2.3420716e-09,99.8342,-2.8140857e-05,2.919203e-10,0.008014877,11.632641,165.04677,165.0309,7.217182,1308.8469,235.96117,1310.1222,1.0,-0.26316696,-1.0,5911,0.87617826,0.2678284296786817,0.2607011691276556,0.2534206332530195,10,0.0048453393910602,1000,591.1,175,10,338.20746591404514,13155.688125610352,7503.257791137696,2100.496118545532,10,4484.764549305482,0.0,0.0,0.0,10,0.0,-0.3005629431458123,-1.134683700079881,-1.9848025099730624,10,0.6535728830187117,-124.780475,-431.864395,-730.6625124999999,10,245.9247414131065,301.22355047269406,170.04202524442525,54.06028944502411,10,97.3437522690818,413.6608328872754,234.347737822998,63.62311085113959,10,137.26433710823468,0.0,0.0,0.0,10,0.0,0.0,0.0,0.0,10,0.0,0.0,0.0,0.0,10,0.0,0.0,0.0,0.0,10,0.0,-40.02439743289818,-129.716081714425,-218.2560873911775,10,72.61354574533577,-2.7185943554979355,-11.577450898868111,-20.770295679763272,10,6.591669985696166,2687.292236284734,1545.661673906492,444.3853090259079,10,915.6777867405376,2631.6515710898548,1529.0665958605198,405.5474390135522,10,893.5426299701267,0.0,0.0,0.0,10,0.0,-4.185917693296462,-12.892109007395575,-23.03797851418803,10,7.348992504094404,339.67272319758644,194.2904337064141,60.92193414738499,10,108.12557224299458,326.9823542993937,192.52484430050043,55.98983891030433,10,108.25108701680249,2685.970715587312,1489.593366568059,428.608182986161,10,913.3696138085926,0.0,0.0,0.0,10,0.0,0.0,0.0,0.0,10,0.0,0.0,0.0,0.0,10,0.0,4764.548857370235,2615.6464857192123,722.5125239529859,10,1582.7704768374715,0.0057142857142857,0.0022067772935917,0.0,10,0.0018775296312219,4.908708,-0.31378227,-4.7585063,1000,1.0951875,1000,864.6853448275862,30,232,310.00433833291095,13432.838581085203,11377.658102985086,286.184823513031,232,4134.985437708983,100700.0,152.8353235721588,200000.0,178.0,6981.202396154404,35600000.0,1308.5980081402656,178000.0
3.2405428e-08,2.3051456e-09,99.76696,-3.5090477e-05,2.8728847e-10,0.008016447,11.630099,165.00162,164.9858,7.0048957,1309.4133,223.64662,1310.7286,1.0,-0.26350942,-1.0,4612,0.87631685,0.2682090292261102,0.2609611228378422,0.2528192117500418,10,0.0044402591819737,1000,461.2,85,10,305.7511406356483,12928.45645904541,5764.8204788208,967.262773513794,10,3882.6494258205553,0.0,0.0,0.0,10,0.0,-0.1694920138783659,-0.8954379396225753,-1.9912940417328768,10,0.5920164873725074,-61.56126249999999,-337.27242625,-739.0114749999999,10,223.9896616699318,284.3347815728514,135.59759022926227,23.90995660025797,10,86.69394304920765,393.8851840097959,178.55636371068493,28.012543661116016,10,121.48999101618324,0.0,0.0,0.0,10,0.0,0.0,0.0,0.0,10,0.0,0.0,0.0,0.0,10,0.0,0.0,0.0,0.0,10,0.0,-19.466975988441945,-101.11949579380016,-217.65893920892327,10,66.08920786555167,-1.0123477612687224,-9.039811759103088,-20.148243687217303,10,5.944259730331419,2593.0425682109576,1177.9566114344966,182.700494507808,10,807.2034295535314,2660.786484319004,1192.8803088943382,187.90082547076105,10,808.6163383166656,0.0,0.0,0.0,10,0.0,-2.0006405913280423,-10.440960588356033,-22.78588903262155,10,6.797304623575417,328.6700895043112,151.1417445772389,21.70867303444074,10,100.96932547726551,313.4977806515401,146.9451783849827,23.45089386908996,10,97.36143338261267,2660.726830309379,1144.703261739802,182.42174604336947,10,785.0915974316144,0.0,0.0,0.0,10,0.0,0.0,0.0,0.0,10,0.0,0.0,0.0,0.0,10,0.0,4496.599936547469,2003.360572326059,368.52376062104577,10,1328.4276009074288,0.0117647058823529,0.0044852603082627,0.0,10,0.004271626326334,4.8548927,-0.3076372,-5.838469,1000,1.0980959,1000,833.0875,27,240,337.97408161536595,13395.378036499023,10939.136412525177,262.5548367500305,240,4496.005210244662,100940.0,151.08914375305176,200000.0,179.0,7132.291545152664,35800000.0,1323.721844151098,179000.0
3.1898185e-08,2.2695281e-09,99.80482,-6.013296e-05,2.8232636e-10,0.008044518,11.63157,164.95238,164.93646,7.043624,1308.619,228.01009,1309.8892,1.0,-0.26371914,-1.0,4347,0.8761247,0.2868699846314522,0.2625052385394758,0.2505058498379163,10,0.0101049632496765,1000,434.7,138,10,259.47834206345624,12393.099593162537,5352.320382738113,1596.73251247406,10,3212.473051677167,0.0,0.0,0.0,10,0.0,-0.2597468271043464,-0.8394678670094695,-1.973715259686928,10,0.5045853801064828,-101.2731125,-317.6434825,-724.9188999999999,10,186.5710358586012,279.213856555701,122.76398589724516,43.36013713458736,10,72.68961061015476,394.1751608884502,163.23123748037276,53.32314548731104,10,103.33432172330724,0.0,0.0,0.0,10,0.0,0.0,0.0,0.0,10,0.0,0.0,0.0,0.0,10,0.0,0.0,0.0,0.0,10,0.0,-30.766834182717098,-95.18748136737038,-210.97407872865887,10,53.94910606186496,-2.347873550467607,-8.518620979577083,-19.439042168719432,10,5.13958406364021,2681.1010203780666,1116.331212958266,312.7453949703418,10,702.1163353311302,2590.94184809224,1116.2443898248594,373.2984291864637,10,668.9246463773281,0.0,0.0,0.0,10,0.0,-2.923296659055068,-10.120118450285837,-22.941140306783616,10,5.798948769205469,340.4245093441695,143.5302563005101,40.55960924407634,10,90.00446755761989,316.4648642218074,139.6542606458685,45.918154409234994,10,81.01211673877505,2610.047122427733,1075.1832661108083,224.28326796107544,10,698.7194426906206,0.0,0.0,0.0,10,0.0,0.0,0.0,0.0,10,0.0,0.0,0.0,0.0,10,0.0,3969.438169648645,1821.115401022956,604.9955039357968,10,1006.890169804834,0.0072463768115942,0.0033027012815648,0.0,10,0.0022833756739568,4.7003975,-0.30569968,-4.8276706,1000,1.0997263,1000,790.008,35,250,359.343479050337,13423.908511161804,10371.935683412552,356.6032238006592,250,4781.096012927039,101190.0,150.29677987098694,200000.0,180.0,7282.58832859993,36000000.0,1330.7004991835338,180000.0
3.1402614e-08,2.2309696e-09,99.929405,-6.559172e-05,2.8123984e-10,0.008059945,11.622837,164.92023,164.90416,7.217894,1307.1825,243.80714,1308.4434,1.0,-0.26648355,-1.0,4075,0.8754654,0.267191760125594,0.2565355835383155,0.2494817943433322,10,0.0056218637084544,660,407.5,169,10,142.03819908742858,7845.456542491913,5015.407396578788,2029.1667313575745,10,1761.0126661719669,0.0,0.0,0.0,10,0.0,-0.3066765902947795,-0.8043964615040184,-1.242841657400974,10,0.2968740382157788,-118.622375,-297.649395,-492.5098375,10,107.72455742514002,189.3706141622465,117.44665712929216,52.914100245453206,10,38.73197896821299,261.45461542186484,150.621015414959,51.42593894430523,10,60.346851129813935,0.0,0.0,0.0,10,0.0,0.0,0.0,0.0,10,0.0,0.0,0.0,0.0,10,0.0,0.0,0.0,0.0,10,0.0,-37.214736587754345,-88.78635992902016,-149.7443151091275,10,31.77315247760941,-2.903140199535839,-7.9478097838144945,-12.621864065622864,10,3.185246914882229,1667.589799186234,1046.0533796100524,425.5056831515856,10,365.881650604132,1699.966544988576,1040.0622700109973,418.7368054070305,10,371.92418130097866,0.0,0.0,0.0,10,0.0,-4.283051792523354,-8.946650711301805,-14.079757148514634,10,3.015486858009797,216.6555925352696,135.63800924533908,58.31353705175327,10,44.87353960932484,223.39542000504008,135.78692417711466,55.43813013604631,10,48.6565890416968,1484.983364280872,973.043631100764,437.7815677408207,10,303.0975108797133,0.0,0.0,0.0,10,0.0,0.0,0.0,0.0,10,0.0,0.0,0.0,0.0,10,0.0,2793.6531130556987,1740.5947999551313,658.7920829396381,10,659.0534876382613,0.0059171597633136,0.0028353767549177,0.0015151515151515,10,0.0012130347576894,5.0874786,-0.3043805,-4.9811773,1000,1.1001304,1000,799.5138339920949,28,253,361.6880122260998,13386.07031917572,10485.322084446669,251.6957302093506,253,4806.719539380593,101443.0,173.6116394996643,200000.0,181.0,7456.19997215271,36200000.0,1151.9964938778585,181000.0
3.091837e-08,2.1983206e-09,100.0837,-9.1993374e-05,2.7514913e-10,0.008098687,11.629583,164.93025,164.91423,7.5530314,1305.7524,269.24475,1306.9137,1.0,-0.25382715,-1.0,4715,0.87976176,0.2692689674486642,0.2625668720577238,0.2519536932910549,10,0.0049608768681596,723,471.5,147,10,210.0129757895926,8875.042227268219,5866.959202051163,1824.528887271881,10,2659.360943927184,0.0,0.0,0.0,10,0.0,-0.3288070677141772,-0.9540567426132884,-1.4687318879945956,10,0.4210193481566943,-109.6812875,-351.6235625,-529.6558124999999,10,158.1009927610416,207.08967602299643,137.1469720717798,40.01652509856687,10,60.80728001973032,276.98389904210904,173.7237569734722,51.72008838648373,10,80.71636223360507,0.0,0.0,0.0,10,0.0,0.0,0.0,0.0,10,0.0,0.0,0.0,0.0,10,0.0,0.0,0.0,0.0,10,0.0,-33.281627742718754,-105.0225687220445,-161.04698933748517,10,46.798714723927,-3.4919377978865005,-9.45187097090066,-13.778888363693993,10,3.817721846199843,1911.4798337512136,1193.687249063836,362.24362830657054,10,547.263645086419,1891.7091577017964,1209.2396790452235,344.9488651001303,10,563.919568007106,0.0,0.0,0.0,10,0.0,-2.817338570861569,-10.471910654684825,-16.45339506498962,10,4.829283065966743,248.1005201279288,157.754435413197,43.269185541367534,10,70.33328056779341,226.0817074664857,150.67223607893172,52.51479034223368,10,65.53911031928503,1711.1017284820507,1133.170535889231,365.1723036201299,10,519.0000999428532,0.0,0.0,0.0,10,0.0,0.0,0.0,0.0,10,0.0,0.0,0.0,0.0,10,0.0,3166.6433761846365,2094.78703887711,684.3037907912454,10,932.4542109385078,0.0068027210884353,0.0028714287133501,0.0013831258644536,10,0.0018259536427998,5.4152775,-0.30125722,-4.9580855,1000,1.1015123,1000,746.0792452830188,46,265,390.00412835671295,13422.974487304688,9799.20824891756,542.5742664337158,265,5200.740185644872,101708.0,149.8376908302307,200000.0,182.0,7606.037667512894,36400000.0,1334.777644341865,182000.0
3.0445104e-08,2.1632096e-09,100.34951,-0.00015047562,2.7239944e-10,0.008178435,11.637599,164.994,164.97781,7.853737,1303.6149,281.6126,1304.6652,1.0,-0.24179123,-1.0,4863,0.88185203,0.2744743865614317,0.2658709935479293,0.253446872835275,10,0.0065510370663825,1000,486.3,218,10,269.65238734340926,12668.66286468506,6029.068625760078,2765.982258796692,10,3430.5851866586377,0.0,0.0,0.0,10,0.0,-0.4628023902490842,-0.9970763673893588,-2.1548658117974573,10,0.5786478175197108,-166.92003749999998,-367.99187125,-774.1837,10,209.61070073991377,285.17158123638933,138.56722484932885,61.257282621113006,10,73.96181139279133,378.9309486639704,184.21110885779245,79.23871407535307,10,100.5402435853063,0.0,0.0,0.0,10,0.0,0.0,0.0,0.0,10,0.0,0.0,0.0,0.0,10,0.0,0.0,0.0,0.0,10,0.0,-48.70693039844791,-110.16448974243926,-232.4932844645997,10,62.077644381866605,-3.648721607604014,-9.373430421023494,-19.85660459431981,10,5.44372870034138,2545.972766106556,1225.245246751212,511.8204001203139,10,696.8451860808494,2611.9304750327474,1255.2527657629566,553.5814051231123,10,705.7809284793573,0.0,0.0,0.0,10,0.0,-4.884708686054315,-10.633157267688963,-22.05786686870165,10,5.857075496774892,350.9287541344229,161.66534489391933,62.20117537127592,10,96.47076711809348,317.943290057637,156.17622590621855,68.80116988041095,10,85.31937103134089,2570.830041248154,1177.9411643093124,521.7755669985581,10,687.0375530093395,0.0,0.0,0.0,10,0.0,0.0,0.0,0.0,10,0.0,0.0,0.0,0.0,10,0.0,4608.419648352539,2130.8654848986907,1016.022767814516,10,1223.3555802150204,0.0045871559633027,0.0024154288801001,0.0,10,0.0014506778586146,4.458864,-0.29627126,-5.133209,1000,1.1022032,1000,825.5271966527197,52,239,330.2615013927343,13440.539251327516,10863.101317858596,463.0512986183167,239,4408.015762953163,101947.0,150.5671029090881,200000.0,183.0,7756.604774475098,36600000.0,1328.3114049206304,183000.0
2.9982555e-08,2.1292021e-09,100.632576,-8.727763e-05,2.6940236e-10,0.008137885,11.635628,164.97878,164.96263,8.071833,1302.7513,282.36554,1303.7107,1.0,-0.22496594,-1.0,6428,0.8861262,0.2828279251051441,0.2734580561444358,0.2633315103077756,10,0.0064765000150268,1000,642.8,227,10,315.5854242515012,13081.718035697935,7942.993852329254,2307.4062898159027,10,4092.202369984881,0.0,0.0,0.0,10,0.0,-0.34449603319366,-1.344659999108869,-2.281363335444551,10,0.7248050377639974,-162.3212,-497.42250125,-798.9739999999999,10,254.6081055402981,302.12153487216165,191.300433239344,69.36385418221384,10,91.5172017633418,405.2582650513309,246.517918302108,101.0270390649156,10,120.0772385834894,0.0,0.0,0.0,10,0.0,0.0,0.0,0.0,10,0.0,0.0,0.0,0.0,10,0.0,0.0,0.0,0.0,10,0.0,-54.69813511986176,-149.6862370843477,-240.24122247988524,10,74.49731866097456,-4.179479124765936,-12.65126132891722,-20.50613821401677,10,6.798546108789111,2491.572361065425,1589.285428552059,514.4477498312024,10,783.0354457047453,2627.7699445633707,1641.054837101367,496.9098841845947,10,823.8299669670837,0.0,0.0,0.0,10,0.0,-5.1237296511688,-14.399631797530878,-24.206769204017817,10,7.610682132020096,331.7520884899227,212.86670775477896,72.44848276599834,10,105.02386363632633,318.4900554199946,206.98563534030487,74.99962191084418,10,99.9715949547448,2700.169684255008,1594.404649449014,495.6783830521598,10,846.5937173753126,0.0,0.0,0.0,10,0.0,0.0,0.0,0.0,10,0.0,0.0,0.0,0.0,10,0.0,4832.79015245655,2803.257464285561,660.5399740338396,10,1516.9758679265797,0.0044052863436123,0.0018054936315909,0.0,10,0.0015018604917405,4.82005,-0.29282412,-5.3700337,1000,1.10203,1000,819.233606557377,48,244,344.1067414717953,13454.896318435667,10775.20017144035,562.2587451934814,244,4600.4172786105055,102191.0,154.0824317932129,200000.0,184.0,7910.687210321426,36800000.0,1298.006512958019,184000.0
2.9530527e-08,2.0975457e-09,100.88361,-0.00014404565,2.6489674e-10,0.008214735,11.635144,164.97942,164.96329,7.984914,1302.5676,272.26266,1303.5908,1.0,-0.21685547,-1.0,2297,0.8929381,0.3123951604471373,0.2823682580749201,0.2659400903613869,10,0.0152791497726914,506,229.7,73,10,116.47235723552603,6416.405291080475,2691.7878100276,783.7111268043518,10,1543.55510534261,0.0,0.0,0.0,10,0.0,-0.1621076856961763,-0.4317537659904452,-0.9892083022782728,10,0.2380933728762695,-59.8638375,-173.618945,-387.999775,10,88.88048157067449,134.49511523848415,63.99903753736578,23.078870256089385,10,33.09410574741625,199.80223760124312,91.1440042263038,27.190134992368023,10,46.36978930217751,0.0,0.0,0.0,10,0.0,0.0,0.0,0.0,10,0.0,0.0,0.0,0.0,10,0.0,0.0,0.0,0.0,10,0.0,-19.88450908938867,-55.110213621479055,-119.20478773700064,10,26.84410336433336,-1.358101112553017,-4.215905753290941,-10.221731907554656,10,2.4596480472197846,1287.9726942889995,543.947980622343,107.03860707559936,10,306.988887553985,1278.023293350817,563.3867925836217,182.65579101284845,10,298.87307517134224,0.0,0.0,0.0,10,0.0,-1.6948581273517305,-5.019782194158934,-10.306952952254294,10,2.328210510276221,171.20145123983406,77.08353292052092,26.426513260496137,10,39.405162703927004,168.3666708092725,75.46084994881782,24.827820107433947,10,38.98280363282205,1270.4772991466737,532.2681031847069,184.63817719109744,10,309.0528940402776,0.0,0.0,0.0,10,0.0,0.0,0.0,0.0,10,0.0,0.0,0.0,0.0,10,0.0,2329.662052699824,934.22676165147,273.25895397987523,10,583.5687941380384,0.0136986301369863,0.0057188360678743,0.0019762845849802,10,0.003292253714179,4.515003,-0.2918681,-5.081814,1000,1.103437,1000,799.3821138211382,44,246,352.1100280810056,13440.768090248108,10487.670010321752,465.3390645980835,246,4702.813850040262,102437.0,147.14665246009827,200000.0,185.0,8057.833867311478,37000000.0,1359.1882428601898,185000.0
2.9088751e-08,2.0669644e-09,101.210884,-0.00012532507,2.6013589e-10,0.008222195,11.637604,164.99725,164.98106,8.09535,1302.4387,279.63022,1303.4263,1.0,-0.23004794,-1.0,3133,0.8894754,0.2978350211078318,0.2758761815898723,0.2657237192909272,10,0.0088445571831743,628,313.3,64,10,168.35263585700108,7565.02227306366,3715.165757775306,699.0478820800781,10,2154.630771876144,0.0,0.0,0.0,10,0.0,-0.1907599365582748,-0.5896283597920026,-1.2257128369390895,10,0.324996783613484,-53.4688875,-234.6394,-477.4698625,10,127.48633008496844,175.31416743466465,90.04298579150914,20.151283512231515,10,45.44328280770104,234.246940697318,125.7407794767092,27.69554986893355,10,66.89862495870508,0.0,0.0,0.0,10,0.0,0.0,0.0,0.0,10,0.0,0.0,0.0,0.0,10,0.0,0.0,0.0,0.0,10,0.0,-16.42371712753716,-73.5713542383698,-146.76867869180984,10,39.12134262410649,-1.889112532553176,-5.7224768263595145,-13.08175042449316,10,3.238098681715429,1581.762408281756,764.267430698065,98.47246609934103,10,465.9204999597524,1620.6924813238777,785.0507098506296,157.29222354162076,10,455.944123295766,0.0,0.0,0.0,10,0.0,-1.637653692742063,-6.720340622362928,-13.652148442026371,10,3.499593251881094,209.06950116756008,105.14933030034544,18.77161525545626,10,57.74336496000132,200.3691521334503,102.39343265489468,24.769574174212703,10,52.63603888719243,1405.205237010172,739.5995724402302,152.68911419460295,10,388.8543169733769,0.0,0.0,0.0,10,0.0,0.0,0.0,0.0,10,0.0,0.0,0.0,0.0,10,0.0,2717.1746030227905,1259.6245556188967,258.44845258709086,10,781.7079845777921,0.015625,0.0048026020548066,0.001592356687898,10,0.0039323683991615,4.693096,-0.29001653,-5.0121183,1000,1.1041019,1000,813.58,35,250,352.6953637347676,13442.183249473572,10660.132711586952,409.1247100830078,250,4702.884027561587,102687.0,173.75160670280457,200000.0,186.0,8231.585478305817,37200000.0,1151.0684925181286,186000.0
2.8657016e-08,2.0365718e-09,101.44902,-0.00012306069,2.559898e-10,0.0082389815,11.638721,164.97571,164.95955,7.9242005,1303.0641,261.04086,1304.1702,1.0,-0.20971088,-1.0,2616,0.8984429,0.3071140750675414,0.2854541796853133,0.2703402149219494,10,0.011115139658847,451,261.6,169,10,84.10017835890717,5281.6148862838745,2794.035261821746,1604.3834929466248,10,1138.706728573878,0.0,0.0,0.0,10,0.0,-0.2534468657484227,-0.4502520744322323,-0.8552131784170753,10,0.2017359842413701,-124.1291375,-196.26772625,-344.222,10,68.21537076664325,134.10722472831284,80.60115733870768,54.13256569002616,10,24.838286593224304,170.95911181112876,106.90332376089994,68.35216272813486,10,30.59712451115556,0.0,0.0,0.0,10,0.0,0.0,0.0,0.0,10,0.0,0.0,0.0,0.0,10,0.0,0.0,0.0,0.0,10,0.0,-42.56410160956918,-64.36641954816483,-109.49662494370286,10,19.789381665188404,-2.9822624054271256,-4.307242448063468,-7.794720420805332,10,1.449094947228968,1052.1345961061338,557.7003692576499,268.13185066778584,10,247.3450961338727,1105.650999027121,634.1561718809618,401.1953143781942,10,222.4267276321,0.0,0.0,0.0,10,0.0,-4.524616930623825,-5.917703406709872,-10.497210221029036,10,1.757672896904264,158.15645812833202,88.84710514185046,54.40090117362671,10,29.79391190862803,143.19731576247938,84.12136035690698,56.53061025709774,10,28.12182797517289,1136.3028613359288,600.7856027650599,397.2845634905451,10,222.8155875553788,0.0,0.0,0.0,10,0.0,0.0,0.0,0.0,10,0.0,0.0,0.0,0.0,10,0.0,1758.7645883241698,856.1362861889793,415.3259301923401,10,432.231868030485,0.0059171597633136,0.0041778609383922,0.0022172949002217,10,0.0011547440753704,4.919598,-0.29249018,-5.294611,1000,1.1028641,1000,836.1316872427983,44,243,333.7992039900575,13454.671188354492,10977.310358451718,477.49945068359375,243,4450.609354978389,102930.0,147.52197980880737,200000.0,187.0,8379.107462406158,37400000.0,1355.7301783721016,187000.0
2.823521e-08,2.0068056e-09,101.69289,-0.000121283905,2.5201113e-10,0.008256713,11.63116,164.91533,164.89925,7.7454205,1303.5973,249.32967,1304.764,1.0,-0.23002008,-1.0,4938,0.8889627,0.2921516289788663,0.276217018428076,0.2687940506352957,10,0.0069403182183463,1000,493.8,111,10,270.418490492052,12779.25555038452,5981.484476995468,1329.3479099273682,10,3405.066363611369,0.0,0.0,0.0,10,0.0,-0.2370367177226972,-0.9210858102574432,-1.9509906253850555,10,0.5054987906250329,-86.11471249999998,-371.56633249999993,-765.9136874999999,10,204.99340917260827,283.78373986298857,143.749026364121,28.814848378546376,10,80.67732812635639,421.0332429442952,198.274413145976,46.24265807470943,10,113.85174181725746,0.0,0.0,0.0,10,0.0,0.0,0.0,0.0,10,0.0,0.0,0.0,0.0,10,0.0,0.0,0.0,0.0,10,0.0,-27.19312786916421,-115.9043925534274,-233.45073920208387,10,62.712395509244814,-2.7200393867072554,-8.54052878864939,-18.0810720790616,10,4.599799960113528,2513.7161475305734,1222.1044450025838,272.2951451576857,10,678.653058458823,2545.213228145469,1243.6601370831825,286.7885317773349,10,690.8040896312511,0.0,0.0,0.0,10,0.0,-2.4790410167938672,-10.337010738931712,-20.79838720927475,10,5.578484981608185,353.5921032199383,168.8304706272747,32.35107336059901,10,92.40886989352612,317.062800906136,160.56337900774287,35.824432363722295,10,86.46303545252466,2634.040323512276,1209.0842180040204,283.05159996753054,10,705.8710162412655,0.0,0.0,0.0,10,0.0,0.0,0.0,0.0,10,0.0,0.0,0.0,0.0,10,0.0,4548.43656201835,2042.026834127581,439.2396788017925,10,1195.6128238767742,0.009009009009009,0.0028876696503125,0.0,10,0.002339396441806,5.3008924,-0.2945821,-4.9931526,1000,1.102237,1000,820.0867768595041,41,242,346.0320721394413,13440.98475074768,10775.147509304945,368.204204082489,242,4611.751610947037,103172.0,151.3805103302002,200000.0,188.0,8530.487977266312,37600000.0,1321.1740372901909,188000.0
2.782316e-08,1.9784852e-09,101.882286,-0.00012678713,2.473679e-10,0.008277369,11.636752,164.87856,164.86252,7.8038726,1303.3069,253.80287,1304.4419,1.0,-0.22986268,-1.0,4957,0.88784146,0.3010530454075757,0.2769863431286633,0.2649309016453975,10,0.009071168889186,1000,495.7,151,10,344.1151115542588,12752.83596420288,6047.933098435402,1742.8388781547546,10,4394.393899572352,0.0,0.0,0.0,10,0.0,-0.3095035832090305,-0.9806088836333948,-2.1849750101548766,10,0.7227700283021097,-120.990875,-376.9645387499999,-770.7296375,10,264.12290466898446,295.831898286216,144.07765198217734,42.56318010171148,10,100.8078506747052,410.8611005552783,201.04048434871595,56.334578150191405,10,137.332443234268,0.0,0.0,0.0,10,0.0,0.0,0.0,0.0,10,0.0,0.0,0.0,0.0,10,0.0,0.0,0.0,0.0,10,0.0,-39.28625701344431,-115.64131190855367,-235.23775655761176,10,78.40187216779141,-3.1947520648009387,-9.551088789279058,-19.6112305389914,10,6.536509675538686,2598.100217511112,1243.3388286833977,378.8423878155505,10,883.0810362261599,2570.991485143254,1257.3095763939848,329.1564355887673,10,881.0755986613748,0.0,0.0,0.0,10,0.0,-3.4145225544010662,-10.585021700932923,-20.57951290860124,10,6.779561481012775,341.4198642469248,164.12743058685444,47.791490065790576,10,112.47293655445075,331.9377608389706,159.8430933624325,53.18031991926594,10,111.64098676074912,2451.074572358077,1186.3580500327685,310.2868290200629,10,823.8331498874418,0.0,0.0,0.0,10,0.0,0.0,0.0,0.0,10,0.0,0.0,0.0,0.0,10,0.0,4639.266508366974,2106.042503167081,533.1130744680767,10,1639.6395198697387,0.0066225165562913,0.0029593040744468,0.0,10,0.0023797420119222,4.9911942,-0.29679644,-4.8060174,1000,1.1020296,1000,825.0836820083682,55,239,326.5221472773224,13443.49151992798,10858.587740684652,580.2570533752441,239,4370.3454520659725,103411.0,151.38271284103394,200000.0,189.0,8681.870694637299,37800000.0,1321.1548151473464,189000.0
2.742101e-08,1.9512771e-09,102.11245,-0.00010012794,2.424041e-10,0.008269123,11.62506,164.76837,164.75238,7.917121,1303.9867,264.991,1305.0669,1.0,-0.23104912,-1.0,5610,0.8874305,0.2894246353251977,0.2752932454010701,0.2691055584741402,10,0.006153972224115,1000,561.0,143,10,291.04398293041555,12705.917686462402,6879.589602899551,1594.428814411163,10,3727.6005046981386,0.0,0.0,0.0,10,0.0,-0.282686513677277,-1.1122329144293466,-2.048135995830133,10,0.5912748840846068,-106.99698750000002,-426.81751625,-773.8481625,10,223.3952447284149,313.58104016660025,164.76107641386872,43.80137401540699,10,87.49230016239542,419.5456346702625,227.1242611316107,58.857694566365765,10,116.69465402255508,0.0,0.0,0.0,10,0.0,0.0,0.0,0.0,10,0.0,0.0,0.0,0.0,10,0.0,0.0,0.0,0.0,10,0.0,-34.65488804383122,-130.73074839632946,-232.8342565433336,10,66.882641243426,-3.037322425256081,-10.0079483944599,-18.498518827050408,10,5.293820110166802,2544.640659668153,1398.7655031328486,331.0593117566295,10,738.291936588452,2578.4603420020303,1422.559979991583,379.221287929058,10,741.8653292609872,0.0,0.0,0.0,10,0.0,-3.535317435783621,-12.076727914177791,-21.380899016735484,10,6.0830312104053865,337.29241588584,188.6203485008764,48.16290387986896,10,98.56390069443552,324.56826903753733,181.57112742530344,48.567390659058375,10,92.7064747923582,2528.687836260361,1394.8062625608547,351.94033773518845,10,736.9566830822982,0.0,0.0,0.0,10,0.0,0.0,0.0,0.0,10,0.0,0.0,0.0,0.0,10,0.0,4530.092852422608,2370.1362701992784,451.66387873927056,10,1366.6198750877938,0.0069930069930069,0.0024634178235847,0.0,10,0.0021358957465164,4.5494843,-0.29669175,-5.1450987,1000,1.1017308,1000,820.687242798354,52,243,337.3413861726843,13450.396843910215,10817.210565123538,514.4480495452881,243,4520.031939974383,103654.0,151.65166568756104,200000.0,190.0,8833.52236533165,38000000.0,1318.811759127316,190000.0
2.7028976e-08,1.9231896e-09,102.219215,-8.525828e-05,2.3912858e-10,0.008262794,11.621308,164.67831,164.66234,7.9943438,1303.8345,276.78888,1304.9113,1.0,-0.23156093,-1.0,5821,0.8872746,0.2822574435099905,0.273554191113633,0.268528052897091,10,0.0045766463768178,1000,582.1,64,10,353.92723828493337,12896.277010917664,6968.939198660851,809.4711656570435,10,4511.50220325625,0.0,0.0,0.0,10,0.0,-0.1164915924935122,-1.1026740099736838,-2.04427849913857,10,0.7033183936197225,-44.883075,-438.1448675,-772.091525,10,269.8744915327844,297.4270293333518,174.79681356898544,23.55614948178273,10,103.78370971043508,416.5235811437384,235.0728928948461,13.822821248356997,10,149.5290817056827,0.0,0.0,0.0,10,0.0,0.0,0.0,0.0,10,0.0,0.0,0.0,0.0,10,0.0,0.0,0.0,0.0,10,0.0,-15.394184097799512,-135.82454629209963,-236.21641119919977,10,81.99447380287694,-0.9781980290752864,-9.996682119076072,-17.98645748656938,10,6.032074861711787,2546.637290923856,1407.2242620662469,128.79116989215464,10,893.5496138268636,2580.84338994608,1457.403498186968,171.2945597843604,10,900.2003520261486,0.0,0.0,0.0,10,0.0,-2.1340849506084165,-12.677941468444134,-21.691427827820625,10,7.452574335416077,338.8395909030453,196.1877775870749,25.094204166951144,10,116.674387435496,322.81548220019926,187.69340118189268,21.508509992101217,10,115.00063482641076,2598.836344407522,1420.9774339840526,188.02590570027897,10,916.5687213473884,0.0,0.0,0.0,10,0.0,0.0,0.0,0.0,10,0.0,0.0,0.0,0.0,10,0.0,4649.851571319018,2371.5739846461825,287.77131269033634,10,1633.8233159584483,0.015625,0.0036196247498624,0.0,10,0.0045362960185893,4.972403,-0.29673806,-5.054816,1000,1.1021788,1000,777.6370656370657,45,259,371.5868813125542,13444.567589759828,10228.605983530691,464.15709686279297,259,4983.214649759755,103913.0,178.59030604362488,200000.0,191.0,9012.112675666807,38200000.0,1119.8816130095286,191000.0
2.6649221e-08,1.8969197e-09,102.36991,-8.9047135e-05,2.3501803e-10,0.008278639,11.624597,164.69678,164.68106,8.740377,1300.1256,346.83023,1300.816,1.0,-0.2314046,-1.0,5759,0.88762605,0.2905870756828725,0.2769206300800049,0.2594416956845298,10,0.0081317945643008,1000,575.9,167,10,332.9968318167607,13141.41204214096,7112.407778143883,1756.9949293136597,10,4504.100035254355,0.0,0.0,0.0,10,0.0,-0.2753615389493822,-1.1767665734526394,-2.2006979654011536,10,0.7510473280001969,-129.39905,-439.8541349999999,-781.565525,10,256.0394643217793,307.156065484104,173.5822248717679,55.34720101680908,10,98.13875726141067,398.03922131748845,225.4543435946801,64.26623275720614,10,130.8271971087334,0.0,0.0,0.0,10,0.0,0.0,0.0,0.0,10,0.0,0.0,0.0,0.0,10,0.0,0.0,0.0,0.0,10,0.0,-41.84972875795791,-133.89671260325483,-232.74196594259072,10,74.30726629915014,-3.0704196610371657,-10.550103567937752,-21.30290515826824,10,6.379391023085008,2640.210180129833,1421.16793774036,419.6861938271919,10,894.5948818108875,2664.3600466342623,1466.9825994525213,367.7540630267881,10,892.9485019890657,0.0,0.0,0.0,10,0.0,-3.051710773575185,-12.56770132237833,-21.852747879687627,10,7.017181599925544,330.7725006721223,189.1843555735972,56.67453484425041,10,109.57925753497776,324.3262935364055,185.5661961629312,60.63215232978065,10,107.0042160969205,2619.373363600602,1442.0444528960295,322.3013343547585,10,894.2867841940537,0.0,0.0,0.0,10,0.0,0.0,0.0,0.0,10,0.0,0.0,0.0,0.0,10,0.0,4781.14739856115,2492.974082825449,552.5811611767756,10,1671.9475276089986,0.0059880239520958,0.0022480180014545,0.0,10,0.0018889073355345,5.135463,-0.29083693,-4.9628224,1000,1.1051728,1000,651.3696369636964,25,303,372.7901603215158,13432.986540794373,8522.928456238787,184.51066970825195,303,4983.901398757033,104216.0,152.6335256099701,200000.0,192.0,9164.746205568314,38400000.0,1310.328115666195,192000.0
2.6290499e-08,1.8741362e-09,102.44434,-4.8479378e-05,2.2910433e-10,0.0082440255,11.62469,164.65985,164.64403,9.190681,1298.0469,345.40012,1298.5875,1.0,-0.24015982,-1.0,8011,0.8836427,0.2886230725703771,0.2723873831880008,0.2622259335324641,10,0.0081742268666424,1000,801.1,108,10,334.1372322863766,13437.774167060852,10306.777878952027,1156.1838631629944,10,4473.09805041496,0.0,0.0,0.0,10,0.0,-0.243157740463511,-1.7064815968323157,-2.324253876102751,10,0.7242228972553366,-84.77256249999999,-613.2796525,-781.99975,10,254.40031741686343,308.38563187705034,237.32576387652665,29.754122620900283,10,99.42730530173812,394.889101541678,310.2257739279532,38.6771501273763,10,130.30808773165677,0.0,0.0,0.0,10,0.0,0.0,0.0,0.0,10,0.0,0.0,0.0,0.0,10,0.0,0.0,0.0,0.0,10,0.0,-26.77800616563664,-182.36895162697888,-230.86173930752528,10,74.41019865334259,-2.236746975210211,-15.881686476349971,-21.970729251470207,10,6.699276817762697,2703.083675056747,2058.0128582691527,270.0053156244793,10,884.9383248132152,2700.662937165443,2085.3149967609247,283.9905971300445,10,877.5762497054633,0.0,0.0,0.0,10,0.0,-2.6911579256480302,-17.194637006752053,-22.810773107138484,10,7.0826057724602896,344.7677762280526,266.5524502565845,36.94200759224196,10,113.0278280965454,325.79754386183043,258.17203975741006,33.955893906699046,10,107.66896070647915,2711.440619386566,2054.0806913185324,228.74013604040616,10,925.3028560300586,0.0,0.0,0.0,10,0.0,0.0,0.0,0.0,10,0.0,0.0,0.0,0.0,10,0.0,4905.381701689164,3713.431567494304,328.205045414588,10,1630.121479870373,0.0092592592592592,0.0015423418394229,0.0,10,0.0029375148290051,4.809441,-0.2945732,-4.7932086,1000,1.0992848,1000,828.7603305785124,60,242,339.3741694002197,13484.782811164856,10965.407140270738,728.5607109069824,242,4549.500649547248,104458.0,154.46124410629272,200000.0,193.0,9319.207453489304,38600000.0,1294.823184658345,193000.0
2.5970031e-08,1.8504308e-09,102.482864,-8.3405495e-05,2.2717161e-10,0.008282034,11.612956,164.55728,164.54138,8.849929,1300.2906,311.9703,1300.9423,1.0,-0.23814346,-1.0,8126,0.88276106,0.2805125832872825,0.270474582735673,0.2625393667455942,10,0.004884228349918,1000,812.6,142,10,334.303215659078,13301.319944381714,10472.277978301048,1566.8004405498505,10,4478.05470256646,0.0,0.0,0.0,10,0.0,-0.3365255863401006,-1.7020616306433496,-2.2701196655534046,10,0.6989828894834057,-112.8787625,-621.0996499999999,-775.960075,10,254.4043112581082,318.4118800662365,245.60284847341464,43.299021072017695,10,100.83513880453266,435.4434590646167,326.447258293751,37.63813365207911,10,145.7154495186716,0.0,0.0,0.0,10,0.0,0.0,0.0,0.0,10,0.0,0.0,0.0,0.0,10,0.0,0.0,0.0,0.0,10,0.0,-33.971018186987706,-185.1655502609873,-233.70635015078344,10,75.57658722042129,-2.487251886730446,-14.868081567865568,-21.72947791933132,10,6.3977977216432524,2648.617320878689,2065.8535481167933,282.46012858384387,10,886.834347483978,2670.684969511031,2121.734248159012,336.73598069742025,10,900.9418932120852,0.0,0.0,0.0,10,0.0,-3.170832019844756,-17.143449098384934,-21.705454391002505,10,7.02771389174313,346.5723669871478,272.5740060534588,47.90094679846314,10,111.31899140889966,334.61521632486523,263.7878745700749,42.93625538835525,10,109.62859302866862,2743.3591547470323,2106.952957865811,299.51895769732835,10,899.713501490784,0.0,0.0,0.0,10,0.0,0.0,0.0,0.0,10,0.0,0.0,0.0,0.0,10,0.0,4931.839114522697,3753.2623776104,486.57815165194336,10,1618.5533763017115,0.0070422535211267,0.0014395249642869,0.0,10,0.0026075362188386,4.6476207,-0.29394206,-4.9549336,1000,1.0992557,1000,817.0931174089069,55,247,348.53952580123155,13508.156641960144,10818.846101533063,650.5473375320435,247,4678.287039101926,104705.0,154.00733304023743,200000.0,194.0,9473.21479177475,38800000.0,1298.639461198553,194000.0
2.5707479e-08,1.8330599e-09,102.45018,1.1894658e-05,2.2353819e-10,0.008184119,11.608092,164.52026,164.50441,8.911476,1300.7333,322.10855,1301.3533,1.0,-0.2396997,-1.0,9483,0.8821623,0.2826717611952837,0.2689990173073594,0.2640693058917213,10,0.0052320648995296,1000,948.3,694,10,105.55950928267902,13389.027267456057,12391.430241394042,8581.544962406158,10,1667.754328715998,0.0,0.0,0.0,10,0.0,-1.3192079362515383,-2.014902074166002,-2.2867797682785183,10,0.3192493650502712,-526.5767625000001,-726.2077587499999,-773.78895,10,81.5660129267749,316.6467337987358,287.3891828822056,204.76501168745943,10,35.90011354771201,407.9312003567321,374.61568221121854,294.1358999807602,10,37.78130301121699,0.0,0.0,0.0,10,0.0,0.0,0.0,0.0,10,0.0,0.0,0.0,0.0,10,0.0,0.0,0.0,0.0,10,0.0,-161.60756691487995,-215.1752615116769,-227.1759814871987,10,20.673922319072545,-11.783190716465086,-17.56976130966305,-20.662155667496872,10,2.949830606384136,2645.18151603262,2409.356765754664,1696.3392434717716,10,305.72367730564264,2700.561344432658,2483.63664648072,1751.8998357621847,10,305.2805037056859,0.0,0.0,0.0,10,0.0,-14.00171145170444,-20.213076584837133,-22.377706261910525,10,2.72653636464277,338.2776103547195,310.4271400467392,239.48668720391,10,34.77325848198641,329.9747747738123,306.272165447342,227.9361836798098,10,32.084032747706054,2769.910996555197,2517.905984289254,1784.954897671328,10,348.0728042888239,0.0,0.0,0.0,10,0.0,0.0,0.0,0.0,10,0.0,0.0,0.0,0.0,10,0.0,4938.3682320326825,4501.961294535637,2961.762405389528,10,673.1583694503042,0.0014409221902017,0.0002708349313142,0.0,10,0.0005430573330672,5.0210586,-0.2939801,-4.9151363,1000,1.0987808,1000,825.7563025210084,30,238,332.96499592404365,13517.089235305786,10937.072293986794,304.2720899581909,238,4468.661468309416,104943.0,157.88782334327698,200000.0,195.0,9631.10261940956,39000000.0,1266.7221307191212,195000.0
2.5530811e-08,1.8192036e-09,102.381584,-3.4757693e-05,2.2326144e-10,0.0082252845,11.621914,164.63585,164.6199,9.236333,1297.4352,360.45184,1297.7275,1.0,-0.24318174,-1.0,9230,0.88025576,0.2814321454535697,0.2672806051684009,0.2589918886753586,10,0.0072494871176643,1000,923.0,474,10,166.4097352921397,13424.499921798706,12032.791584825516,5867.884359359741,10,2419.3192026411925,0.0,0.0,0.0,10,0.0,-0.9279751875367797,-1.981787458556581,-2.2802527439431945,10,0.4462148003766291,-358.5711625,-704.7550699999999,-773.6507875,10,128.582822599315,344.5459874677106,285.68499376444777,132.98896010405076,10,59.26442999372546,429.65772026594345,356.0819131618001,187.9314417470946,10,63.40975736683701,0.0,0.0,0.0,10,0.0,0.0,0.0,0.0,10,0.0,0.0,0.0,0.0,10,0.0,0.0,0.0,0.0,10,0.0,-110.38031530148872,-207.6362845403204,-236.51528974904247,10,34.9838422812436,-9.177179309925398,-17.30356296483531,-21.847114716299128,10,3.842152431769088,2692.394937880802,2336.940915707652,1142.4703400065705,10,461.7081011983266,2703.413428974904,2432.1291396303504,1224.332415573027,10,455.946957984497,0.0,0.0,0.0,10,0.0,-10.948696928727712,-20.01435822950515,-22.168558340740887,10,3.52803001028043,342.0139596748924,302.28003444911525,156.3840714914744,10,56.0333502436276,332.0337380255013,298.70208205954447,155.21211846583546,10,52.41274337194966,2765.773547751673,2454.546009828383,1238.1508583725697,10,494.3473882305726,0.0,0.0,0.0,10,0.0,0.0,0.0,0.0,10,0.0,0.0,0.0,0.0,10,0.0,4921.394409245914,4343.749487561439,2027.702529136255,10,939.32826816683,0.0021097046413502,0.0003432455964101,0.0,10,0.0007086853562072,4.8333993,-0.29467446,-5.480389,1000,1.1019788,1000,669.953781512605,50,238,321.04778886919775,13478.002133369446,8743.028738302342,576.851658821106,238,4306.580618331925,105181.0,183.31891775131223,200000.0,196.0,9814.42154121399,39200000.0,1090.994876324314,196000.0
2.543931e-08,1.8127726e-09,102.25795,3.8192353e-05,2.2237251e-10,0.008142443,11.603169,164.37067,164.35475,8.837672,1302.58,314.00787,1303.1996,1.0,-0.23012258,-1.0,10000,0.8825309,0.2783965486330833,0.2712910696694305,0.2635891493767726,10,0.0050810478414443,1000,1000.0,1000,10,0.0,13513.975583076475,13012.729097270963,12145.42609500885,10,486.7235003763418,0.0,0.0,0.0,10,0.0,-1.9384152222070123,-2.1755177348715127,-2.3202602892624604,10,0.1283436142285683,-770.5717374999999,-777.981195,-788.6710249999999,10,5.528383200570497,342.5338530426471,308.85101290511216,283.7831803125938,10,17.279421321675017,424.11078410245113,400.7733800539973,378.8914063387783,10,14.528718410693813,0.0,0.0,0.0,10,0.0,0.0,0.0,0.0,10,0.0,0.0,0.0,0.0,10,0.0,0.0,0.0,0.0,10,0.0,-221.1788111323444,-228.92600423552,-236.9012873159068,10,5.339138378594939,-16.96764406444706,-18.75299395338067,-20.23193973803972,10,0.956308204573694,2672.665571356197,2555.997224777148,2459.718509553806,10,72.30973325681249,2705.976910701041,2649.697514581145,2592.289873343924,10,37.237597309675465,0.0,0.0,0.0,10,0.0,-20.89184331103899,-21.7986252741334,-23.30434549694409,10,0.6168158526223033,339.84463820204746,325.9283204367774,314.73468600751795,10,8.14431752309207,335.5065692048089,325.5716208149927,317.3108942729493,10,5.031661673390061,2783.212108784852,2662.727288120238,2440.222534526424,10,99.2212618902198,0.0,0.0,0.0,10,0.0,0.0,0.0,0.0,10,0.0,0.0,0.0,0.0,10,0.0,4923.29719689246,4640.659626339542,3853.235398696961,10,357.0416074573843,0.0,0.0,0.0,10,0.0,4.814537,-0.2964908,-4.9463725,1000,1.096546,1000,846.6734693877551,28,245,319.17353655806704,13520.071013450624,11226.339394379636,303.51544666290283,245,4288.573993874065,105426.0,158.16374373435974,200000.0,197.0,9972.585289001465,39400000.0,1264.512304007582,197000.0
2.5384532e-08,1.8081993e-09,102.0658,-3.390263e-05,2.22563e-10,0.008199166,11.58769,164.22882,164.21292,8.371272,1306.1078,303.00146,1306.8221,1.0,-0.22925103,-1.0,6791,0.88396007,0.2856083941491619,0.2732454633652768,0.2643911960714175,10,0.0059987944357227,1000,679.1,47,10,358.33042014319693,13373.754912376404,8554.26096572876,564.1353425979614,10,4640.944403014193,0.0,0.0,0.0,10,0.0,-0.1363662001331776,-1.4513610118324634,-2.3498158326000733,10,0.7814123359063225,-36.909125,-524.5240624999999,-779.5917749999999,10,276.28078305242684,323.101697998198,209.99852298314104,12.375132947998813,10,114.13592292625452,393.5624885398979,267.4224267617582,18.392262871251525,10,138.2916507887299,0.0,0.0,0.0,10,0.0,0.0,0.0,0.0,10,0.0,0.0,0.0,0.0,10,0.0,0.0,0.0,0.0,10,0.0,-11.00582903019661,-156.40826265975625,-227.1993692512916,10,81.36508957283318,-1.368895760596915,-12.072551029840133,-20.78964644144069,10,6.6601340726848814,2614.165065778387,1696.561707757978,121.17392840239091,10,920.357464993806,2647.9013594291773,1757.4005972658051,122.19025149123338,10,934.7466660061904,0.0,0.0,0.0,10,0.0,-1.5898091223007258,-14.831325496924324,-21.67074645596538,10,7.509937623248705,330.23902928616394,225.56811235924107,19.23331435010705,10,118.77739463956914,328.0970905265248,220.54442788161623,17.314150762634306,10,116.68491992961316,2706.868616420179,1745.9637588528826,112.60436235537024,10,943.569301686412,0.0,0.0,0.0,10,0.0,0.0,0.0,0.0,10,0.0,0.0,0.0,0.0,10,0.0,4912.819412613773,3009.137965904393,182.6368132107021,10,1687.1041606611295,0.0212765957446808,0.0034244220117461,0.0,10,0.0061803652550996,4.8818955,-0.28897092,-5.750173,1000,1.1033522,1000,703.7041884816754,44,382,347.14301250967026,13537.8365316391,9269.785046775303,446.4900436401367,382,4682.265644285444,105808.0,153.69187784194946,200000.0,198.0,10126.277170658112,39600000.0,1301.3049408223897,198000.0
2.5346829e-08,1.8069709e-09,102.058014,-8.1325215e-06,2.2077541e-10,0.008172773,11.604293,164.34644,164.3307,9.032885,1299.2113,400.77585,1299.4755,1.0,-0.23056692,-1.0,7475,0.8819937,0.2860425756475005,0.2729577319684563,0.2642050098310476,10,0.0064942928191969,1000,747.5,156,10,290.84506184565004,13375.805985450745,9597.903356647492,1785.6173558235168,10,4022.252860816594,0.0,0.0,0.0,10,0.0,-0.3549428749214104,-1.6298015149900331,-2.2892845420664125,10,0.6712036599039435,-124.81995,-581.01870875,-785.6906625,10,225.30756841609005,334.2096211889097,238.5655387944941,47.257410234164695,10,98.7768370057692,395.9699216256493,292.26683031551244,51.80274446016446,10,112.28805834564491,0.0,0.0,0.0,10,0.0,0.0,0.0,0.0,10,0.0,0.0,0.0,0.0,10,0.0,0.0,0.0,0.0,10,0.0,-38.02037976525256,-170.69588216981407,-229.31824718900296,10,63.7890350261868,-2.318522411285167,-13.074997158527214,-18.755080685075068,10,5.475885578862648,2568.3097066484925,1867.4452939860912,261.48823957582,10,782.7826842573852,2739.2655707539493,1955.934530333721,333.2594050399847,10,795.9409485980492,0.0,0.0,0.0,10,0.0,-3.2720195891342843,-15.993526004588151,-22.0016237753073,10,6.173145449984942,332.2017359495517,243.7337079046773,52.7058926597817,10,94.18474555217932,330.27008825991595,243.7963911407633,51.89684119059488,10,93.86037083823848,2709.6675464048294,1959.5639264787264,409.8693735026208,10,810.9359436708874,0.0,0.0,0.0,10,0.0,0.0,0.0,0.0,10,0.0,0.0,0.0,0.0,10,0.0,4930.089597637321,3436.5986169324933,714.4115224936825,10,1496.9744855779884,0.0064102564102564,0.0013655568584877,0.0,10,0.0019029152218675,4.4756727,-0.29422876,-4.710689,1000,1.0943267,1000,872.76,51,225,297.00086823666584,13520.068079948423,11557.93027730518,569.5275297164917,225,3991.462193979234,106033.0,154.09000825881958,200000.0,199.0,10280.367183446884,39800000.0,1297.9426911579303,199000.0
2.5317933e-08,1.8018228e-09,101.97079,-3.074316e-05,2.2361174e-10,0.008188405,11.582841,164.07246,164.05652,8.545313,1301.6825,369.93295,1302.1343,1.0,-0.21692598,-1.0,8166,0.8855902,0.2894152648878443,0.2774311372304973,0.2671901712409612,10,0.0066062380991552,1000,816.6,220,10,290.71883323926573,13382.95088672638,10383.7124106884,2579.831464767456,10,3955.8285524691255,0.0,0.0,0.0,10,0.0,-0.3965848406921608,-1.716753877542244,-2.235914100129591,10,0.6630109976703261,-163.2686,-636.73175,-785.78935,10,229.1557981811498,338.3452459029551,254.92249321986657,68.13716190439713,10,96.472042403494,424.7195938529416,334.42772340170643,91.7264985301911,10,116.94365373640017,0.0,0.0,0.0,10,0.0,0.0,0.0,0.0,10,0.0,0.0,0.0,0.0,10,0.0,0.0,0.0,0.0,10,0.0,-52.865995369025526,-191.447859706864,-244.35645774163368,10,66.8882103860738,-5.35990254721929,-14.285160228115616,-19.00830000985028,10,4.659825167706542,2633.482283836587,2048.5630267646748,512.393992476052,10,762.86554554902,2684.88381453258,2159.2203351431285,598.0134468439887,10,765.3399545518089,0.0,0.0,0.0,10,0.0,-5.315652690676977,-17.528050776714686,-22.83376148537965,10,6.205603389291405,339.4708721078551,263.12767264865016,66.68627764367736,10,94.90152994089792,327.3378116249241,264.0824075679509,71.41169190321267,10,92.3440216462036,2705.945639043735,2116.145698484385,519.6201605037596,10,814.0112580594036,0.0,0.0,0.0,10,0.0,0.0,0.0,0.0,10,0.0,0.0,0.0,0.0,10,0.0,4951.573634267483,3645.724615638505,835.048558039982,10,1481.4638723044302,0.0045454545454545,0.000894764540323,0.0,10,0.0015075625403566,4.791842,-0.29255757,-4.771513,1000,1.0938734,1000,894.8153153153153,42,222,280.1281031597071,13552.58141708374,11881.707699279528,450.5279941558838,222,3776.002470756701,106255.0,155.3078875541687,200000.0,200.0,10435.67507481575,40000000.0,1287.7646019764672,200000.0
2.5295703e-08,1.7996136e-09,101.88174,1.4161399e-05,2.2404238e-10,0.008136377,11.542352,163.6132,163.59729,7.522408,1310.393,269.23804,1311.3788,1.0,-0.22725746,-1.0,7599,0.88367885,0.2860554675931011,0.2733852709129011,0.2653742119366052,10,0.0067728673521565,1000,759.9,251,10,305.6928033173172,13387.454385757446,9759.651954460143,2875.56112241745,10,4132.640694988174,0.0,0.0,0.0,10,0.0,-0.373976600636044,-1.66090330343349,-2.3747255960689007,10,0.7415799123157841,-175.44663749999998,-589.795975,-786.3814749999999,10,240.8836350609192,338.6799141376339,240.4009078381349,83.75675477232058,10,100.63062023562644,417.8157262237588,298.75355580539707,105.80729654851616,10,119.39430434873508,0.0,0.0,0.0,10,0.0,0.0,0.0,0.0,10,0.0,0.0,0.0,0.0,10,0.0,0.0,0.0,0.0,10,0.0,-57.9721988744456,-174.98250375949456,-238.9827271069414,10,68.64008865556622,-3.6844359454905065,-14.450234767358854,-21.240402859836887,10,6.070240654286276,2596.242119342255,1932.780868686784,552.6429421712306,10,809.7718711776818,2709.1778601244773,1984.1113368488263,615.1722065396818,10,820.3439563599381,0.0,0.0,0.0,10,0.0,-5.603979489511092,-15.739574123175322,-21.355230820340005,10,6.0160483949024375,341.12546403307704,243.36152641190463,83.24246714516401,10,94.87173905317717,336.0325514534684,251.28886507768152,86.92143437120018,10,101.74689939205209,2731.179546857945,1985.9328818582587,561.4163056185612,10,843.9678014039778,0.0,0.0,0.0,10,0.0,0.0,0.0,0.0,10,0.0,0.0,0.0,0.0,10,0.0,4958.058925738658,3474.512140810328,979.9917107597088,10,1543.915962847521,0.0039840637450199,0.0011227828069951,0.0,10,0.0014962571398815,4.9632363,-0.28922287,-4.7642584,1000,1.0954137,1000,856.9786324786324,49,234,318.3088518788862,13502.8305644989,11364.468031139457,489.8180351257324,234,4295.875312688123,106489.0,180.24018549919128,200000.0,201.0,10615.91526412964,40200000.0,1109.6304602998612,201000.0
2.5278137e-08,1.7982441e-09,101.771095,-2.4760304e-05,2.2400704e-10,0.008166448,11.542808,163.57655,163.56065,7.5269804,1309.694,344.36664,1310.4188,1.0,-0.2232768,-1.0,9148,0.8849149,0.2814023642014023,0.2749600942427029,0.2678124529091577,10,0.0041322351134707,1000,914.8,240,10,226.5995586933037,13231.17078113556,11802.65029103756,2615.391262292862,10,3100.045943530097,0.0,0.0,0.0,10,0.0,-0.4911486704192836,-2.049768661799681,-2.4249669665749014,10,0.5359568803773068,-184.2693,-718.14499,-791.0395249999999,10,179.18928252923212,329.8477225540046,281.4850581732736,70.3362580646872,10,71.58040685972466,429.1658936630847,366.1266789263373,103.10313493090678,10,90.41977864117963,0.0,0.0,0.0,10,0.0,0.0,0.0,0.0,10,0.0,0.0,0.0,0.0,10,0.0,0.0,0.0,0.0,10,0.0,-57.5764302456521,-211.8888085951536,-239.4207020552824,10,51.89548443084935,-5.252608769230877,-17.809286342731294,-21.799867622888257,10,4.417778422279259,2587.55617723476,2316.4536608343305,550.6373806962347,10,592.7834385633507,2703.982856545823,2400.52454369925,629.4210008828267,10,594.605774028824,0.0,0.0,0.0,10,0.0,-5.059046187152485,-18.604246299452907,-21.19129396488959,10,4.558890189278143,347.7680593662184,297.62575149787875,72.88232624954298,10,76.60233067532188,331.7928490671743,298.362945483006,80.57607298899771,10,73.36199406850905,2708.1348500053737,2401.778246048982,550.6880168992496,10,623.4629914753828,0.0,0.0,0.0,10,0.0,0.0,0.0,0.0,10,0.0,0.0,0.0,0.0,10,0.0,4941.601159296597,4233.298283974428,762.7126821798696,10,1211.2232241353963,0.0041666666666666,0.0005267988252569,0.0,10,0.0012569347765005,4.9379587,-0.2826491,-5.3947434,1000,1.1037366,1000,700.7097902097902,36,286,333.3683514317453,13422.033349990845,9150.603647079915,309.8453917503357,286,4472.253370013588,106775.0,156.85567021369934,200000.0,202.0,10772.770938634872,40400000.0,1275.057508138029,202000.0
2.5265066e-08,1.7969105e-09,101.797325,-1.7781469e-05,2.2429479e-10,0.008161568,11.55284,163.62541,163.60945,8.303024,1304.1233,410.66663,1304.6185,1.0,-0.2263601,-1.0,6800,0.885125,0.2913072505175501,0.2760479732562678,0.269636799317631,10,0.0069490066503508,1000,680.0,86,10,377.0273199650126,13291.824613571169,8764.413073301315,1073.6870064735413,10,4996.222668315546,0.0,0.0,0.0,10,0.0,-0.2398723620266139,-1.530211032146814,-2.330698918390429,10,0.8462942295879956,-69.57468750000001,-531.7637775000001,-791.434275,10,294.0874041113666,323.7980297480067,210.6577890519684,24.14483385290168,10,116.85114604001764,422.44912441615713,270.8929175041974,21.06663236227698,10,157.50640948019276,0.0,0.0,0.0,10,0.0,0.0,0.0,0.0,10,0.0,0.0,0.0,0.0,10,0.0,0.0,0.0,0.0,10,0.0,-19.92056657780697,-157.05861506025298,-235.5026942276909,10,86.09835614928686,-1.6767866653924126,-12.618312325261645,-21.20643085383903,10,7.4956125187386995,2615.5576231071027,1746.1047949757249,223.19438521341928,10,1005.3163932766602,2663.34129167065,1754.9164981225397,214.95447869570032,10,1012.9765397334623,0.0,0.0,0.0,10,0.0,-2.0478352235388577,-13.632995809907143,-20.58331790285242,10,7.409615602042353,342.19297756122774,226.7161464595437,30.64926062346329,10,127.48960689177638,345.1415662248197,223.89511167186345,25.80831449109324,10,124.78435669706602,2679.195863716784,1768.072254420081,235.85891994433013,10,995.1486647569265,0.0,0.0,0.0,10,0.0,0.0,0.0,0.0,10,0.0,0.0,0.0,0.0,10,0.0,4938.6516149845065,3150.019207210957,365.1519493300095,10,1796.5272631802918,0.0116279069767441,0.0027973451746732,0.0,10,0.0039443948223283,4.9988875,-0.28628355,-5.455659,1000,1.1005688,1000,830.0368852459017,34,244,334.6379905286493,13570.088144302368,10977.048517810515,285.93861722946167,244,4505.823558158001,107019.0,154.07913970947266,200000.0,203.0,10926.850083112717,40600000.0,1298.034246408141,203000.0
2.5255593e-08,1.7953177e-09,101.91775,-9.384121e-05,2.2513018e-10,0.00824726,11.587293,163.9729,163.95705,9.167583,1292.1906,636.4441,1292.2294,1.0,-0.22596356,-1.0,6678,0.8859443,0.3060996205602382,0.2805020904156198,0.2671667783061642,10,0.0126268323634479,1000,667.8,75,10,366.95443858877087,13313.828005313871,8499.269414448738,875.6552748680115,10,4873.742940222995,0.0,0.0,0.0,10,0.0,-0.1676302455890747,-1.5078237410108195,-2.4659140549653324,10,0.8645371339840966,-60.515175,-523.11677875,-793.3882874999999,10,286.40979517545856,337.84300656697434,207.7815025103341,25.3932897913384,10,115.46270782235196,399.14549975639886,263.02496430369104,33.20826873004312,10,141.2895290469491,0.0,0.0,0.0,10,0.0,0.0,0.0,0.0,10,0.0,0.0,0.0,0.0,10,0.0,0.0,0.0,0.0,10,0.0,-20.050898124754617,-154.58758339067015,-233.9135679527364,10,82.13759348532466,-1.516642657012624,-13.399738903901971,-22.74997488159613,10,7.87032965272484,2560.421590759046,1668.0583056009496,137.42890320239562,10,976.9677699201768,2612.347610632217,1685.0329622556785,193.3284272800688,10,934.8002919974324,0.0,0.0,0.0,10,0.0,-1.978404551293193,-13.174795365212592,-19.530424364675326,10,6.796606666639122,354.42882987130406,223.6275238918545,20.346997382453527,10,125.81584107249788,348.66843988078176,220.9981803171485,24.288820970611,10,122.12576078855056,2696.218240665155,1721.3582934907613,193.193136718968,10,973.7426141454408,0.0,0.0,0.0,10,0.0,0.0,0.0,0.0,10,0.0,0.0,0.0,0.0,10,0.0,4949.2594892946645,3087.957130017407,316.2090803881659,10,1829.696067521383,0.0133333333333333,0.002875345260965,0.0,10,0.0040651211683401,5.232265,-0.2857672,-5.3265557,1000,1.1046649,1000,316.73040752351096,22,319,250.49652770447125,13367.767217636108,3987.050149411617,164.31232070922852,319,3325.862181980116,107338.0,153.6537148952484,200000.0,204.0,11080.5038022995,40800000.0,1301.6281457063867,204000.0
2.5250158e-08,1.7990403e-09,102.07299,-1.2464955e-05,2.20972e-10,0.008178305,11.598782,163.99588,163.98009,9.729856,1287.8326,563.42334,1287.8539,1.0,-0.23937622,-1.0,6732,0.8816392,0.2799816201928838,0.2674052254233497,0.2513124190821649,10,0.0083431311215883,1000,673.2,71,10,363.5499415486131,13363.021184921265,8677.801716947555,875.6913766860962,10,4896.054405457308,0.0,0.0,0.0,10,0.0,-0.1573965717754393,-1.5061335738450763,-2.4368795443059152,10,0.8623871742350062,-49.2845375,-520.0515449999999,-783.5984874999999,10,282.93785657010994,336.0917214963036,218.76663548350976,24.71355598087001,10,116.92290936282052,411.23205395807537,261.7035759785581,25.657779213340284,10,137.67008288278154,0.0,0.0,0.0,10,0.0,0.0,0.0,0.0,10,0.0,0.0,0.0,0.0,10,0.0,0.0,0.0,0.0,10,0.0,-15.394321973988474,-152.00397005117446,-227.7652554201631,10,80.33963926014354,-1.2230337193703789,-12.995083545373117,-22.16636658972572,10,8.108662745709307,2609.9179176755924,1726.2261711770796,185.4854041574773,10,939.1932806322832,2689.4462190548065,1760.2889970428737,176.9360753500177,10,957.093042000228,0.0,0.0,0.0,10,0.0,-1.4669400119190508,-13.425483112762093,-20.65541641859361,10,7.157979407810428,342.5529428007856,221.71127587265832,26.63001656664652,10,118.57704905358368,335.3243364975157,220.72005484590832,21.76465192674359,10,120.3415514556984,2746.711527248647,1762.311698866814,190.53226098844263,10,985.2564264634864,0.0,0.0,0.0,10,0.0,0.0,0.0,0.0,10,0.0,0.0,0.0,0.0,10,0.0,4951.043200555314,3081.327753301689,276.6243530664183,10,1847.3611176044164,0.0140845070422535,0.0033649905081143,0.0,10,0.0053740903333525,5.394308,-0.2955698,-4.9782214,1000,1.0955461,1000,868.1469387755102,46,245,296.88956725302785,13549.07437133789,11491.49208154727,516.3704900741577,245,4037.069156653411,107583.0,153.8897089958191,200000.0,205.0,11234.393514871595,41000000.0,1299.632063151368,205000.0
2.5245475e-08,1.7981789e-09,102.111206,-8.1397404e-05,2.2145899e-10,0.008250295,11.597254,163.98802,163.97217,9.859583,1285.9585,535.77264,1285.8491,1.0,-0.2232387,-1.0,5152,0.88571095,0.310145983924637,0.2793544443099539,0.2643392649201945,10,0.0137037336027719,1000,515.2,106,10,388.5909932049378,13307.950953483582,6498.53294801712,1227.2885627746582,10,5249.399477695274,0.0,0.0,0.0,10,0.0,-0.219406205834109,-1.1391311165656184,-2.3863404548572227,10,0.93966712108994,-79.68028749999999,-402.73381875,-790.1118624999999,10,304.2205049370763,326.6841345063227,170.46246395293377,40.22802901034722,10,119.62289404094072,393.565375118596,199.30904492748465,32.502338076857434,10,149.66585609023167,0.0,0.0,0.0,10,0.0,0.0,0.0,0.0,10,0.0,0.0,0.0,0.0,10,0.0,0.0,0.0,0.0,10,0.0,-24.84075948369015,-119.6191327454036,-227.5165088866869,10,86.43866745856943,-1.3651209519597958,-10.020395687459736,-21.835851706506848,10,8.595516369234225,2612.053406224439,1227.226283785932,185.9184789736244,10,1028.2856170454409,2600.861150786184,1295.9224799092449,280.9321688608694,10,1012.3918142658464,0.0,0.0,0.0,10,0.0,-2.30281557510217,-10.48051931140976,-19.79925522027097,10,7.280984738025057,332.4396549348502,165.8819870658516,32.28296885241036,10,125.02008058148432,332.04942660758775,166.14849498941905,29.30499090366908,10,127.3430109181222,2701.371789201696,1312.412115959656,218.533034335772,10,1047.9676253079476,0.0,0.0,0.0,10,0.0,0.0,0.0,0.0,10,0.0,0.0,0.0,0.0,10,0.0,4916.63010968709,2407.5535096095014,465.16888004987743,10,1983.4811302063888,0.0094339622641509,0.0039652181829087,0.0,10,0.0034855817047294,4.753042,-0.29797265,-5.3821135,1000,1.094708,1000,831.394422310757,32,251,323.92583106728983,13528.035336494446,10975.778539626246,328.92424964904785,251,4376.310481868597,107834.0,177.57826399803162,200000.0,206.0,11411.971783161163,41200000.0,1126.2639666429948,206000.0
2.5242358e-08,1.7980328e-09,102.25865,1.5238467e-05,2.2135581e-10,0.008165454,11.580466,163.83047,163.81454,9.783935,1288.6655,478.17316,1288.6788,1.0,-0.22924931,-1.0,5630,0.883333,0.2945396217589855,0.2758001798627412,0.2610303004819095,10,0.0099150959942978,1000,563.0,157,10,333.1080905652098,13314.513815879822,7176.497646808624,1945.0358686447144,10,4535.243705522901,0.0,0.0,0.0,10,0.0,-0.3691450522995412,-1.2558720969687298,-2.442485471920368,10,0.8111333165499461,-123.6949125,-438.638305,-779.31545,10,258.16099987879653,357.05396595292893,184.60261212668297,54.44722287644109,10,109.2494289107414,390.7467125651334,212.47881846568885,47.92892677020532,10,123.8189511528849,0.0,0.0,0.0,10,0.0,0.0,0.0,0.0,10,0.0,0.0,0.0,0.0,10,0.0,0.0,0.0,0.0,10,0.0,-36.73816031146616,-129.0296664059752,-227.6832647685936,10,72.63607251456166,-3.0620231505084243,-10.809829453899276,-22.515655879722225,10,7.476795766072725,2572.0476018403488,1404.9912174859394,320.09806372632306,10,864.7272673049238,2616.714011829753,1421.0368179474294,377.8385961318416,10,879.6631317389275,0.0,0.0,0.0,10,0.0,-2.8943325593473523,-10.753952572024028,-19.355290134872003,10,6.074452190671467,378.03430408288216,189.3904389604256,54.64318808261041,10,118.06609856465126,335.0086077349035,181.3223641212856,55.152015518432606,10,107.37559789234166,2711.1624457588173,1474.128375627275,429.7537630519138,10,884.7770467317533,0.0,0.0,0.0,10,0.0,0.0,0.0,0.0,10,0.0,0.0,0.0,0.0,10,0.0,4951.112660973509,2594.272275184244,738.1223586589508,10,1746.410616491503,0.0063694267515923,0.0024391124333545,0.0,10,0.0021391578120436,4.7628713,-0.2982312,-5.8573794,1000,1.0952901,1000,862.9877049180328,32,244,291.2329004557132,13511.862862586975,11369.061030101091,289.41884899139404,244,3951.3574169420617,108078.0,153.27817606925964,200000.0,207.0,11565.249963760376,41400000.0,1304.8171966087907,207000.0
2.5240027e-08,1.7998535e-09,102.10712,2.1410317e-05,2.1934894e-10,0.0081471605,11.566034,163.69664,163.68085,9.489141,1291.0276,438.44556,1291.2189,1.0,-0.24450958,-1.0,8434,0.8791365,0.2792983246392204,0.2669076156610671,0.2606669397390347,10,0.0057026586407464,1000,843.4,241,10,272.65626712034333,13365.760108947754,11111.071462631226,3132.0603256225586,10,3650.794817422157,0.0,0.0,0.0,10,0.0,-0.5532419307655005,-1.959984466279625,-2.4016231605494287,10,0.6439740297517383,-191.5919125,-652.4862225,-782.1971249999999,10,208.21853665577848,346.85710993136854,272.3828725687835,72.69569595367582,10,92.44650835467556,412.8711399915082,317.2130993469828,99.05263668190996,10,102.36005833303126,0.0,0.0,0.0,10,0.0,0.0,0.0,0.0,10,0.0,0.0,0.0,0.0,10,0.0,0.0,0.0,0.0,10,0.0,-57.03404173735508,-187.9303119184328,-224.80351006112227,10,58.88071412436833,-4.69335962052355,-17.165364992032025,-21.144493852633925,10,5.499292127371858,2642.4461365760026,2160.804681978509,610.2978361625796,10,717.4198110850808,2647.604462723313,2187.290019531584,629.660758039515,10,710.366669379468,0.0,0.0,0.0,10,0.0,-4.636900568583196,-16.015753755967907,-20.36264010057068,10,5.09522689759514,359.2470476726889,285.4547724188068,75.21365207381996,10,93.23809264661216,336.09596623088987,272.6994909480292,85.25472243531553,10,87.73842147052169,2694.6843227422205,2220.152259692067,598.8793678014613,10,732.817440773514,0.0,0.0,0.0,10,0.0,0.0,0.0,0.0,10,0.0,0.0,0.0,0.0,10,0.0,4967.953500459551,4118.741405403859,1173.3590747640242,10,1354.4030153419776,0.0041493775933609,0.0007968933205834,0.0,10,0.0013803141441924,5.1065025,-0.2959751,-5.386711,1000,1.0966265,1000,766.8956834532374,42,278,371.639784476619,13472.776811599731,10078.640049250864,496.6430578231812,278,4995.633053307104,108356.0,157.44703793525696,200000.0,208.0,11722.697006225586,41600000.0,1270.268419290562,208000.0
2.5237739e-08,1.7965237e-09,101.82459,8.156751e-05,2.2249587e-10,0.008064401,11.5039215,163.057,163.0412,8.284785,1306.5254,275.9966,1307.5759,1.0,-0.23844019,-1.0,8924,0.88098454,0.2714372194687433,0.2679729070938821,0.2629743967996337,10,0.0025412902301091,1000,892.4,205,10,243.96893244837548,13434.348083496094,11747.471905136108,2602.729249954224,10,3280.0779706196085,0.0,0.0,0.0,10,0.0,-0.4318711724587961,-2.0225673718782686,-2.357952543710107,10,0.5723818322338573,-155.9854625,-692.40926375,-783.8353374999999,10,190.477393150582,331.0899253372267,285.99349780948745,69.9706518027715,10,76.03523909895036,398.8968496666976,343.16810608700666,72.43628385001195,10,97.4496442575382,0.0,0.0,0.0,10,0.0,0.0,0.0,0.0,10,0.0,0.0,0.0,0.0,10,0.0,0.0,0.0,0.0,10,0.0,-46.01062105278113,-201.36022138777685,-227.49459052836443,10,54.85573798006835,-3.366828757495628,-17.264751155133602,-21.518246731374617,10,5.373902858865866,2660.628983902464,2282.435166782196,497.1286667622059,10,652.9367325092181,2726.972653713149,2327.276907224485,515.3319767550363,10,654.1963191191005,0.0,0.0,0.0,10,0.0,-3.948970260538992,-17.465128373608334,-20.776332928585305,10,4.762867798580811,356.1623242943157,297.7700627925659,65.20972020357635,10,82.56678529246041,337.1265936435601,289.1828709029972,60.97049858282665,10,81.90438803000943,2698.097351997128,2345.1695105377034,538.2535083954317,10,649.1298683149595,0.0,0.0,0.0,10,0.0,0.0,0.0,0.0,10,0.0,0.0,0.0,0.0,10,0.0,4933.756219784095,4344.587337969199,956.0724475672652,10,1204.0190489039223,0.0048780487804878,0.0007268869364632,0.0,10,0.0014644485521208,4.6283035,-0.2979843,-5.4041233,1000,1.0936539,1000,867.6465517241379,55,232,299.9982400612269,13444.86419582367,11451.698169415367,665.7572422027588,232,4045.030152346156,108588.0,157.42380166053772,200000.0,209.0,11880.120812416077,41800000.0,1270.455915118045,209000.0
2.5235485e-08,1.795214e-09,101.62153,2.0079751e-05,2.2362492e-10,0.008109641,11.502018,163.08868,163.07275,7.9007845,1309.6543,257.07385,1310.6619,1.0,-0.23176296,-1.0,7721,0.88260436,0.3087898356246874,0.2747924432109261,0.2648420030847613,10,0.0125580510502704,1000,772.1,223,10,310.05981680959565,13546.240167617798,10118.299149894714,2634.749701499939,10,4259.759515082037,0.0,0.0,0.0,10,0.0,-0.5039992399665865,-1.7795952968663666,-2.4405473920745955,10,0.7314983322070905,-178.4467375,-604.08789875,-783.0063625,10,237.99979975139647,321.466033455827,239.7678666223704,69.57331429794502,10,96.2147294739365,429.9448796105912,303.51319062995736,88.07062072064387,10,125.35996827345504,0.0,0.0,0.0,10,0.0,0.0,0.0,0.0,10,0.0,0.0,0.0,0.0,10,0.0,0.0,0.0,0.0,10,0.0,-53.29873002482499,-176.05290530509052,-228.4221828743218,10,67.42581716616047,-4.382996823019058,-15.516262800037836,-22.316475959747223,10,6.3437002097626,2674.9416198329664,1988.1607354905927,430.1602559210306,10,868.7185187768172,2710.6230863850224,2018.6938429053948,493.8009264898093,10,850.9237448139368,0.0,0.0,0.0,10,0.0,-5.285866476333448,-15.125355530876694,-20.246586758747267,10,5.6618349513940345,353.0944421416772,255.86305183934545,65.64129321558941,10,107.27964805720796,333.12343464201194,251.95403403139457,72.58285357150419,10,99.89714531094738,2722.8142453876853,2015.501526632168,487.7086514504135,10,846.049673689546,0.0,0.0,0.0,10,0.0,0.0,0.0,0.0,10,0.0,0.0,0.0,0.0,10,0.0,4936.693277941633,3715.69637256754,907.536768662038,10,1537.283381030074,0.0044843049327354,0.0012013564180571,0.0,10,0.0017163555324126,4.797984,-0.29625943,-4.9364223,1000,1.0956233,1000,821.3280632411067,58,253,335.7497054451808,13488.258420944214,10830.172211702631,615.9806365966797,253,4512.51912629715,108841.0,156.0136592388153,200000.0,210.0,12036.134476423264,42000000.0,1281.9390364650917,210000.0
2.5233257e-08,1.7963296e-09,101.5201,1.1547215e-05,2.2233101e-10,0.0081100585,11.5124855,163.17314,163.15726,7.8222136,1310.4755,262.63483,1311.4346,1.0,-0.23025498,-1.0,8136,0.88332534,0.3182541379896621,0.276889544713818,0.265937738801866,10,0.0153498348941485,1000,813.6,171,10,318.8078418107058,13276.92006111145,10602.733012580871,2079.593173980713,10,4316.359210586857,0.0,0.0,0.0,10,0.0,-0.3487003717267529,-1.855315179095532,-2.3577482151834728,10,0.7704191381651319,-135.9716375,-637.1087362499999,-794.829125,10,247.1063580511016,324.27088094050674,253.31224086856847,46.8546376898028,10,97.5071491093417,400.78056752167714,308.0953988712252,50.596745882515904,10,126.58341161157271,0.0,0.0,0.0,10,0.0,0.0,0.0,0.0,10,0.0,0.0,0.0,0.0,10,0.0,0.0,0.0,0.0,10,0.0,-42.65840935424865,-186.172975756196,-232.3348607723316,10,69.6229052575084,-2.7781871933589373,-16.092762443780007,-22.0664313176761,10,6.834000946915704,2638.202676312757,2044.6912229528136,330.1366963563255,10,875.016630429559,2652.4651264152026,2106.8005071146245,430.1135218940044,10,827.6499254777174,0.0,0.0,0.0,10,0.0,-4.114783970770015,-16.07781291478047,-21.31347752436531,10,6.059086686659658,337.6733610946537,261.4005493647645,41.37719506177572,10,107.71026142281411,339.80561192670666,267.9127178899249,60.99141562536634,10,103.27338037491272,2750.3820261196856,2123.352123081386,435.8590007947497,10,863.5515461183235,0.0,0.0,0.0,10,0.0,0.0,0.0,0.0,10,0.0,0.0,0.0,0.0,10,0.0,4962.16661437683,3945.101774901225,817.4981419817141,10,1596.498156461793,0.0058479532163742,0.0011793146542971,0.0,10,0.0020812113245155,4.5623436,-0.29264638,-5.4882536,1000,1.0962667,1000,841.5397489539749,50,239,325.8048635141543,13445.972195625303,11122.981462690122,561.2307577133179,239,4374.914446678279,109080.0,182.0392837524414,200000.0,211.0,12218.173764705658,42200000.0,1098.66395800581,211000.0
2.5231051e-08,1.7958256e-09,101.555244,-6.542119e-05,2.2265878e-10,0.008189839,11.510317,163.17519,163.15926,7.6980762,1311.807,250.07321,1312.8032,1.0,-0.23426612,-1.0,9433,0.8823114,0.2748614958446311,0.2702777810621531,0.2645399212812047,10,0.0031282883176093,1000,943.3,433,10,170.1,13540.285138130188,12532.896438360214,5521.208360671997,10,2341.6348371642525,0.0,0.0,0.0,10,0.0,-0.9459807487357548,-2.20493349550178,-2.4628867478781853,10,0.4243281924412415,-336.1888375,-739.52662375,-793.1514374999999,10,134.50762597344357,329.6000405896189,289.7978080504031,111.40380766198882,10,60.69498143385072,408.1604694480341,356.7704028086745,151.89488582739324,10,70.31360952928934,0.0,0.0,0.0,10,0.0,0.0,0.0,0.0,10,0.0,0.0,0.0,0.0,10,0.0,0.0,0.0,0.0,10,0.0,-100.27512093346976,-214.2017209693633,-231.61465323606788,10,38.08272753474726,-8.95700173506382,-19.5642873904654,-22.623125313796624,10,3.7908882544856586,2702.7270485877843,2423.9706462491304,1052.9887949927345,10,463.81026122621086,2718.788982306139,2494.152241231875,1010.6003215955302,10,496.8092966285592,0.0,0.0,0.0,10,0.0,-9.717542281859068,-18.749863940481067,-21.05990073028903,10,3.088139142448208,343.91226569096057,307.0713087024281,144.60442810569083,10,55.55215710409971,332.40471547641704,308.44616424291206,138.34965813416866,10,56.77875143269789,2731.357972230385,2540.870672416206,1165.132870220205,10,459.6521669072724,0.0,0.0,0.0,10,0.0,0.0,0.0,0.0,10,0.0,0.0,0.0,0.0,10,0.0,4947.869893251991,4634.41458559609,2121.937999054987,10,837.7575376679401,0.0023094688221709,0.000230946882217,0.0,10,0.0006928406466512,5.0721593,-0.29321733,-5.8007936,1000,1.0954924,1000,833.0705394190871,35,241,333.403209970122,13545.31696987152,11013.879731760677,398.7185192108154,241,4488.697775242199,109321.0,158.08212304115295,200000.0,212.0,12376.255892038344,42400000.0,1265.1651948521385,212000.0
2.522996e-08,1.7949007e-09,101.590385,-1.05390946e-07,2.2349783e-10,0.008127337,11.5124,163.13867,163.1226,7.5256004,1314.0083,239.71242,1315.1007,1.0,-0.22164665,-1.0,7168,0.886585,0.2896295291902746,0.2776436735192316,0.2680311163554643,10,0.0063057471557334,1000,716.8,147,10,299.5906540598354,13393.7587890625,9313.660107421874,1783.399926185608,10,3964.633391260453,0.0,0.0,0.0,10,0.0,-0.3314562309984448,-1.692480649963435,-2.4404006600328905,10,0.7243084471899578,-119.76715,-569.70122625,-797.63185,10,236.91428938017577,327.96738033685386,223.1192113172796,41.75028211661464,10,96.55538031134992,373.0432061262063,262.9604194552104,41.01949051540083,10,112.93550384845342,0.0,0.0,0.0,10,0.0,0.0,0.0,0.0,10,0.0,0.0,0.0,0.0,10,0.0,0.0,0.0,0.0,10,0.0,-36.210287238617525,-166.47328554209273,-233.12481359001387,10,67.84413150950488,-2.4181859533873564,-14.551342147694005,-21.947385915229624,10,6.230204817706319,2563.1292367592623,1748.606339843058,262.80748898463827,10,777.0179403869536,2716.280338631588,1889.0368743075835,384.16416359269977,10,801.8958192820761,0.0,0.0,0.0,10,0.0,-3.490256081653473,-14.369767988856903,-20.64389420954875,10,5.984793085177667,326.56062421879494,226.72440288645325,54.35856764460451,10,97.01917590398864,326.8557593654793,232.30161807870985,47.776018330183135,10,95.1590356907954,2761.369188087989,1883.7398743254284,407.1021258807357,10,789.6110292903978,0.0,0.0,0.0,10,0.0,0.0,0.0,0.0,10,0.0,0.0,0.0,0.0,10,0.0,4955.739964122478,3480.981230180918,677.6345073079967,10,1463.0938098421802,0.0068027210884353,0.001702210558548,0.0,10,0.0019279351129427,5.1916294,-0.29185045,-6.1328106,1000,1.0977689,1000,797.7451737451737,51,259,352.4081477933611,13543.00509738922,10546.528534655405,515.6311655044556,259,4737.577868291233,109580.0,154.60051608085632,200000.0,213.0,12530.856412410736,42600000.0,1293.6567423578306,213000.0
2.522996e-08,1.7950679e-09,101.71348,-8.957284e-05,2.2333067e-10,0.008226652,11.51235,163.1114,163.09541,7.631127,1315.0533,257.53857,1316.104,1.0,-0.21537268,-1.0,7893,0.8874902,0.2980499784613795,0.2793921869411281,0.2667150465440259,10,0.0084113241795193,1000,789.3,171,10,260.56056877432553,13334.628565788267,10243.811202526093,2142.002074241638,10,3519.2033109875965,0.0,0.0,0.0,10,0.0,-0.3858460222056477,-1.9034545969461685,-2.568845387536749,10,0.676379981642454,-135.7742625,-633.93889375,-806.3952999999999,10,207.08643001869663,340.55890010654457,254.72500508033,49.24509739490082,10,83.5737232544959,388.7602046676926,292.4370626281216,68.60773140153707,10,97.40038906925076,0.0,0.0,0.0,10,0.0,0.0,0.0,0.0,10,0.0,0.0,0.0,0.0,10,0.0,0.0,0.0,0.0,10,0.0,-40.38425601859011,-184.85644963775144,-234.815178937916,10,58.35392565870459,-3.957793387716948,-17.483621334208827,-23.76993281387011,10,6.322537364793094,2590.265641048695,1889.7767466446696,374.5352498322452,10,682.3420214230343,2652.127778502616,2040.2281597554056,423.8883398357042,10,692.6312818837426,0.0,0.0,0.0,10,0.0,-3.4840843167016926,-15.509689591945028,-19.871774027052474,10,4.981772251033746,349.1514328563246,257.3048445720702,39.24649195356645,10,95.36358646823491,331.9355711323028,255.78674109032,56.149435927417535,10,83.66393234828718,2752.052303911986,2095.4813878414466,445.3633984608354,10,718.1541804932482,0.0,0.0,0.0,10,0.0,0.0,0.0,0.0,10,0.0,0.0,0.0,0.0,10,0.0,4947.417443175231,3864.748689909432,836.8668987266756,10,1304.3681110287932,0.0058479532163742,0.0012940655958453,0.0,10,0.001680571284713,4.7626963,-0.28982913,-5.0609736,1000,1.0977935,1000,804.7301587301587,51,252,347.3915592521749,13538.859399795532,10658.428187371246,590.0888767242432,252,4686.331034338072,109832.0,155.37435150146484,200000.0,214.0,12686.230768442154,42800000.0,1287.2137393803664,214000.0
2.522996e-08,1.7949842e-09,101.98884,-7.5654614e-05,2.2341418e-10,0.008234762,11.511709,163.10738,163.0913,7.802137,1315.0656,272.7134,1316.0789,1.0,-0.22451527,-1.0,7193,0.8872507,0.2804230939450267,0.2763258088626185,0.2671457674689176,10,0.0040599434167084,1000,719.3,97,10,312.5508118690464,13468.32168674469,9367.789857530594,1177.596763134003,10,4192.951235975729,0.0,0.0,0.0,10,0.0,-0.2088225652587337,-1.7339484527325386,-2.491193981325818,10,0.7733913490330753,-74.568275,-571.4835224999999,-800.750375,10,249.100215698623,339.3018379803237,232.25886870398256,26.3050111752765,10,102.48336761610577,392.6251842183484,271.00368989910686,34.63621957121646,10,117.5910197276568,0.0,0.0,0.0,10,0.0,0.0,0.0,0.0,10,0.0,0.0,0.0,0.0,10,0.0,0.0,0.0,0.0,10,0.0,-23.3909652140852,-166.8346348533792,-231.65614726564505,10,71.35250819836868,-1.8666419418115217,-15.33854681188436,-21.70311159274536,10,7.117184685158235,2568.1399712352973,1747.6008634048012,218.9494617962423,10,801.232919665242,2721.944856425417,1873.49028780602,238.69172345696504,10,840.6539665071169,0.0,0.0,0.0,10,0.0,-2.494102769082104,-13.900876243891725,-19.35550732441946,10,5.752247761621015,341.4144832373473,233.69064682983384,29.492946654917617,10,107.84906643198563,323.7530386792323,230.81018109475613,27.50296551402925,10,101.70731879297227,2736.9649965933622,1909.550622631677,264.51802367003603,10,855.630095210699,0.0,0.0,0.0,10,0.0,0.0,0.0,0.0,10,0.0,0.0,0.0,0.0,10,0.0,4947.580956873906,3506.616288095416,421.48630806085407,10,1547.986486207558,0.0103092783505154,0.002057513376046,0.0,10,0.0029078350560488,4.9796658,-0.29111293,-5.3245077,1000,1.0981511,1000,820.3427419354839,51,248,336.0976592602568,13544.273859024048,10894.28905582428,611.2450647354126,248,4528.842999812002,110080.0,155.25574827194214,200000.0,215.0,12841.48652100563,43000000.0,1288.1970698417229,215000.0
2.522996e-08,1.7933907e-09,102.20108,-0.00012937031,2.2500787e-10,0.008305456,11.517942,163.1842,163.16806,8.361048,1312.4486,353.4112,1313.0801,1.0,-0.22284359,-1.0,9257,0.88733983,0.2894966201889403,0.2765229822304567,0.2670146154763707,10,0.0059441135173213,1000,925.7,699,10,102.3474963054788,13384.304978370668,12057.243575525285,8672.420238494873,10,1504.8327457651026,0.0,0.0,0.0,10,0.0,-1.5493913084294038,-2.12201328571708,-2.376642512494664,10,0.2566526265395633,-561.5121375000001,-729.821695,-801.3425,10,77.73554636070756,322.8679812562974,283.0420029328485,236.93213117190243,10,30.62489328039513,427.6927502834451,366.4011314739197,277.1577469704049,10,49.888138598048094,0.0,0.0,0.0,10,0.0,0.0,0.0,0.0,10,0.0,0.0,0.0,0.0,10,0.0,0.0,0.0,0.0,10,0.0,-172.1286305986846,-215.89005724751468,-240.1130328793402,10,21.42085683881216,-11.81066111645341,-18.95917135591865,-21.989180458984784,10,2.8675182821005305,2627.054557198613,2258.086373573804,1401.4030272127902,10,365.8269760961758,2699.1792759439554,2438.866247995469,1850.0381268163585,10,283.9123179888835,0.0,0.0,0.0,10,0.0,-13.455198836785344,-18.06454335396208,-21.09200038017113,10,2.18223037780274,338.74488683371453,305.0613532948883,217.49454549194616,10,34.955801191324355,330.7879166934153,299.60861631906084,230.3250256077797,10,32.60649812183713,2693.37769810018,2424.912221789419,1761.9176931467453,10,299.8712369546537,0.0,0.0,0.0,10,0.0,0.0,0.0,0.0,10,0.0,0.0,0.0,0.0,10,0.0,4898.27465425528,4496.030785258517,3315.080576893621,10,511.8947075647002,0.0014306151645207,0.0004956034039625,0.0,10,0.0006117040589075,5.1476035,-0.28424844,-5.526091,1000,1.1065421,1000,597.4627249357327,40,389,382.22419264546096,13545.067985534668,7856.574105318224,440.9443368911743,389,5166.024469193259,110469.0,185.1888177394867,200000.0,216.0,13026.67534327507,43200000.0,1079.9788153588672,216000.0
2.522996e-08,1.7959841e-09,102.62078,-0.00011816436,2.224142e-10,0.008327826,11.543628,163.39902,163.38287,9.736977,1304.1007,451.14008,1304.2932,1.0,-0.22947511,-1.0,9470,0.88520753,0.2772891484132198,0.2730898053058032,0.2685214694789258,10,0.0029392321803206,1000,947.0,758,10,79.33977564878792,13420.475225448608,12454.26510925293,9445.728961467745,10,1241.8551788040922,0.0,0.0,0.0,10,0.0,-1.6935407390806576,-2.2289859645779497,-2.443494850134619,10,0.2320489290540052,-595.7369624999999,-746.7446275,-798.539775,10,63.30725869830654,347.4561278664353,302.2806196332224,226.75400844657884,10,33.59275174264877,411.7025107033832,375.89414560802646,297.98268621596014,10,34.429078754877054,0.0,0.0,0.0,10,0.0,0.0,0.0,0.0,10,0.0,0.0,0.0,0.0,10,0.0,0.0,0.0,0.0,10,0.0,-177.92453413080105,-217.6461517498577,-232.3664841084212,10,16.770744546889727,-15.132329866935269,-18.6096335740844,-21.994130906573123,10,2.086963548139237,2639.07449922608,2393.609010186732,1873.9205981452924,10,232.3323167676132,2724.842558734146,2503.2382308491783,1903.051173626934,10,253.36127848527315,0.0,0.0,0.0,10,0.0,-15.126803452272975,-18.457979990342817,-19.66916118764149,10,1.3054725278720032,340.505467422112,311.6955236039117,242.36553327779973,10,29.56057823166793,334.720207808378,308.2084255687892,245.76386281103976,10,26.17557260473174,2710.7042923748368,2489.613366801742,1822.11918399569,10,270.96925415860983,0.0,0.0,0.0,10,0.0,0.0,0.0,0.0,10,0.0,0.0,0.0,0.0,10,0.0,4928.720578511994,4602.371165582959,3500.007240575331,10,444.4169435742897,0.0013192612137203,0.0004644491917922,0.0,10,0.0005724094604293,4.7086906,-0.28535515,-4.8894463,1000,1.0967659,1000,803.6543209876543,47,243,361.1835993510458,13574.581923484802,10710.500361554416,543.1761026382446,243,4873.412853012384,110712.0,158.52605938911438,200000.0,217.0,13185.20140695572,43400000.0,1261.6222264699377,217000.0
2.522996e-08,1.7975031e-09,102.99103,-9.1420276e-05,2.2089533e-10,0.008330703,11.560458,163.49638,163.4804,9.9953785,1298.0282,525.8124,1297.9127,1.0,-0.22112322,-1.0,8687,0.8874839,0.284383399109912,0.2755182952826236,0.2616540780579324,10,0.0060210457133546,1000,868.7,169,10,252.6559122601329,13393.842950820925,11336.592259025574,2020.968634605408,10,3394.835171065728,0.0,0.0,0.0,10,0.0,-0.3431752965778674,-1.92492042368784,-2.3465913759520047,10,0.5842914927198876,-125.8660375,-681.1924425,-799.4674375,10,201.2380133576351,335.7174653098073,272.8149453296698,52.735136515798,10,84.74896989511846,423.9410958395076,348.7210665812096,68.86711023351103,10,101.60865551599105,0.0,0.0,0.0,10,0.0,0.0,0.0,0.0,10,0.0,0.0,0.0,0.0,10,0.0,0.0,0.0,0.0,10,0.0,-37.57866850291711,-203.3141130615715,-240.87410076299537,10,59.56543553888464,-3.100085903209224,-15.861523758648756,-20.336634631834137,10,4.677967605754097,2668.491955181835,2230.918107130684,371.7593464599431,10,677.6384288186672,2740.5525320941124,2276.969776438514,410.20995095420216,10,703.906057939194,0.0,0.0,0.0,10,0.0,-3.63444187238205,-16.887096408192676,-20.204388459728705,10,4.77839829852494,346.54769035352547,290.42908162081926,54.91651250626701,10,86.72531553674955,328.11885490002874,280.4401193893197,55.192143438533066,10,81.29912777008617,2688.236862846338,2251.679972448373,383.0450622500508,10,682.5003548480834,0.0,0.0,0.0,10,0.0,0.0,0.0,0.0,10,0.0,0.0,0.0,0.0,10,0.0,4895.131677735166,4144.51800913274,765.308591911846,10,1210.552291978637,0.0059171597633136,0.0009567151848046,0.0,10,0.0017434440400046,5.0721364,-0.28181362,-5.33927,1000,1.1025017,1000,550.5757575757576,41,264,315.9073061500344,13515.461636543274,7215.533898638053,329.9317021369934,264,4265.483084727625,110976.0,157.47683453559875,200000.0,218.0,13342.67824625969,43600000.0,1270.0280685079974,218000.0
2.522996e-08,1.7981432e-09,103.12072,-3.244246e-05,2.2025533e-10,0.0082821,11.552507,163.4155,163.39957,9.690749,1296.8143,500.74506,1296.7537,1.0,-0.22660196,-1.0,8416,0.88465816,0.2797618012585237,0.2735424891183943,0.2684993932603672,10,0.0031460309017413,1000,841.6,156,10,271.28442638677217,13314.263461112976,10977.588492774965,1921.8953351974487,10,3653.766145761808,0.0,0.0,0.0,10,0.0,-0.3639668885274106,-1.8174371614070512,-2.265551102898977,10,0.5994047334252913,-121.306675,-653.5184937500001,-788.3749625,10,213.34850338646325,329.41403771028547,265.1599821974795,56.77794144564589,10,85.25998326686627,410.7380982004024,334.2945793957569,52.58695203453703,10,113.08591014529637,0.0,0.0,0.0,10,0.0,0.0,0.0,0.0,10,0.0,0.0,0.0,0.0,10,0.0,0.0,0.0,0.0,10,0.0,-36.57077486726024,-194.64356753233028,-236.93562013195748,10,62.854713103649416,-2.4585477061923897,-14.568130448410798,-19.52941701584086,10,4.765066008251224,2681.709757734284,2156.0179645636463,327.25214052250243,10,731.4159811285164,2713.2166329632687,2237.2410763671933,394.3212201419707,10,734.6232412025277,0.0,0.0,0.0,10,0.0,-3.138838504546114,-16.47362034767754,-19.730448143600547,10,5.131317028436891,359.8662080855494,284.0019661132259,51.381784635299184,10,94.42221269150711,323.5105123608853,270.5501634283431,58.02210533098421,10,83.46135408614751,2713.471256687644,2190.424233810091,382.1386789213794,10,741.6908915574642,0.0,0.0,0.0,10,0.0,0.0,0.0,0.0,10,0.0,0.0,0.0,0.0,10,0.0,4890.342248848212,3968.809466543376,734.6941627367889,10,1314.7200505800758,0.0064102564102564,0.0009587749670692,0.0,10,0.0019222829186837,5.0893726,-0.28030297,-5.5776215,1000,1.1049109,1000,765.4681440443213,45,361,310.6142599982879,13621.26417541504,10109.149749173352,549.273491859436,361,4224.343535379587,111337.0,156.3746693134308,200000.0,219.0,13499.052919864656,43800000.0,1278.9795232060792,219000.0
2.522996e-08,1.7985627e-09,103.339584,-3.907569e-05,2.1983575e-10,0.008306242,11.594635,163.82365,163.80779,10.352574,1285.8334,598.60724,1285.301,1.0,-0.22776112,-1.0,8149,0.8861998,0.278920754653906,0.2742880436970284,0.2711988846476967,10,0.0021313121178981,1000,814.9,178,10,296.2763743534067,13330.831965446472,10549.798881101608,2134.8256301879883,10,4005.541249593248,0.0,0.0,0.0,10,0.0,-0.3583713477827839,-1.7362153886002116,-2.276460342685426,10,0.6472266899453243,-134.412375,-631.12827375,-787.0328125,10,231.58074565965345,338.3678859505392,252.8541102553374,53.20560274740399,10,92.4530288557463,443.787139885206,339.6799186726633,77.76534153118934,10,125.10924001537948,0.0,0.0,0.0,10,0.0,0.0,0.0,0.0,10,0.0,0.0,0.0,0.0,10,0.0,0.0,0.0,0.0,10,0.0,-42.7180314678602,-189.1184096470418,-234.55532912977245,10,68.61269303957916,-3.775645829058909,-14.584037176844989,-18.52276981408568,10,5.1316248602630665,2678.2371062691745,2092.036520715602,426.04511802440095,10,787.2963423068544,2731.4480448120703,2162.155203963849,456.8389535337737,10,820.6527219857402,0.0,0.0,0.0,10,0.0,-4.076044656437496,-16.238550603147186,-20.46745887817196,10,5.591327844907643,361.7396341779388,276.49331465150215,53.47071645478728,10,104.00792420947388,324.777032401333,260.62357332691045,59.075664343491766,10,92.82502759669462,2680.099349765724,2105.9934968550574,426.4123140445593,10,812.6270404659953,0.0,0.0,0.0,10,0.0,0.0,0.0,0.0,10,0.0,0.0,0.0,0.0,10,0.0,4840.299098335738,3765.377698124311,734.0178951830653,10,1437.1890831225826,0.0056179775280898,0.000987574104024,0.0,10,0.0017654275053924,4.829677,-0.28690124,-4.757052,1000,1.0956829,1000,752.2212389380531,51,226,367.004080769029,13545.72040271759,9910.189422564168,599.197437286377,226,4932.367647242557,111563.0,156.17138051986694,200000.0,220.0,13655.224304914474,44000000.0,1280.64437500799,220000.0
2.522996e-08,1.7981632e-09,103.3013,2.145106e-05,2.2023537e-10,0.008242653,11.567921,163.53773,163.52194,9.857238,1289.326,514.9831,1289.127,1.0,-0.2271177,-1.0,7055,0.8868774,0.2893851588091398,0.2763186237738751,0.2660526993630115,10,0.0063104073149106,1000,705.5,103,10,314.138265736602,13335.59148788452,9089.333188676834,1253.0805711746216,10,4185.175731146283,0.0,0.0,0.0,10,0.0,-0.254228015324813,-1.4974891640704104,-2.2433556535684085,10,0.6861637452628636,-83.60805000000002,-546.6517737500001,-791.00005,10,242.2849102502636,331.89982780146966,219.76931221883265,29.46343433811921,10,101.60497649877284,417.5211309225824,289.15175381133326,36.28354021225208,10,130.20225800944343,0.0,0.0,0.0,10,0.0,0.0,0.0,0.0,10,0.0,0.0,0.0,0.0,10,0.0,0.0,0.0,0.0,10,0.0,-24.55878323244845,-164.10436339545194,-232.9698846786512,10,70.81231376670303,-2.053427598227302,-12.17106527601074,-18.55599453304103,10,5.3248517648009175,2624.643678114189,1773.3086595968289,252.7110507938692,10,817.8263804690173,2680.444754315261,1853.4334035989184,236.8426271842553,10,855.6966861351643,0.0,0.0,0.0,10,0.0,-2.2236399778463523,-14.69226443658817,-20.733330999045585,10,5.9922407700204685,336.78950017084003,229.23649300291427,35.83060651534685,10,103.62134786661215,331.95280657786543,227.7341788014992,26.526093458926105,10,102.33251931240046,2694.517382188307,1800.180130028799,269.6449438099232,10,824.9864638065044,0.0,0.0,0.0,10,0.0,0.0,0.0,0.0,10,0.0,0.0,0.0,0.0,10,0.0,4905.81964564048,3308.1268614183414,459.3702675857624,10,1528.1796223799097,0.0097087378640776,0.0019191648872223,0.0,10,0.0027807817669512,5.295648,-0.28438056,-5.47924,1000,1.09569,1000,793.1101694915254,46,236,374.6645569513676,13579.66162109375,10506.400280459451,544.2614002227783,236,5031.205375502798,111799.0,180.9555480480194,200000.0,221.0,13836.179857969284,44200000.0,1105.2438135078723,221000.0
2.522996e-08,1.7973867e-09,103.21576,-1.8268778e-05,2.2101189e-10,0.008275529,11.572187,163.56973,163.55391,9.597511,1288.8639,593.18835,1288.6016,1.0,-0.23354304,-1.0,9189,0.8843671,0.277956394846094,0.2713958319382427,0.2677556232555395,10,0.0033860379864502,1000,918.9,452,10,174.27016382616964,13348.836269378662,12088.195723962785,5785.64009809494,10,2342.5649330666656,0.0,0.0,0.0,10,0.0,-0.9506085059684884,-1.973589148480718,-2.265558150752073,10,0.3800026715414405,-339.56395,-708.7203337499999,-779.1378125,10,137.73111879139006,351.01825201977204,290.23537553114704,125.32437621190664,10,64.22169830736267,421.0952642531704,377.9769105346856,191.541923747971,10,67.86131955964368,0.0,0.0,0.0,10,0.0,0.0,0.0,0.0,10,0.0,0.0,0.0,0.0,10,0.0,0.0,0.0,0.0,10,0.0,-102.94480401230167,-211.04109733899256,-235.60267008055348,10,40.37058825291473,-8.95577628502634,-15.406180172480711,-18.73418506035022,10,2.823623898744412,2610.830951596403,2361.9365815613646,1114.8458275106882,10,459.97859876206337,2731.43687478244,2447.2587157157427,1175.41409037211,10,475.104359678766,0.0,0.0,0.0,10,0.0,-9.190237597839854,-19.0473294782558,-21.3966566160953,10,3.722938899640626,350.2675259841729,308.6508166220634,154.66929377150404,10,58.37606155410231,324.30040146172496,293.1412727764295,147.65014170738462,10,54.242261176162266,2703.0535486080025,2390.708208115097,1089.996231653423,10,476.0129204341304,0.0,0.0,0.0,10,0.0,0.0,0.0,0.0,10,0.0,0.0,0.0,0.0,10,0.0,4865.642688339824,4411.110400218784,2168.0797612032425,10,848.1262680906441,0.0022123893805309,0.0003569241483651,0.0,10,0.0007390376123017,5.5987635,-0.27820903,-5.886678,1000,1.1039798,1000,546.7198581560284,32,282,398.99159622850806,13515.032643318176,7103.529033825753,298.41032886505127,282,5365.428564139266,112081.0,158.88088035583496,200000.0,222.0,13995.060743570328,44400000.0,1258.8047067216223,222000.0
2.522996e-08,1.7965345e-09,103.11181,3.827381e-05,2.2186412e-10,0.008210672,11.54031,163.22923,163.2135,9.144454,1294.0613,496.10782,1294.2003,1.0,-0.232614,-1.0,9220,0.8836123,0.2800974155718953,0.2717362112127152,0.2645662266056707,10,0.0042513765165865,1000,922.0,315,10,204.30614283471752,13327.081481933594,12112.984034109117,3938.6193675994873,10,2752.897694969457,0.0,0.0,0.0,10,0.0,-0.7025922438194643,-2.0325605301177427,-2.360558633196156,10,0.454275446109869,-247.7253625,-715.9758387499999,-784.723525,10,157.2230984023561,343.9096271896887,292.2554693589831,103.9135619620126,10,64.94201874933201,440.0513858354324,381.862104503651,125.06384432592708,10,88.73021146438356,0.0,0.0,0.0,10,0.0,0.0,0.0,0.0,10,0.0,0.0,0.0,0.0,10,0.0,0.0,0.0,0.0,10,0.0,-73.48939483096262,-211.10223255058204,-233.03118567061856,10,46.11878406872942,-5.858944141954499,-16.44757035771688,-20.1767155251206,10,3.77040704651744,2578.882775064276,2309.7671436601995,671.3306375743998,10,551.4188884524934,2673.236977174341,2423.6665702718865,791.0783721504959,10,549.9789475930463,0.0,0.0,0.0,10,0.0,-5.925721035725112,-19.390575519913344,-21.85750598675618,10,4.538201931455903,343.2982995722021,306.7538830888339,92.0224796920637,10,72.40313522067568,328.042662458203,296.3518190450307,97.07544973503462,10,67.06898505322376,2689.454203155968,2412.847391983952,810.0863471951327,10,542.1798132000881,0.0,0.0,0.0,10,0.0,0.0,0.0,0.0,10,0.0,0.0,0.0,0.0,10,0.0,4908.32835531499,4491.216274754056,1524.8814765516786,10,998.5952551610612,0.0031746031746031,0.0004279575550293,0.0,10,0.0009730155485999,4.9448767,-0.28148147,-4.921545,1000,1.0951544,1000,828.1859504132232,34,242,346.3914843984565,13572.652289390564,10995.198122800874,362.1694507598877,242,4664.796692803506,112323.0,158.45520496368408,200000.0,223.0,14153.515952587128,44600000.0,1262.1863702479036,223000.0
2.522996e-08,1.7958528e-09,102.99285,2.0255311e-05,2.2254568e-10,0.008219173,11.524093,163.03513,163.01926,8.828286,1299.3528,439.01233,1299.5594,1.0,-0.22552274,-1.0,9667,0.88374996,0.2793820273008345,0.2732198538920529,0.2691329399093866,10,0.0025899038219853,1000,966.7,667,10,99.9,13316.653416633606,12684.260318756104,8750.882149219513,10,1316.8922579853931,0.0,0.0,0.0,10,0.0,-1.441708589573699,-2.141506073204087,-2.3414695160804104,10,0.2416242636341761,-511.2604625,-757.10484125,-803.8096875000001,10,82.29722071295434,341.03584249468736,318.9488898740941,205.88488146496672,10,38.286526493342016,417.292276196338,394.3353080798569,289.7487403627774,10,35.921530260733284,0.0,0.0,0.0,10,0.0,0.0,0.0,0.0,10,0.0,0.0,0.0,0.0,10,0.0,0.0,0.0,0.0,10,0.0,-151.71273306686987,-222.82253094608345,-235.2181173554886,10,23.775566979944013,-12.410682325664688,-17.282594113135964,-20.18499393881688,10,2.0546766797985305,2627.687378703117,2414.5260972335354,1676.864316604234,10,252.8766463572832,2705.956584996793,2534.3478817497453,1692.3124545936998,10,282.9285680170313,0.0,0.0,0.0,10,0.0,-14.063666169070236,-20.671413452824453,-22.397118582088165,10,2.243384942392882,344.3434081144576,317.8689824372253,221.1012430699176,10,33.86963762804792,325.2058202008854,308.6054813291348,215.87745412322823,10,31.18468836548056,2741.705908188076,2564.867648948616,1753.2699117572126,10,275.61903232692225,0.0,0.0,0.0,10,0.0,0.0,0.0,0.0,10,0.0,0.0,0.0,0.0,10,0.0,4934.300545835096,4678.63004972681,3269.4898334286,10,475.3746801947942,0.0014992503748125,0.0001499250374812,0.0,10,0.0004497751124437,4.801107,-0.27674085,-5.5398545,1000,1.0964456,1000,815.94,47,250,350.76961156861927,13558.672676086426,10847.218476808548,478.2493028640747,250,4739.307478286256,112573.0,158.32783436775208,200000.0,224.0,14311.843791484833,44800000.0,1263.2017661244258,224000.0
2.522996e-08,1.7930601e-09,102.79204,1.5670308e-05,2.253383e-10,0.008207693,11.463917,162.39848,162.38242,7.9989448,1312.2811,347.91632,1312.9602,1.0,-0.22491236,-1.0,9120,0.8840819,0.2802263992408558,0.2722195618263388,0.2573990631928688,10,0.0059474729416718,1000,912.0,120,10,264.0,13483.695810317991,12044.081492424011,1480.9345836639404,10,3523.973681138744,0.0,0.0,0.0,10,0.0,-0.3127133872751616,-2.0483339404186016,-2.364001746117024,10,0.5859200044892892,-88.6805875,-716.9252124999999,-800.118775,10,209.57934024621937,344.8982868845088,300.52856190470294,31.733897692085776,10,89.94616292224659,437.26281029208576,369.051457248422,45.1497348004778,10,108.843135296545,0.0,0.0,0.0,10,0.0,0.0,0.0,0.0,10,0.0,0.0,0.0,0.0,10,0.0,0.0,0.0,0.0,10,0.0,-26.306266042361685,-210.34280986231505,-237.0101809885508,10,61.4388597150785,-2.367948865332531,-17.075235505320357,-21.751392358541366,10,5.060116407612214,2603.2191441115847,2280.334401703042,284.89376825664885,10,669.4649775860129,2732.884824136297,2419.487579049198,249.8121626362081,10,724.2315910590444,0.0,0.0,0.0,10,0.0,-2.7626235792664424,-19.784668346698133,-22.46656099558419,10,5.682144683720711,350.87238509029686,305.6817575836211,45.2673174565588,10,87.15211488235178,326.0174298687927,290.45114829679386,39.22712776597953,10,83.86087141939228,2720.8205522426206,2437.0086929677027,317.5676515807116,10,708.4223996150699,0.0,0.0,0.0,10,0.0,0.0,0.0,0.0,10,0.0,0.0,0.0,0.0,10,0.0,4945.484935396988,4445.396071369971,567.4027597530076,10,1293.7920077523725,0.0083333333333333,0.0008333333333333,0.0,10,0.0024999999999999,5.154431,-0.2742113,-5.265489,1000,1.0972079,1000,823.812,45,250,339.3130599549625,13609.019921302795,10945.432989076617,543.6735210418701,250,4588.237879181126,112823.0,157.83629441261292,200000.0,225.0,14469.680089950562,45000000.0,1267.135678421108,225000.0
2.522996e-08,1.7931077e-09,102.84647,-5.5386234e-05,2.2529079e-10,0.008283106,11.48101,162.54715,162.53104,8.565879,1307.8583,415.9174,1308.0747,1.0,-0.22874637,-1.0,9012,0.88318986,0.2808240144961582,0.2728250959591131,0.2676319775021777,10,0.0046541317970281,1000,901.2,336,10,211.72094842032047,13533.904109954834,11853.52012052536,4322.957522392273,10,2859.887557846564,0.0,0.0,0.0,10,0.0,-0.7461701299364822,-2.04870941546269,-2.3833164176840893,10,0.4952945897806318,-262.2719,-705.978795,-788.7302374999999,10,164.8780329735588,359.388026699052,303.3086639907021,116.63907463140106,10,72.9763186246695,418.2072524783284,363.1173996612948,126.44979172377676,10,92.17662005037243,0.0,0.0,0.0,10,0.0,0.0,0.0,0.0,10,0.0,0.0,0.0,0.0,10,0.0,0.0,0.0,0.0,10,0.0,-79.8051041882272,-206.5564032410868,-235.2703896373205,10,46.89007026408438,-6.1233667675948045,-15.997574489229882,-18.752659741283583,10,3.7785667126191,2559.470370730699,2220.699415117552,791.9439880998059,10,567.6566610578265,2740.54022838382,2400.5817345857645,880.4419858765607,10,572.117998971084,0.0,0.0,0.0,10,0.0,-7.006588009841769,-19.248379253635104,-21.87913594260553,10,4.626278807503492,347.8967353166365,295.64733729512085,116.50815742481194,10,71.83362521711578,323.92520717058693,289.65705638498395,107.53645990051126,10,67.43646759747334,2737.578496827585,2372.812648414905,859.4937752364742,10,567.2929057511983,0.0,0.0,0.0,10,0.0,0.0,0.0,0.0,10,0.0,0.0,0.0,0.0,10,0.0,4959.025485095276,4398.369768155918,1618.3293516400072,10,1039.2478831900146,0.0029761904761904,0.0004455480417018,0.0,10,0.0009518864378148,5.0745416,-0.2688203,-5.417139,1000,1.1062195,1000,601.6638418079096,38,354,397.80705724544407,13597.653051376345,7900.767173002669,302.92701482772827,354,5382.257850578951,113177.0,183.3632388114929,200000.0,226.0,14653.043333768845,45200000.0,1090.7311699790084,226000.0
2.522996e-08,1.7942696e-09,103.005486,-3.5523393e-05,2.24129e-10,0.008275961,11.458695,162.24329,162.22717,8.709701,1309.9839,373.34842,1310.4507,1.0,-0.22001953,-1.0,7662,0.88561195,0.283015945791337,0.2739938669047603,0.2571735468580615,10,0.0067067903095279,1000,766.2,94,10,298.1270869947915,13467.04379272461,9963.11546945572,1137.7968244552612,10,4023.074383496087,0.0,0.0,0.0,10,0.0,-0.2217042059458928,-1.649723266680296,-2.33173386884824,10,0.6736549709893032,-70.1273375,-599.16536625,-795.4409874999999,10,238.56364477539617,350.86289947668325,256.3103206587678,30.22436165461372,10,108.55246996757322,441.486237064791,319.67676577103987,28.525617139845696,10,126.95866930424694,0.0,0.0,0.0,10,0.0,0.0,0.0,0.0,10,0.0,0.0,0.0,0.0,10,0.0,0.0,0.0,0.0,10,0.0,-20.51120574316511,-178.90556644429734,-240.54969981818937,10,70.1949425895205,-1.5687556153223587,-13.324710770523538,-18.712465154667942,10,4.970254742724432,2652.32106707136,1923.709302962344,247.98742925139777,10,791.6649177644956,2734.6963911489,2016.3407364782945,239.7601012608355,10,826.6858764976314,0.0,0.0,0.0,10,0.0,-2.367365347901208,-16.51708800110768,-21.98564351468367,10,5.902453092466073,340.026445642723,254.2995411540854,32.46179610277823,10,98.7175549014292,328.8476770745732,244.8146554500467,27.85103174609088,10,95.67353245991546,2692.7081608706144,1979.2122846121983,261.73234662486453,10,793.2770808562764,0.0,0.0,0.0,10,0.0,0.0,0.0,0.0,10,0.0,0.0,0.0,0.0,10,0.0,4919.963627987594,3640.787523806122,348.2870721967881,10,1459.3092406491944,0.0106382978723404,0.0017301670488803,0.0,10,0.0030845107225454,5.0837665,-0.27619195,-5.4630237,1000,1.098277,1000,789.7671755725191,36,262,355.05642384471327,13545.00163078308,10470.643493408465,339.1347522735596,262,4775.567107922729,113439.0,155.93372559547424,200000.0,227.0,14808.977064371107,45400000.0,1282.5961749855396,227000.0
2.522996e-08,1.7950421e-09,103.11564,-6.146467e-05,2.2335636e-10,0.008310716,11.455049,162.18694,162.1708,8.878572,1310.4868,366.33676,1310.8885,1.0,-0.2241402,-1.0,7558,0.8838948,0.3108306649307142,0.2774864160338731,0.2625708005173119,10,0.0133209878355056,1000,755.8,169,10,336.1258097796121,13407.089686393738,9792.202195715903,1917.3834590911863,10,4625.850721078083,0.0,0.0,0.0,10,0.0,-0.3379887408032103,-1.6140129002272214,-2.3252604061082773,10,0.7684567635814643,-140.21519999999998,-586.7485050000001,-781.486575,10,260.96360496177795,358.8089602982749,265.8047385233767,67.2870663798639,10,118.6453272804236,438.2333355043281,320.89993893441533,71.85558889995366,10,143.48756645114352,0.0,0.0,0.0,10,0.0,0.0,0.0,0.0,10,0.0,0.0,0.0,0.0,10,0.0,0.0,0.0,0.0,10,0.0,-45.22649869148029,-175.04599899490967,-236.46927582278784,10,75.22773637552993,-2.89598356760618,-12.585934556246093,-18.01780187189559,10,5.39025903735342,2696.45164707668,1963.1223049234245,350.0752943608071,10,919.2158920115164,2722.95981256962,2011.6762124623783,458.2844093912937,10,910.2021547635012,0.0,0.0,0.0,10,0.0,-3.682294695489848,-15.995475698938463,-21.86608660284542,10,7.114454091302036,344.39718127856145,251.7780494847556,42.27847175698503,10,116.15542562988298,322.69636627948927,241.92362239918344,55.18528081344854,10,104.92146151993498,2677.2351521002083,1957.6413300078384,440.6349653847319,10,883.4671933520244,0.0,0.0,0.0,10,0.0,0.0,0.0,0.0,10,0.0,0.0,0.0,0.0,10,0.0,4894.509515598836,3437.2060185809123,587.3446467614979,10,1732.041362189432,0.0059171597633136,0.0014081481523555,0.0,10,0.0020293992603236,4.6094003,-0.27899796,-5.0802073,1000,1.0966078,1000,812.12,47,250,346.1409447031657,13598.748056411743,10796.800733953476,533.5797576904297,250,4684.9462608843005,113689.0,155.6036560535431,200000.0,228.0,14964.580724477768,45600000.0,1285.3168432699304,228000.0
2.522996e-08,1.7954566e-09,103.2572,-4.2038282e-05,2.22942e-10,0.008302615,11.457502,162.24637,162.2302,9.084429,1309.1669,364.7175,1309.4987,1.0,-0.2262921,-1.0,9179,0.8843856,0.2818181532384704,0.2727917269351945,0.2623693284143071,10,0.0060480796635971,1000,917.9,242,10,226.0816003128074,13421.920548439026,11969.282676935196,3104.9107418060303,10,2993.0059513512424,0.0,0.0,0.0,10,0.0,-0.5295489156480974,-1.9907053619161583,-2.318111485528654,10,0.5039216712758792,-182.6903,-714.0080099999999,-793.21065,10,177.98164890059758,356.75917169232207,310.1202397608901,70.71607570072605,10,80.95275015081012,433.36167776471,389.2245932892694,99.92725288492264,10,96.7723793190934,0.0,0.0,0.0,10,0.0,0.0,0.0,0.0,10,0.0,0.0,0.0,0.0,10,0.0,0.0,0.0,0.0,10,0.0,-53.756065024827166,-212.27979966111053,-239.3280144024535,10,53.07936433485866,-5.308697941706139,-14.798034849038896,-17.337960863292295,10,3.3434571224321044,2675.4333063046743,2399.4171923950744,613.3526586611601,10,599.7917619197001,2725.1551481786537,2432.874476336768,659.6775702914687,10,600.1135035319153,0.0,0.0,0.0,10,0.0,-5.087404790095029,-19.82998923703254,-22.072097675490124,10,4.934218908737348,348.48755539012734,307.9362779847416,79.17549729333916,10,77.09838102634079,324.1365958515015,292.12773946504205,81.41147552157203,10,70.64400496430197,2644.5225409503764,2328.052621973429,582.6808448443696,10,591.2504200070726,0.0,0.0,0.0,10,0.0,0.0,0.0,0.0,10,0.0,0.0,0.0,0.0,10,0.0,4894.955113517766,4310.211562125211,1124.2505500827967,10,1086.6344149216757,0.0041322314049586,0.0005199467264083,0.0,10,0.0012454269460751,4.6764708,-0.2774837,-5.4957666,1000,1.098167,1000,775.6576923076923,53,260,373.1998151878066,13545.599076271055,10278.964757075675,583.2259359359741,260,5023.271621093051,113949.0,158.35776090621948,200000.0,229.0,15122.93849015236,45800000.0,1262.9630455462257,229000.0
2.522996e-08,1.7967621e-09,103.438255,-8.073458e-05,2.216365e-10,0.008355795,11.469669,162.36937,162.35332,9.298868,1307.793,353.5026,1308.0471,1.0,-0.22820164,-1.0,9378,0.8833453,0.2813541178980263,0.2729675880094129,0.2634091238506939,10,0.0055404437176901,1000,937.8,690,10,103.1143055060742,13482.01814174652,12246.916469717024,8568.542566776276,10,1558.9545280373843,0.0,0.0,0.0,10,0.0,-1.267644811469561,-2.0284652750638186,-2.2798477557537384,10,0.3018341905067284,-528.6294625,-728.0670312499999,-799.2108499999999,10,81.050728707066,378.26931765229097,316.0884372378631,269.6339252612463,10,32.43938285788129,431.3804497260743,395.6236493110616,297.59239144194254,10,42.54128169963303,0.0,0.0,0.0,10,0.0,0.0,0.0,0.0,10,0.0,0.0,0.0,0.0,10,0.0,0.0,0.0,0.0,10,0.0,-165.78592871475462,-215.9518143883208,-235.99261062974523,10,20.85216128651377,-10.050184151853454,-15.583099892864816,-18.575723596580566,10,2.5642374303011755,2693.8357497018133,2454.670453209033,1680.0845081831703,10,319.8914799539204,2716.517458576933,2486.8521499687586,1756.902271981117,10,296.4613957610848,0.0,0.0,0.0,10,0.0,-16.42985694483597,-20.06731494685554,-22.448758573392983,10,1.834813325492841,348.93643931298084,317.08246317638634,231.55511569999567,10,37.02741915300014,322.7556903697709,298.68323133235884,214.4599583422016,10,34.021584685850954,2686.4973150627297,2396.6249512537515,1725.5334380706304,10,316.3378172229419,0.0,0.0,0.0,10,0.0,0.0,0.0,0.0,10,0.0,0.0,0.0,0.0,10,0.0,4914.968490176108,4398.240838289291,2988.152326808258,10,595.6965919957263,0.0014492753623188,0.000381934619767,0.0,10,0.0005874311451109,5.1595526,-0.2785596,-5.365597,1000,1.0968084,1000,819.080971659919,49,247,342.6123999528988,13560.161116600037,10854.539747228506,544.3340768814087,247,4624.1450789870905,114196.0,159.18443250656128,200000.0,230.0,15282.122926950457,46000000.0,1256.404265484669,230000.0
2.522996e-08,1.7949232e-09,103.51131,-3.0117973e-05,2.234752e-10,0.008311023,11.447202,162.14565,162.12958,8.868133,1311.6333,323.26868,1312.2202,1.0,-0.21784928,-1.0,6558,0.88651484,0.2937055612646352,0.2799315837748863,0.2707583880177687,10,0.0070467600023673,1000,655.8,88,10,361.0254284673034,13425.11172389984,8295.019090628624,974.9672842025756,10,5009.174961455929,0.0,0.0,0.0,10,0.0,-0.2339101033302557,-1.3458852104266676,-2.279234305523385,10,0.8253552471823666,-72.93006249999999,-507.79258375,-807.5992875000001,10,285.9442539948564,372.9024174056517,220.40527156833983,27.370378956330818,10,122.94990513024584,431.3792257325149,265.8998571588409,27.472191740748816,10,148.7562971123298,0.0,0.0,0.0,10,0.0,0.0,0.0,0.0,10,0.0,0.0,0.0,0.0,10,0.0,0.0,0.0,0.0,10,0.0,-22.111750039951406,-154.32207908536915,-243.2552555803885,10,82.93146718668139,-1.635512635227144,-10.52936473157052,-17.639367322810244,10,6.327317554631676,2682.830842418089,1682.9043403006517,160.78758487548,10,980.1097589678903,2718.8350544297546,1710.5916119990736,184.3051922098776,10,973.4008633668165,0.0,0.0,0.0,10,0.0,-2.1273731993461507,-14.368261101736408,-22.06891869010984,10,7.630221499532626,345.133349596235,218.8360046411597,29.250643660474687,10,124.24996056870268,321.9864756875377,208.22811106184787,25.938435323640057,10,114.42492808414882,2701.694072538532,1643.6708386415098,197.0949021851777,10,995.212916483992,0.0,0.0,0.0,10,0.0,0.0,0.0,0.0,10,0.0,0.0,0.0,0.0,10,0.0,4896.900664249673,2915.560307194678,404.9497517539317,10,1881.2112020718976,0.0113636363636363,0.0024004328224789,0.0,10,0.0034533003679141,4.878634,-0.27823696,-5.132234,1000,1.0968503,1000,775.3560606060606,48,264,371.46593572313327,13585.906359672546,10288.791207573631,575.7664928436279,264,5003.736600254717,114460.0,179.70743680000305,200000.0,231.0,15461.830368041992,46200000.0,1112.919996864574,231000.0
2.522996e-08,1.794457e-09,103.49934,-1.0270538e-05,2.2394141e-10,0.008290214,11.4289465,162.00241,161.98627,8.450778,1315.6647,303.48135,1316.4045,1.0,-0.23709396,-1.0,7423,0.8806191,0.3064222996330877,0.2730440632462422,0.2615467934313689,10,0.0124602588474881,1000,742.3,55,10,395.3778066609202,13578.490609169006,9876.77686674595,648.4362516403198,10,5494.390570104408,0.0,0.0,0.0,10,0.0,-0.1658278902568796,-1.709417209193257,-2.474799952710112,10,0.9375452696483104,-44.44884999999998,-577.2468725,-796.0725875,10,306.4756437464381,359.3666382787985,254.9569445835451,16.271079607379235,10,137.20199834963532,440.4664821867234,312.0450882919158,21.70702400552128,10,171.90394839711567,0.0,0.0,0.0,10,0.0,0.0,0.0,0.0,10,0.0,0.0,0.0,0.0,10,0.0,0.0,0.0,0.0,10,0.0,-13.3740411961156,-167.43191215382322,-227.6008042026716,10,87.03167526150908,-1.00485726179417,-12.98614388961582,-18.78819273247238,10,7.000364213128442,2687.0064218119915,1951.7002569133297,122.01283913682336,10,1065.6910338619705,2782.556191101534,2004.0536257834256,119.06283506788203,10,1111.3134782316713,0.0,0.0,0.0,10,0.0,-1.2294102439250878,-15.442852837294913,-21.329277092094664,10,7.722868783950627,346.9722076221673,248.97501218462247,24.111761309537115,10,130.78931685908057,326.71775996983365,238.42394569179032,21.408894882047363,10,126.6699270001998,2736.903035354695,1946.004093023012,126.14934616172454,10,1104.4210475376422,0.0,0.0,0.0,10,0.0,0.0,0.0,0.0,10,0.0,0.0,0.0,0.0,10,0.0,4952.4952059120615,3568.582155271762,247.79928658197505,10,1992.490746808834,0.0181818181818181,0.0029484029484029,0.0,10,0.0055674287766432,4.8303723,-0.28037414,-5.1322775,1000,1.0956603,1000,767.996138996139,53,259,380.6420657579439,13547.25028514862,10186.037449849618,488.3427028656006,259,5136.582170305456,114719.0,153.76863312721252,200000.0,232.0,15615.59900522232,46400000.0,1300.655380311148,232000.0
2.522996e-08,1.7949027e-09,103.50066,-4.895998e-05,2.2349578e-10,0.008329013,11.43406,161.97456,161.95839,8.6035795,1315.1259,329.068,1315.7557,1.0,-0.23560916,-1.0,9126,0.88077104,0.2901315746921292,0.2707107017020439,0.2624158063369037,10,0.0076221327420278,1000,912.6,126,10,262.20000000000005,13744.253232955933,12201.408706998824,1318.8005905151367,10,3632.5296783485273,0.0,0.0,0.0,10,0.0,-0.2455712720102283,-2.0638653960415247,-2.3911501443706924,10,0.6141783898165633,-96.16109999999996,-708.7657300000001,-796.6252375,10,204.41705337458663,349.14064519049964,299.88125926856844,32.11993608849306,10,90.2085972937374,438.5936198447636,382.3910372224339,47.49808267205921,10,112.25929352550432,0.0,0.0,0.0,10,0.0,0.0,0.0,0.0,10,0.0,0.0,0.0,0.0,10,0.0,0.0,0.0,0.0,10,0.0,-31.70594306677681,-206.50680148242,-232.0396359972013,10,58.39197996601281,-1.7284770389255903,-16.47809433141891,-19.35845424935049,10,4.983519811776264,2718.386368676845,2400.933590774304,215.4695915012278,10,729.7039025257685,2785.9538933880376,2482.2746486104493,276.2700146763817,10,736.2891701802153,0.0,0.0,0.0,10,0.0,-3.439264225494582,-19.12903490982695,-22.526199796954945,10,5.290939987486593,351.6783308335405,306.40516422842666,45.56803271135207,10,87.1467754229772,327.46650189759487,291.3776445513384,40.76445100582036,10,83.64029208899818,2749.665667771721,2408.8893004357287,209.96385931513345,10,735.2028705178274,0.0,0.0,0.0,10,0.0,0.0,0.0,0.0,10,0.0,0.0,0.0,0.0,10,0.0,4946.255624246127,4425.862796157502,560.4157932106583,10,1292.5353542354408,0.0079365079365079,0.0007936507936507,0.0,10,0.0023809523809523,5.024301,-0.28144613,-5.1487155,1000,1.0949652,1000,773.8230769230769,46,260,362.9426626762588,13560.634506225586,10278.270350476412,572.7387399673462,260,4905.076155394159,114979.0,157.55157709121704,200000.0,233.0,15773.150586128237,46600000.0,1269.4255664873906,233000.0
2.522996e-08,1.7947259e-09,103.62056,-5.340287e-05,2.2367257e-10,0.008343049,11.429884,161.87144,161.85521,8.693337,1315.3854,333.50476,1316.001,1.0,-0.21775156,-1.0,8955,0.88626206,0.2882939192415427,0.2780025281340844,0.2681498217199544,10,0.006448879124901,1000,895.5,86,10,272.6452823725362,13483.758737564089,11662.469954490662,1018.2410278320312,10,3608.354555329784,0.0,0.0,0.0,10,0.0,-0.2307780049419477,-1.9474166656497147,-2.422510821417497,10,0.6071353134251664,-70.2852375,-703.0240912500001,-801.1253875,10,212.86280095234,349.7539390326099,302.4786101808993,24.712110865704105,10,93.4959396024817,426.5999979885815,362.2865328252143,29.5237035140262,10,112.95316699505774,0.0,0.0,0.0,10,0.0,0.0,0.0,0.0,10,0.0,0.0,0.0,0.0,10,0.0,0.0,0.0,0.0,10,0.0,-21.16074872448774,-209.87183072021344,-247.7129931207345,10,63.80287137151424,-1.8089163840231928,-15.131646552393548,-18.5141601925159,10,4.576322844011203,2725.4983932612536,2319.639818016223,198.3362592486416,10,720.893664939508,2762.929706200317,2383.4258418965173,182.18655888480967,10,744.4773599428057,0.0,0.0,0.0,10,0.0,-2.255199168425411,-18.81040349899269,-22.4189493091358,10,5.6144197472548765,344.87028434147896,298.3821264165805,28.10733845612485,10,91.04326465089235,324.19630559152034,285.3780155646897,25.73709341997809,10,87.42700936315927,2666.8279998316502,2286.747178328046,216.72130010059087,10,705.8949185478996,0.0,0.0,0.0,10,0.0,0.0,0.0,0.0,10,0.0,0.0,0.0,0.0,10,0.0,4919.150890751097,4214.21524298734,392.6573143224336,10,1309.8786700398412,0.0116279069767441,0.0012778654962935,0.0,10,0.0034670309967083,4.7646356,-0.2787706,-5.1759977,1000,1.0942478,1000,807.1926229508197,46,244,346.23886587247983,13598.350897789,10738.992322319844,418.1296720504761,244,4688.814743133022,115223.0,157.60657405853271,200000.0,234.0,15930.757164001465,46800000.0,1268.9825992012427,234000.0
2.522996e-08,1.7929493e-09,103.70503,-7.376819e-05,2.2544902e-10,0.008370172,11.428521,161.85522,161.83902,8.752974,1312.5865,381.34174,1312.9565,1.0,-0.22384843,-1.0,8447,0.88469464,0.2834837937916057,0.2741580558492004,0.2686863556630541,10,0.0044472894557312,1000,844.7,266,10,286.5030715367638,13660.76893043518,11188.4747027874,3008.2394247055054,10,4026.483594347752,0.0,0.0,0.0,10,0.0,-0.5399337287426,-1.9722409033240829,-2.6431966818906165,10,0.7242087898761607,-205.2897375,-667.9920024999999,-814.4876749999999,10,230.2093206273965,353.9461759037917,283.43490512322234,75.5257546321728,10,101.8408125799967,429.6637684793485,350.541830927499,103.41507763809469,10,119.81888298573053,0.0,0.0,0.0,10,0.0,0.0,0.0,0.0,10,0.0,0.0,0.0,0.0,10,0.0,0.0,0.0,0.0,10,0.0,-62.79518934099496,-195.12206847892776,-236.0255587379212,10,65.81264818605091,-3.573726069879279,-14.556543924909969,-19.356857691004464,10,5.468461383721775,2702.93294748634,2191.146689881648,584.1559291260089,10,770.9396154519405,2771.0628450463364,2257.732750836533,559.981590626484,10,813.0354675571633,0.0,0.0,0.0,10,0.0,-5.719065256912089,-17.26502961220465,-20.66841593425922,10,5.640044021081314,338.9355560625687,281.9986377977774,96.20657148058284,10,93.85423718046174,330.06351311797096,272.80813677840484,83.0883160187448,10,93.91626779396483,2771.728638672981,2216.1400380912364,517.5346906967403,10,843.6537227777429,0.0,0.0,0.0,10,0.0,0.0,0.0,0.0,10,0.0,0.0,0.0,0.0,10,0.0,4957.6348189010605,4084.272721660506,1217.8358136741704,10,1452.449570156096,0.0037593984962406,0.0008395352458587,0.0,10,0.0014396546848788,5.314135,-0.26418033,-5.646165,1000,1.1144266,1000,506.90421455938696,29,522,400.7697698800028,13581.94054222107,6602.882884824413,218.08133220672607,522,5433.264003874701,115745.0,157.14324975013733,200000.0,235.0,16087.900418281555,47000000.0,1272.7240929407164,235000.0
2.522996e-08,1.7952846e-09,103.879845,-4.4343844e-05,2.2311389e-10,0.008354731,11.492423,162.43227,162.41638,10.479641,1294.3418,664.7215,1294.0785,1.0,-0.21232171,-1.0,9611,0.886691,0.2985666984124852,0.2795413459186202,0.2716730317168767,10,0.0081881267804341,1000,961.1,611,10,116.7,13633.342385292051,12719.833646678924,7342.023196697235,10,1798.141941408384,0.0,0.0,0.0,10,0.0,-1.1537538758531751,-2.247443567797049,-2.505054237248696,10,0.3781115434176849,-492.1545625,-769.991455,-824.94855,10,93.18443499913512,350.99022181513885,332.2794989157829,207.57370460588044,10,41.84439118411541,428.2632192104477,395.2319059894854,224.54745875069176,10,57.59662105629077,0.0,0.0,0.0,10,0.0,0.0,0.0,0.0,10,0.0,0.0,0.0,0.0,10,0.0,0.0,0.0,0.0,10,0.0,-156.14627288439016,-225.809919036422,-244.1801324744974,10,23.750145176622244,-11.61487084786321,-16.339220260521817,-18.84095109172699,10,1.8527212455370263,2644.089742793503,2450.8710791367143,1463.7262315795017,10,332.590195108751,2774.270912418556,2562.820490216948,1518.5831994527869,10,352.71829847124445,0.0,0.0,0.0,10,0.0,-12.907711412113455,-19.41511575005434,-20.973664704795524,10,2.2312746505388565,346.87627122167345,319.2261801973672,202.04558644182487,10,40.12548531383042,328.3221574509895,306.5437018532929,193.8634442404346,10,37.92673799341936,2743.897783811536,2549.977149642752,1529.9750280935175,10,342.0763440170707,0.0,0.0,0.0,10,0.0,0.0,0.0,0.0,10,0.0,0.0,0.0,0.0,10,0.0,4962.654548778985,4666.479031672083,2557.988002852931,10,706.3122668096287,0.0016366612111292,0.0001636661211129,0.0,10,0.0004909983633387,4.733152,-0.27804306,-5.1524878,1000,1.0928081,1000,802.4765957446808,47,235,367.2258660365353,13572.567406654358,10659.278317779175,439.1674690246582,235,4979.736636360328,115980.0,183.86773562431333,200000.0,236.0,16271.76815891266,47200000.0,1087.7384187112025,236000.0
2.522996e-08,1.7960032e-09,104.05664,-7.082312e-05,2.2239523e-10,0.008395355,11.524214,162.69058,162.67468,10.827131,1284.16,800.0916,1283.6569,1.0,-0.20552285,-1.0,8672,0.8885205,0.2948612552133935,0.2810548465184336,0.2732918650045289,10,0.006009966384397,1000,867.2,281,10,230.6953835688959,13320.120304107666,11371.313674354553,3694.06085395813,10,3056.7568582571785,0.0,0.0,0.0,10,0.0,-0.677755585257139,-1.970713327966198,-2.404244475897968,10,0.5172139717828089,-221.4744875,-695.99754125,-820.8628874999999,10,187.06271058605543,354.3664624296927,299.69178360639773,96.63772813306372,10,81.22392544860264,423.5337729237731,348.9258597324274,114.80219226089474,10,95.06742073700096,0.0,0.0,0.0,10,0.0,0.0,0.0,0.0,10,0.0,0.0,0.0,0.0,10,0.0,0.0,0.0,0.0,10,0.0,-64.89851231978518,-206.4462110804297,-250.4886813880749,10,56.09330302296158,-4.544659927182845,-14.047568647606523,-18.28055583689315,10,3.806212769976433,2595.60392679036,2172.211307887464,747.0685108045866,10,576.8947030205155,2679.17511451462,2278.9451583672408,730.7624917808039,10,612.064001992316,0.0,0.0,0.0,10,0.0,-5.497337559544288,-17.50867802448996,-21.309909011427266,10,4.681820166944637,337.0065873993235,284.32207305275244,95.07987740030082,10,77.8041586005841,325.72586133812484,280.7251396002709,88.25910854925877,10,74.207376467976,2735.862314667422,2279.520080487285,757.4788173875183,10,612.5864736070156,0.0,0.0,0.0,10,0.0,0.0,0.0,0.0,10,0.0,0.0,0.0,0.0,10,0.0,4957.396837835377,4207.666643060442,1312.2615687225305,10,1141.9185507192265,0.0035587188612099,0.0006452776783979,0.0,10,0.0011276125160016,5.7245336,-0.27260613,-5.2827907,1000,1.1013055,1000,376.83673469387753,32,245,353.81124605393154,13522.911535263062,4827.240821848111,258.5887670516968,245,4816.826051401798,116225.0,157.27542328834534,200000.0,237.0,16429.04358649254,47400000.0,1271.654501500367,237000.0
2.522996e-08,1.7971368e-09,104.11843,-2.1861439e-05,2.2126165e-10,0.008351336,11.506733,162.47348,162.45763,10.403695,1286.9172,699.47144,1286.5647,1.0,-0.19737957,-1.0,7389,0.89155644,0.3120884894600359,0.2883225329798373,0.2697853541176279,10,0.0135947598278814,1000,738.9,112,10,352.36357643774704,13215.946095466614,9262.37742114067,1310.94172000885,10,4714.870865991096,0.0,0.0,0.0,10,0.0,-0.2633522429906949,-1.544888456620664,-2.277208911607775,10,0.7955416189742478,-86.1541875,-588.74791375,-809.9677875,10,279.7629402853524,351.26511513254854,250.43105244060325,41.47668580739267,10,119.7916786571058,420.508987842166,286.2219220844569,40.41967647853036,10,141.048698724274,0.0,0.0,0.0,10,0.0,0.0,0.0,0.0,10,0.0,0.0,0.0,0.0,10,0.0,0.0,0.0,0.0,10,0.0,-25.80344972235052,-179.42275879088209,-249.05741444743705,10,82.5686324231679,-1.6391551122680357,-11.60991623852284,-20.875602368082607,10,6.1323992156003735,2562.4129408333083,1716.7236272790494,264.8963411455422,10,907.7119433689932,2657.9188966084835,1908.2076899304527,210.9022127339056,10,939.4135809301076,0.0,0.0,0.0,10,0.0,-1.8087850588963068,-15.250979147128303,-21.6002445925867,10,7.123447804302681,342.68905180577366,235.89211810599667,37.25658225039302,10,119.38960559259904,325.44576841392484,238.46118071395887,31.703439796376674,10,112.4125089990236,2677.07045347348,1837.501490811385,259.98870523556093,10,951.9525015953255,0.0,0.0,0.0,10,0.0,0.0,0.0,0.0,10,0.0,0.0,0.0,0.0,10,0.0,4916.155900470044,3450.7709150662754,520.6086737026196,10,1749.216065156918,0.0089285714285714,0.001775468038455,0.0,10,0.0027970350062676,4.980211,-0.2774976,-5.249699,1000,1.0933149,1000,852.9139344262295,37,244,322.9364450023406,13580.854206085203,11364.467630565166,313.96159982681274,244,4389.804202566213,116469.0,155.07054615020752,200000.0,238.0,16584.1141371727,47600000.0,1289.7355749703236,238000.0
2.522996e-08,1.7959594e-09,104.17791,-4.7781417e-05,2.2243915e-10,0.008382014,11.496793,162.31949,162.30373,9.913345,1290.2006,667.4304,1289.9298,1.0,-0.2019908,-1.0,6243,0.8902441,0.3065793880391426,0.2857615822464056,0.2791096206541456,10,0.0074071099582573,1000,624.3,116,10,377.3075800987836,13244.774859428406,8040.806135463715,1303.8457527160645,10,5078.120010280503,0.0,0.0,0.0,10,0.0,-0.2007374076186548,-1.3752749542385578,-2.288590147844056,10,0.8603389967068897,-87.5752875,-499.5778362499999,-809.1585500000001,10,303.5066561103798,363.3645327383755,214.5634482787725,28.54322372023928,10,136.59427068712995,392.84190470272137,242.6436220795412,49.31847221326106,10,146.7328179603415,0.0,0.0,0.0,10,0.0,0.0,0.0,0.0,10,0.0,0.0,0.0,0.0,10,0.0,0.0,0.0,0.0,10,0.0,-28.442653614309528,-149.956125020057,-244.2886016754485,10,89.34218783556976,-2.323722400401272,-9.936840070616016,-16.34001919203292,10,6.001042687291186,2512.35047029632,1485.009330554312,282.3366560087478,10,958.7851980400168,2669.6626212622123,1617.1672494101217,274.4988321559156,10,1004.7854957068744,0.0,0.0,0.0,10,0.0,-2.26110476069821,-12.488253940936328,-20.27692572173145,10,7.475147698263548,333.8412271816253,198.66973756288127,35.803110089178425,10,128.242740807901,328.6242181649752,203.8699961573029,37.153748355141765,10,123.82200503030072,2692.235031976873,1609.241239078645,247.9829121417415,10,1021.6120057538666,0.0,0.0,0.0,10,0.0,0.0,0.0,0.0,10,0.0,0.0,0.0,0.0,10,0.0,4974.609678936089,3030.8322593972666,447.1215307349239,10,1901.982239341105,0.0086206896551724,0.0027711883604573,0.0,10,0.003166552959441,4.942522,-0.27738047,-5.638617,1000,1.0932033,1000,857.0420168067227,51,238,319.4110755897138,13588.22084236145,11411.817229026004,553.0512571334839,238,4343.574404390972,116707.0,152.90478682518005,200000.0,239.0,16737.018928289413,47800000.0,1308.0035239751198,239000.0
2.522996e-08,1.7959059e-09,104.11847,4.9720933e-05,2.2249265e-10,0.008279757,11.482948,162.10281,162.08704,9.468508,1297.1223,557.9335,1296.9937,1.0,-0.19959144,-1.0,5153,0.8890929,0.2915845087790273,0.2828187675159968,0.2736867124080019,10,0.0054931794237419,1000,515.3,112,10,330.9293126938138,13070.388041496277,6307.8135242939,1261.7853469848633,10,4219.916624135695,0.0,0.0,0.0,10,0.0,-0.2773296289394965,-1.116358588322435,-2.288303545606477,10,0.7288117674769315,-90.437225,-411.7676725,-803.0596625000001,10,266.86494067591144,344.0695987349743,173.10174120501608,44.13459953405153,10,105.96895487624386,402.1713694535817,186.552149910851,36.85591066564962,10,126.55904790620548,0.0,0.0,0.0,10,0.0,0.0,0.0,0.0,10,0.0,0.0,0.0,0.0,10,0.0,0.0,0.0,0.0,10,0.0,-26.80795167495289,-123.7932773917832,-239.73481075264857,10,79.66342486726198,-1.568478113975992,-8.520869336354064,-18.32472668672682,10,5.914596058203825,2394.2289288032453,1064.0986121883896,214.8390299119177,10,748.897912487667,2647.270464750866,1308.2455817250798,288.45626278445104,10,845.9906052294871,0.0,0.0,0.0,10,0.0,-2.313100106871408,-10.566898519304116,-20.88941687862351,10,6.983726825894368,326.8477490732455,163.50926101816876,32.97721120091542,10,105.75385201485489,320.28367793259275,166.1008787073763,30.73759906925409,10,105.85771678796378,2716.6259948853385,1224.2856844331768,230.431209268108,10,869.162718643123,0.0,0.0,0.0,10,0.0,0.0,0.0,0.0,10,0.0,0.0,0.0,0.0,10,0.0,4954.908888229407,2485.700722945592,485.6005828213556,10,1637.462450654806,0.0089285714285714,0.0031055083557914,0.0,10,0.0028053974452163,5.360468,-0.2714578,-6.247677,1000,1.1043212,1000,735.1799485861183,27,389,335.947891217321,13583.956805229189,9704.598919444035,304.1209983825684,389,4555.877884891549,117096.0,150.49384307861328,200000.0,240.0,16887.512775421143,48000000.0,1328.9580218609092,240000.0
2.522996e-08,1.7940278e-09,103.95162,2.9488405e-05,2.2437063e-10,0.008286641,11.442368,161.71309,161.69733,8.846077,1304.1656,563.1229,1304.2567,1.0,-0.20675294,-1.0,6061,0.88778174,0.2948083715586648,0.279564220608172,0.2660610778439909,10,0.0089043616646036,1000,606.1,121,10,316.421064406275,13029.3501329422,7503.737855267524,1354.3222303390503,10,4229.311255551298,0.0,0.0,0.0,10,0.0,-0.180467058641383,-1.2561545499683735,-2.2854403436421817,10,0.7253818149039678,-86.845,-477.4165712500001,-800.908275,10,255.4318511553169,342.72988087087714,200.7886173698748,36.784731550349335,10,109.12918788469212,381.13862347560087,224.6611489705164,49.51052188817167,10,120.35578137073928,0.0,0.0,0.0,10,0.0,0.0,0.0,0.0,10,0.0,0.0,0.0,0.0,10,0.0,0.0,0.0,0.0,10,0.0,-28.781358055057986,-144.49255006795104,-239.39274491047428,10,75.43583953293387,-2.056574133659085,-9.759762863744506,-16.42674273614913,10,4.969353021342047,2418.437260996272,1347.6400408995553,304.430510398706,10,787.1334225135639,2621.8020326082974,1525.3569766068008,282.2554485754921,10,834.7726930944933,0.0,0.0,0.0,10,0.0,-2.1746898517990343,-12.534803026619397,-21.38721726657699,10,6.751521370060695,339.95703310165163,194.38117256110868,32.768047532879194,10,102.46607586792184,323.39414647599665,195.7545179690709,39.30913404981494,10,101.89505379688715,2645.024835514814,1484.052713781009,233.73937444388963,10,861.5015330172795,0.0,0.0,0.0,10,0.0,0.0,0.0,0.0,10,0.0,0.0,0.0,0.0,10,0.0,4952.764653150713,2869.7220467970405,468.00400701705394,10,1610.41241951318,0.0082644628099173,0.0024848988464476,0.0,10,0.0027670919886425,4.8924255,-0.27957192,-5.6441326,1000,1.0943736,1000,820.0434782608696,31,230,339.42225571529366,13542.5851020813,10851.83983477095,313.949254989624,230,4597.564277957635,117326.0,176.83984446525574,200000.0,241.0,17064.35262465477,48200000.0,1130.9668395421745,241000.0
2.522996e-08,1.7946095e-09,103.72207,5.531882e-05,2.2378895e-10,0.008242448,11.397072,161.25974,161.24396,8.175684,1313.3108,400.10638,1313.9536,1.0,-0.20413657,-1.0,5050,0.8891156,0.2979226745128191,0.282754856880671,0.2690435998117243,10,0.0099181145127174,895,505.0,75,10,288.3071279035605,11255.332137584686,6067.481624341011,854.1923379898071,10,3560.785116418647,0.0,0.0,0.0,10,0.0,-0.2069989807427612,-1.028609777546046,-1.954873426526319,10,0.6096861879645326,-58.97565,-396.91323,-725.9255125,10,229.98947949745173,304.3731290043263,171.015869967681,24.99274392447121,10,99.26452444921954,348.7012664205845,188.3880134993496,25.967805844677912,10,112.07912488568968,0.0,0.0,0.0,10,0.0,0.0,0.0,0.0,10,0.0,0.0,0.0,0.0,10,0.0,0.0,0.0,0.0,10,0.0,-17.75701914495613,-121.1519296408785,-221.04953279410643,10,69.12141627148479,-1.592762600871006,-7.842106216648796,-15.302229018175847,10,4.749756075119287,2187.4795564139445,1108.7888733859972,161.64023192800892,10,698.3519980029581,2257.8168508717554,1259.6080397195856,160.27840180678996,10,724.3099530707768,0.0,0.0,0.0,10,0.0,-1.9430182720361808,-10.527550508693327,-18.417853513681266,10,5.607387482407785,300.9419547367264,166.91975021330109,25.65949842739504,10,96.08072538897352,285.1685192728319,164.2456073248099,22.535290210707704,10,93.14202772603792,2262.042190816738,1180.131605034204,153.79868966548997,10,731.7549736978323,0.0,0.0,0.0,10,0.0,0.0,0.0,0.0,10,0.0,0.0,0.0,0.0,10,0.0,4335.6823922868025,2276.899424829155,346.77747938254936,10,1329.2166756129418,0.0133333333333333,0.0036040235057577,0.0011173184357541,10,0.0036241917987802,4.8122644,-0.28201607,-5.8185883,1000,1.0923928,1000,825.7692307692307,48,234,339.12216704523985,13596.438423156738,10960.545316182905,483.6365623474121,234,4592.7529900766085,117560.0,149.97502160072327,200000.0,242.0,17214.32765007019,48400000.0,1333.555400528347,242000.0
2.522996e-08,1.7925833e-09,103.60341,6.8373506e-06,2.2581519e-10,0.008281435,11.396262,161.25087,161.23495,8.11055,1314.2357,377.04,1314.793,1.0,-0.20707777,-1.0,6012,0.88785344,0.2946135309294314,0.280915947739549,0.2676044908488826,10,0.0088725570564798,1000,601.2,76,10,312.9945047440929,13133.199075222015,7396.830783128738,866.460371017456,10,4088.756975421304,0.0,0.0,0.0,10,0.0,-0.2099957645946539,-1.2110758215424284,-2.2416889543816207,10,0.7175332062192035,-60.278325,-470.69792625,-780.2036375,10,249.07162395514428,345.2812469413066,208.98963997444747,24.18592485743656,10,103.78071386873673,396.6100176200309,226.50497749210908,21.882608513643728,10,121.85785094865382,0.0,0.0,0.0,10,0.0,0.0,0.0,0.0,10,0.0,0.0,0.0,0.0,10,0.0,0.0,0.0,0.0,10,0.0,-17.156882242898895,-143.43884184244263,-229.40629917840545,10,72.79403386608502,-1.4867072111343331,-9.53509280256588,-17.597891704349642,10,5.549056086928809,2519.835274042359,1394.45804198289,167.40981302088943,10,742.5517536764154,2663.9166623072933,1541.6015105984636,133.37703688294314,10,822.8137606780042,0.0,0.0,0.0,10,0.0,-2.0123701895933097,-12.73811359369114,-20.21870952438195,10,6.357061432599958,339.73402972517306,197.7103948191372,27.199451867446,10,102.77288567385774,327.5695410109256,194.1693195820604,23.03136042498705,10,101.52451923325084,2643.980158384681,1478.7910633508077,188.38202314263808,10,831.077943018795,0.0,0.0,0.0,10,0.0,0.0,0.0,0.0,10,0.0,0.0,0.0,0.0,10,0.0,4833.791000162779,2687.7076503300714,349.62459220280783,10,1590.8044991689655,0.0131578947368421,0.0030167949273468,0.0,10,0.0038377935357465,4.8630695,-0.2785358,-5.2528524,1000,1.0927705,1000,821.2633744855967,44,243,348.85251723619325,13578.534252166748,10912.254263149858,414.1399955749512,243,4718.647290282164,117803.0,151.95779705047607,200000.0,243.0,17366.285451889038,48600000.0,1316.1549053884064,243000.0
2.522996e-08,1.7926e-09,103.706764,-6.9493624e-05,2.2579846e-10,0.008366034,11.422096,161.53374,161.51762,8.581258,1308.3022,460.74893,1308.4515,1.0,-0.20711547,-1.0,6605,0.8866831,0.2903605215769596,0.2808669891529646,0.2719325523890341,10,0.0056526456286266,1000,660.5,125,10,295.08007387826103,13002.20397424698,8276.250130319595,1421.1385354995728,10,3854.4733136935993,0.0,0.0,0.0,10,0.0,-0.1877179595568354,-1.4369421921567518,-2.3667332108720904,10,0.6781847972827532,-91.02935,-524.76683375,-811.9020624999999,10,236.484072250787,343.6998682757546,222.3123797551049,33.34003982692737,10,100.47142743380408,389.6792551278706,238.07966421107471,50.241601536814365,10,110.74470460773092,0.0,0.0,0.0,10,0.0,0.0,0.0,0.0,10,0.0,0.0,0.0,0.0,10,0.0,0.0,0.0,0.0,10,0.0,-31.44875652461068,-156.54399629212026,-243.987588921216,10,69.02282028899857,-2.3988751984177115,-10.60705532438636,-17.327468813182968,10,4.763360708540274,2438.914251314721,1483.386974913027,259.8527206934263,10,751.8208418288161,2641.131020609405,1697.75078687612,313.39084449419755,10,787.1492165108659,0.0,0.0,0.0,10,0.0,-2.779746032124511,-14.160957974767111,-22.43097960621021,10,6.285186213439959,343.8646801890516,224.89293097895447,43.926748101200346,10,99.93219609230248,329.2619340193448,211.84945491357675,40.69299122091961,10,95.62330181148803,2587.105219976973,1651.7588589150937,240.10796565924,10,761.9926230271622,0.0,0.0,0.0,10,0.0,0.0,0.0,0.0,10,0.0,0.0,0.0,0.0,10,0.0,4850.448534759002,3140.382274087805,544.6907234474019,10,1421.9243058638442,0.008,0.001917936664077,0.0,10,0.0022206893187689,5.0870895,-0.27276075,-5.426194,1000,1.1027691,1000,583.7694805194806,42,308,353.0849417371808,13482.932793617249,7603.278946998057,377.2347140312195,308,4737.53240565247,118111.0,153.68319582939148,200000.0,244.0,17519.968652009964,48800000.0,1301.3784553389055,244000.0
2.522996e-08,1.7932898e-09,104.00009,-9.8456105e-05,2.2510876e-10,0.008418463,11.48224,162.12695,162.11087,10.017845,1291.1145,648.09155,1290.5227,1.0,-0.20672584,-1.0,4483,0.8854439,0.2972281009874766,0.2820998758997246,0.2719763248496112,10,0.0081080188212294,853,448.3,157,10,209.6487777212164,10501.617674827576,5413.388388228416,1683.353868484497,10,2721.332814749632,0.0,0.0,0.0,10,0.0,-0.2062847447247636,-0.897754563836844,-1.733001398148443,10,0.4606564459073316,-115.938075,-349.614285,-660.9694,10,163.0284084022252,293.05941246648854,146.62939807523043,42.159395426909526,10,74.7176139020064,329.0738833937497,162.1557660410934,52.50737997371074,10,85.61626865232954,0.0,0.0,0.0,10,0.0,0.0,0.0,0.0,10,0.0,0.0,0.0,0.0,10,0.0,0.0,0.0,0.0,10,0.0,-39.86604543969102,-106.40127848820654,-198.59266300217644,10,47.3528718834295,-2.349639649625169,-6.906417702273113,-13.396835193871471,10,3.4157216360598714,1834.943940371292,944.9619527464336,268.6977170863289,10,487.78958918415896,2131.126955921539,1108.3064635898145,331.550060145988,10,563.8282912526049,0.0,0.0,0.0,10,0.0,-3.341835109381228,-9.67991270089935,-17.930232484038854,10,4.377372330503716,283.43608601957794,153.6540984362269,54.94579759385173,10,69.3923776743567,275.66454441361293,145.49875421249357,55.08773172102006,10,65.78176409304513,2076.774316126818,1069.9391920243734,303.1028843813216,10,545.8731958757287,0.0,0.0,0.0,10,0.0,0.0,0.0,0.0,10,0.0,0.0,0.0,0.0,10,0.0,4027.387078041996,2079.2324695989405,634.8900724066042,10,1017.6084489264748,0.0063694267515923,0.0029648122240979,0.0011723329425556,10,0.0017822928515195,5.0266943,-0.26887485,-5.7149014,1000,1.1117089,1000,579.4394299287411,32,421,294.08166859556303,13443.64716911316,7494.272675145267,284.4756622314453,421,3912.0469154578905,118532.0,149.64463138580322,200000.0,245.0,17669.613287448883,49000000.0,1336.4996668966637,245000.0
2.522996e-08,1.7939912e-09,104.29139,-7.206749e-05,2.2440727e-10,0.008415378,11.485664,162.10475,162.08878,10.421949,1284.0765,653.7634,1283.4679,1.0,-0.1903599,-1.0,5657,0.8887537,0.3002181779725699,0.2885059581276626,0.2774125833756095,10,0.0080523100400876,1000,565.7,135,10,278.3242892742206,12772.917720794678,6891.89797244072,1300.75333070755,10,3617.919521990222,0.0,0.0,0.0,10,0.0,-0.2695566619942808,-1.1929623754035903,-2.200638692127579,10,0.574069884367283,-107.727275,-454.680945,-794.2370000000001,10,220.10367107795471,352.46369987487776,190.9792547371221,47.84973657464349,10,93.38376236875187,370.3078355488129,192.53563835021515,42.86467913952165,10,100.86309516980803,0.0,0.0,0.0,10,0.0,0.0,0.0,0.0,10,0.0,0.0,0.0,0.0,10,0.0,0.0,0.0,0.0,10,0.0,-34.99348920216232,-137.2307638570792,-242.6401696918948,10,65.72688487822228,-1.4361306177854796,-8.560769638592,-16.707612476056347,10,4.535930037321655,2407.0601631055933,1209.479050863983,164.50430242730482,10,721.5255742315848,2629.2206551227728,1425.5335137843044,266.7807927047332,10,744.1932679500173,0.0,0.0,0.0,10,0.0,-2.907084051006779,-12.53303781049323,-23.22014610881513,10,6.1632687507741775,329.13408588864945,184.19782045114025,35.930616098504814,10,90.900606487565,328.4096529926521,184.30838911713832,53.46077670572821,10,90.0942730584319,2512.139458708674,1365.9703574480525,242.88517603274587,10,708.7087295115656,0.0,0.0,0.0,10,0.0,0.0,0.0,0.0,10,0.0,0.0,0.0,0.0,10,0.0,4860.169675137287,2655.10427860906,568.8596622678908,10,1328.116732709524,0.0074074074074074,0.00237172800852,0.0,10,0.0021473283764464,5.392898,-0.27290705,-4.8978977,1000,1.0909984,1000,809.7413793103449,48,232,359.4924132499939,13548.115217208862,10697.501828008684,513.5407104492188,232,4845.146398057491,118764.0,176.81820130348206,200000.0,246.0,17846.43149828911,49200000.0,1131.105273810188,246000.0
2.522996e-08,1.7958405e-09,104.37858,-2.3284989e-05,2.2255797e-10,0.008373572,11.465698,161.92972,161.91362,10.125093,1283.2596,579.71344,1282.7606,1.0,-0.19388086,-1.0,7720,0.8871914,0.295130527760561,0.2841303937632994,0.2657442584512861,10,0.008244094890151,1000,772.0,300,10,296.6651310821681,12972.939911842346,9709.776062631609,3468.3476753234863,10,3866.473000814666,0.0,0.0,0.0,10,0.0,-0.5768277439440062,-1.5732620260909105,-2.155233568285797,10,0.6124140213960856,-238.626375,-615.5001212499999,-806.94795,10,239.17586337136623,352.3997214629592,266.31329237805085,105.854171161919,10,101.25387874269688,371.75871203281565,276.64651133560034,101.8976635010652,10,109.02462392779172,0.0,0.0,0.0,10,0.0,0.0,0.0,0.0,10,0.0,0.0,0.0,0.0,10,0.0,0.0,0.0,0.0,10,0.0,-76.02575413528785,-186.41105914232784,-250.608000369711,10,72.35324924166044,-5.089777296286902,-11.404440368021923,-15.55056422696148,10,4.201399946634063,2418.8077139761385,1777.8948951108378,544.604437254801,10,737.0814393903487,2607.46611937784,1969.1900539438604,689.0492121038448,10,769.3793822894326,0.0,0.0,0.0,10,0.0,-6.6520468716843,-17.12611416653966,-23.09501095756637,10,6.631897222423685,340.4018459527016,255.6924999684707,94.1858966397783,10,97.99720428736578,331.77469683182994,248.7713499893811,102.55965391081676,10,95.7004384503744,2670.479560013691,1916.7412378327283,683.1281713556839,10,776.2702083110597,0.0,0.0,0.0,10,0.0,0.0,0.0,0.0,10,0.0,0.0,0.0,0.0,10,0.0,4917.199050165861,3698.113927525853,1420.2839884135278,10,1458.1114244384355,0.0033333333333333,0.001032445164133,0.0,10,0.0013406194291453,4.886662,-0.2698486,-4.7010427,1000,1.090334,1000,828.6724890829694,47,229,343.35175819340606,13568.512795448303,11001.2863657006,543.9782133102417,229,4641.746112237408,118993.0,155.359472990036,200000.0,247.0,18001.790975809097,49400000.0,1287.337013642078,247000.0
2.522996e-08,1.7926323e-09,104.42126,-1.9847255e-06,2.2576613e-10,0.008355684,11.4761095,161.98964,161.97365,10.182208,1281.8463,619.3658,1281.1409,1.0,-0.20260152,-1.0,7400,0.88428235,0.2856325281821569,0.2796067695489385,0.2700445159805741,10,0.0045401855923185,1000,740.0,283,10,315.4355718684879,12978.744652748108,9200.693564653397,3112.187204360962,10,4151.832593104637,0.0,0.0,0.0,10,0.0,-0.5403881531123735,-1.491857904685118,-2.1922487088236005,10,0.6248707072580256,-220.34945,-582.6233675000001,-799.960875,10,248.58964262628203,344.24176063816776,244.1079423854262,96.12662091345,10,103.07509497372514,403.65531656697976,275.60721757765816,96.0135875548381,10,126.62325355075646,0.0,0.0,0.0,10,0.0,0.0,0.0,0.0,10,0.0,0.0,0.0,0.0,10,0.0,0.0,0.0,0.0,10,0.0,-66.42257805330415,-175.80375756916322,-242.77509125494555,10,75.59820622347004,-3.657092194335724,-11.409356063022184,-17.067592447985668,10,5.373574958178961,2435.9594557834284,1724.9512448797493,577.4009831439962,10,789.6503880352335,2596.563116884544,1869.5099356926664,655.640409475649,10,815.626986215384,0.0,0.0,0.0,10,0.0,-6.3338381735282425,-16.070649583642354,-23.09249641728993,10,6.799976054739192,332.60580717492815,243.91382238844864,89.48158206092245,10,105.41542355334504,329.10917551234365,236.30936228792385,82.55318427645238,10,104.2882291427872,2624.9967055944267,1825.23328797684,560.6601893388151,10,854.029947225813,0.0,0.0,0.0,10,0.0,0.0,0.0,0.0,10,0.0,0.0,0.0,0.0,10,0.0,4923.995742920199,3444.14522736096,1152.248808142136,10,1546.4567761042886,0.0035335689045936,0.0013040001905392,0.0,10,0.0014924774216226,5.823849,-0.2656319,-5.4882827,1000,1.1014575,1000,634.8857142857142,39,350,357.8427484986404,13540.002800941467,8310.606573043551,336.87452268600464,350,4825.921931493443,119343.0,155.97329425811768,200000.0,248.0,18157.764274597168,49600000.0,1282.2707948260888,248000.0
2.522996e-08,1.7930742e-09,104.358345,1.9911635e-05,2.2532413e-10,0.008328754,11.472183,161.94936,161.93324,10.420998,1278.3063,707.5287,1277.5764,1.0,-0.20311822,-1.0,8758,0.8842867,0.2865785416679987,0.2799615530118619,0.2744747337872476,10,0.0039141618207647,1000,875.8,69,10,284.4689086701744,13233.741604804993,11300.213568592071,831.489447593689,10,3713.516439360926,0.0,0.0,0.0,10,0.0,-0.1586999722972414,-1.7820131388203464,-2.247201238361413,10,0.5902476191856181,-53.17282499999999,-691.18159125,-799.2305875,10,224.7392676539949,338.5946017708985,286.77714515036,25.631378049363125,10,93.839228456773,414.7015955239616,338.88379339413416,31.92669530011573,10,111.23521802352342,0.0,0.0,0.0,10,0.0,0.0,0.0,0.0,10,0.0,0.0,0.0,0.0,10,0.0,0.0,0.0,0.0,10,0.0,-16.31920506962903,-207.89224084144948,-244.0823126777129,10,67.41772805190169,-0.8985361422099916,-13.936935791864869,-16.92425862214464,10,4.755619176461478,2564.390108933608,2113.3784445271167,136.26640492842898,10,702.6614660333115,2622.563803272322,2259.635685535529,177.514182127298,10,728.6808783965106,0.0,0.0,0.0,10,0.0,-1.4077930070113085,-18.842601133772696,-22.647919027228056,10,6.158888183767148,337.91454216544025,288.2936066552622,19.64593463448917,10,95.1537710460318,329.06794482044864,283.21902650216555,25.1302883971054,10,90.37478725753878,2720.5789519005784,2277.534887038737,166.49985313378045,10,754.3235771560607,0.0,0.0,0.0,10,0.0,0.0,0.0,0.0,10,0.0,0.0,0.0,0.0,10,0.0,4931.279963201823,4239.485445317346,309.3210943235404,10,1400.5161278039377,0.0144927536231884,0.0016944132433057,0.0,10,0.0042946017934294,4.9591465,-0.2691643,-5.245488,1000,1.0899193,1000,847.9401709401709,44,234,335.56683236664816,13549.788217544556,11255.316314978478,469.25976181030273,234,4521.130948282819,119577.0,157.5214502811432,200000.0,249.0,18315.285729408264,49800000.0,1269.6683508375615,249000.0
2.522996e-08,1.7919775e-09,104.19629,2.8950144e-05,2.2642113e-10,0.008306753,11.394567,161.1448,161.12871,9.176707,1293.488,522.38226,1293.5594,1.0,-0.21611333,-1.0,9103,0.88015825,0.2783850489604894,0.2745504043213258,0.27044053980465,10,0.0025767550500052,1000,910.3,384,10,194.41093076265028,13299.730699539185,11864.775463294984,4763.9517822265625,10,2702.219413353296,0.0,0.0,0.0,10,0.0,-0.8082269930998565,-1.86056421361732,-2.117785280742907,10,0.4254747270331268,-299.654725,-709.421015,-788.6512875,10,152.59063389441707,332.28878293115656,294.0448974509848,124.03026975310382,10,62.29543883714256,410.82369416706536,361.0698737989405,138.92514508912672,10,84.69397413112381,0.0,0.0,0.0,10,0.0,0.0,0.0,0.0,10,0.0,0.0,0.0,0.0,10,0.0,0.0,0.0,0.0,10,0.0,-90.15582487529406,-210.93789904106984,-234.4877344082377,10,44.20008043264491,-6.380919445655012,-14.252646246615342,-16.6185009193565,10,3.052531129562708,2591.3500770957803,2267.936533708183,856.7042770547177,10,536.8693967228774,2698.622123366036,2384.4728714489274,960.560218077644,10,532.0766308953811,0.0,0.0,0.0,10,0.0,-8.635676305916917,-19.48823754449659,-22.01825296196622,10,3.8828712227596736,346.7093038246466,307.3378097919909,121.20765719031826,10,69.64444547093892,326.0333470856531,292.2313591332326,127.16494024431152,10,61.59155400667395,2673.867572721528,2375.6324211948136,922.420818247452,10,547.2494971167988,0.0,0.0,0.0,10,0.0,0.0,0.0,0.0,10,0.0,0.0,0.0,0.0,10,0.0,4919.024728610686,4389.512511304886,1855.0892919461023,10,987.0538809456008,0.0026041666666666,0.0003994987250811,0.0,10,0.0008438052862861,4.908335,-0.2678925,-5.0899816,1000,1.0906385,1000,807.344537815126,49,238,354.37762788081506,13534.173725128174,10697.71802534977,434.1588430404663,238,4775.95200240838,119815.0,157.68868446350098,200000.0,250.0,18472.97441840172,50000000.0,1268.3218246157194,250000.0
2.522996e-08,1.7915336e-09,104.07466,-2.59432e-05,2.2686479e-10,0.008351914,11.34262,160.63599,160.61992,8.510211,1306.8284,425.12067,1307.2916,1.0,-0.22188212,-1.0,8923,0.8804084,0.2772612608993253,0.2725648775715954,0.2668541223300618,10,0.0037469257433607,1000,892.3,598,10,153.2736441792913,13254.481578826904,11528.807912778855,7363.686842918396,10,2154.7131371052924,0.0,0.0,0.0,10,0.0,-1.1677295362901268,-1.7736717028487448,-2.119280170288282,10,0.3069905484763025,-462.0351375,-687.41172875,-785.31565,10,118.64553394021613,329.79960510758985,286.1589545076496,181.2023133508059,10,50.12695005859506,405.7224215123824,343.95178502843817,205.68939335081043,10,69.43711251329155,0.0,0.0,0.0,10,0.0,0.0,0.0,0.0,10,0.0,0.0,0.0,0.0,10,0.0,0.0,0.0,0.0,10,0.0,-135.18886617411934,-205.937778793292,-234.4052870632485,10,36.08529413993615,-9.23944469286657,-14.474700379804034,-17.464616560902307,10,2.5563565234876795,2587.852776526165,2192.7652318244336,1338.33973497965,10,450.0300138309764,2710.720082175238,2308.870195456379,1391.2784832059613,10,458.859452716087,0.0,0.0,0.0,10,0.0,-13.298300609117687,-19.146873459152967,-22.08572245947531,10,3.123526773302029,340.98538622878425,297.38729794801725,201.0576431603506,10,52.50341870797502,334.64120111117086,285.7794709821632,182.0246204478649,10,53.20900883512305,2691.5817981149576,2290.7729158875186,1474.0671584799134,10,425.2717052640338,0.0,0.0,0.0,10,0.0,0.0,0.0,0.0,10,0.0,0.0,0.0,0.0,10,0.0,4946.591938729079,4307.2091873704485,2918.206584004096,10,743.0371707726263,0.0016722408026755,0.0005630784422414,0.0,10,0.0007051975253702,4.9440536,-0.26794302,-4.9549727,1000,1.0937304,1000,739.4135338345865,47,266,388.0330702095297,13553.275376319883,9755.209662664203,415.23860359191895,266,5228.074734266865,120081.0,184.46869206428528,200000.0,251.0,18657.44311523437,50200000.0,1084.194817895181,251000.0
2.522996e-08,1.7920063e-09,104.09812,-4.2350297e-05,2.2639207e-10,0.008370199,11.363986,160.83148,160.81534,8.86116,1306.1212,445.13724,1306.3628,1.0,-0.22788016,-1.0,7790,0.8791598,0.288035940345503,0.27170296073536,0.2619939767047067,10,0.0065555700306726,1000,779.0,63,10,346.4944443999066,13362.513772964478,10195.130274391176,704.416332244873,10,4736.907934968997,0.0,0.0,0.0,10,0.0,-0.1628114315578846,-1.6179905545181943,-2.13657470162973,10,0.7429611086621096,-47.0344625,-600.00223625,-776.907475,10,267.07469437408594,327.24536624150835,242.9059953255677,22.306144156218952,10,109.01051068690208,409.1542100149215,301.06624180323246,28.490648873099808,10,140.05041078669984,0.0,0.0,0.0,10,0.0,0.0,0.0,0.0,10,0.0,0.0,0.0,0.0,10,0.0,0.0,0.0,0.0,10,0.0,-14.799978389520724,-177.68923924294262,-232.1347702851993,10,77.47975770433335,-0.8650794264281815,-13.484944333745648,-18.91626400399884,10,6.239352212291262,2667.660388013619,2007.5229634613108,127.5354436037728,10,933.9223714497208,2693.659370038776,2047.6715670958995,166.81419304317797,10,944.5426063561242,0.0,0.0,0.0,10,0.0,-1.306207727859932,-16.85516002581544,-21.899515220977428,10,7.3152476396366755,340.2473845641515,260.2173316401707,17.605416639566663,10,117.00035567894392,324.8974112667074,248.675971464739,24.6141078685654,10,109.25389133991112,2656.0493626646303,1995.0327908330755,133.25525043685576,10,949.964104315281,0.0,0.0,0.0,10,0.0,0.0,0.0,0.0,10,0.0,0.0,0.0,0.0,10,0.0,4926.522846230523,3777.277902051342,237.59448009670115,10,1741.792724783469,0.0158730158730158,0.0021390958674643,0.0,10,0.0047059853287843,4.9317403,-0.26984224,-5.2956142,1000,1.0928377,1000,780.8064516129032,38,248,369.6374897508969,13536.964323997498,10317.785369957646,321.4360132217407,248,4976.338823522229,120329.0,154.30329370498657,200000.0,252.0,18811.746413707733,50400000.0,1296.1486122414292,252000.0
2.522996e-08,1.7922714e-09,104.2088,-4.2300722e-05,2.2612699e-10,0.008379004,11.360492,160.81052,160.7943,9.181798,1306.1503,435.07513,1306.4056,1.0,-0.22800472,-1.0,8907,0.8780464,0.2780276750638689,0.2701069873186602,0.2636384995407627,10,0.0044152148714467,1000,890.7,289,10,230.6469379809756,13296.263728141785,11651.74646024704,3555.6175026893616,10,3120.134361201244,0.0,0.0,0.0,10,0.0,-0.6437730682179494,-1.847194642793748,-2.1222167256760978,10,0.4591224547252214,-225.3825125,-686.4643287499999,-776.7298375,10,175.50278170422249,338.9156724808656,282.4496774331904,106.57596902256888,10,70.6542280013804,400.1344506823653,340.32497077671513,97.24857569939392,10,96.60061405072608,0.0,0.0,0.0,10,0.0,0.0,0.0,0.0,10,0.0,0.0,0.0,0.0,10,0.0,0.0,0.0,0.0,10,0.0,-66.200850675104,-202.63212740577413,-232.7946943161301,10,51.6356808849331,-4.877423596111759,-15.63447833808408,-18.68500466885243,10,4.084713172205837,2663.533567173232,2302.338512063293,605.2772427524458,10,657.8531832344156,2638.441872929116,2318.015071280617,716.7858792957447,10,613.3784057123497,0.0,0.0,0.0,10,0.0,-6.5607364990289865,-19.27945993315838,-22.240840409605823,10,4.826618988279728,344.4867494565758,298.0787394251741,88.04282204092209,10,79.92666202276942,326.4039185789022,284.25094806430127,92.05292352769482,10,73.3185852291608,2633.8646912230392,2280.5163346570985,739.9465695218772,10,604.4385007003774,0.0,0.0,0.0,10,0.0,0.0,0.0,0.0,10,0.0,0.0,0.0,0.0,10,0.0,4930.469512819275,4330.1719392239775,1367.127433223246,10,1127.9752373437193,0.0034602076124567,0.0005078330589803,0.0,10,0.0010960116118539,4.9101467,-0.27392155,-5.2817945,1000,1.0926867,1000,748.4223107569721,44,251,382.012917926069,13514.478590965273,9873.639318844236,413.3832454681397,251,5141.853573394422,120580.0,156.92186570167542,200000.0,253.0,18968.668283700943,50600000.0,1274.5196413877754,253000.0
2.522996e-08,1.7932239e-09,104.22375,-2.1857331e-05,2.2517463e-10,0.008359756,11.332953,160.53828,160.52205,8.575334,1312.8334,363.1236,1313.3123,1.0,-0.23791772,-1.0,9228,0.8754134,0.2696281714202365,0.2655351064468223,0.2620432578866447,10,0.0026513788682019,1000,922.8,701,10,116.07221889840824,13361.334706306458,12184.750955343246,9160.013408660889,10,1580.3226999271346,0.0,0.0,0.0,10,0.0,-1.503232073846118,-1.9461025832248384,-2.201634693957826,10,0.2557270173543298,-538.6166375,-705.2425862500002,-773.8481625,10,88.93775601911575,324.9577504800173,287.4939883436112,201.58146721724057,10,40.09613463791186,406.2641083636462,361.548816625571,262.70723284923474,10,45.440389895053045,0.0,0.0,0.0,10,0.0,0.0,0.0,0.0,10,0.0,0.0,0.0,0.0,10,0.0,0.0,0.0,0.0,10,0.0,-158.45031077758307,-206.33442520764288,-227.489872135694,10,25.58607461098541,-11.697065257416098,-16.31621398828819,-18.98985729019798,10,2.250258392899388,2667.8325363744566,2419.3306727868967,1762.9997443308473,10,322.58942756674986,2648.5627184312348,2414.061748897414,1810.6610602375824,10,307.11180537142906,0.0,0.0,0.0,10,0.0,-14.789919126363069,-19.86001583824854,-22.207547011915626,10,2.608646329484296,351.25195724644834,309.0461767015373,228.3119695874213,10,42.1843353974748,326.41464025177424,295.3609381516061,217.6353748696205,10,40.36713289162531,2680.1108430523136,2391.375452187224,1803.7206709344568,10,315.4947267318623,0.0,0.0,0.0,10,0.0,0.0,0.0,0.0,10,0.0,0.0,0.0,0.0,10,0.0,4950.987672946924,4512.461936599029,3412.316415545477,10,580.8303591870014,0.0014265335235378,0.0005042342467207,0.0,10,0.0006260740416416,5.379721,-0.27363044,-5.393437,1000,1.1007068,1000,661.6094986807387,29,379,383.2464372666562,13516.045551300049,8674.40539555059,235.07049751281733,379,5161.6810066249245,120959.0,157.19061064720154,200000.0,254.0,19125.85889840126,50800000.0,1272.3406263041998,254000.0
2.522996e-08,1.7933371e-09,104.38714,-8.549085e-05,2.2506134e-10,0.008436463,11.385795,161.03194,161.01562,9.754302,1299.7257,506.63663,1299.5718,1.0,-0.23054914,-1.0,9297,0.87971264,0.2819289582594745,0.2700949537435016,0.2628242131358032,10,0.005184744238991,1000,929.7,380,10,184.34427032050647,13358.256479263306,12122.45978860855,4729.757022857666,10,2485.858508020793,0.0,0.0,0.0,10,0.0,-0.7640659930169242,-1.931626406455181,-2.1527636287401832,10,0.3942467801023235,-291.08865000000003,-714.62382,-786.4801625,10,142.49012879247613,321.1609900428955,283.63111865219,118.050312239093,10,56.19364343372259,414.6514383024014,363.64635268077694,137.63790777554823,10,77.28795970991119,0.0,0.0,0.0,10,0.0,0.0,0.0,0.0,10,0.0,0.0,0.0,0.0,10,0.0,0.0,0.0,0.0,10,0.0,-88.08355002647028,-211.93355887920984,-239.14078850221173,10,41.80813514989869,-7.058557691167849,-16.32715253486809,-18.644402427047783,10,3.209327872105585,2748.591094962708,2391.522748805623,857.1719558636371,10,520.0689656385052,2623.366860590684,2368.9229617808023,965.149916356096,10,474.0164846747157,0.0,0.0,0.0,10,0.0,-8.452809932491695,-20.09377493733685,-22.628245579435315,10,3.931108181525991,343.4342660339363,308.2889716429289,108.45306508855016,10,67.15970889874251,324.66020588643835,296.3053895489709,120.00177777661987,10,59.227670545392535,2668.924288172029,2376.1531496831094,976.0015333686292,10,474.0712011259651,0.0,0.0,0.0,10,0.0,0.0,0.0,0.0,10,0.0,0.0,0.0,0.0,10,0.0,4957.687798035214,4551.753666050204,1781.4930720845534,10,930.6501293038964,0.0026315789473684,0.0004719768747154,0.0,10,0.0008294287745262,5.029359,-0.27934527,-5.278096,1000,1.0897555,1000,719.4032258064516,38,248,406.3831105868443,13485.98037815094,9498.653267746971,361.1039085388184,248,5452.21985856679,121207.0,156.66035890579224,200000.0,255.0,19282.519262075424,51000000.0,1276.647145435624,255000.0
2.522996e-08,1.7961957e-09,104.49262,-2.2294436e-05,2.222028e-10,0.008381702,11.3715315,160.8315,160.81537,9.622908,1298.2294,478.80084,1298.2686,1.0,-0.21724853,-1.0,7879,0.88292474,0.2826617619721121,0.2756096918539125,0.2637439558642822,10,0.0052459665531784,1000,787.9,102,10,300.01314971180847,13498.65094280243,10160.09930896759,1097.1223859786987,10,4052.722347842089,0.0,0.0,0.0,10,0.0,-0.225392543061924,-1.6448185903846742,-2.3432308167798634,10,0.6457702321513779,-77.0749375,-613.5480825,-787.5657249999999,10,234.92750571355444,337.2290829070017,256.69841320856733,38.88604308704725,10,97.82361864664335,411.713538574541,309.0451198429149,38.06684172885159,10,121.61508356174636,0.0,0.0,0.0,10,0.0,0.0,0.0,0.0,10,0.0,0.0,0.0,0.0,10,0.0,0.0,0.0,0.0,10,0.0,-23.740818368228403,-183.6249665991372,-240.4813064036612,10,69.3502088224679,-1.8539060117805248,-12.897123830775817,-18.417605636429723,10,5.024328627951628,2743.8936146323304,1978.9654268069407,186.853140723039,10,816.8173567062247,2623.264719860993,1993.4478538209955,209.0944225983304,10,797.1609215699914,0.0,0.0,0.0,10,0.0,-2.1635239794547334,-17.2483050262301,-22.9720295637116,10,6.582082948545833,344.2204903620787,264.9468294679724,34.118291094595655,10,102.04989650721735,323.0461849744569,251.01790501275644,33.126203629346975,10,95.147581680189,2662.607994161576,2021.698972291353,241.92829447328003,10,820.6943885014493,0.0,0.0,0.0,10,0.0,0.0,0.0,0.0,10,0.0,0.0,0.0,0.0,10,0.0,4951.193079234519,3786.1799509814336,403.6706519162012,10,1475.5635962869303,0.0098039215686274,0.0015065549108102,0.0,10,0.0028801220572615,4.87817,-0.2779253,-5.0004234,1000,1.0878309,1000,820.1184210526316,50,228,344.62559014089925,13544.908058166504,10848.352187647108,565.7974004745483,228,4621.406125542134,121435.0,178.71604371070862,200000.0,256.0,19461.235310077667,51200000.0,1119.0937078024408,256000.0
2.522996e-08,1.7947203e-09,104.47929,-6.968702e-07,2.2367817e-10,0.00835904,11.350586,160.55212,160.53604,9.066325,1300.9346,430.44562,1301.0981,1.0,-0.22089905,-1.0,9524,0.88209134,0.2837979903089193,0.2740781220132932,0.2684739567706471,10,0.004557834532048,1000,952.4,713,10,97.68950813674924,13269.222405433657,12349.785373401644,8916.211005210876,10,1439.4007549074372,0.0,0.0,0.0,10,0.0,-1.3448995712203622,-1.9446312607112448,-2.1711014288859696,10,0.259473307578416,-538.83375,-737.75814375,-789.0460375,10,81.2762523324282,340.4368372157756,307.6035343252337,238.2314197630685,10,30.905545367656806,411.26066514062575,378.523991248974,272.6276197189954,10,41.83142718047346,0.0,0.0,0.0,10,0.0,0.0,0.0,0.0,10,0.0,0.0,0.0,0.0,10,0.0,0.0,0.0,0.0,10,0.0,-165.32941866858363,-220.80305751898976,-241.1872346690864,10,22.575875591867867,-11.336676454058402,-16.062127691287717,-19.803348026964287,10,2.2888129225865,2638.861056697599,2431.637322518883,1723.077673666943,10,276.5874042830085,2624.355485422951,2454.683166555229,1840.37720355388,10,249.0854459127266,0.0,0.0,0.0,10,0.0,-15.913831068434696,-20.53235411873557,-22.327769746738504,10,1.77306877807687,346.680363034551,317.87488965670616,241.4242282186798,10,33.91290873804731,321.73702008839416,303.20601510326503,227.40528357485329,10,30.519856086096617,2645.0221471343098,2453.710313121191,1778.8674140008234,10,279.6840314275367,0.0,0.0,0.0,10,0.0,0.0,0.0,0.0,10,0.0,0.0,0.0,0.0,10,0.0,4905.226361064359,4547.207034918305,3212.7849997798485,10,611.5076661887284,0.0014025245441795,0.0002635570166867,0.0,10,0.0005284745589153,5.2163606,-0.27164823,-5.4488463,1000,1.0903618,1000,814.9662447257384,50,237,345.3414120022443,13496.735432624817,10788.138288578404,472.96079540252686,237,4650.176262851878,121672.0,156.87392830848694,200000.0,257.0,19618.10924315453,51400000.0,1274.9091079475436,257000.0
2.522996e-08,1.793058e-09,104.45835,1.1920102e-05,2.253404e-10,0.008344747,11.335649,160.36424,160.348,8.897654,1302.0068,427.614,1302.1636,1.0,-0.21299148,-1.0,8174,0.88725877,0.2874696070631818,0.2788994907567689,0.2657818956427841,10,0.0062560415622943,1000,817.4,284,10,274.4234683841745,13369.645552635193,10556.022751641274,3575.9439973831177,10,3739.737711614447,0.0,0.0,0.0,10,0.0,-0.5988609532202651,-1.6534291751159529,-2.198747961940187,10,0.566000735534617,-213.046575,-636.929125,-787.2696624999999,10,215.4576509132385,335.0304136575004,264.9290525949632,81.49163256977297,10,92.9738151782838,408.7675916268572,314.7440266102664,115.30786535154192,10,109.83892542973446,0.0,0.0,0.0,10,0.0,0.0,0.0,0.0,10,0.0,0.0,0.0,0.0,10,0.0,0.0,0.0,0.0,10,0.0,-64.02077638981986,-193.67991409895384,-243.8839855995637,10,64.87286459660476,-3.974538767941543,-13.960861218254845,-18.329829641485645,10,4.671713728077691,2674.020394070142,2061.469910067528,674.8518264117624,10,757.6926925575153,2657.0242105714324,2113.558330767314,718.1920785649943,10,745.7733751222842,0.0,0.0,0.0,10,0.0,-5.93207349863138,-17.839125568552635,-22.607696838599605,10,5.933887879869288,339.90050874331314,272.3531686026944,96.43297318834,10,91.34855547835166,331.6253822871828,261.1819288036803,87.34524608401968,10,89.1083489444195,2662.503583187341,2089.43904744826,690.9837814688581,10,758.7880561927855,0.0,0.0,0.0,10,0.0,0.0,0.0,0.0,10,0.0,0.0,0.0,0.0,10,0.0,4917.9758059910855,3908.91762382724,1354.850955618289,10,1346.5500377403084,0.0035211267605633,0.0008929050980552,0.0,10,0.0012345220362101,5.172737,-0.26587412,-5.3546176,1000,1.0931975,1000,762.82421875,43,256,383.93676791524166,13513.080738067629,10076.580337215217,410.2870206832886,256,5164.640342518478,121928.0,157.04949927330017,200000.0,258.0,19775.158747434616,51600000.0,1273.4838437909098,258000.0
2.522996e-08,1.7927714e-09,104.34399,2.206529e-05,2.2562716e-10,0.008325454,11.327269,160.28952,160.27315,9.188044,1301.8295,439.86084,1301.9122,1.0,-0.2118393,-1.0,9648,0.8855012,0.2896852014147209,0.2787485086813639,0.2658599471925318,10,0.0060604411258748,1000,964.8,828,10,57.92719568561903,13280.130187034609,12396.395584011078,10429.548525333405,10,894.0766320969868,0.0,0.0,0.0,10,0.0,-1.7565047506598823,-1.9532456425928075,-2.170211197063548,10,0.1392878288440743,-650.1729875000001,-752.5454787499999,-791.592175,10,43.300747250185744,342.64314827525857,315.4410116304115,269.9716811054591,10,22.79400960122079,419.86690181102006,372.0151332059541,306.1227907183396,10,30.23268736382438,0.0,0.0,0.0,10,0.0,0.0,0.0,0.0,10,0.0,0.0,0.0,0.0,10,0.0,0.0,0.0,0.0,10,0.0,-195.6792027246506,-227.925938234297,-240.6582983439509,10,13.34829774456172,-13.133257946975302,-15.882648781648456,-17.79105565856546,10,1.3184265954670262,2750.8161486168174,2459.80736628441,1992.970556539768,10,209.92204697152192,2682.1815736279136,2483.867648272409,2075.978344032884,10,190.3405201873641,0.0,0.0,0.0,10,0.0,-18.031670774894973,-21.35447198475511,-22.81965240392424,10,1.418218947941799,337.6505398936273,318.35740184151155,266.4475209431895,10,21.494057935848662,321.9127493941116,307.7244676461113,267.74095687324984,10,17.761970510761135,2670.5838804112973,2470.6579073470657,2011.7697400938143,10,196.5611439895933,0.0,0.0,0.0,10,0.0,0.0,0.0,0.0,10,0.0,0.0,0.0,0.0,10,0.0,4886.669574753098,4531.701964769986,3982.996609710755,10,306.6417721397378,0.001207729468599,0.0003405746663856,0.0,10,0.0005210158841015,5.5205026,-0.2612561,-5.0257463,1000,1.0961527,1000,713.2888888888889,38,270,399.5526640607277,13519.132744789124,9404.553939439633,465.0230207443237,270,5364.387822984028,122198.0,158.12123489379883,200000.0,259.0,19933.279987335205,51800000.0,1264.8522517189344,259000.0
2.522996e-08,1.7920907e-09,104.16973,1.7668426e-05,2.263079e-10,0.008315908,11.28064,159.8129,159.7964,8.570816,1310.3375,355.8558,1310.8842,1.0,-0.21668012,-1.0,8903,0.883493,0.2830225180853044,0.2753839454941359,0.2669753405542334,10,0.0057612667688606,1000,890.3,139,10,260.1299867374002,13231.87718963623,11543.20446281433,1553.2829461097715,10,3465.851507134644,0.0,0.0,0.0,10,0.0,-0.2930623587385424,-1.8136410103351523,-2.2363164411206737,10,0.5385198831738701,-104.2732125,-693.2263962499999,-789.26315,10,203.3122174032736,331.8262266804549,286.8456093957644,40.66483590337755,10,84.87541970124103,429.3065350595133,359.05054221832427,53.57586282201564,10,108.3416416824507,0.0,0.0,0.0,10,0.0,0.0,0.0,0.0,10,0.0,0.0,0.0,0.0,10,0.0,0.0,0.0,0.0,10,0.0,-31.713853643970783,-207.91068912259288,-240.0676767252349,10,60.7863260022181,-3.11747971878604,-13.892326743387116,-16.65588291268415,10,3.917531556372529,2714.251045332521,2329.2772175163245,339.8482250419131,10,696.5207838334563,2672.8312374434263,2312.912760007775,325.46049350701253,10,689.3770758160294,0.0,0.0,0.0,10,0.0,-3.5261913071029287,-19.292766490037856,-22.592293883170512,10,5.423856793622143,348.48933787662327,299.015237506324,39.34564867278352,10,89.7047140241118,329.14421386326205,284.3902101487764,46.95872536701265,10,82.20484951395625,2665.6654889405245,2296.787060761667,269.5213875486599,10,703.6589361790955,0.0,0.0,0.0,10,0.0,0.0,0.0,0.0,10,0.0,0.0,0.0,0.0,10,0.0,4899.808578619286,4168.590005900447,559.09905187301,10,1257.8365888154915,0.0071942446043165,0.0008503145127876,0.0,10,0.0021503494669643,5.233923,-0.26053408,-4.991919,1000,1.0943238,1000,765.3636363636364,35,253,380.96247232240887,13511.488222122192,10108.822195369736,388.3207960128784,253,5122.668956990904,122451.0,156.640704870224,200000.0,260.0,20089.920696735386,52000000.0,1276.8073290125894,260000.0
2.522996e-08,1.7910063e-09,104.087944,6.2159597e-06,2.2739198e-10,0.008320819,11.315944,160.15964,160.14323,9.100161,1304.693,437.2405,1304.8942,1.0,-0.22361332,-1.0,9109,0.87859005,0.2776203846085371,0.2709315105546343,0.2637449000388452,10,0.0047541443777107,1000,910.9,152,10,253.29131449775377,13289.313576698303,11728.421031665805,1847.8751339912408,10,3344.591092565645,0.0,0.0,0.0,10,0.0,-0.4038913301592843,-1.887935788541143,-2.224829468594419,10,0.5033030441707227,-117.832875,-705.86037,-787.84205,10,196.4524543896545,333.8256318173297,287.01625604946577,49.27515456397377,10,80.5899151182236,429.06323733498544,367.7121736845661,58.48482803952328,10,104.91440175608676,0.0,0.0,0.0,10,0.0,0.0,0.0,0.0,10,0.0,0.0,0.0,0.0,10,0.0,0.0,0.0,0.0,10,0.0,-34.649017288167826,-208.27965685847667,-234.84151724360555,10,58.07324608814819,-2.611181431809453,-14.551420426701856,-18.22592283930514,10,4.248741459354374,2681.994853572412,2372.950759064912,371.6797981074672,10,673.5951530088718,2743.658001691574,2385.7819368650885,366.4903035841314,10,675.687908948422,0.0,0.0,0.0,10,0.0,-3.135505708788053,-19.30918238728692,-22.83316069403019,10,5.463110987195486,342.6292002415852,305.4106149942493,48.93846830791151,10,85.75192807484274,328.17779282032126,293.075409464815,50.31793805110924,10,81.44572352988796,2678.992774114522,2333.9990515887466,305.8400267963706,10,686.3200493253375,0.0,0.0,0.0,10,0.0,0.0,0.0,0.0,10,0.0,0.0,0.0,0.0,10,0.0,4875.9888903606,4189.893843657601,731.7576466721332,10,1197.4313509961714,0.006578947368421,0.0007623879447835,0.0,10,0.0019637229372681,5.1643867,-0.25680327,-5.309317,1000,1.1037575,1000,568.0726744186046,32,344,369.5512724565333,13510.338243484495,7406.36460814781,244.8180866241455,344,4972.5482595648655,122795.0,182.24022936820984,200000.0,261.0,20272.160930871964,52200000.0,1097.452525676464,261000.0
2.522996e-08,1.792372e-09,104.121864,-3.0079045e-05,2.2602656e-10,0.008359828,11.3398485,160.41927,160.40295,9.607006,1299.1577,473.0309,1299.1584,1.0,-0.21857934,-1.0,8754,0.88045377,0.2842864506926565,0.273258692313398,0.2666208475751767,10,0.0056582006053316,1000,875.4,154,10,262.87381003059244,13261.800149917604,11250.960773324969,1897.8034663200376,10,3587.797334794902,0.0,0.0,0.0,10,0.0,-0.3172118070886684,-1.7321316069371246,-2.118748157830105,10,0.5476313055443037,-115.148575,-676.88374625,-793.8619874999999,10,207.77317752800167,333.4340252918616,280.96619923595006,48.82595076355899,10,86.10768682839809,432.8283854242264,354.1683605644216,56.43458877254885,10,109.18171143679795,0.0,0.0,0.0,10,0.0,0.0,0.0,0.0,10,0.0,0.0,0.0,0.0,10,0.0,0.0,0.0,0.0,10,0.0,-35.2727384504789,-202.72488427423187,-241.6835119691677,10,61.38187189130704,-2.283545690136229,-12.90568649455081,-16.369063204887006,10,4.080554639168738,2691.5391388101707,2273.91613067041,383.20323549779744,10,694.8527287506075,2695.7555808755005,2291.759692434889,372.79818669435065,10,708.953926364122,0.0,0.0,0.0,10,0.0,-3.6746267085762288,-18.71470681719672,-22.42237277590201,10,5.362760603041611,346.2121922625091,293.4827926832595,50.47092288528653,10,89.50430311818408,327.58696080156074,281.8836393811174,54.95227180683258,10,83.03453665406292,2683.336780647918,2270.9613751959,402.89376335585024,10,697.5757385911776,0.0,0.0,0.0,10,0.0,0.0,0.0,0.0,10,0.0,0.0,0.0,0.0,10,0.0,4903.342259820858,3978.351935138802,660.8124209383809,10,1380.6740169682978,0.0064935064935064,0.0009096321763572,0.0,10,0.0019342297655933,4.8409815,-0.26038942,-5.0175858,1000,1.0902854,1000,819.0368852459017,45,244,359.3160093025608,13526.659301757812,10844.177664256487,418.0663137435913,244,4828.741074088608,123039.0,157.13787508010864,200000.0,262.0,20429.298810482025,52400000.0,1272.7676245974455,262000.0
2.522996e-08,1.7907785e-09,104.106384,-1.3009911e-05,2.2761988e-10,0.008341522,11.33856,160.3725,160.35608,9.173718,1300.513,417.10638,1300.6293,1.0,-0.22473451,-1.0,9351,0.8783715,0.2857039223590037,0.2716915691961234,0.2631671504082937,10,0.0067469708095314,1000,935.1,351,10,194.7,13279.11420249939,12126.132705259322,4114.213697910309,10,2682.929646689748,0.0,0.0,0.0,10,0.0,-0.7000233892582347,-1.9310218406151147,-2.227075235912223,10,0.4166616136854067,-275.1999625,-724.72349875,-790.3092375,10,150.14577177378942,325.76336715758544,296.14402134642467,129.32948329963972,10,56.2157821408261,434.87127531109206,379.3061037697438,118.707639797172,10,87.98607788559447,0.0,0.0,0.0,10,0.0,0.0,0.0,0.0,10,0.0,0.0,0.0,0.0,10,0.0,0.0,0.0,0.0,10,0.0,-85.6794354194098,-213.46444150071773,-233.55537268942825,10,42.835857551599695,-5.815348724106126,-14.724349855798176,-17.474929184462443,10,3.189196520232936,2709.560178056873,2441.012112886852,645.5881133370476,10,599.9975834365804,2701.392945399816,2418.705928567868,787.9598538717474,10,546.4707507861341,0.0,0.0,0.0,10,0.0,-7.473800924163616,-19.18774691681877,-21.552031310364512,10,3.946380660120257,345.1039875266219,314.5803029375444,110.41585994035556,10,68.32192387789001,326.5866737638923,301.8088021077966,117.27884308990647,10,61.640981018274815,2682.8982925083355,2433.414698491601,841.7583259363379,10,532.1323495335222,0.0,0.0,0.0,10,0.0,0.0,0.0,0.0,10,0.0,0.0,0.0,0.0,10,0.0,4855.484590388488,4369.748373636928,1679.6342568574512,10,918.9619878472168,0.0028490028490028,0.0002849002849002,0.0,10,0.0008547008547008,4.8600655,-0.26256436,-5.232272,1000,1.0900338,1000,780.5813953488372,35,258,380.4712438618784,13524.337082862854,10332.8011009074,339.71080207824707,258,5139.242057759428,123297.0,157.55147218704224,200000.0,263.0,20586.85028719902,52600000.0,1269.4264117225362,263000.0
2.522996e-08,1.7899013e-09,104.12235,6.616666e-06,2.2849721e-10,0.00832317,11.322352,160.17102,160.15446,8.640084,1305.3367,383.70126,1305.5383,1.0,-0.23187266,-1.0,9699,0.8785466,0.2743650215139334,0.2691401861474122,0.264900874432561,10,0.0035175402908807,1000,969.9,794,10,65.11597346273801,13171.692297935486,12333.744796466828,9535.199648857117,10,1059.486095559824,0.0,0.0,0.0,10,0.0,-1.3848336481189043,-1.9353080021239664,-2.097585455462628,10,0.2010406105626957,-598.1054625,-741.4312925000002,-780.144425,10,53.34776519254319,322.0287438233825,289.9346039732852,242.89388334989133,10,23.99054111003696,437.4371383848608,396.0613696868916,312.86968263918646,10,34.07080705763561,0.0,0.0,0.0,10,0.0,0.0,0.0,0.0,10,0.0,0.0,0.0,0.0,10,0.0,0.0,0.0,0.0,10,0.0,-185.4669511429948,-220.4683378941012,-231.8392536886982,10,13.607272349225546,-10.577713792464928,-15.208199244386648,-16.687351636120923,10,1.6704867549362945,2690.0069904979223,2545.020982508301,2172.10724125009,10,183.61765441033623,2591.915139782073,2471.513217055161,2095.2532452590776,10,155.05471660223694,0.0,0.0,0.0,10,0.0,-17.47566239821868,-20.38396314028471,-21.463059539762973,10,1.080978009839627,339.010617220366,324.2253523844314,270.3809951000304,10,23.772187029367515,335.0688402539421,314.1205345248928,251.3984671326153,10,23.57951242543885,2632.367348696711,2465.043985554029,1969.1734759203853,10,192.2076466826827,0.0,0.0,0.0,10,0.0,0.0,0.0,0.0,10,0.0,0.0,0.0,0.0,10,0.0,4821.081917401489,4377.241611287712,2907.9146903254605,10,541.8997113687136,0.0012594458438287,0.0002364418219519,0.0,10,0.0004741434838629,5.0234504,-0.26414448,-5.244579,1000,1.0893503,1000,769.1048689138577,25,267,390.52928198619526,13592.512505531313,10199.672327666693,273.31692028045654,267,5278.622051552209,123564.0,157.7790904045105,200000.0,264.0,20744.629382133484,52800000.0,1267.5950880895846,264000.0
2.522996e-08,1.7879175e-09,104.0275,2.2149483e-05,2.3048108e-10,0.008300051,11.309379,160.0231,160.00645,8.386554,1307.683,385.45526,1307.8975,1.0,-0.23541744,-1.0,8438,0.87621844,0.2712588493880201,0.2657682722405738,0.2591789142378778,10,0.0034872127510944,1000,843.8,170,10,313.16762284757345,13153.150094032288,10796.864087963104,1746.2949566841123,10,4179.261418124718,0.0,0.0,0.0,10,0.0,-0.2276654180085559,-1.7165041501537583,-2.13513061408126,10,0.6790224383785577,-111.043175,-643.27867875,-779.63125,10,245.3024472788814,320.72309972752385,254.51915495427792,71.30526612571934,10,86.12419456943519,421.6257981229127,349.46274313649934,75.18141144070265,10,129.74095322793892,0.0,0.0,0.0,10,0.0,0.0,0.0,0.0,10,0.0,0.0,0.0,0.0,10,0.0,0.0,0.0,0.0,10,0.0,-38.39797131910799,-189.80248492617045,-228.5548896051293,10,70.50003466626193,-1.518437366121671,-13.47267197306916,-18.073068427673668,10,5.6884355393429455,2689.914045477318,2212.384263198604,368.1394298388717,10,855.700464799732,2616.02548495161,2129.4561966204574,452.93995424959,10,796.6764918985331,0.0,0.0,0.0,10,0.0,-3.302899123116334,-17.327630151242865,-21.17459938870705,10,6.419886958280624,350.43849876395336,286.44728136679475,43.476330614765146,10,110.46907904449158,323.8215546478788,269.7825514136745,53.8943555143424,10,100.22325227092904,2651.751500868524,2152.362932949972,329.3899525021378,10,832.6074540059401,0.0,0.0,0.0,10,0.0,0.0,0.0,0.0,10,0.0,0.0,0.0,0.0,10,0.0,4800.21702305996,3879.1250614981086,480.3722083005207,10,1553.9481637647095,0.0058823529411764,0.0009613696224758,0.0,10,0.0019819859564161,5.18035,-0.26502633,-5.3677278,1000,1.0890573,1000,765.6969696969697,38,264,389.3522775731809,13530.516179084778,10146.10773764957,373.2913770675659,264,5249.274769416093,123828.0,156.31346917152405,200000.0,265.0,20900.94285607338,53000000.0,1279.480271661928,265000.0
0.08689354,0.0059308778,16.689077,-0.0039154086,0.0010206035,0.0052505345,5.8333073,159.0634,159.04593,5.7723293,1313.1517,409.19067,1313.3947,1.0,-0.22988078,-1.0,9243,0.8786136,0.2876959507851099,0.2700277016336833,0.261022238007684,10,0.0078928477624902,1000,924.3,369,10,188.8735291140609,13300.365921020508,11929.510223913192,4752.744307041168,10,2474.756006084739,0.0,0.0,0.0,10,0.0,-0.8062254863183764,-1.9250263334204845,-2.1771260439188485,10,0.3906522425695984,-286.98325,-713.06653125,-801.6385625,10,145.33209043282906,325.69132413887,276.2484941476139,106.7815523555892,10,59.13813376410419,420.3580911744317,367.4870778554904,141.61199131339708,10,78.23153150847864,0.0,0.0,0.0,10,0.0,0.0,0.0,0.0,10,0.0,0.0,0.0,0.0,10,0.0,0.0,0.0,0.0,10,0.0,-86.42912101713355,-210.06806750924747,-244.0372101974588,10,42.313702510631714,-6.505504587951164,-15.696693379644268,-17.976604337032228,10,3.3515372291459458,2735.845754926556,2445.3264553850827,967.8427116299036,10,505.487016441312,2616.932472186072,2318.790990777974,922.6388194381738,10,477.28203040987466,0.0,0.0,0.0,10,0.0,-7.751653763400644,-19.304329590992936,-21.974107860684008,10,3.951171980256603,344.0481448859607,309.4737108806786,115.31829120537142,10,66.54588946543205,323.6152927851504,295.82265800670973,123.00094527654778,10,59.18598917858169,2674.6766531972444,2378.6270916360413,939.6844422443532,10,494.36922882223024,0.0,0.0,0.0,10,0.0,0.0,0.0,0.0,10,0.0,0.0,0.0,0.0,10,0.0,4856.139404705989,4287.726326838756,1737.9121911574682,10,909.9616195052778,0.002710027100271,0.0003854191859996,0.0,10,0.0008466333558415,5.8082304,-0.26511016,-5.2245064,1000,1.0876378,1000,735.4954545454545,39,220,399.9585375979874,13559.349599838257,9775.97097415924,396.4446287155152,220,5412.604889439756,124048.0,168.0069398880005,200000.0,266.0,168.0069398880005,53200000.0,1190.427015296673,266000.0
0.0017322724,0.0001203846,26.62979,-0.003945956,1.8197206e-05,0.0060763382,10.456582,158.52419,158.50517,7.7608843,1318.4647,380.2681,1319.0304,1.0,-0.22697607,-1.0,8231,0.87831235,0.3145003665948628,0.2740040931283408,0.2638712681666693,10,0.0139256488284145,1000,823.1,93,10,353.94306039248744,13431.902130126951,10830.944949293136,945.608027935028,10,4737.913669581343,0.0,0.0,0.0,10,0.0,-0.232724876153276,-1.7650156691690069,-2.202922101514039,10,0.7412069865291924,-79.1671125,-638.4785187499999,-783.460325,10,272.70891715682575,319.1642541403147,249.49564778756,31.587463495638712,10,106.9796387015638,413.0640359412299,324.09170605769344,35.238767570415774,10,140.3953479020722,0.0,0.0,0.0,10,0.0,0.0,0.0,0.0,10,0.0,0.0,0.0,0.0,10,0.0,0.0,0.0,0.0,10,0.0,-25.279518537705137,-187.16963212112623,-230.5691970286421,10,79.41390516897032,-0.8863696998469464,-14.540564356333448,-18.43859381212728,10,6.378890121463535,2737.743090791454,2179.153842556529,169.55143699313464,10,958.244557753858,2620.195080156257,2098.0427468963003,147.92943260796338,10,929.5128992270206,0.0,0.0,0.0,10,0.0,-2.546045255473669,-17.153174583376835,-21.705923090600816,10,7.232641664885815,344.6283701466019,273.5266689039888,24.01358110186792,10,121.7214307314324,329.46937181027783,266.24828875161944,30.7745920139276,10,113.09093939970415,2752.895462092843,2164.764434611432,159.9137858193604,10,956.7920758590884,0.0,0.0,0.0,10,0.0,0.0,0.0,0.0,10,0.0,0.0,0.0,0.0,10,0.0,4870.08532431943,3947.558887403076,429.43121928476216,10,1703.540801495104,0.010752688172043,0.0017999064983637,0.0,10,0.0036842047417629,5.1367216,-0.2601598,-5.2339444,1000,1.0902721,1000,713.0252100840336,35,238,405.36537025017947,13566.134676933289,9435.0535420545,307.0511326789856,238,5482.816714328495,124286.0,163.7663905620575,200000.0,267.0,331.7733361721039,53400000.0,1221.251804558837,267000.0
9.846109e-05,6.865756e-06,36.094593,-0.003686898,1.0111332e-06,0.0065744654,11.236381,158.87073,158.85208,8.600396,1310.7825,462.8141,1310.8506,1.0,-0.24662611,-1.0,9087,0.87460774,0.3165802004385133,0.267569573721353,0.2526802909244792,10,0.0175271530453867,1000,908.7,87,10,273.90000000000003,13396.605399131777,11877.35091085434,840.0342688560486,10,3682.551761276553,0.0,0.0,0.0,10,0.0,-0.2290980926496328,-1.9454260517485087,-2.2272940080300065,10,0.5745743225948244,-73.66035000000001,-690.71776,-776.907475,10,205.98142524921843,308.86877161559283,265.62676073470186,35.401365187925414,10,77.71362285256707,424.8105275916728,370.2424677153575,32.92706494924206,10,112.82628801864726,0.0,0.0,0.0,10,0.0,0.0,0.0,0.0,10,0.0,0.0,0.0,0.0,10,0.0,0.0,0.0,0.0,10,0.0,-23.92656635813215,-200.7547293371873,-228.53961603492212,10,59.24003791258828,-1.3545350489631962,-15.242264730560752,-18.141708312226484,10,4.791537486622786,2752.905176735588,2415.3104737637705,114.93270914887782,10,767.9710947272885,2590.327844927868,2275.251334794268,146.30354690711548,10,712.5173041685839,0.0,0.0,0.0,10,0.0,-2.246205831058284,-19.065030854650647,-22.26111811063899,10,5.641349422152794,344.94803858243824,302.69863381801326,25.46410121725968,10,92.62929818212277,326.1412727922448,292.7796384289826,29.027988804851617,10,87.93795850049399,2687.9079421985784,2356.433490359394,132.3063758595009,10,743.0651859844847,0.0,0.0,0.0,10,0.0,0.0,0.0,0.0,10,0.0,0.0,0.0,0.0,10,0.0,4899.915750163813,4325.9785901488085,401.1613052276152,10,1311.3944671497577,0.0114942528735632,0.0011494252873563,0.0,10,0.0034482758620689,6.038293,-0.25170583,-5.880337,1000,1.1063439,1000,499.5601965601966,28,407,367.8156261341579,13589.158282279968,6506.49507862227,275.97786235809326,407,4966.68248143595,124693.0,165.68369030952454,200000.0,268.0,497.45703053474426,53600000.0,1207.119419095307,268000.0
6.801779e-06,4.7573428e-07,45.152565,-0.0033327409,6.840808e-08,0.0069449465,11.323855,159.70024,159.6819,10.51222,1290.8248,670.5035,1289.9918,1.0,-0.25386053,-1.0,9553,0.87223154,0.2724570872907795,0.2600569832323761,0.2509314765764414,10,0.0063621643932509,1000,955.3,553,10,134.1,13357.34955215454,12428.937081813812,6704.145303726196,10,1914.0441101830595,0.0,0.0,0.0,10,0.0,-1.0990554044476049,-2.001607009343586,-2.2327227728941903,10,0.3079466260048615,-416.027025,-718.1114362499999,-771.0849125,10,101.36867425198236,315.09170681512603,272.16756237557746,151.50674278925132,10,42.8266556443973,420.9727129696314,387.3908387183875,220.11135833264788,10,57.009368294808496,0.0,0.0,0.0,10,0.0,0.0,0.0,0.0,10,0.0,0.0,0.0,0.0,10,0.0,0.0,0.0,0.0,10,0.0,-125.99063471699424,-208.5934759967231,-230.4986366979423,10,28.02849928399669,-8.852693891528132,-15.428076380487582,-17.28308103534661,10,2.3590535293956334,2719.554063678813,2518.478916767259,1242.5056395222964,10,428.25971220967153,2611.740301685504,2403.354819486355,1304.346433362083,10,369.3543889313252,0.0,0.0,0.0,10,0.0,-12.52585282420928,-19.88350265761185,-21.65307560007737,10,2.496491274687263,353.86608135052234,322.76388413164887,187.62833209486325,10,45.90802973032816,323.77738123020333,306.937897696061,187.3508318069706,10,40.01706666875378,2689.771119903512,2461.2698358553544,1227.249519157764,10,414.86601884830094,0.0,0.0,0.0,10,0.0,0.0,0.0,0.0,10,0.0,0.0,0.0,0.0,10,0.0,4884.237315594431,4512.23685280838,2622.025472734701,10,644.2513557069929,0.0018083182640144,0.0001808318264014,0.0,10,0.0005424954792043,5.3651724,-0.2515368,-5.6823974,1000,1.101095,1000,504.27906976744185,37,301,328.818910052991,13524.649329185486,6536.112994209872,339.87921619415283,301,4399.499025743857,124994.0,165.90825533866882,200000.0,269.0,663.3652904033661,53800000.0,1205.4855232594643,269000.0
1.1655616e-06,8.161338e-08,53.538174,-0.002875775,1.1631548e-08,0.007158829,11.340132,159.78189,159.76384,10.954618,1283.6162,700.17114,1282.6984,1.0,-0.22876927,-1.0,9317,0.87767285,0.3140052577175151,0.2700527203412892,0.2532515612433641,10,0.0176183647942264,1000,931.7,630,10,123.23802173030856,13390.19605064392,12026.187563467023,7902.546343326569,10,1694.8883054228586,0.0,0.0,0.0,10,0.0,-1.2337345238871935,-1.9194169020351708,-2.230849858115061,10,0.3047421861220205,-504.1549625,-717.87063875,-825.540675,10,91.3892384495708,344.6065737924145,278.2941006609224,217.6736636655574,10,35.631418499119114,418.2246087961762,364.71409900145534,227.7540054451712,10,60.6442949261727,0.0,0.0,0.0,10,0.0,0.0,0.0,0.0,10,0.0,0.0,0.0,0.0,10,0.0,0.0,0.0,0.0,10,0.0,-154.35665660239346,-211.66767361316016,-269.84566438500923,10,29.44918636070348,-8.40953296683475,-14.837591736988452,-17.576137147294787,10,2.699485156779141,2713.7248272546813,2443.099929611241,1586.6310719519445,10,348.06682645247014,2587.752844430047,2369.281203499532,1597.7386525691193,10,311.326741796628,0.0,0.0,0.0,10,0.0,-14.311199581200729,-20.01120017833912,-24.00691388932402,10,2.570666020789855,345.5424832405556,314.00198869463946,207.75892451078167,10,43.88932397247567,324.6359631880413,299.3860857811636,201.17970160279395,10,39.56650482822889,2664.4138074494613,2405.6519429910227,1640.958626110148,10,318.46818528210804,0.0,0.0,0.0,10,0.0,0.0,0.0,0.0,10,0.0,0.0,0.0,0.0,10,0.0,4896.403788716259,4306.797224376684,2747.677847204412,10,685.8974320012302,0.0015873015873015,0.0003979625729496,0.0,10,0.0006182888930229,5.163347,-0.2626162,-5.950804,1000,1.0867652,1000,744.9964412811388,32,281,392.86420188931135,13575.38163471222,9902.766514447236,309.38098335266113,281,5330.532855444755,125275.0,165.5813934803009,200000.0,270.0,828.94668841362,54000000.0,1207.8651821697215,270000.0
5.2770827e-07,3.7052054e-08,61.199432,-0.0024508415,5.164616e-09,0.007346796,11.324885,159.61017,159.59236,10.7844095,1284.8827,637.342,1284.041,1.0,-0.2658941,-1.0,10000,0.8694367,0.2582070531047342,0.2548332714328825,0.2511041419806967,10,0.0024582432222146,1000,1000.0,1000,10,0.0,13320.810716629028,13121.556835842131,12678.94259929657,10,169.22421919708998,0.0,0.0,0.0,10,0.0,-2.1028900463844726,-2.1802712595518194,-2.2725874916887987,10,0.0517965777570384,-737.0772,-750.0921075,-756.9726,10,6.966656439092585,299.9230995878614,280.4630396989064,237.0746648249656,10,17.509702836749224,413.07270804862094,403.9177343042139,391.9641920949729,10,6.8855241127961655,0.0,0.0,0.0,10,0.0,0.0,0.0,0.0,10,0.0,0.0,0.0,0.0,10,0.0,0.0,0.0,0.0,10,0.0,-210.47051729192967,-213.47151071407148,-216.6036881795805,10,2.229903083614816,-16.546140302976383,-17.147457544813793,-17.722362903578478,10,0.4329992371662358,2689.192120136676,2608.451794275464,2550.527957998356,10,44.26241308712677,2553.4136706897725,2500.3600336618288,2419.4810567151944,10,47.0884104479973,0.0,0.0,0.0,10,0.0,-20.20536212988762,-21.102882969543565,-23.555497058078025,10,0.9071461740915562,341.782242832116,334.44343746236456,326.1605747112698,10,4.319658500052562,327.6443781455586,321.42010894328104,314.7718197356025,10,3.63050059515896,2652.367365676725,2594.1029947258644,2412.860646866432,10,67.45597600436356,0.0,0.0,0.0,10,0.0,0.0,0.0,0.0,10,0.0,0.0,0.0,0.0,10,0.0,4944.299084295582,4869.55068082468,4762.6517772172265,10,47.62932939846287,0.0,0.0,0.0,10,0.0,5.4262395,-0.25989667,-5.6692305,1000,1.0962478,1000,668.9685863874346,32,382,375.9496096032405,13609.033375740051,8863.67712950332,321.7525300979614,382,5101.986836072121,125657.0,205.94596457481384,200000.0,271.0,1034.8926575183868,54200000.0,971.1285210803252,271000.0
3.4029634e-07,2.3924166e-08,68.074455,-0.0020300888,3.2995464e-09,0.007476045,11.379434,160.12721,160.10963,11.816555,1272.6179,818.728,1271.227,1.0,-0.2589926,-1.0,10000,0.8712428,0.2832425547684827,0.2577199865227427,0.2473944718744015,10,0.0092585461306106,1000,1000.0,1000,10,0.0,13459.015113830566,12944.863751602174,12589.270792484283,10,253.1545178450688,0.0,0.0,0.0,10,0.0,-2.04083943156852,-2.113440356041461,-2.2796448279702406,10,0.0689255235110703,-729.41905,-750.9605574999999,-797.2173625,10,17.90877730947193,306.2309198326672,275.49867584243856,253.8224555427128,10,17.412392062744058,425.7308432560617,408.7659487722464,379.1888162323002,10,13.559520467947683,0.0,0.0,0.0,10,0.0,0.0,0.0,0.0,10,0.0,0.0,0.0,0.0,10,0.0,0.0,0.0,0.0,10,0.0,-207.3278727934507,-216.39526505855324,-239.7274726972645,10,8.460164755716395,-15.509285238074952,-16.671340573703336,-17.921407092813986,10,0.8172137868066239,2667.301201084678,2594.297511909745,2510.8888719770703,10,46.0345353682368,2545.780758704239,2498.196328418398,2432.1417818101863,10,36.98973137746455,0.0,0.0,0.0,10,0.0,-20.09524637405951,-21.81065569202582,-23.09219224617558,10,0.863519156209227,348.55585765918164,331.3272207662225,319.4669448301687,10,7.387048481558396,329.7311161636266,321.170273122824,312.1375665759344,10,5.082866508065795,2752.5321407725232,2540.094882275408,2403.3530665627595,10,96.19352604091428,0.0,0.0,0.0,10,0.0,0.0,0.0,0.0,10,0.0,0.0,0.0,0.0,10,0.0,4937.077517149477,4767.707797204593,4588.06546030976,10,95.43765638936527,0.0,0.0,0.0,10,0.0,5.360784,-0.26373038,-5.4529324,1000,1.08627,1000,615.0583657587549,46,257,395.3428799186696,13591.10555267334,8105.878747553213,402.7516279220581,257,5365.920074006549,125914.0,166.70547008514404,200000.0,272.0,1201.5981323719025,54400000.0,1199.7206804182906,272000.0
2.5207447e-07,1.7740126e-08,73.9599,-0.0016342746,2.425834e-09,0.0075510666,11.334672,159.59381,159.57626,11.659243,1277.5496,747.61334,1276.4688,1.0,-0.25375086,-1.0,9730,0.87093645,0.2818853322123463,0.2589978116769432,0.2498638539020382,10,0.0098291253806711,1000,973.0,730,10,81.0,13171.563119888306,12607.389472055434,9334.911249637604,10,1114.9350083597235,0.0,0.0,0.0,10,0.0,-1.5324675502237668,-2.044329394357408,-2.215312374285089,10,0.190635606721199,-558.2357125,-733.8895937499999,-781.5852625,10,60.33533208299762,329.6858140906632,278.5835704598636,236.3761911440856,10,28.331055044707643,417.2884531883408,394.3788229735476,293.5446415861649,10,34.792766676904286,0.0,0.0,0.0,10,0.0,0.0,0.0,0.0,10,0.0,0.0,0.0,0.0,10,0.0,0.0,0.0,0.0,10,0.0,-163.49968109474997,-211.4479715201041,-239.5510006343929,10,18.378190764075963,-11.221198290562176,-15.841100900101514,-18.20723355734097,10,1.9568065230397305,2634.0583598933063,2530.285409948431,1968.0380162911688,10,188.80918941439865,2610.47677463588,2464.01737151848,1825.8212766526049,10,216.7127352818122,0.0,0.0,0.0,10,0.0,-16.06365685042129,-21.069231761219463,-23.78956027666895,10,1.879174197560134,340.18875376741283,323.56980252118353,247.15821185009173,10,26.150470164951507,321.9704071728704,310.94094182036184,236.2318829049932,10,25.003007034219618,2660.064997218373,2466.1918338953105,1807.8012193774464,10,231.21829571930147,0.0,0.0,0.0,10,0.0,0.0,0.0,0.0,10,0.0,0.0,0.0,0.0,10,0.0,4900.459938172045,4612.902779159334,3307.4755666212777,10,452.76944048017015,0.0013698630136986,0.0001369863013698,0.0,10,0.0004109589041095,4.9872003,-0.26496214,-4.974906,1000,1.0836886,1000,716.55938697318,42,261,410.3809198132275,13588.568517684937,9531.519589164704,377.4806151390076,261,5567.277452617869,126175.0,165.5732066631317,200000.0,273.0,1367.1713433265686,54600000.0,1207.9249054281563,273000.0
2.0088254e-07,1.4141566e-08,78.78694,-0.0013188391,1.9290358e-09,0.0076217945,11.2250805,158.48244,158.46509,10.122181,1295.6538,578.1631,1295.4125,1.0,-0.25349915,-1.0,9758,0.87123567,0.2810678768728349,0.2596029565256469,0.2498055006803138,10,0.0102830820440104,1000,975.8,758,10,72.6,13372.328269958496,12662.360589504242,9187.41790485382,10,1173.0687535874256,0.0,0.0,0.0,10,0.0,-1.463048998456009,-2.0247531383854582,-2.174025822952939,10,0.1946674878298777,-593.427675,-734.6198812499999,-783.3221624999999,10,48.67367006877704,317.6573202163636,290.2344969916462,227.63642620331416,10,25.26688155942177,435.9388888455404,398.0615039517519,270.2958609294841,10,44.59827949984158,0.0,0.0,0.0,10,0.0,0.0,0.0,0.0,10,0.0,0.0,0.0,0.0,10,0.0,0.0,0.0,0.0,10,0.0,-181.04194161365464,-212.4291619498546,-235.32311805660976,10,12.524748730530384,-11.510377398965131,-15.555682438861174,-17.252592822824898,10,1.582824340553839,2651.9598764692814,2506.7493065420504,1839.5708022984863,10,226.13879422914863,2570.6019542926206,2470.2819087005955,1952.052257698802,10,175.43546508546564,0.0,0.0,0.0,10,0.0,-18.54640847365188,-20.45883426876133,-21.955118637534817,10,0.9556282425650866,343.4469417891416,327.844713871771,254.5577967023937,10,25.08319468941997,333.47640387199147,315.834333329284,246.289647960152,10,23.845386985229023,2656.520338643266,2485.2192769080143,1757.7588461182763,10,249.38738648728105,0.0,0.0,0.0,10,0.0,0.0,0.0,0.0,10,0.0,0.0,0.0,0.0,10,0.0,4883.369920623482,4641.598264939295,3264.84519142532,10,471.2359728239269,0.0013192612137203,0.000131926121372,0.0,10,0.000395778364116,4.960935,-0.26588774,-5.0844536,1000,1.0821326,1000,766.2023346303502,37,257,383.3864336466239,13575.519278526306,10208.090554664108,428.6554002761841,257,5202.52236797374,126432.0,165.07797384262085,200000.0,274.0,1532.2493221759796,54800000.0,1211.5486720879703,274000.0
1.6748756e-07,1.1803592e-08,82.883125,-0.0011281489,1.5954156e-09,0.0077587985,11.202363,158.19873,158.18152,9.538583,1301.8663,547.3575,1301.6915,1.0,-0.25500637,-1.0,10000,0.8706538,0.2704898119040311,0.2584560214325843,0.2516234739057249,10,0.005484945312962,1000,1000.0,1000,10,0.0,13404.772387504578,13148.563375473022,12781.003027915956,10,216.47721042404635,0.0,0.0,0.0,10,0.0,-1.8950738664946745,-2.1034009291111526,-2.23612511216179,10,0.0982604659434014,-743.432675,-754.41264625,-771.8152,10,7.511061733505633,320.16751629428705,296.4084266833215,264.63815174549137,10,14.931780465122651,419.3112178270399,409.23305380624186,395.03790478787977,10,7.208109420370876,0.0,0.0,0.0,10,0.0,0.0,0.0,0.0,10,0.0,0.0,0.0,0.0,10,0.0,0.0,0.0,0.0,10,0.0,-210.822207531039,-217.0326757075504,-228.3145832071886,10,5.391034239828007,-14.918780699303792,-15.868637798918597,-17.203105710260004,10,0.6624047179174163,2679.286731044913,2622.036052413613,2561.352708912816,10,38.809007891538926,2634.39176524291,2548.282693082275,2475.8154943945747,10,42.091170457771845,0.0,0.0,0.0,10,0.0,-19.35302414104403,-20.71763382637458,-22.252212997561763,10,0.7893118352688129,344.58039442547863,335.2102724120865,328.11887471601835,10,6.027371675771081,329.6701806595448,323.34007080954785,315.6800644080848,10,4.593806707435476,2690.7137947373376,2573.647023091329,2448.232942607313,10,72.91993042723202,0.0,0.0,0.0,10,0.0,0.0,0.0,0.0,10,0.0,0.0,0.0,0.0,10,0.0,4939.85411147207,4834.405194459671,4677.48761249674,10,81.67029750375083,0.0,0.0,0.0,10,0.0,5.598519,-0.26697212,-5.2377014,1000,1.0837862,1000,708.7436823104694,30,277,413.8234455036767,13671.73901939392,9432.020969671465,283.2676782608032,277,5623.052718877327,126709.0,164.7670910358429,200000.0,275.0,1697.0164172649384,55000000.0,1213.8346240299445,275000.0
1.4398411e-07,1.0148513e-08,86.20965,-0.00090323656,1.3702165e-09,0.007800008,11.190811,158.06505,158.04796,9.399276,1304.7057,516.0023,1304.5411,1.0,-0.2503663,-1.0,8468,0.8696173,0.2793120125815485,0.260955516460683,0.2525733019052681,10,0.0086542540555563,1000,846.8,215,10,257.05011184592,13500.857242584229,11121.973104476929,2310.906047821045,10,3733.4046419801225,0.0,0.0,0.0,10,0.0,-0.363595258304531,-1.811279941797596,-2.26641843013363,10,0.6277813439169756,-160.80141249999997,-643.31025875,-768.5979874999999,10,197.54089187906652,326.12293121936807,266.53511798164715,84.52081286889904,10,77.98825370319501,431.13460126050967,348.5273087863665,89.58867215786472,10,104.15770249235617,0.0,0.0,0.0,10,0.0,0.0,0.0,0.0,10,0.0,0.0,0.0,0.0,10,0.0,0.0,0.0,0.0,10,0.0,-51.648801207784864,-183.6884833814049,-218.01818726011504,10,52.51997493028966,-2.9715671170936275,-13.87563942068338,-18.411650338345822,10,4.772953995274918,2683.2229192233485,2230.040575471085,563.6508379197458,10,686.358394454182,2669.5814073039865,2184.9987126607093,557.7420933162097,10,695.520326196834,0.0,0.0,0.0,10,0.0,-4.646623678769415,-17.044139310627152,-20.486606023474742,10,4.990283729629762,356.0581041553464,291.4276686869481,70.51861085898864,10,90.06136430549289,328.4447466645404,270.89577899059395,66.58882842689557,10,83.21476468854318,2687.8412377769578,2208.184082557733,457.8288193102469,10,734.1380627244267,0.0,0.0,0.0,10,0.0,0.0,0.0,0.0,10,0.0,0.0,0.0,0.0,10,0.0,4954.497176826576,3998.2737022432034,589.4945572536747,10,1480.826723153807,0.0046511627906976,0.000784439812679,0.0,10,0.0014345614363849,5.354578,-0.26599252,-5.437144,1000,1.0837317,1000,740.9700374531835,37,267,402.9616098679121,13603.225881576538,9872.370242720686,369.4186763763428,267,5466.707273153666,126976.0,199.2747609615326,200000.0,276.0,1896.2911822795868,55200000.0,1003.6393923393408,276000.0
1.265653e-07,8.924406e-09,88.9262,-0.000775345,1.2008194e-09,0.007889441,11.147059,157.62845,157.6114,8.554678,1314.401,488.55493,1314.5464,1.0,-0.24112959,-1.0,9443,0.8736379,0.316667448742346,0.2662459317982258,0.2548687215807909,10,0.0173387250038393,1000,944.3,503,10,148.1837035574425,13386.344561576843,12252.752305841446,5458.813916683197,10,2302.314754458987,0.0,0.0,0.0,10,0.0,-0.7228054667864627,-1.989140499851506,-2.303742278677821,10,0.4400454694768527,-412.632175,-722.5543475,-777.2627500000001,10,104.78727075776736,335.8104670869493,290.80378089195995,178.6526439336291,10,43.49466126596509,423.5712944198236,385.45747834466135,190.177522534186,10,66.17723745732926,0.0,0.0,0.0,10,0.0,0.0,0.0,0.0,10,0.0,0.0,0.0,0.0,10,0.0,0.0,0.0,0.0,10,0.0,-137.68120719204344,-209.36986486966333,-225.91157345820704,10,24.18654388651689,-4.931321448990616,-14.451349458245849,-17.833747792987808,10,3.378035595419058,2655.5334559104804,2464.14594196323,1255.3196504414243,10,405.9199252211075,2612.290760672645,2419.8795241906955,1352.297865979803,10,360.44301813847096,0.0,0.0,0.0,10,0.0,-11.235433118542176,-19.54487927605269,-22.038184814032125,10,2.852484817540084,352.7467574292989,319.934995158337,163.6862659508065,10,52.550106572537416,326.1991177698475,302.6500688335177,162.3004460017202,10,47.37638486238054,2693.0745477005207,2432.563110074113,1224.0011075426553,10,416.7173577230544,0.0,0.0,0.0,10,0.0,0.0,0.0,0.0,10,0.0,0.0,0.0,0.0,10,0.0,4953.602604091544,4397.158293506669,1362.7131389604208,10,1037.8645127570312,0.0019880715705765,0.000305190135781,0.0,10,0.0006444185127819,5.6528835,-0.24971928,-5.46469,1000,1.1020365,1000,562.2281105990784,35,434,391.00964788576266,13556.544461250303,7364.593882738171,263.8770389556885,434,5312.897048851013,127410.0,163.1279799938202,200000.0,277.0,2059.419166326523,55400000.0,1226.0312425101852,277000.0
1.1314129e-07,7.973843e-09,91.28623,-0.00067291164,1.0774617e-09,0.007975812,11.265878,158.78596,158.769,10.415448,1289.9579,938.82764,1289.1738,1.0,-0.23497699,-1.0,6912,0.87879354,0.2906548372145048,0.2676105110001601,0.2556813767450721,10,0.0115506666247802,1000,691.2,153,10,358.67333327137663,13135.931219100952,8558.958318567276,1833.717381954193,10,4654.204724238877,0.0,0.0,0.0,10,0.0,-0.3000484654592026,-1.4411998344377916,-2.258787331585495,10,0.7995218506194702,-111.1023875,-530.9348024999999,-805.4281624999999,10,278.85396885285115,340.1166833692456,201.10045765981403,37.51195154571591,10,110.4882900109379,423.1317037488669,277.1936464678323,62.85656160780114,10,143.01375075166405,0.0,0.0,0.0,10,0.0,0.0,0.0,0.0,10,0.0,0.0,0.0,0.0,10,0.0,0.0,0.0,0.0,10,0.0,-33.39440424741085,-156.3842180488898,-237.51193596148823,10,80.6465789532745,-2.6232786765136287,-10.853060057419167,-17.423598063878423,10,5.733541768022492,2624.749989174951,1730.0846212712336,328.7882226955644,10,936.8318622167336,2565.754039754657,1684.7042737408617,389.12446527533086,10,884.3136542116548,0.0,0.0,0.0,10,0.0,-3.0074487792695623,-14.6960707443862,-23.92512049991141,10,7.847965430759726,343.9319640984362,226.47887283475444,36.13557058796204,10,126.97623886525722,329.99668335175363,225.0641566175484,53.15645586145602,10,114.50584701838916,2613.703640238476,1634.2037157545144,334.8654290418465,10,898.0226643485231,0.0,0.0,0.0,10,0.0,0.0,0.0,0.0,10,0.0,0.0,0.0,0.0,10,0.0,4945.808753366428,3139.3152109731163,708.6076761114193,10,1745.221083884102,0.0065359477124183,0.001845498666388,0.0,10,0.0022594632049526,5.2232637,-0.2514644,-5.392091,1000,1.100005,1000,388.14657980456025,33,307,288.90837114606023,13492.94719696045,4963.042538868876,346.7003755569458,307,3877.654629924217,127717.0,159.52856707572937,200000.0,278.0,2218.947737455368,55600000.0,1253.6939537923547,278000.0
1.02485714e-07,7.232479e-09,93.29472,-0.00060751726,9.663791e-10,0.008071097,11.335635,159.52544,159.5085,11.487332,1271.2047,1113.4711,1269.9915,1.0,-0.24170652,-1.0,6824,0.876116,0.3077340996177186,0.2704612757629008,0.2525335025979998,10,0.017320392043391,1000,682.4,143,10,332.66385436353016,13204.403109550476,8629.801526212692,1393.25235080719,10,4522.4349870949945,0.0,0.0,0.0,10,0.0,-0.3197941950160445,-1.440006912450825,-2.2732641365928963,10,0.7120906606504647,-119.3724,-521.5950175,-767.7887499999999,10,249.06941667112272,308.95247325506205,202.4809026467232,45.83574890890826,10,93.0621552125142,429.1902212575618,276.84309016145164,44.99727405761652,10,146.74466430853542,0.0,0.0,0.0,10,0.0,0.0,0.0,0.0,10,0.0,0.0,0.0,0.0,10,0.0,0.0,0.0,0.0,10,0.0,-37.89550225422501,-152.13279097641276,-225.7873954849005,10,70.71775197979179,-1.9544894316976225,-11.25919282923856,-18.570076022665617,10,6.130261196248707,2689.1567969301977,1696.957828714037,185.47349265626468,10,954.812042647354,2502.5533853633724,1686.972690274879,311.97129199273184,10,849.8083201665235,0.0,0.0,0.0,10,0.0,-3.6116504141131824,-14.01353995176756,-21.65003909796281,10,6.719519392377354,353.2991635626012,233.4481374113016,37.88866121896905,10,117.2157599767142,331.33063449793747,220.12609049915963,50.69044913611924,10,107.91482647128436,2553.189248578795,1694.6526972435186,273.6828175130113,10,879.1774922083765,0.0,0.0,0.0,10,0.0,0.0,0.0,0.0,10,0.0,0.0,0.0,0.0,10,0.0,4896.598893716995,3168.40609755049,566.9470756217979,10,1642.0597532659565,0.0069930069930069,0.0019552791371234,0.0,10,0.0023585062162531,5.9260263,-0.24627677,-6.264351,1000,1.1040385,1000,474.7149220489978,36,449,423.6904033947194,13623.81979560852,6179.083913919921,283.0602812767029,449,5752.625941203521,128166.0,159.75652432441711,200000.0,279.0,2378.7042696475983,55800000.0,1251.905052677915,279000.0
9.380572e-08,6.6260677e-09,95.01324,-0.00049870845,8.783897e-10,0.008099767,11.375362,159.92361,159.90675,12.196545,1260.065,1120.2,1258.763,1.0,-0.22695212,-1.0,7977,0.8766166,0.2802010993834304,0.2685943186025453,0.2531463881662977,10,0.0081459414009833,1000,797.7,122,10,308.7137994972042,13242.981504440308,10202.58489508629,1344.331567287445,10,4033.025347230611,0.0,0.0,0.0,10,0.0,-0.2865086911800791,-1.6406772911004923,-2.139908894537065,10,0.6306016876585915,-93.3386375,-617.61598125,-788.2367999999999,10,242.519443539768,306.86352054440795,241.85303606672696,41.279239251021565,10,93.6651713250295,424.4437132914386,323.59281061059323,41.038419053884006,10,129.33201596690026,0.0,0.0,0.0,10,0.0,0.0,0.0,0.0,10,0.0,0.0,0.0,0.0,10,0.0,0.0,0.0,0.0,10,0.0,-28.66440448058537,-180.80800204004623,-236.16229429710512,10,70.95539971496413,-1.903461692179168,-12.321575011457217,-17.6068152609484,10,4.785717501603958,2693.559318560277,2043.7674895523664,179.47685114602896,10,838.0998303528968,2608.558838904529,2007.4296954969543,245.76746588276137,10,792.7944841249881,0.0,0.0,0.0,10,0.0,-2.629126448854384,-15.91992401485837,-20.4847426122206,10,6.127554337617189,357.9950619588945,272.8449918787114,49.44433308004431,10,105.30249183435134,332.38917493903,259.7831770784304,34.60505126842236,10,101.37205656166604,2619.2756420278165,2016.9246458527537,259.869376137911,10,801.0904082245265,0.0,0.0,0.0,10,0.0,0.0,0.0,0.0,10,0.0,0.0,0.0,0.0,10,0.0,4798.386295000313,3686.5492362256336,591.4317153124018,10,1431.983254451724,0.0081967213114754,0.0013630183153111,0.0,10,0.0024349080769698,6.061353,-0.25087762,-6.608833,1000,1.0918673,1000,668.5062893081761,42,318,422.8407653638972,13603.297883987429,8794.324792195415,395.415177822113,318,5730.671249236961,128484.0,161.2244634628296,200000.0,280.0,2539.9287378787994,56000000.0,1240.5065317281092,280000.0
8.6589054e-08,6.1195315e-09,96.34493,-0.00046157002,8.0759416e-10,0.008169164,11.39484,160.16385,160.14711,12.568234,1255.7817,1047.4944,1254.3733,1.0,-0.21423204,-1.0,7436,0.8787003,0.2932176891871961,0.2725542480021943,0.2616088066626186,10,0.009471936756935,1000,743.6,285,10,269.79851741623787,12932.940518856049,9092.849213790894,3392.079996109009,10,3477.5934649832466,0.0,0.0,0.0,10,0.0,-0.5526639082699107,-1.478376978891239,-2.09038446172331,10,0.5714060027818708,-213.283425,-579.15154125,-806.0202875,10,216.02408948350487,310.6008919153477,225.9362552086172,99.14188493166978,10,74.60824690153306,413.14375146842,298.90060083226393,109.93011418082992,10,108.27960308364872,0.0,0.0,0.0,10,0.0,0.0,0.0,0.0,10,0.0,0.0,0.0,0.0,10,0.0,0.0,0.0,0.0,10,0.0,-63.104936750764736,-171.94520933623153,-240.1861435848197,10,63.31020286281645,-3.984247161381624,-11.162927115988548,-16.4127895803576,10,4.443830223104348,2704.6188172122747,1849.3161130415951,581.0312166390958,10,726.3257762618869,2553.0457252484466,1808.3433154246363,596.9206983767901,10,684.6356412387632,0.0,0.0,0.0,10,0.0,-5.602852697487778,-14.823591528860586,-20.545299995346472,10,5.697956850039232,341.37710275974564,251.77129887760665,104.52178366534238,10,91.63945842003582,330.5269043021766,237.6784083655055,84.2652414090619,10,89.02718739731003,2482.770488353997,1771.828215213614,719.4652232841263,10,645.8019560816543,0.0,0.0,0.0,10,0.0,0.0,0.0,0.0,10,0.0,0.0,0.0,0.0,10,0.0,4645.3826004537605,3258.753913690028,1126.2535798042,10,1308.260528248729,0.0035087719298245,0.0013457764108011,0.0,10,0.0011607103235906,5.7642508,-0.24943125,-5.4475,1000,1.0892849,1000,717.9278350515464,42,291,407.7424541074516,13619.434635162354,9444.50736176599,409.89697647094727,291,5490.520471775011,128775.0,197.43476366996765,200000.0,281.0,2737.3635063171387,56200000.0,1012.9928300485136,281000.0
8.05566e-08,5.701655e-09,97.51258,-0.00033688705,7.4287276e-10,0.008137892,11.419317,160.43892,160.42232,13.102115,1252.172,1086.3948,1250.529,1.0,-0.2086415,-1.0,6927,0.88331425,0.3029244076467726,0.2795425899848455,0.2693326839539263,10,0.0093949174873931,1000,692.7,175,10,303.75419338669224,12789.995798110962,8228.596118450165,1819.4114789962769,10,3843.055713299085,0.0,0.0,0.0,10,0.0,-0.4324165411769187,-1.3848789883504973,-2.1069136461215923,10,0.586756254134153,-147.4193875,-543.6062774999999,-808.0532499999999,10,237.65583972762147,332.49694794613845,202.1526101190688,60.01602403663429,10,86.54219687172315,408.88811549734254,270.6361788630944,57.55240028484222,10,124.28507953615912,0.0,0.0,0.0,10,0.0,0.0,0.0,0.0,10,0.0,0.0,0.0,0.0,10,0.0,0.0,0.0,0.0,10,0.0,-45.28956966961635,-162.96483842966342,-243.41266316070187,10,70.9482598630334,-2.923737658776819,-10.91067241618693,-19.130425224690736,10,5.100880036405007,2613.0660964290955,1732.5174350747104,208.9605582167065,10,836.0455902189672,2572.2882390818663,1598.872915277967,328.30879555090235,10,772.9671344676677,0.0,0.0,0.0,10,0.0,-4.310132350930736,-14.769892615328695,-21.721571789013588,10,6.272218305003876,345.53842443582585,229.1369195112082,46.36959500318249,10,102.28842546737523,331.10691658767064,225.403150484888,57.72099757299067,10,98.68335482363624,2508.709966574738,1553.3696344831135,382.1559646639843,10,752.1414944164894,0.0,0.0,0.0,10,0.0,0.0,0.0,0.0,10,0.0,0.0,0.0,0.0,10,0.0,4626.09742733961,2990.8205102546167,834.4290533087213,10,1340.8133774218572,0.0057142857142857,0.0016053179289263,0.0,10,0.0017629407201271,5.5923467,-0.24049911,-5.457194,1000,1.102405,1000,530.7965686274509,33,408,409.4728441377583,13484.840193748474,6878.3673164838665,318.0639705657959,408,5503.68454656183,129183.0,160.20798897743225,200000.0,282.0,2897.5714995861053,56400000.0,1248.377195647672,282000.0
7.5331165e-08,5.3310427e-09,98.27863,-0.00026576893,6.954504e-10,0.008128059,11.337301,159.67566,159.65903,12.375524,1264.9672,831.9743,1263.9897,1.0,-0.20634663,-1.0,5618,0.8806679,0.2917867241048134,0.2777425440390192,0.2648054000489004,10,0.0077479710009403,1000,561.8,123,10,320.1255378753779,12834.454560279846,6664.670631456375,1357.021713256836,10,4140.568185350622,0.0,0.0,0.0,10,0.0,-0.2699416725056402,-1.0865888529188568,-2.097118593692355,10,0.6663968258888191,-94.1281375,-438.47053625,-795.539675,10,253.1462793151501,308.5052475433981,168.09910536752915,41.99523069491016,10,95.54352073167486,416.99417652097264,225.1693618160451,46.00071254098791,10,136.20390324607482,0.0,0.0,0.0,10,0.0,0.0,0.0,0.0,10,0.0,0.0,0.0,0.0,10,0.0,0.0,0.0,0.0,10,0.0,-28.79380817818419,-131.75589324346333,-233.2788627800864,10,73.64784927648375,-2.014964918152331,-8.233409832364329,-16.2281321135505,10,5.068817459018346,2624.116734815193,1400.5516619937778,164.7009849353022,10,839.0456204538291,2337.0836472922583,1259.0313164107731,251.84193453749867,10,750.0960509176298,0.0,0.0,0.0,10,0.0,-2.2989352443756776,-11.114893168706416,-19.870196079850533,10,6.352892668480274,352.5158713203617,193.2186552179189,49.818016886624605,10,111.52877420570849,316.91437795678456,177.456149811677,34.24000125257358,10,100.49297573025882,2528.2329179778176,1331.2395841685343,298.4215814550715,10,818.8546628858463,0.0,0.0,0.0,10,0.0,0.0,0.0,0.0,10,0.0,0.0,0.0,0.0,10,0.0,4857.732181291769,2372.196291908724,569.4463350797822,10,1575.2281707115076,0.008130081300813,0.0024456655480827,0.0,10,0.0023701169005835,5.0091615,-0.2452075,-5.2123585,1000,1.0894388,1000,727.7122807017544,34,285,399.1224778251968,13506.396663665771,9547.517118464855,359.8178095817566,285,5358.299647072303,129468.0,157.00695252418518,200000.0,283.0,3054.578456401825,56600000.0,1273.8289405954313,283000.0
7.092101e-08,5.0185753e-09,98.84662,-0.0002054257,6.551061e-10,0.008113155,11.284779,159.19238,159.17567,11.775299,1276.4899,670.659,1275.8462,1.0,-0.21596925,-1.0,7287,0.88065314,0.2833590725200429,0.2748436307069221,0.2683831318776937,10,0.0046418031963352,1000,728.7,422,10,194.92924357314888,12485.683235168455,8603.57409145832,4508.203068494797,10,2629.5453309893683,0.0,0.0,0.0,10,0.0,-0.849642923810868,-1.4168096584248806,-2.040088144124586,10,0.4155266377665649,-331.82685000000004,-566.126765,-772.9007625,10,151.03421768811094,264.2655352154403,194.93511905460383,102.99185933840688,10,50.01212182301511,413.6985781421207,281.8853112772227,154.540139276825,10,81.13883643805529,0.0,0.0,0.0,10,0.0,0.0,0.0,0.0,10,0.0,0.0,0.0,0.0,10,0.0,0.0,0.0,0.0,10,0.0,-100.04343195862047,-169.1676310971621,-230.25844169772623,10,43.59716739198363,-7.498596533170951,-12.169491966383188,-18.27414482164576,10,3.650350857201118,2746.3289306279,1877.3258365735885,1063.5822919185707,10,550.1755656818696,2266.9885573684246,1607.412642582778,850.123442449518,10,473.31063267114223,0.0,0.0,0.0,10,0.0,-10.477819546758552,-15.626429494340158,-22.97157892608506,10,4.084926421205704,339.8506420278237,248.1731912368693,138.07693695576253,10,67.35787324104258,323.7455648218575,233.92579800948064,137.40540861517928,10,63.08978951919883,2557.3740076313734,1656.27624763602,744.7602899167049,10,541.7215924245523,0.0,0.0,0.0,10,0.0,0.0,0.0,0.0,10,0.0,0.0,0.0,0.0,10,0.0,4464.935216718004,3104.025236569052,1670.7455252096424,10,991.883267365512,0.0023696682464454,0.0012806089741384,0.0,10,0.0007260893043149,5.302141,-0.2454697,-5.287743,1000,1.0881164,1000,747.6022727272727,39,264,381.7318253826712,13503.61004638672,9807.559814470284,393.6989278793335,264,5124.705746482488,129732.0,159.57018613815308,200000.0,284.0,3214.148646593094,56800000.0,1253.366965598721,284000.0
6.694582e-08,4.740156e-09,99.38013,-0.00022366142,6.155109e-10,0.008174072,11.31714,159.53918,159.52272,12.008322,1271.1443,839.33923,1269.9897,1.0,-0.21525098,-1.0,6675,0.8783383,0.2933151383912524,0.2758529496497066,0.2662372148265494,10,0.0080215995026622,1000,667.5,137,10,299.47061625475044,12953.96275806427,8124.404415798187,1551.8314113616943,10,3894.984190444375,0.0,0.0,0.0,10,0.0,-0.2758463081097041,-1.3607700338980069,-2.1070878066670646,10,0.6593866990561189,-111.1813375,-521.65423,-786.2038375000001,10,233.57749848316612,300.3560967195524,191.1866980358422,48.81899177429101,10,83.30190219583478,406.0675190393366,262.8200319040246,47.37369841404838,10,120.34915712156672,0.0,0.0,0.0,10,0.0,0.0,0.0,0.0,10,0.0,0.0,0.0,0.0,10,0.0,0.0,0.0,0.0,10,0.0,-34.43993761156893,-153.76980563728932,-229.9411590238045,10,66.51924646272428,-1.3893282901968094,-10.618288155709989,-17.36994848753956,10,5.450770132320472,2612.80195886408,1729.1275094473954,372.3500283800089,10,748.5976335210762,2408.9330358054704,1515.8937649689285,270.45169046745093,10,716.5274107749699,0.0,0.0,0.0,10,0.0,-2.5211514457683206,-13.536278014331096,-21.44422848145281,10,6.056181647943006,337.4590930266538,218.3308510042084,46.45652865674123,10,97.8294647389886,320.9933537375148,213.111604323956,41.80812327631783,10,94.29712820192672,2648.075243141272,1596.899415199603,313.94355271871143,10,794.9155293881604,0.0,0.0,0.0,10,0.0,0.0,0.0,0.0,10,0.0,0.0,0.0,0.0,10,0.0,4810.729642973987,2949.480884214336,527.2166479437374,10,1499.9390118851102,0.0072992700729927,0.0017592243286526,0.0,10,0.0021135022254173,5.741713,-0.23871654,-5.4896674,1000,1.0990192,1000,473.2457912457912,29,297,316.190098902389,13380.170600891111,6063.47857329139,296.5250301361084,297,4189.114262101712,130029.0,159.1351556777954,200000.0,285.0,3373.2838068008423,57000000.0,1256.7933160221653,285000.0
6.355083e-08,4.502977e-09,99.80632,-0.00018337705,5.810903e-10,0.008167883,11.31436,159.49548,159.47919,12.003959,1270.3425,819.157,1269.2118,1.0,-0.20342322,-1.0,8002,0.88054866,0.2902458121999154,0.2776834489691527,0.2657404856470078,10,0.0058934338721383,1000,800.2,450,10,186.52495811552944,12280.59612941742,9337.986230421066,5215.280865192413,10,2327.0908038068524,0.0,0.0,0.0,10,0.0,-0.8487477814129551,-1.523842326398674,-1.8997681892473155,10,0.3586080713504334,-350.7551125,-626.8551049999999,-790.3092375,10,146.58533631085768,286.24495784141595,228.83653856048417,156.61456340928618,10,42.60184996446079,423.7836647615404,320.15361031013606,183.8047402135037,10,75.01520977299818,0.0,0.0,0.0,10,0.0,0.0,0.0,0.0,10,0.0,0.0,0.0,0.0,10,0.0,0.0,0.0,0.0,10,0.0,-104.95567138773367,-188.3239638558992,-240.4417623534414,10,44.58853795796056,-6.494235831053722,-12.333434181425451,-17.28275533255247,10,3.200062498642853,2667.8088857950424,2037.915935877617,1168.2245098724857,10,467.15861322890896,2330.4756750519027,1802.6991576737,1089.5807238542488,10,424.27909303485234,0.0,0.0,0.0,10,0.0,-7.746627181009918,-16.69436933070884,-23.06369789329609,10,4.600177070658967,329.0172989648549,263.1275220448559,165.53112873749546,10,57.183559328281184,333.6732071720718,259.53401790859846,143.53020563624136,10,61.46862075521457,2468.377844314209,1868.343048680424,1103.7745653165912,10,438.8002173827044,0.0,0.0,0.0,10,0.0,0.0,0.0,0.0,10,0.0,0.0,0.0,0.0,10,0.0,4284.162996781094,3221.8723089960586,1574.0935491534954,10,945.0380140838532,0.0022222222222222,0.0009331845942346,0.0,10,0.0008026270147251,5.2252097,-0.24782607,-5.328213,1000,1.0870597,1000,719.8503401360545,31,294,403.2218857732688,13477.502040863035,9471.75120762254,389.8096170425415,294,5408.481913976872,130323.0,196.9249448776245,200000.0,286.0,3570.20875620842,57200000.0,1015.6153661705296,286000.0
6.056434e-08,4.2872603e-09,100.206345,-0.00018128585,5.57887e-10,0.008197792,11.267375,159.01204,158.9955,11.466725,1278.7654,691.2983,1277.9686,1.0,-0.22247064,-1.0,9815,0.87308764,0.2776096944633938,0.2683757853407396,0.2630371038225505,10,0.0038643424976447,1000,981.5,849,10,45.31500855125154,13111.662041664124,12549.70234003067,10768.085945129396,10,688.9268538813261,0.0,0.0,0.0,10,0.0,-1.7246929467354102,-2.0407246716199774,-2.1839205671843933,10,0.1437057870837212,-662.5483999999999,-764.6662775,-800.7306375000001,10,36.98075834130919,309.3089596398414,287.4025612182459,244.9021746255076,10,15.88201961719136,419.87995784723415,399.4987011794002,357.92277232417626,10,17.433252977013495,0.0,0.0,0.0,10,0.0,0.0,0.0,0.0,10,0.0,0.0,0.0,0.0,10,0.0,0.0,0.0,0.0,10,0.0,-192.16391431623404,-221.45425315514768,-233.71177254958843,10,10.411950590512706,-15.269642597062935,-16.560977004040645,-18.26195134572282,10,0.8638698888737306,2704.9443665231006,2564.14457586872,2289.47368755471,10,155.14732457969265,2622.086822532958,2422.851567781111,2104.301271559892,10,129.7298659477103,0.0,0.0,0.0,10,0.0,-16.08281541744722,-19.401105141062864,-20.758486369973536,10,1.3208134360115282,356.71714281056484,336.20526756937545,291.36624284612645,10,17.573401607829098,327.1472798008762,317.26046219259695,278.48221364432743,10,13.488694288851848,2570.79335431356,2439.1118292935403,2094.7995380326347,10,135.02458485783444,0.0,0.0,0.0,10,0.0,0.0,0.0,0.0,10,0.0,0.0,0.0,0.0,10,0.0,4879.468114017642,4594.761920091325,3810.179610397617,10,325.830492827545,0.0011778563015312,0.0002213052988901,0.0,10,0.0004437586388377,4.9442935,-0.24294725,-5.877948,1000,1.0861031,1000,749.1103202846975,27,281,394.52796057168257,13533.55153656006,9878.806239659252,263.9889597892761,281,5307.093388059333,130604.0,164.11174273490906,200000.0,287.0,3734.3205029964447,57400000.0,1218.681836333074,287000.0
5.7773697e-08,4.091705e-09,100.65561,-0.00023033051,5.301914e-10,0.00828278,11.271083,159.04794,159.03139,11.3343725,1278.2103,756.9352,1277.2449,1.0,-0.2046501,-1.0,7387,0.87805325,0.2881022214983869,0.2761574481573899,0.2670494431422261,10,0.0066110886074059,1000,738.7,373,10,247.09271539242107,12879.021659374235,9086.18915220499,3830.511356949806,10,3374.622160857693,0.0,0.0,0.0,10,0.0,-0.601462292664442,-1.4748714556240998,-2.161466047197332,10,0.5382342413551403,-290.04256250000003,-581.3897737499999,-809.2177624999999,10,199.7181761671245,346.449751472923,234.76723288564503,126.83964781467247,10,75.15237054100314,426.0694977754738,298.83672257427713,152.06150755159103,10,104.50201614507726,0.0,0.0,0.0,10,0.0,0.0,0.0,0.0,10,0.0,0.0,0.0,0.0,10,0.0,0.0,0.0,0.0,10,0.0,-92.16880910050436,-172.2900309978889,-241.06107447958829,10,57.8083471807092,-4.374894156670751,-10.798568515128109,-17.34484969437548,10,4.360542978142844,2734.2597418687883,1933.276156253133,921.7697891154696,10,691.8698263994057,2602.052929933629,1836.7698253199785,837.007612013978,10,669.1312870297899,0.0,0.0,0.0,10,0.0,-7.003504767119605,-14.916189003901035,-21.49152290764089,10,5.342765735637548,359.12943871603125,256.8724674807957,124.33123900937868,10,84.63322130316816,325.0559578405663,236.4100130081118,123.28501380641676,10,80.43054556557153,2603.634399375612,1820.6911583654105,878.8659764426841,10,652.5024287681543,0.0,0.0,0.0,10,0.0,0.0,0.0,0.0,10,0.0,0.0,0.0,0.0,10,0.0,4554.485982879016,3084.438275106263,972.1827219994512,10,1247.9037246116343,0.002680965147453,0.0011390354154903,0.0,10,0.0009980065788041,5.397383,-0.2304407,-5.745962,1000,1.1025952,1000,515.9864253393665,28,442,392.890719491804,13521.406490325928,6700.833505176312,304.7120771408081,442,5298.033768840857,131046.0,159.35216093063354,200000.0,288.0,3893.6726682186127,57600000.0,1255.0818189849372,288000.0
5.5274704e-08,3.913694e-09,101.23145,-0.0002271514,5.0828325e-10,0.008325666,11.28902,159.16707,159.15054,11.61836,1274.1075,827.0925,1273.0597,1.0,-0.1857511,-1.0,8747,0.8789243,0.2924924829338289,0.282538540051881,0.2716162487291616,10,0.0068617335351603,1000,874.7,394,10,212.61516879094023,13218.129281044006,11207.5263777256,4851.981295108795,10,2946.4350599381905,0.0,0.0,0.0,10,0.0,-0.7931538968817555,-1.8432670926290675,-2.2800740267881183,10,0.5147333054574282,-322.471275,-708.884155,-834.6791375,10,177.77896685154892,351.6192001635192,288.55284232306644,135.0735667460827,10,68.37751571252441,411.7228246516344,350.7279085937171,149.2834409165897,10,83.53522198663481,0.0,0.0,0.0,10,0.0,0.0,0.0,0.0,10,0.0,0.0,0.0,0.0,10,0.0,0.0,0.0,0.0,10,0.0,-97.76063676830088,-208.00171116952225,-244.2935020943454,10,50.3794747190158,-5.890527274608167,-13.95661370101468,-18.573989764369816,10,4.147091354472773,2692.906999398614,2250.3248783434683,1009.8487468741688,10,535.640912371428,2639.918389008076,2221.5447940073886,1058.8840246513294,10,542.1798378607742,0.0,0.0,0.0,10,0.0,-7.467779008645039,-17.477760405320666,-21.05337218795558,10,4.585210638851709,350.9041909966571,296.4570402701396,140.3729110633614,10,74.4846115448155,324.3044550048279,280.70058544446886,130.9969656244416,10,65.91225471536114,2650.6088901242965,2251.715274675372,1034.026255027768,10,567.084949323735,0.0,0.0,0.0,10,0.0,0.0,0.0,0.0,10,0.0,0.0,0.0,0.0,10,0.0,4884.3978122794215,4019.0395988455625,1534.5630745084377,10,1216.924868769934,0.0025380710659898,0.0005603345785289,0.0,10,0.0009037082921636,5.170788,-0.23213156,-5.218556,1000,1.0869536,1000,752.3694029850747,34,268,397.18242936735135,13510.766584396362,9938.053886742737,322.8952078819275,268,5349.410785406341,131314.0,161.118581533432,200000.0,289.0,4054.7912542819977,57800000.0,1241.3217525658276,289000.0
5.317147e-08,3.7647006e-09,101.52774,-0.00015370703,4.890163e-10,0.008275929,11.224081,158.53694,158.52037,10.609023,1287.1321,605.8893,1286.7897,1.0,-0.1900715,-1.0,7538,0.88124794,0.2888487589044429,0.280478187603723,0.2689179692025418,10,0.0053173702918084,1000,753.8,53,10,327.6799658203107,13059.382998943329,9335.63296699524,534.7468571662903,10,4131.018185573213,0.0,0.0,0.0,10,0.0,-0.1346941124856151,-1.5175211313724373,-2.169801758158095,10,0.6844580495875341,-39.85001249999999,-603.864865,-821.4155375,10,266.7618355167703,340.568046820708,242.5055671559623,16.414464719449864,10,105.69838441310696,430.7275044249493,312.6961507389304,25.715754461858253,10,135.17900684072112,0.0,0.0,0.0,10,0.0,0.0,0.0,0.0,10,0.0,0.0,0.0,0.0,10,0.0,0.0,0.0,0.0,10,0.0,-12.25572012974865,-179.86823364453204,-243.94147379037668,10,78.97867094856295,-1.0973778505249798,-12.176379602738866,-17.18246578553482,10,5.461104263555558,2599.2805690577816,1876.4990483008853,68.06612206751899,10,833.2487666683364,2627.28388160395,1861.928430100656,84.91587659438325,10,819.132670080103,0.0,0.0,0.0,10,0.0,-1.30018081008227,-15.437875785323053,-20.87898121472515,10,6.633226871577215,336.304880885859,248.1467156385292,14.232289500315751,10,110.08057031454344,326.0347339101594,242.1613496350072,21.94114458995264,10,104.13492352674491,2712.193740048532,1884.6396585554128,131.585648090683,10,840.900179189812,0.0,0.0,0.0,10,0.0,0.0,0.0,0.0,10,0.0,0.0,0.0,0.0,10,0.0,4735.834253201958,3308.4296093369703,214.8295371649715,10,1493.2058747778244,0.0188679245283018,0.0025065961504446,0.0,10,0.0055338140023847,5.2920732,-0.22616695,-5.2787356,1000,1.0910603,1000,705.5661016949152,31,295,415.710999927924,13513.749300956726,9294.729770236096,329.3954677581787,295,5604.674229345982,131609.0,159.41355538368225,200000.0,290.0,4214.204814195633,58000000.0,1254.5984531781685,290000.0
5.1237002e-08,3.6258316e-09,101.85013,-0.00015587184,4.731284e-10,0.008303882,11.222995,158.57654,158.55997,10.2229595,1291.0073,574.5498,1290.71,1.0,-0.20452558,-1.0,7060,0.8824449,0.2941445693960988,0.2789783306997595,0.2669631843965384,10,0.0080333140082075,1000,706.0,203,10,294.92948309723124,12518.499186515808,8506.753125190735,2070.5901231765747,10,3701.3362033938806,0.0,0.0,0.0,10,0.0,-0.3428308586311697,-1.4050732249594866,-2.082781806997722,10,0.5812368115551204,-157.13023750000002,-555.500095,-798.855575,10,231.6638646532945,318.43088554797345,223.8285547874228,74.55213605839171,10,87.53708537281166,417.0637141688912,288.9469706873882,83.9244773401708,10,122.8181855168664,0.0,0.0,0.0,10,0.0,0.0,0.0,0.0,10,0.0,0.0,0.0,0.0,10,0.0,0.0,0.0,0.0,10,0.0,-49.58403817829889,-166.48277218395168,-238.5043724755349,10,68.99858396703858,-2.6832849816120183,-11.373517178209358,-17.5292146276346,10,4.598334152363615,2630.1973960079886,1741.0756949924369,525.7647681017688,10,793.126335710856,2485.048304863748,1668.4495057434742,496.1281338233224,10,718.2037712698569,0.0,0.0,0.0,10,0.0,-3.6434464728110334,-14.261831913039638,-21.301081213659323,10,6.0777795659300695,343.19953203993106,232.89235369005604,64.32043315708782,10,97.06120867878543,326.4969528917745,226.2485146154607,68.0970978628329,10,95.76691559950665,2472.9737895510857,1709.64129638187,451.0250070670975,10,721.4537466099184,0.0,0.0,0.0,10,0.0,0.0,0.0,0.0,10,0.0,0.0,0.0,0.0,10,0.0,4547.437791521181,3006.581139279414,473.0080132269604,10,1350.6194495864472,0.0049261083743842,0.0014941317559306,0.0,10,0.0015898822179777,5.4008627,-0.22713299,-6.0528545,1000,1.0890591,1000,765.6666666666666,33,264,389.1892732386653,13512.213092803957,10116.64043890888,338.87206745147705,264,5238.956810576684,131873.0,195.67689418792725,200000.0,291.0,4409.881712436676,58200000.0,1022.0930827321944,291000.0
4.939404e-08,3.497651e-09,102.10204,-0.00012450585,4.538722e-10,0.0082926685,11.228836,158.7022,158.6857,10.171125,1292.4899,552.30066,1292.0886,1.0,-0.21166222,-1.0,6487,0.8822519,0.2874697299151272,0.2776104608676036,0.2618848708138733,10,0.0076187170182894,1000,648.7,69,10,363.078242256404,12737.750388145449,7794.059281206131,752.3888864517212,10,4811.662225977693,0.0,0.0,0.0,10,0.0,-0.1626052831717913,-1.2761272017915757,-2.162485703037792,10,0.8162358767311939,-53.8439,-505.5523775,-810.0072625,10,289.7538877273597,320.6260117645637,201.40405165048185,26.895446874418045,10,108.86556206011142,429.1255702347532,271.88886890239127,32.6916143963363,10,152.2238266024372,0.0,0.0,0.0,10,0.0,0.0,0.0,0.0,10,0.0,0.0,0.0,0.0,10,0.0,0.0,0.0,0.0,10,0.0,-16.270082467081938,-151.89662230757196,-240.0090488598769,10,83.16246084588741,-1.2255166287899275,-10.790839888778724,-19.88058740130299,10,6.876165877140715,2655.8246330381307,1638.0800397733824,99.85737702434584,10,916.5640346556836,2452.2136645472083,1495.8244316208245,156.0473706772076,10,851.0191604351901,0.0,0.0,0.0,10,0.0,-1.5900280159533575,-12.933709036236536,-20.454708343053422,10,7.270942274431618,341.71907309183166,214.20881803434168,22.89952920102874,10,121.89761176060829,334.2198097661575,209.8233408960052,24.707534626698344,10,114.7211108607957,2595.8374210365623,1600.9241072599657,166.0972166904651,10,938.882237003626,0.0,0.0,0.0,10,0.0,0.0,0.0,0.0,10,0.0,0.0,0.0,0.0,10,0.0,4792.323723235384,2700.5800315288147,280.8891144918904,10,1942.8802646899924,0.0144927536231884,0.0026314058677678,0.0,10,0.0042151678347908,4.974531,-0.22666128,-5.0874696,1000,1.0909423,1000,764.96138996139,48,259,371.7941869209144,13565.80259990692,10092.370184874902,448.3018751144409,259,5013.637063223193,132132.0,157.59803986549375,200000.0,292.0,4567.4797558784485,58400000.0,1269.0513166959138,292000.0
4.7642917e-08,3.3708438e-09,102.26438,-0.00010548828,4.405897e-10,0.008286637,11.1987295,158.39441,158.37787,9.808989,1299.8145,449.4669,1299.7832,1.0,-0.22092323,-1.0,8476,0.8793971,0.2795906282437166,0.2725544633371458,0.2666932361952084,10,0.004236674940637,1000,847.6,306,10,253.974093167,12915.255601882936,10384.99116411209,2943.934775352478,10,3310.757093910819,0.0,0.0,0.0,10,0.0,-0.5167192835283994,-1.7264595884264762,-2.167770848676838,10,0.5511072640175972,-232.3695875,-659.8877850000001,-801.4411875000001,10,199.8683879813953,324.7766803181196,261.7437755704815,97.04363557627347,10,73.56540469484759,425.5769013464917,351.6247112851106,120.80011258966334,10,108.2938660740014,0.0,0.0,0.0,10,0.0,0.0,0.0,0.0,10,0.0,0.0,0.0,0.0,10,0.0,0.0,0.0,0.0,10,0.0,-72.2149007619499,-194.99193469076243,-236.22699612829547,10,58.5615274881672,-4.61619479766511,-13.724914761054489,-18.64988960044382,10,4.896775448568285,2622.473594374021,2142.898246422362,811.886408621451,10,627.6309006252974,2526.3986277001354,1935.434382551248,574.699209386076,10,626.3421549401711,0.0,0.0,0.0,10,0.0,-5.882459593364226,-16.555660512760735,-20.804218400651983,10,5.256090880017128,335.8074617513873,277.5049458276052,104.28579341990704,10,80.23257434920654,332.45327605522937,274.62103341908204,99.87115399633436,10,84.72290895971537,2603.626880060164,2060.520601553512,656.4843258872215,10,661.163471181305,0.0,0.0,0.0,10,0.0,0.0,0.0,0.0,10,0.0,0.0,0.0,0.0,10,0.0,4812.140106237364,3783.490722212209,726.2148136770926,10,1300.362845609614,0.0032679738562091,0.0006963196911874,0.0,10,0.0011475667660165,5.936481,-0.2280413,-5.7788897,1000,1.0929637,1000,719.84229390681,42,279,400.30462889819125,13554.152116775513,9486.5392046026,388.2500743865967,279,5406.006833583111,132411.0,160.47344636917114,200000.0,293.0,4727.953207492828,58600000.0,1246.3121128457449,293000.0
4.601941e-08,3.258853e-09,102.4462,-0.00012301588,4.2270062e-10,0.008318713,11.178977,158.23717,158.22064,9.586323,1304.4456,401.35938,1304.5697,1.0,-0.2306245,-1.0,6438,0.8785211,0.2853409989571524,0.2698363019863801,0.257029286479154,10,0.0074161725061598,1000,643.8,216,10,329.02759762670365,12614.651200294496,7706.45978705883,2319.7352499961853,10,4276.994354136928,0.0,0.0,0.0,10,0.0,-0.405649402068492,-1.3263827997726092,-2.189147078106846,10,0.7063785513641547,-155.413075,-495.5691500000001,-777.1048499999999,10,256.09841490501856,315.9500868024775,194.08719128714728,62.4706103051882,10,101.71758171283967,424.0960204094538,268.5081823909712,82.76635274763481,10,140.54112006289645,0.0,0.0,0.0,10,0.0,0.0,0.0,0.0,10,0.0,0.0,0.0,0.0,10,0.0,0.0,0.0,0.0,10,0.0,-47.284392627552016,-146.2445164337551,-233.60854194177128,10,73.68185432448686,-3.2290644696123216,-10.735347817139706,-18.791098876107704,10,5.890229262613919,2554.0819227905217,1607.311639043072,543.4900753460495,10,839.7430411192887,2278.1254641165697,1384.2597812247425,424.1801817579234,10,771.7183104266464,0.0,0.0,0.0,10,0.0,-4.871198542866687,-12.478716975766508,-19.764863120709062,10,6.0589493664950105,328.0702301885798,207.6411623354549,64.02750663690858,10,109.2832676895541,332.37336315462335,210.4883523567622,70.10843902300812,10,108.2449689622761,2501.978073975956,1522.2049367834588,421.2390188454439,10,850.0292474752583,0.0,0.0,0.0,10,0.0,0.0,0.0,0.0,10,0.0,0.0,0.0,0.0,10,0.0,4843.649534683353,2840.55769846951,710.2375209703044,10,1647.0565077283472,0.0046296296296296,0.0018076842555736,0.0,10,0.0017324563974928,5.0879626,-0.2360732,-5.652156,1000,1.089947,1000,754.0076335877862,44,262,371.5180637566006,13563.366278648376,9939.681860832769,412.94617652893066,262,5012.824486506489,132673.0,157.08091735839844,200000.0,294.0,4885.034128904343,58800000.0,1273.2291316053156,294000.0
4.462354e-08,3.1644227e-09,102.7202,-0.0001647967,4.054606e-10,0.008382412,11.193916,158.33618,158.31978,9.861648,1302.0752,460.61792,1301.9755,1.0,-0.21741012,-1.0,6106,0.8807157,0.2840277353326841,0.2737383948224644,0.2642976484239981,10,0.0063485786341238,1000,610.6,228,10,291.4148932364302,12679.906106472015,7183.32909142971,2258.027707576752,10,3872.839625639415,0.0,0.0,0.0,10,0.0,-0.4448876388583944,-1.222949635946727,-2.199353304140814,10,0.6500580510142211,-176.413775,-474.1085662500001,-807.9940375,10,234.25026119195164,326.8772430377144,192.790524194984,60.622734779384814,10,94.14941312484297,434.92266472209553,250.1662884899125,84.23613762331703,10,127.40707942545492,0.0,0.0,0.0,10,0.0,0.0,0.0,0.0,10,0.0,0.0,0.0,0.0,10,0.0,0.0,0.0,0.0,10,0.0,-55.40506445635689,-141.35260841264434,-238.6850071425,10,66.99102281798639,-3.3504120171227294,-9.6766328409232,-18.877750031800232,10,5.302267317583445,2555.6066270568685,1503.610690364234,597.6371158537511,10,689.130067849207,2388.912555084652,1360.267561205872,425.67258055446337,10,700.6293806851533,0.0,0.0,0.0,10,0.0,-5.544932432082229,-12.39477145402222,-19.767144510922748,10,5.387131067246753,339.09981863171936,203.0534392819976,70.97548343238849,10,96.98288256305842,330.28835548062034,197.4315577738721,73.44586933694416,10,95.77206697993292,2515.5234032441776,1398.5307676153684,443.0022577268947,10,760.0052602509113,0.0,0.0,0.0,10,0.0,0.0,0.0,0.0,10,0.0,0.0,0.0,0.0,10,0.0,4745.574433546288,2583.714437316295,691.5920090517737,10,1568.4565097323584,0.0043859649122807,0.0018482642408609,0.0,10,0.0014969124773594,5.412493,-0.23459595,-5.4048066,1000,1.1051835,1000,581.4031531531532,27,444,383.0194665964896,13492.555751800535,7592.901118680164,247.1153106689453,444,5172.81347322069,133117.0,157.04968690872192,200000.0,295.0,5042.083820104599,59000000.0,1273.4823222935877,295000.0
4.3425803e-08,3.0783336e-09,103.176,-0.00017190093,3.957297e-10,0.008425981,11.254273,158.84546,158.82904,11.080948,1289.401,648.95514,1288.814,1.0,-0.21497996,-1.0,5704,0.88272697,0.2905473483250379,0.277617369415973,0.2655421799259493,10,0.0064976371837526,1000,570.4,78,10,286.7703610905423,12983.018981933594,6850.620812368393,824.1623706817627,10,3730.1340580693286,0.0,0.0,0.0,10,0.0,-0.1601123867705265,-1.138164814259307,-2.166543995601842,10,0.6085775905752626,-60.278325,-444.101645,-799.4476999999999,10,226.2261483657412,335.39999440498843,184.93469316264728,27.954908183595453,10,92.59448719865034,425.4871004669005,233.3003729765809,32.92330899271594,10,122.26582393989048,0.0,0.0,0.0,10,0.0,0.0,0.0,0.0,10,0.0,0.0,0.0,0.0,10,0.0,0.0,0.0,0.0,10,0.0,-19.64748544664314,-133.19461832112307,-234.68543217965893,10,65.87232529420291,-1.1985943100035934,-8.937405271250851,-17.29130849539364,10,4.859409827277221,2605.722267664866,1459.5489233327387,134.59808109513327,10,754.8675337799441,2502.826188898141,1332.5175117370188,191.0068602780123,10,705.0104301167495,0.0,0.0,0.0,10,0.0,-1.5945343039547817,-11.415972617993194,-19.83860706825332,10,5.613776616582706,345.85431511576763,192.36188052966745,28.776734183306527,10,98.200461211334,320.10422497041736,180.8412690447885,25.08550988681678,10,91.55476276893305,2570.5427329883896,1396.8783348271384,156.24554505466918,10,746.7486272773538,0.0,0.0,0.0,10,0.0,0.0,0.0,0.0,10,0.0,0.0,0.0,0.0,10,0.0,4732.249991762461,2344.6779675563403,292.1371740284123,10,1375.6413162162405,0.0128205128205128,0.0028729334178609,0.0,10,0.0035657155793098,4.86172,-0.23751661,-5.555804,1000,1.0887775,1000,774.4979591836735,33,245,380.6539445559958,13565.875994682312,10209.268889635436,332.62063217163086,245,5120.5999160840975,133362.0,192.5791957378388,200000.0,296.0,5234.663019418716,59200000.0,1038.5337794860422,296000.0
4.229576e-08,2.9999518e-09,103.541534,-0.00011378348,3.8370904e-10,0.008397107,11.243182,158.69081,158.6744,10.965966,1288.1451,595.1588,1287.6338,1.0,-0.20005803,-1.0,6557,0.8826911,0.2996458228506758,0.2801525846873279,0.2712632251599505,10,0.008294946199852,1000,655.7,347,10,257.1276142307551,12662.654072284698,8036.499901294708,4184.518445491791,10,3442.8032498138327,0.0,0.0,0.0,10,0.0,-0.709607047953579,-1.319120914446612,-2.136603639133609,10,0.5443380167897588,-273.048575,-519.5206062499999,-800.4740499999999,10,205.159214498868,334.59164161547324,219.46629418197327,116.31364209243972,10,82.18089975382006,429.15078063867657,265.4102040501249,136.21446074451092,10,110.6618568879816,0.0,0.0,0.0,10,0.0,0.0,0.0,0.0,10,0.0,0.0,0.0,0.0,10,0.0,0.0,0.0,0.0,10,0.0,-79.1692866354939,-155.36187319559053,-240.1989122061329,10,60.236846586424576,-4.526499244001103,-9.34260286048006,-15.584544123387769,10,3.938323819637344,2688.351375876142,1688.9958616090887,933.2295601412266,10,659.0751398485904,2479.180184837104,1591.4732871262163,813.3987642319954,10,634.3867438288285,0.0,0.0,0.0,10,0.0,-6.982723153899975,-13.126432607368354,-20.08951727681212,10,4.883036837680382,328.5067960659705,220.9266488512199,121.95699233995728,10,79.31112687157861,332.51286166799184,213.0451096239565,112.34968908379209,10,86.51617661407384,2500.119897370953,1606.7814327224091,818.388475838175,10,657.3274733436716,0.0,0.0,0.0,10,0.0,0.0,0.0,0.0,10,0.0,0.0,0.0,0.0,10,0.0,4735.554154671248,2784.676016305065,1163.581416817657,10,1382.5735963952256,0.0028818443804034,0.001485987022501,0.0,10,0.0010755720962359,5.0000954,-0.23233639,-5.0869975,1000,1.0895298,1000,746.4701195219124,33,251,385.9031860810114,13518.326226234436,9843.594638600292,325.9767007827759,251,5206.814093483486,133613.0,157.28219318389893,200000.0,297.0,5391.94521689415,59400000.0,1271.5997656909208,297000.0
4.12058e-08,2.9190226e-09,103.72114,-5.8215766e-05,3.7744172e-10,0.008355907,11.227672,158.49748,158.48094,10.789374,1290.0717,581.7881,1289.638,1.0,-0.20002604,-1.0,7937,0.8819224,0.313585369468603,0.2832548758130881,0.272476761192724,10,0.0108050214189934,1000,793.7,85,10,322.52102257062256,12982.29360294342,9859.72908949852,854.0469689369202,10,4140.608858524047,0.0,0.0,0.0,10,0.0,-0.1987001166844922,-1.572555950062794,-2.16544690276847,10,0.6341122989016704,-71.7852875,-627.32683125,-809.4940875,10,253.4085708143128,344.72082961854125,261.12675936814514,31.09343823996765,10,102.94409479485658,433.8547746582503,323.51993512328784,32.09925688736394,10,134.60328364923492,0.0,0.0,0.0,10,0.0,0.0,0.0,0.0,10,0.0,0.0,0.0,0.0,10,0.0,0.0,0.0,0.0,10,0.0,-23.06897640710836,-187.83846131052056,-238.8719121224993,10,75.00798212740283,-1.3170898567488734,-10.7293500139342,-14.821545455518851,10,4.532347275543081,2707.759922258551,2057.34911294258,127.54328143485333,10,906.5758107174528,2579.3422602394485,1980.194013627936,220.41302675901983,10,808.607197069496,0.0,0.0,0.0,10,0.0,-1.998242992061846,-15.406247512449568,-20.343759136389195,10,6.231468455141122,350.3697672996443,272.6172728971315,22.046111131474863,10,112.5256652750099,328.74972054565404,257.6936106792949,27.423828467476632,10,103.99136306600948,2642.901842806276,1992.6143136919425,210.00551731665195,10,823.7489249330569,0.0,0.0,0.0,10,0.0,0.0,0.0,0.0,10,0.0,0.0,0.0,0.0,10,0.0,4716.821726216818,3383.639170811004,260.4109582834935,10,1452.4204386006295,0.0117647058823529,0.001748292278512,0.0,10,0.0034690592136199,5.788056,-0.23177923,-5.497488,1000,1.0861801,1000,790.0661157024794,46,242,372.6888280735856,13591.10856628418,10465.159912593108,444.90528869628906,242,5045.242579748839,133855.0,159.2809920310974,200000.0,298.0,5551.2262134552,59600000.0,1255.6426065010492,298000.0
4.015283e-08,2.841474e-09,103.668625,-3.3185715e-05,3.707525e-10,0.008326676,11.202359,158.2096,158.19293,10.177817,1296.3248,537.4884,1295.9999,1.0,-0.19248071,-1.0,6391,0.8827241,0.2936827530905371,0.2837939449433485,0.2706450002767585,10,0.0068576492872644,1000,639.1,194,10,357.1995100780515,13147.958973884584,7893.328800702095,2057.012571811676,10,4911.596769659756,0.0,0.0,0.0,10,0.0,-0.2730400328819888,-1.279782569457846,-2.2783984950502734,10,0.8330387184311586,-144.7745625,-508.5899787499999,-814.487675,10,293.6836993181827,353.61758063215143,221.2624417743644,66.33841546050135,10,115.86300811115542,421.7571743299376,262.0139364595708,69.61666877233662,10,152.8534356568073,0.0,0.0,0.0,10,0.0,0.0,0.0,0.0,10,0.0,0.0,0.0,0.0,10,0.0,0.0,0.0,0.0,10,0.0,-46.56638231917245,-152.69427724950071,-245.6403544401041,10,83.14023726945396,-2.438100923969188,-8.57390350313235,-15.406708323636218,10,5.1443661516442765,2766.482784243949,1663.465805578456,492.0321007522461,10,955.7062275506466,2661.295671458652,1628.7572680938206,512.0587705271188,10,941.8497059485225,0.0,0.0,0.0,10,0.0,-3.939449253406949,-12.345071129680605,-19.603582458938224,10,6.912249781080445,341.9162464274671,213.00347397010609,60.41947651924193,10,117.6234656682613,332.64938006243176,208.4444449336085,59.372033988579375,10,120.25185089370508,2628.091826380318,1600.7025786391594,425.79705699558417,10,954.2088999575363,0.0,0.0,0.0,10,0.0,0.0,0.0,0.0,10,0.0,0.0,0.0,0.0,10,0.0,4687.205862048185,2638.1944602628027,452.35216001918377,10,1890.4951799067128,0.0051546391752577,0.0019759410748257,0.0,10,0.0019212196884594,5.1916804,-0.22873467,-5.0588,1000,1.0874869,1000,763.31640625,44,256,388.72763888207766,13563.935691833496,10133.068485472351,409.8110647201538,256,5264.0423955350125,134111.0,156.76472091674805,200000.0,299.0,5707.990938663483,59800000.0,1275.7972510040229,299000.0
3.9135877e-08,2.7639762e-09,103.60143,4.6530663e-06,3.6689418e-10,0.008283461,11.176961,157.9289,157.91202,9.731046,1302.7389,509.66812,1302.5989,1.0,-0.1954688,-1.0,9405,0.8792954,0.2832684743396198,0.279672499422265,0.2757034847186521,10,0.0027312619086454,1000,940.5,516,10,145.31844342684104,13153.637276649475,12094.593136882782,6493.964770317078,10,1963.9208952225551,0.0,0.0,0.0,10,0.0,-1.041011308498701,-1.9900468949399155,-2.1578041609485203,10,0.3252262036736205,-417.0336375,-755.36794125,-810.540175,10,116.28386578135948,345.0428236502918,311.86535155026775,184.52536411128392,10,45.96054620515293,443.3897797771028,395.0618482567269,210.59494652621007,10,65.50048710757156,0.0,0.0,0.0,10,0.0,0.0,0.0,0.0,10,0.0,0.0,0.0,0.0,10,0.0,0.0,0.0,0.0,10,0.0,-123.47330155650312,-221.43704367321297,-238.83457161936832,10,33.42516811499499,-7.292728107375842,-13.465642175108975,-15.396755770912032,10,2.195838812338282,2687.723364034709,2420.903100030482,1148.0188855235424,10,467.59343211607626,2626.5472975891607,2388.07647559463,1284.638029397032,10,397.38789415194935,0.0,0.0,0.0,10,0.0,-9.364520134469434,-17.87783213327373,-21.57908516704349,10,3.0140899816217432,347.5427802315985,315.47928034163897,163.27638315464117,10,52.24284509320877,342.76254967288173,304.5507972181828,167.08100988548648,10,48.17248791256681,2660.105695940837,2389.744951982527,1321.5456707758758,10,375.8150167188296,0.0,0.0,0.0,10,0.0,0.0,0.0,0.0,10,0.0,0.0,0.0,0.0,10,0.0,4779.9919588955545,4375.23844011954,2458.8591982001944,10,662.5648986216208,0.001937984496124,0.0003062843888699,0.0,10,0.0006389828864397,6.250318,-0.22849928,-5.6319346,1000,1.0860227,1000,763.2995951417004,26,247,385.46209625806006,13635.503014564514,10125.881475954404,247.97440338134768,247,5234.356838039972,134358.0,162.06391501426697,200000.0,300.0,5870.054857492447,60000000.0,1234.0810104605544,300000.0
3.8154777e-08,2.6913816e-09,103.35336,-1.615288e-05,3.610008e-10,0.008284423,11.103402,157.22643,157.20947,8.282487,1318.3038,362.28442,1318.7522,1.0,-0.19112039,-1.0,9568,0.8772745,0.2862093258514884,0.2795860798315829,0.2720479103093128,10,0.0043600052751231,1000,956.8,700,10,94.2133748466745,13371.434561729431,12410.70697300434,8601.480600357056,10,1448.7341675626822,0.0,0.0,0.0,10,0.0,-1.4548199985646708,-2.045950137286076,-2.3280426034202204,10,0.2696632249822644,-558.689675,-772.3086375,-817.9417374999999,10,79.24035685437515,353.80616828767563,325.0524313780053,245.33799033323467,10,32.98454602498256,428.12194339358473,399.3859751787172,294.2530580958571,10,40.65300275542817,0.0,0.0,0.0,10,0.0,0.0,0.0,0.0,10,0.0,0.0,0.0,0.0,10,0.0,0.0,0.0,0.0,10,0.0,-166.62016040570168,-224.8815847565588,-240.43377871327283,10,20.942746329846155,-8.528451922696078,-13.513932671845826,-16.781979528213082,10,2.7060941441855766,2703.159310702046,2478.61986008765,1841.3133627963,10,243.72013794721732,2679.0371799274462,2491.591110160384,1828.044528631612,10,258.964845915063,0.0,0.0,0.0,10,0.0,-13.813455269194025,-18.37045497901088,-19.75822762491685,10,1.6826893545303598,359.6762866908454,326.4263097963678,238.587571584395,10,34.26419221162894,327.6778991168078,308.06709948793423,220.00797538110783,10,31.855512419213987,2724.792984111982,2492.531460640599,1756.708255826833,10,277.9712516799553,0.0,0.0,0.0,10,0.0,0.0,0.0,0.0,10,0.0,0.0,0.0,0.0,10,0.0,4837.70726994399,4413.478131852264,2773.193336478516,10,645.1403111704371,0.0014285714285714,0.000258064516129,0.0,10,0.0005198189364867,5.2511067,-0.22781534,-5.3785267,1000,1.086619,1000,762.4022988505748,23,261,389.43868023761246,13602.672337532043,10137.190923635988,242.0811882019043,261,5288.349436972618,134619.0,199.83138251304624,200000.0,301.0,6069.886244058609,60200000.0,1000.8437988309604,301000.0
3.721241e-08,2.6219962e-09,103.21515,4.9683713e-06,3.5499617e-10,0.008252243,11.098618,157.17265,157.15558,7.981288,1322.0527,377.30283,1322.441,1.0,-0.19421054,-1.0,9394,0.87788814,0.2921868087564999,0.2797111539055765,0.2700115329527127,10,0.0060347748883191,1000,939.4,394,10,181.8,13153.98752593994,12050.6618745327,3961.6830401420593,10,2700.6772366259315,0.0,0.0,0.0,10,0.0,-0.734277049123798,-2.1144475927679056,-2.4324284748746026,10,0.4677565686133993,-314.1223125,-762.9925375,-830.3171500000001,10,149.95008671637137,354.3397923925263,305.6841733539829,125.238749019174,10,61.479710558969,434.1342150898189,391.1692159834257,122.6331886969909,10,90.01217797841522,0.0,0.0,0.0,10,0.0,0.0,0.0,0.0,10,0.0,0.0,0.0,0.0,10,0.0,0.0,0.0,0.0,10,0.0,-98.3965542949699,-219.9189371304461,-242.1971650093434,10,40.72800840959939,-4.893797992509299,-14.016714042056858,-16.6239362494559,10,3.202323786789947,2599.52145153902,2382.820346633944,1083.9810514124738,10,436.5869363474179,2629.373336029962,2382.292947375497,1032.250590944452,10,452.6723498463255,0.0,0.0,0.0,10,0.0,-8.284830501023801,-18.06458830149285,-20.09337374728636,10,3.301575256318439,352.7103101994543,316.6444697297986,128.08270923106102,10,63.28161601602688,331.00938488243685,302.09961308929,121.9767180865078,10,60.21367683258884,2656.7506390317053,2429.851509022664,935.0295369234734,10,500.26670961725546,0.0,0.0,0.0,10,0.0,0.0,0.0,0.0,10,0.0,0.0,0.0,0.0,10,0.0,4889.5768621467405,4355.332608053372,748.5438142607386,10,1212.0739061323118,0.0025380710659898,0.0002538071065989,0.0,10,0.0007614213197969,5.721535,-0.22598162,-5.390792,1000,1.0986087,1000,673.5912596401029,26,389,379.9426895298883,13645.408100128174,8900.766200132419,192.1999659538269,389,5147.386172706045,135008.0,161.4856023788452,200000.0,302.0,6231.371851682663,60400000.0,1238.5005044028633,302000.0
3.6319975e-08,2.559569e-09,103.29241,-0.00010194186,3.4602837e-10,0.008365334,11.160727,157.7268,157.70964,9.16116,1310.4897,582.81964,1310.2202,1.0,-0.19149221,-1.0,8494,0.8787293,0.2839119648021049,0.2801746043506245,0.2739869368805995,10,0.002772312595646,1000,849.4,283,10,249.59294861834536,13341.285161018372,10951.82091474533,3439.210633277893,10,3330.830901889695,0.0,0.0,0.0,10,0.0,-0.7140778455931499,-1.9192914652453552,-2.443516447057063,10,0.5593049308814712,-232.1722125,-692.80796125,-823.5866625,10,204.77458083589943,338.1107975163917,279.0194852155968,99.41007884959744,10,77.861367960136,433.18306869731686,355.75527383081555,113.73023704911968,10,105.0352681469585,0.0,0.0,0.0,10,0.0,0.0,0.0,0.0,10,0.0,0.0,0.0,0.0,10,0.0,0.0,0.0,0.0,10,0.0,-66.67469949157658,-199.8419381987676,-239.458876091902,10,58.48926280394549,-3.857374804918343,-12.883177942863426,-17.23669093301092,10,4.201965180883638,2652.177290689928,2127.668663985203,578.2497196965676,10,688.9483843729039,2616.5190459767496,2128.1760189528136,596.4532930948561,10,687.5519682109051,0.0,0.0,0.0,10,0.0,-5.751999628721128,-16.112468046504596,-19.68454976755418,10,4.6168084803339084,351.6449158633111,288.2395775357949,94.7321258477712,10,88.54385159466894,329.0974727298494,273.4458630564701,89.34160456000669,10,79.12627571742858,2691.776978381416,2207.9697434499017,738.8765990516754,10,662.3412000471728,0.0,0.0,0.0,10,0.0,0.0,0.0,0.0,10,0.0,0.0,0.0,0.0,10,0.0,4881.121323474599,4031.837303912516,1376.3851702448262,10,1172.7069986118952,0.0035335689045936,0.0006950418969488,0.0,10,0.0011699196032865,5.0555744,-0.23110314,-5.411676,1000,1.0887091,1000,655.4214876033058,46,242,421.6605456248308,13600.563840866089,8697.617212630501,427.6710824966431,242,5722.808022203074,135250.0,160.0116670131683,200000.0,303.0,6391.383522987366,60600000.0,1249.9088581055828,303000.0
3.5508773e-08,2.504614e-09,103.35704,-6.084598e-05,3.3608763e-10,0.00832941,11.166526,157.75356,157.73654,9.441971,1307.7072,539.97766,1307.4062,1.0,-0.18997438,-1.0,8182,0.883906,0.2902416494574119,0.2838071445304092,0.276842693864873,10,0.0037156578845065,1000,818.2,372,10,239.9853328851578,12885.622987747192,10165.20330145359,4145.286572933197,10,3160.442667364988,0.0,0.0,0.0,10,0.0,-0.6695379916839213,-1.7226102094178113,-2.252080158416918,10,0.5473643848094273,-289.707025,-660.0259474999999,-818.3957,10,197.5144158972921,343.6267444212546,259.9207568399347,103.5962616945246,10,81.09800873952905,432.1485584313799,336.9379567431314,150.13216628770198,10,103.69597191918034,0.0,0.0,0.0,10,0.0,0.0,0.0,0.0,10,0.0,0.0,0.0,0.0,10,0.0,0.0,0.0,0.0,10,0.0,-91.46720704050448,-196.21061590410915,-246.44081767439212,10,57.22894868176708,-4.33030348246722,-11.227568012836546,-15.688754484246282,10,3.657092991928446,2617.011703779645,2072.196040098578,852.8434659758841,10,633.6336758146679,2626.415378701983,2051.471992277321,944.2198908450588,10,609.7472469080216,0.0,0.0,0.0,10,0.0,-7.172111098517814,-15.319098905645015,-19.461807956344657,10,4.2993335108247175,350.3095924202488,276.0458905848876,112.7541520826354,10,84.71543260252265,331.09249050552967,264.4665881456759,118.9540314457626,10,79.36334309777895,2617.4804508690067,2031.551711786165,880.6937833481286,10,621.1867913819561,0.0,0.0,0.0,10,0.0,0.0,0.0,0.0,10,0.0,0.0,0.0,0.0,10,0.0,4767.267387934435,3577.4823491853167,1291.803315554006,10,1188.8477281644473,0.0026881720430107,0.0007880632234767,0.0,10,0.0010219382682981,4.9131966,-0.23246627,-5.234207,1000,1.088249,1000,720.7953667953668,45,259,407.3710997990731,13615.609504699709,9582.00315448032,485.22905683517456,259,5530.057018608566,135509.0,159.38877606391907,200000.0,304.0,6550.772303104401,60800000.0,1254.793498883477,304000.0
3.482538e-08,2.458099e-09,103.364136,-2.0622678e-05,3.2793157e-10,0.008289751,11.15821,157.65237,157.63545,9.455175,1308.3743,522.76874,1308.0631,1.0,-0.1956234,-1.0,9377,0.87691885,0.2896722634297488,0.2776135297301418,0.271338930599211,10,0.0050020644246415,1000,937.7,377,10,186.9,13361.240608215332,12111.995938396454,4620.745345115662,10,2529.298215711552,0.0,0.0,0.0,10,0.0,-0.907177101109914,-2.085489463700097,-2.3463696609839304,10,0.4142101877264453,-306.40495,-759.18912125,-826.7051875,10,151.11861603634824,386.1719099685391,306.79805922149734,116.9144109399265,10,68.21146442212061,437.4960508257183,393.9538466223853,155.8318401599368,10,80.06820234726777,0.0,0.0,0.0,10,0.0,0.0,0.0,0.0,10,0.0,0.0,0.0,0.0,10,0.0,0.0,0.0,0.0,10,0.0,-86.27638819114006,-218.82693058579983,-246.61513643466068,10,44.486595635890126,-6.883434907025067,-14.216306567645464,-16.691954905489354,10,2.807254740541257,2699.326959811671,2404.175927814852,814.4233669414376,10,533.4495511747658,2602.9611517993453,2368.6620093645406,853.8527286691835,10,507.5475905253706,0.0,0.0,0.0,10,0.0,-6.463701037191515,-17.03857514705205,-19.68873425458598,10,3.637931790961082,366.7256233508243,322.93665103618025,126.93273205116508,10,65.9951697488606,327.9891336102227,301.5027082157846,120.79210127314867,10,60.52362748424945,2706.200210434032,2439.704346355079,914.9319675997413,10,513.4522966120903,0.0,0.0,0.0,10,0.0,0.0,0.0,0.0,10,0.0,0.0,0.0,0.0,10,0.0,4880.919794407417,4385.76743431379,1845.163482185506,10,920.4300985872324,0.0026525198938992,0.0002652519893899,0.0,10,0.0007957559681697,5.1198826,-0.23428755,-5.570609,1000,1.0868022,1000,781.7824267782427,27,239,375.2007924701938,13580.458960533142,10416.31836330342,223.88832759857172,239,5107.893671226595,135748.0,161.83251404762268,200000.0,305.0,6712.604820966721,61000000.0,1235.8455973880857,305000.0
3.423859e-08,2.4172073e-09,103.28724,-3.392645e-05,3.2187927e-10,0.008296905,11.164612,157.66533,157.64848,9.481541,1307.3359,524.5701,1307.0099,1.0,-0.18934944,-1.0,8638,0.880688,0.2924611785628677,0.2822417944581171,0.2740892387483603,10,0.0056670562283264,1000,863.8,355,10,226.17373852859225,13275.03436756134,11162.676545429227,4594.215009689331,10,2982.0581891250445,0.0,0.0,0.0,10,0.0,-0.8047090822121206,-1.9262003394537743,-2.31404851058802,10,0.5000354071063757,-286.0950625,-703.76227375,-839.1792875,10,185.06367335740725,354.84690724623573,291.80010433562376,129.11906979744953,10,71.76210635162069,442.8173456884957,365.8632122236216,144.1625851176689,10,99.45530846966628,0.0,0.0,0.0,10,0.0,0.0,0.0,0.0,10,0.0,0.0,0.0,0.0,10,0.0,0.0,0.0,0.0,10,0.0,-84.67201775646927,-204.9530787194616,-246.4254338248479,10,53.154851272480094,-4.601451428501425,-12.127526706525838,-15.7555362900921,10,3.612050124066633,2641.288932242789,2149.6159450981154,837.0728493655649,10,627.9564938559422,2585.152210261052,2165.3303233329943,901.6506620991764,10,587.2178655250996,0.0,0.0,0.0,10,0.0,-7.08519886910871,-15.459250672509674,-19.03298864214772,10,3.836419793466788,348.69821900277407,291.6825485330256,125.79294687222064,10,75.20169368872813,336.2241807147017,283.91032742097457,116.15497728819145,10,75.59143544763707,2648.184998324766,2265.948688791126,921.8752165953456,10,599.941199225798,0.0,0.0,0.0,10,0.0,0.0,0.0,0.0,10,0.0,0.0,0.0,0.0,10,0.0,4919.820056284559,4099.737936951715,1724.4228284468868,10,1061.4437252403343,0.0028169014084507,0.000602815857934,0.0,10,0.0009801724197424,5.1733956,-0.23313665,-5.5318584,1000,1.0903083,1000,675.7644927536232,33,276,424.2259007017275,13604.924818992617,8946.278769742752,343.19044399261475,276,5761.077161198404,136024.0,197.2297163009644,200000.0,306.0,6909.834541797638,61200000.0,1014.045975175507,306000.0
3.368623e-08,2.3785278e-09,103.33046,-4.047433e-05,3.1637118e-10,0.008306911,11.166154,157.68509,157.66817,9.638027,1306.4762,519.16895,1306.0857,1.0,-0.19516723,-1.0,8848,0.8782094,0.2919541892227983,0.2794833835149353,0.2717354665556739,10,0.0059322652618815,1000,884.8,625,10,157.30212967407655,13359.701934814451,11365.53711066246,7686.143735408783,10,2300.0557312246942,0.0,0.0,0.0,10,0.0,-1.3983749260172944,-1.9736122544250787,-2.383940820645853,10,0.3693248500525551,-512.8789375,-717.2469337499999,-818.1785875,10,124.68699377011144,364.7037774399144,298.0444178877234,206.13141139091223,10,53.60397564701353,433.0032593455754,373.5685659964826,261.5965128745348,10,69.78296946528376,0.0,0.0,0.0,10,0.0,0.0,0.0,0.0,10,0.0,0.0,0.0,0.0,10,0.0,0.0,0.0,0.0,10,0.0,-148.27257451925516,-207.2552682761679,-236.1493567006222,10,34.0540705619168,-9.199718847464297,-13.736521626487804,-16.763532209323124,10,2.4540992602625,2687.350120222227,2189.4919880266607,1316.1571245811112,10,520.9147927092885,2588.452551934594,2197.4981796036946,1377.8002839884705,10,457.26981591068807,0.0,0.0,0.0,10,0.0,-11.408468594401205,-15.995969071339497,-18.15158414609601,10,2.555183374452896,358.2753789065612,301.4459684540198,204.6141810926396,10,58.81578528518451,330.3916486257755,286.6883733816642,201.725781128743,10,52.52911911312697,2707.5283660020323,2337.468084265713,1608.394762401274,10,432.5958210014013,0.0,0.0,0.0,10,0.0,0.0,0.0,0.0,10,0.0,0.0,0.0,0.0,10,0.0,4899.698122693647,4148.854378891067,2706.1717716347644,10,815.8313719204791,0.0016,0.0005738093245428,0.0,10,0.0007135119123389,5.3589907,-0.23138936,-5.3243437,1000,1.08888,1000,714.0802919708029,29,274,412.741741744177,13578.231008529665,9470.079221803777,298.799973487854,274,5586.397669105307,136298.0,160.65978264808655,200000.0,307.0,7070.494328737259,61400000.0,1244.86661629616,307000.0
3.3149778e-08,2.3381572e-09,103.336525,-8.385952e-05,3.1382516e-10,0.008350782,11.102175,157.02365,157.0066,8.721774,1316.1981,409.33414,1316.4496,1.0,-0.19501233,-1.0,8173,0.8762541,0.295768189589094,0.2792614524288458,0.2719647509179135,10,0.0070494883965167,1000,817.3,138,10,268.051879306973,13465.53592300415,10586.828905677796,1452.626352310181,10,3672.180547407037,0.0,0.0,0.0,10,0.0,-0.2831100771310167,-1.8489163560418769,-2.4400032635412074,10,0.6388204247596004,-109.4444375,-662.856305,-817.3298749999999,10,219.33036186589712,368.39803234653743,286.09808115456184,41.99847855188568,10,94.3395785165252,436.1237956593563,345.0234155304004,50.34004895576908,10,118.08277312168796,0.0,0.0,0.0,10,0.0,0.0,0.0,0.0,10,0.0,0.0,0.0,0.0,10,0.0,0.0,0.0,0.0,10,0.0,-35.17268289016682,-190.34872534607868,-240.48801711914496,10,61.20526558491004,-1.609243386615153,-12.395343160029016,-16.984771267571922,10,4.398071487087067,2650.5255558107806,2047.2842704626416,164.98267517014085,10,755.0478820618104,2625.560709574968,2051.123219583194,295.20241869758354,10,707.5677136507801,0.0,0.0,0.0,10,0.0,-3.0139100005474933,-14.72111780918964,-18.9961162305717,10,4.676844153170181,359.7448459784159,282.42002469160434,40.09485901823495,10,95.97680384077034,336.71435169710026,266.0798187952718,50.61715009334148,10,85.19753262334956,2772.705563579316,2163.884341018348,300.1218870698272,10,735.7363600340943,0.0,0.0,0.0,10,0.0,0.0,0.0,0.0,10,0.0,0.0,0.0,0.0,10,0.0,4888.7828745802,3854.4132704461854,626.8179769180178,10,1328.7598438416446,0.0072463768115942,0.0012716397892579,0.0,10,0.0021004993010313,5.3887763,-0.2305343,-5.6721964,1000,1.0877386,1000,710.583038869258,45,283,409.8155441256709,13582.911231040956,9422.424521534687,391.31079721450806,283,5558.001082376658,136581.0,159.16355204582214,200000.0,308.0,7229.657885313034,61600000.0,1256.5690915368696,308000.0
3.262591e-08,2.303252e-09,103.42015,-4.1895597e-05,3.0682087e-10,0.008315506,11.101713,156.96979,156.9527,8.589487,1316.2477,406.81628,1316.4966,1.0,-0.19743155,-1.0,8328,0.87522495,0.2882004984748804,0.2772689026344451,0.2687527239111932,10,0.0062953050116213,1000,832.8,352,10,226.9765626667212,13321.255657196043,10840.90975522995,4403.551511287689,10,3138.7722600374104,0.0,0.0,0.0,10,0.0,-0.8292219615227032,-1.9093765795741475,-2.338661486588962,10,0.517610944308072,-285.08845,-676.15740625,-836.5542,10,183.7003122407208,362.973920285064,297.231324312599,133.97102697737515,10,77.99059330115409,439.1467359753636,352.3789761391446,139.93146884623548,10,99.87846357177814,0.0,0.0,0.0,10,0.0,0.0,0.0,0.0,10,0.0,0.0,0.0,0.0,10,0.0,0.0,0.0,0.0,10,0.0,-83.11392151112943,-192.9427032462742,-242.22446516564216,10,50.99326782110416,-5.932596669094464,-12.887302321554293,-16.782201264824593,10,3.5177553094863927,2653.328311726259,2056.128055260416,770.228601738318,10,666.3519454400433,2572.4919579503867,2069.160327878572,806.4152347426054,10,621.9867178052405,0.0,0.0,0.0,10,0.0,-7.144968573652113,-14.936507741541076,-18.92299297691561,10,3.826469186103681,351.20110034473487,288.8301977364698,118.60932360275262,10,80.05464348829705,330.47698924684937,271.4449025181865,112.75466068421277,10,73.50032566857017,2706.97440580307,2209.690624359118,932.1720275630868,10,618.1770146291298,0.0,0.0,0.0,10,0.0,0.0,0.0,0.0,10,0.0,0.0,0.0,0.0,10,0.0,4886.62562579462,4020.281178370415,1696.415024828921,10,1106.0686912723445,0.002840909090909,0.0007493416475123,0.0,10,0.0009917504732887,5.293496,-0.22572577,-5.19597,1000,1.0878747,1000,724.0106761565836,31,281,407.6432873335261,13659.716697692871,9640.31288321926,303.1140351295471,281,5543.587304157762,136862.0,158.83568382263184,200000.0,309.0,7388.4935734272,61800000.0,1259.162898327906,309000.0
3.2113928e-08,2.2684152e-09,103.476006,-4.2678465e-05,3.0069894e-10,0.00832076,11.105705,156.96753,156.95056,8.821503,1315.4087,436.4196,1315.5072,1.0,-0.19656883,-1.0,8980,0.87405014,0.2813753137127519,0.2761767586789816,0.268378459857032,10,0.0037309594876089,1000,898.0,470,10,162.0524606416083,13314.282404899595,11785.714679670336,5764.153266429901,10,2258.191171618292,0.0,0.0,0.0,10,0.0,-1.0259480957412812,-2.123483132742656,-2.439138144312609,10,0.4129890464524351,-375.1111875,-732.0066362499999,-827.2973125,10,135.39472884298388,376.0655868293407,324.7937264413924,166.6426044713497,10,58.14078780889373,429.0770224178,377.9792612988813,188.8116628153784,10,71.55795640610114,0.0,0.0,0.0,10,0.0,0.0,0.0,0.0,10,0.0,0.0,0.0,0.0,10,0.0,0.0,0.0,0.0,10,0.0,-111.60684469964298,-207.24502730260429,-235.5002926324017,10,36.56181347379891,-7.949288450113307,-14.22957938461774,-17.13980051637136,10,2.4944809427925607,2674.245865712868,2240.1733244478746,981.0896727999498,10,483.0090027687824,2623.6093588725007,2264.091937809803,1040.96581545036,10,458.9675331112172,0.0,0.0,0.0,10,0.0,-9.763370465301904,-17.231293773329817,-20.48038782615038,10,2.8382591011758085,350.2486018363867,310.4919713548411,152.48837509445343,10,58.097939604536656,332.0811297526843,290.1108138518754,155.0593218735919,10,52.15094712086764,2733.5400260403912,2414.603520533161,1197.9290813051816,10,457.4084959334208,0.0,0.0,0.0,10,0.0,0.0,0.0,0.0,10,0.0,0.0,0.0,0.0,10,0.0,4933.505087724456,4349.185284832135,2286.022276782681,10,775.2665710018583,0.002127659574468,0.0006725421197658,0.0,10,0.0007304365756959,5.2633204,-0.22645901,-5.2481647,1000,1.0876043,1000,733.1818181818181,32,275,397.6073755905025,13638.94462966919,9745.270395115938,314.98649311065674,275,5421.9100083701,137137.0,160.06224179267883,200000.0,310.0,7548.555820226669,62000000.0,1249.5139250832854,310000.0
3.161354e-08,2.2306983e-09,103.4887,1.6257105e-06,2.9838487e-10,0.008277471,11.08794,156.7249,156.70781,8.768958,1316.7961,418.77563,1316.9379,1.0,-0.19397259,-1.0,7281,0.8752547,0.2855985948698665,0.2766952009411786,0.2684003944621151,10,0.0046745754804464,1000,728.1,245,10,283.1753696916453,13586.991752624512,9530.023770666125,3097.1721782684326,10,3840.316346923871,0.0,0.0,0.0,10,0.0,-0.5865851280017333,-1.7422424677451012,-2.4603018464180435,10,0.662431366726126,-194.29595,-595.32050125,-826.2314875000001,10,232.80683317132616,377.2753258220529,270.3833330039194,94.3017991400112,10,103.3839882757462,420.05839409291934,300.56036645863367,99.59673040084024,10,117.1498532073336,0.0,0.0,0.0,10,0.0,0.0,0.0,0.0,10,0.0,0.0,0.0,0.0,10,0.0,0.0,0.0,0.0,10,0.0,-55.45335140267132,-168.89676323466963,-236.20322723033803,10,65.67616818489795,-4.023431714067667,-12.204889893192952,-17.290669644927785,10,4.801146957443432,2650.024133579201,1795.2673098809987,555.6978223741315,10,777.4974240916258,2671.651870091828,1833.796056316041,579.7397861995323,10,756.884768204632,0.0,0.0,0.0,10,0.0,-4.905212956744832,-14.183107917332991,-20.236273001725344,10,5.628981520882888,354.9963509809337,250.9805147226554,79.34562155537179,10,97.13730423642866,326.3516919565487,236.16743626563576,77.21749493450432,10,90.89249188682308,2781.755650906439,1953.98943707444,623.5966184224003,10,781.9090037600942,0.0,0.0,0.0,10,0.0,0.0,0.0,0.0,10,0.0,0.0,0.0,0.0,10,0.0,4928.305757238487,3529.357402915518,1187.0771568010307,10,1375.3826988005012,0.0040816326530612,0.0013979938486296,0.0,10,0.0014925544958728,5.2011466,-0.22703423,-5.7140336,1000,1.0859767,1000,714.3046594982079,44,279,407.809715202341,13622.42775440216,9512.955669539804,392.4017853736877,279,5553.922171366288,137416.0,194.46350765228271,200000.0,311.0,7743.019332170486,62200000.0,1028.470597977781,311000.0
3.112447e-08,2.1965136e-09,103.4454,-3.547455e-05,2.9344385e-10,0.008311107,11.06914,156.4893,156.47227,8.602501,1318.641,419.6447,1318.7971,1.0,-0.18658075,-1.0,8059,0.8781939,0.2908640235327593,0.2825373983817769,0.2710211718366153,10,0.0054669552339674,1000,805.9,183,10,303.7994239625875,13202.32143831253,10386.673150157929,2126.054829597473,10,4079.1428686745967,0.0,0.0,0.0,10,0.0,-0.4428107680897573,-1.909462196016948,-2.477560534773739,10,0.7336098694607222,-151.2879375,-663.89647125,-832.133,10,250.53396685953064,377.90033353339606,294.2118039777551,67.28899233535952,10,108.46092821612856,428.4156253563343,332.4473162781022,74.90867589713892,10,127.07612703086332,0.0,0.0,0.0,10,0.0,0.0,0.0,0.0,10,0.0,0.0,0.0,0.0,10,0.0,0.0,0.0,0.0,10,0.0,-44.507681892958686,-190.08391416900847,-240.99570056055327,10,70.21611993945332,-2.1457031653563563,-13.495239000149365,-19.22971232683968,10,5.649985272608158,2643.386668436376,1956.7871911683865,373.69870800410246,10,822.051329921275,2633.111888623288,1993.199821204326,353.4569641051479,10,818.3651253179668,0.0,0.0,0.0,10,0.0,-3.784055197052626,-15.544621522074433,-20.0644621264678,10,5.7667416192935965,370.2632589497472,281.8554330799735,56.92670851795138,10,111.26775397241096,327.3252554233817,259.4273738826792,59.309075946386415,10,95.56854633023708,2711.9317300912144,2136.6414988425213,427.6630677148061,10,829.5359420007707,0.0,0.0,0.0,10,0.0,0.0,0.0,0.0,10,0.0,0.0,0.0,0.0,10,0.0,4928.282826253995,3846.6229411671193,875.0361035259875,10,1452.9336369885175,0.0054644808743169,0.0010036792292568,0.0,10,0.0017393618316461,5.270985,-0.2280352,-6.080597,1000,1.0863922,1000,726.6763636363636,45,275,410.5567935305049,13649.648997306824,9684.866623286334,378.3274364471436,275,5602.222752585737,137691.0,158.53310179710388,200000.0,312.0,7901.552438497543,62400000.0,1261.5661822851791,312000.0
3.064647e-08,2.1606024e-09,103.44048,-4.3859833e-05,2.9111508e-10,0.0083190985,11.063344,156.35004,156.33287,8.622906,1319.9695,434.9017,1320.062,1.0,-0.19044055,-1.0,8903,0.87466043,0.2830792365419144,0.2781096981715149,0.2670497051805885,10,0.0048237101459854,1000,890.3,465,10,182.0588091798911,13353.847108840942,11555.062064743042,6028.48505115509,10,2434.189590661229,0.0,0.0,0.0,10,0.0,-1.1772086495553071,-2.1035242296252106,-2.477725092228022,10,0.4282643224176597,-385.7299625,-730.62106375,-825.9156875,10,148.95812306329006,389.8720541539228,322.972277127294,177.29371740098247,10,66.23215063665184,427.2173370981018,372.85347893958186,191.04848370909548,10,76.6426442194071,0.0,0.0,0.0,10,0.0,0.0,0.0,0.0,10,0.0,0.0,0.0,0.0,10,0.0,0.0,0.0,0.0,10,0.0,-108.25527109368385,-207.0214669846156,-237.4853032344532,10,42.12956694704676,-9.083693715289554,-15.73503171651548,-18.265690818974807,10,3.115719106091809,2637.135524380481,2198.39828110906,1113.942598157074,10,483.1302363195728,2643.058713210212,2203.5943925726287,1116.014793363255,10,493.7146366694578,0.0,0.0,0.0,10,0.0,-8.792608722461782,-16.50703041061323,-19.249870167959017,10,3.5322288688037635,367.84640147256505,307.326325818111,153.67175436597853,10,64.9081125157217,328.9806543952763,287.58204025693385,156.37169177599574,10,56.91660803770378,2722.9145631340534,2373.165914871367,1251.5108286566424,10,499.2345006790291,0.0,0.0,0.0,10,0.0,0.0,0.0,0.0,10,0.0,0.0,0.0,0.0,10,0.0,4883.447888888288,4275.963382236874,2284.7291335867285,10,872.2077124524067,0.0021505376344086,0.000596981312546,0.0,10,0.0007812316182403,5.2251406,-0.229404,-5.483492,1000,1.0874726,1000,694.696113074205,40,283,420.5654609523024,13664.08032989502,9250.834553423703,378.5008583068848,283,5743.607138442598,137974.0,160.06314849853516,200000.0,313.0,8061.615591049194,62600000.0,1249.5068469918942,313000.0
3.0179297e-08,2.1282343e-09,103.46377,-3.560227e-05,2.861094e-10,0.008312705,11.058266,156.25717,156.23996,8.615242,1320.8286,438.05984,1320.8828,1.0,-0.18732235,-1.0,6688,0.87872213,0.2877022848946907,0.281550032441794,0.2753963405213003,10,0.003581769241448,1000,668.8,183,10,295.4785271386061,13303.88011932373,8478.294229269028,1888.802421092987,10,3959.952894690021,0.0,0.0,0.0,10,0.0,-0.3388451246005345,-1.5625069795826938,-2.3828573045932755,10,0.7154444869028238,-136.82035,-547.4195625,-824.9682875,10,244.222882188788,363.5369937953805,243.1463967258657,65.8824565928502,10,106.95084549563845,435.13359579559926,282.89694819098224,57.27876511706597,10,131.92249830304868,0.0,0.0,0.0,10,0.0,0.0,0.0,0.0,10,0.0,0.0,0.0,0.0,10,0.0,0.0,0.0,0.0,10,0.0,-43.581130804304365,-157.94208394301447,-236.48525362015445,10,68.77815372792465,-2.0535285511169947,-11.765589937789496,-18.80992079668533,10,5.780320628492249,2542.564856645329,1561.5432807911902,444.0678887733895,10,735.2224598757434,2562.933887097299,1622.189363677079,420.7169802180654,10,754.5009910742888,0.0,0.0,0.0,10,0.0,-3.980794595021095,-12.421063169245857,-18.89228381183647,10,5.243608551312697,366.6965166551828,226.16020359089788,58.01300012998384,10,102.37705510660966,331.58840084679423,217.65327382742817,52.78165199504144,10,96.2542503102057,2727.4421451429857,1754.7919695538446,266.8431181193538,10,838.1480904454454,0.0,0.0,0.0,10,0.0,0.0,0.0,0.0,10,0.0,0.0,0.0,0.0,10,0.0,4883.047423598902,3160.348600691417,671.1986476875807,10,1464.5501861561788,0.0054644808743169,0.0017285190860815,0.0,10,0.001636601895004,5.1052504,-0.22824116,-6.0817184,1000,1.0876797,1000,693.5153583617747,39,293,418.730827306537,13704.212782859802,9227.601800894168,350.88137006759644,293,5707.940927518577,138267.0,156.3376681804657,200000.0,314.0,8217.953263759613,62800000.0,1279.28222499221,314000.0
2.9722706e-08,2.0949544e-09,103.60568,-0.00011843672,2.828624e-10,0.008406891,11.055479,156.19826,156.1809,8.595091,1321.0238,445.51724,1321.0679,1.0,-0.19908148,-1.0,8917,0.8707471,0.2799241995142151,0.270591849187021,0.243125886674243,10,0.0102188691316722,1000,891.7,47,10,284.2217620098785,13322.61165380478,11412.56342496872,515.626763343811,10,3685.4018831306585,0.0,0.0,0.0,10,0.0,-0.1270105426077552,-2.0817193975023787,-2.461233045049944,10,0.6590455599611562,-33.198475,-722.1536762499999,-821.119475,10,231.73518318958932,385.7106832137365,310.5693118562202,18.61554555644323,10,100.69494761762942,440.5867870802441,384.64095760528943,22.313046671682184,10,122.69800479162834,0.0,0.0,0.0,10,0.0,0.0,0.0,0.0,10,0.0,0.0,0.0,0.0,10,0.0,0.0,0.0,0.0,10,0.0,-9.818351050844226,-203.796941691927,-234.85869170707355,10,65.29184555149888,-0.810932257887833,-15.899167017424231,-19.525429156310864,10,5.310178462138806,2634.369635990028,2254.2021571028386,68.47880242869036,10,747.6087181592341,2599.295905908028,2215.195207772906,82.52104810854304,10,721.6409699259043,0.0,0.0,0.0,10,0.0,-1.157636410541044,-15.8643567068514,-19.34504678388252,10,4.9785860798487285,365.8471816357011,309.9617088613232,14.83937578450222,10,99.77826747858616,330.45420275920094,288.8287755678454,19.859572052225968,10,90.3354077862559,2713.6552755348457,2323.5667147400104,135.12765922949868,10,739.8688017161243,0.0,0.0,0.0,10,0.0,0.0,0.0,0.0,10,0.0,0.0,0.0,0.0,10,0.0,4884.8263769532205,4104.343004277473,190.2615210617104,10,1339.130614946772,0.0212765957446808,0.0022426021032037,0.0,10,0.0063539126767752,5.2236705,-0.22709155,-5.724329,1000,1.0887183,1000,697.98606271777,39,287,423.9234528572431,13718.12728691101,9301.00968489082,318.5851531028748,287,5785.400586864645,138554.0,159.18889737129211,200000.0,315.0,8377.142165660858,63000000.0,1256.369026374497,315000.0
2.9276455e-08,2.0633906e-09,103.8214,-7.9293095e-05,2.787258e-10,0.008385006,11.052343,156.16708,156.14983,8.479022,1322.0433,435.879,1322.1313,1.0,-0.18927199,-1.0,3548,0.88358325,0.2923830851861997,0.2818728670010945,0.2719375441815581,10,0.0059880379922858,609,354.8,61,10,170.1944769961705,7534.628683567047,4403.031813049316,686.2727108001709,10,2142.5508525581267,0.0,0.0,0.0,10,0.0,-0.1823521850454904,-0.8097045478863698,-1.3380851556850606,10,0.3667419218461393,-49.067425,-287.69182625,-499.082425,10,140.80528993948326,218.60914426922247,130.77349949028115,26.296404183572484,10,60.054450853610255,264.23643163989937,149.1526247411315,22.476877449555545,10,72.25604513512087,0.0,0.0,0.0,10,0.0,0.0,0.0,0.0,10,0.0,0.0,0.0,0.0,10,0.0,0.0,0.0,0.0,10,0.0,-14.859826024192582,-84.6788957556291,-147.73185151203415,10,41.29297861518008,-0.8374294469076717,-6.398438187486887,-11.681948698322367,10,3.156196329587872,1370.496493282199,781.2508202926147,95.53184043979576,10,391.097499858358,1433.8148943900549,826.1486523394057,155.64552040957662,10,403.48649405792986,0.0,0.0,0.0,10,0.0,-1.480798078411773,-6.627474905844943,-11.398179249560124,10,3.200800883992746,209.83987250447697,119.8113338140444,17.21676691937207,10,58.62713734243851,194.9770158833145,116.70993501427218,24.65666110819269,10,53.10128250225098,1592.054930027185,915.904554485823,122.60931747488716,10,451.8918852515436,0.0,0.0,0.0,10,0.0,0.0,0.0,0.0,10,0.0,0.0,0.0,0.0,10,0.0,2813.795182123164,1674.488804525377,275.1534711159579,10,810.5126127257448,0.0163934426229508,0.0043981267785989,0.0016420361247947,10,0.004213887841394,5.4179916,-0.22488213,-5.3690405,1000,1.0868372,1000,749.4794007490636,40,267,391.57537689811306,13737.127752304075,9997.12626802966,390.484354019165,267,5349.198762197939,138821.0,187.3444595336914,200000.0,316.0,8564.486629247665,63200000.0,1067.5522537352251,316000.0
2.884034e-08,2.031894e-09,104.01128,-7.8627454e-05,2.7533364e-10,0.008399529,11.06219,156.24048,156.22316,8.66058,1321.566,453.9066,1321.5453,1.0,-0.18429404,-1.0,5238,0.8818802,0.2927857994632882,0.284333282501638,0.275343900051425,10,0.0048972702952197,1000,523.8,290,10,252.58574781645933,12614.92817401886,6438.616076040268,3607.898487091065,10,3104.982743584352,0.0,0.0,0.0,10,0.0,-0.640873111442908,-1.149662563387664,-2.1169428370151167,10,0.49732448001632,-239.0803375,-425.19904125,-816.5009,10,203.6822068782708,348.73004319786673,183.9260918188592,103.40504679273508,10,81.55450432235949,437.3023664979008,218.4349133305028,122.26617962662364,10,112.11111458609382,0.0,0.0,0.0,10,0.0,0.0,0.0,0.0,10,0.0,0.0,0.0,0.0,10,0.0,0.0,0.0,0.0,10,0.0,-71.19549911718727,-125.48406977903282,-238.2376464505228,10,59.6723776976748,-4.339902993058004,-8.598453317313357,-15.930580214720438,10,3.475500140719911,2649.3192362484,1187.5175636063764,628.1902543468249,10,729.3704881460609,2493.19468031652,1269.4250671131333,703.1655291854767,10,624.0582137357261,0.0,0.0,0.0,10,0.0,-5.670046716965659,-9.579631366907437,-17.92708989632162,10,4.291393084303417,343.87216086500047,175.1687152716997,83.66539493411821,10,86.6661397451221,329.78425702274427,172.48628430696974,94.21822191982034,10,82.93543921372081,2570.9881167104804,1334.9640499276716,764.1261604720789,10,621.0224395399636,0.0,0.0,0.0,10,0.0,0.0,0.0,0.0,10,0.0,0.0,0.0,0.0,10,0.0,4384.28330124547,2356.3285692917925,1347.0757677560152,10,1002.8094028627808,0.0034482758620689,0.002084560157649,0.0,10,0.0011676214063545,4.984875,-0.22245216,-5.794082,1000,1.0911957,1000,663.8084415584416,41,308,427.8768244971058,13665.688468933104,8833.438649929964,387.5166597366333,308,5841.14053892523,139129.0,153.0426847934723,200000.0,317.0,8717.529318332672,63400000.0,1306.824957167313,317000.0
2.8414156e-08,2.0017838e-09,104.20143,-5.1593786e-05,2.713485e-10,0.008387708,11.06517,156.2911,156.27374,8.831828,1320.7948,474.82745,1320.736,1.0,-0.19309255,-1.0,6041,0.87941074,0.2875823440175866,0.2793921935326716,0.2712069697880391,10,0.0053762602123844,1000,604.1,359,10,219.929738780366,13318.971786499023,7713.53696346283,4537.338729381561,10,2893.733875129445,0.0,0.0,0.0,10,0.0,-0.9246219005628492,-1.4621034055047175,-2.429753163934561,10,0.5102222070727097,-291.93736249999995,-494.9493925,-830.00135,10,180.822834198812,347.0107854065217,212.19674334575228,129.90380638581507,10,75.62253614807219,449.3146891477791,251.2535053689784,142.56378237027005,10,98.07556567580112,0.0,0.0,0.0,10,0.0,0.0,0.0,0.0,10,0.0,0.0,0.0,0.0,10,0.0,0.0,0.0,0.0,10,0.0,-81.44977282046582,-141.72342800616394,-242.04347402103508,10,51.8649466063618,-7.184413055989369,-11.455871532545451,-20.24892414874688,10,4.502684550046352,2668.105021947324,1406.3019042929452,819.9581467074998,10,576.0446956558144,2578.1581032431623,1487.8354079349028,839.1136817337001,10,569.3779978078096,0.0,0.0,0.0,10,0.0,-7.023337477731221,-11.097287766985769,-18.532672444335624,10,4.002535360271317,349.73705546963765,208.9379046197758,125.0018903454093,10,69.73724114777183,335.82205830961243,197.4659477441612,117.27014983194272,10,73.8607290686456,2665.11797439138,1576.942321979548,920.5257143512124,10,587.988403388976,0.0,0.0,0.0,10,0.0,0.0,0.0,0.0,10,0.0,0.0,0.0,0.0,10,0.0,4818.094650326788,2909.291806024941,1760.2193884170474,10,1047.8285815176175,0.0027855153203342,0.0016519153236203,0.0,10,0.0009037767909616,5.746012,-0.22031006,-5.4411983,1000,1.0894073,1000,689.8512110726643,36,289,425.06284738687424,13701.859525680542,9208.921700480076,296.5729150772095,289,5825.752479873274,139418.0,154.69548964500427,200000.0,318.0,8872.22481226921,63600000.0,1292.862516282541,318000.0
2.7997679e-08,1.97393e-09,104.303734,-4.5449e-05,2.6588445e-10,0.008389747,11.075912,156.37791,156.36052,9.080185,1320.3103,499.93564,1320.1448,1.0,-0.19315137,-1.0,6887,0.87669176,0.2849230711504227,0.2778186824621672,0.268854485168968,10,0.0050196928517899,1000,688.7,356,10,235.89109775487503,13217.717737197876,8915.306822586059,4498.750380516052,10,3172.656396412181,0.0,0.0,0.0,10,0.0,-0.8104993955497868,-1.7043812166441206,-2.5983203451865577,10,0.6126665924873108,-287.378,-566.72086375,-841.2319875000001,10,197.86363378701984,348.4130409853125,244.92558865935763,133.9541992411406,10,77.24996779384769,441.4741331040127,293.0660705335137,152.7300692588218,10,105.68447979685794,0.0,0.0,0.0,10,0.0,0.0,0.0,0.0,10,0.0,0.0,0.0,0.0,10,0.0,0.0,0.0,0.0,10,0.0,-83.05889016895256,-160.26292682385886,-238.72499491994023,10,55.43554415373456,-5.534036269406139,-12.77382148747608,-18.582297013099563,10,4.442897041515612,2607.6672838481422,1667.4317341793762,805.0733383038723,10,643.068458264615,2622.745537032734,1736.1370064117996,885.6338870365727,10,636.5319954202565,0.0,0.0,0.0,10,0.0,-6.272502972074707,-12.893058778338462,-18.797332235632258,10,4.197257416274356,346.761509506735,236.6471695074892,118.02096971881916,10,80.77153617467394,330.5436441324503,225.4264770143733,119.92396779906616,10,76.6662977879178,2682.604806896182,1817.9415252801668,915.20616933655,10,624.5708310459835,0.0,0.0,0.0,10,0.0,0.0,0.0,0.0,10,0.0,0.0,0.0,0.0,10,0.0,4844.628063371066,3308.640781984657,1679.0418608480477,10,1146.6659903128364,0.0028089887640449,0.0013541166340126,0.0,10,0.0009917274081474,5.242684,-0.2217248,-5.6648574,1000,1.0915203,1000,642.0670926517572,29,313,438.7747010825461,13688.617897987366,8556.931391252878,243.96528387069705,313,5998.937008242518,139731.0,155.43988418579102,200000.0,319.0,9027.664700746536,63800000.0,1286.6710564513037,319000.0
2.7590763e-08,1.945171e-09,104.395065,-6.2364124e-05,2.6209e-10,0.00841397,11.087089,156.45094,156.43355,9.291997,1318.4849,527.60297,1318.305,1.0,-0.1900318,-1.0,7639,0.8787189,0.2873354467596973,0.2802056474122789,0.2721952290333757,10,0.0049067586776198,1000,763.9,364,10,253.7957643460584,13339.99917602539,10000.534510040285,4665.212134838104,10,3471.258670877243,0.0,0.0,0.0,10,0.0,-0.8413743819113237,-1.867985320618197,-2.561776460554148,10,0.6373892614320547,-295.35195,-629.52558875,-839.6529875,10,212.83164791857072,357.7615305801592,272.3867685538456,125.83519279640814,10,88.49122525191405,454.1874690424799,326.6611137477699,144.15198656192263,10,118.2169136235761,0.0,0.0,0.0,10,0.0,0.0,0.0,0.0,10,0.0,0.0,0.0,0.0,10,0.0,0.0,0.0,0.0,10,0.0,-82.88989827417501,-179.4477178887624,-240.8304302553422,10,59.67026149158061,-5.843059639503467,-14.393246051324043,-19.916270713315072,10,5.0811606352120124,2650.4659558640915,1880.4078335776444,842.0947994545286,10,709.4742280394978,2728.289851836981,1984.0502104657232,895.6716732293881,10,702.2678067866194,0.0,0.0,0.0,10,0.0,-6.685461856176792,-14.554982608662495,-19.08833836042144,10,4.5605887421716815,361.2658289018789,262.77464224154375,121.23764266373044,10,87.02712209747443,331.56480229961574,249.4805657078916,117.61195557781534,10,83.44639165922378,2712.613896348254,2027.452320729952,938.1513327581096,10,695.2064719582382,0.0,0.0,0.0,10,0.0,0.0,0.0,0.0,10,0.0,0.0,0.0,0.0,10,0.0,4864.407653375083,3681.551441956809,1702.0308516614998,10,1224.768868503353,0.0027472527472527,0.0010173600003152,0.0,10,0.0010922231493013,5.304094,-0.22444852,-5.5484405,1000,1.0896221,1000,666.8033898305084,40,295,425.8476396457997,13715.365595817566,8888.428845673901,353.61355209350586,295,5818.6917524878245,140026.0,156.56108117103577,200000.0,320.0,9184.225786209106,64000000.0,1277.4566865791455,320000.0
2.7193533e-08,1.9158133e-09,104.48784,-4.3422322e-05,2.596689e-10,0.00840245,11.098665,156.54173,156.52434,9.8257265,1315.5447,562.2884,1315.1714,1.0,-0.19109437,-1.0,8052,0.87636834,0.2891190302929181,0.2771292900586027,0.2674280044298475,10,0.0063505083869158,1000,805.2,87,10,316.26311830499617,13505.74383354187,10596.406841564178,1022.2301216125488,10,4281.361797484945,0.0,0.0,0.0,10,0.0,-0.2246369715786209,-2.055626421377375,-2.7616965841153127,10,0.8267634417675513,-67.12723749999999,-667.5676462499999,-846.0874125,10,267.090344896154,373.48131762299647,287.20787040857664,28.292745379196884,10,112.22454837030983,438.3551900286415,341.5394275658608,36.9410551303512,10,137.63282563779603,0.0,0.0,0.0,10,0.0,0.0,0.0,0.0,10,0.0,0.0,0.0,0.0,10,0.0,0.0,0.0,0.0,10,0.0,-19.861699008884536,-187.24135310578785,-242.1333448480597,10,74.01046116116048,-1.9299083038000493,-14.763552137227524,-19.791228690737498,10,5.964488465039874,2666.5277787192845,1995.690846312272,202.5388801654642,10,830.8403837400402,2712.2040519372404,2081.6541593803063,184.767230949832,10,853.9849994081152,0.0,0.0,0.0,10,0.0,-2.045937791456641,-15.575990230816991,-19.695937401902285,10,5.985804069127016,353.2422300728358,278.57922267818816,25.195734698617617,10,108.1071544263411,334.24660423980464,261.32298603993024,26.188235417737346,10,104.03304071157032,2700.651471043483,2144.701383935615,225.97030139315456,10,862.6657918474926,0.0,0.0,0.0,10,0.0,0.0,0.0,0.0,10,0.0,0.0,0.0,0.0,10,0.0,4942.921177307155,3931.1403638043366,366.3611295676741,10,1567.471225974004,0.0114942528735632,0.0015735079065608,0.0,10,0.0034139992312609,5.3825397,-0.22425964,-5.461641,1000,1.0928,1000,601.7248520710059,33,338,440.46484795245897,13680.362911224363,8013.302626733949,280.64180755615234,338,6027.27896190635,140364.0,195.0635132789612,200000.0,321.0,9379.28930401802,64200000.0,1025.3070737733465,321000.0
2.680707e-08,1.8921322e-09,104.55895,1.0523667e-05,2.5243352e-10,0.008354193,11.111024,156.63594,156.61865,10.361235,1311.7693,608.4101,1311.2384,1.0,-0.18868387,-1.0,9297,0.87731564,0.2866841775948681,0.2801841564536338,0.2698434100981585,10,0.0052996117611858,1000,929.7,647,10,140.60160027538805,13526.485351085665,12188.721860790252,8233.083722114563,10,1943.178184683032,0.0,0.0,0.0,10,0.0,-1.5156079949839425,-2.27490721830243,-2.5733835524585,10,0.3836998855008,-522.5897875,-766.1900125,-839.63325,10,119.1976023260396,367.1219705749504,321.2636298946065,215.4050030588972,10,48.61695535546777,446.4128946576757,402.2412608656938,267.55064950277136,10,63.19235645042137,0.0,0.0,0.0,10,0.0,0.0,0.0,0.0,10,0.0,0.0,0.0,0.0,10,0.0,0.0,0.0,0.0,10,0.0,-149.01768140350464,-218.0944142762566,-240.45961778357804,10,32.99872722096532,-11.783783591382717,-16.895148271595612,-19.76086614324405,10,2.573008452066848,2651.21555489499,2348.79980886628,1481.8554069234845,10,402.726940853652,2651.865295107368,2391.7601134507104,1575.8850813913696,10,396.54614395870215,0.0,0.0,0.0,10,0.0,-11.897543630252866,-17.49352907634253,-19.392989131356146,10,2.6883179678748594,346.94754844320425,316.0230684044509,224.62831775856984,10,45.238610615409065,334.1814421224717,305.1674536519305,207.49665626968,10,47.88682040674179,2718.913640366733,2444.439257027406,1677.0775511965444,10,389.4809749119114,0.0,0.0,0.0,10,0.0,0.0,0.0,0.0,10,0.0,0.0,0.0,0.0,10,0.0,4961.060319044212,4491.763285420988,3136.103942363061,10,686.3884324601632,0.0015455950540958,0.0003084056592557,0.0,10,0.0006168133810125,5.6877007,-0.22524688,-5.83479,1000,1.0886395,1000,637.3501577287067,45,317,432.8877508481384,13705.578908920288,8519.9861665652,387.7656297683716,317,5932.375555481594,140681.0,159.33739614486694,200000.0,322.0,9538.626703977585,64400000.0,1255.1981194556693,322000.0
2.6436325e-08,1.8654922e-09,104.46029,-3.0458934e-05,2.494142e-10,0.0083872825,11.114177,156.61526,156.59792,10.652518,1310.0947,659.25916,1309.3917,1.0,-0.1851347,-1.0,10000,0.8760224,0.288658124172272,0.2804919862300362,0.2719116505753831,10,0.0053260763189314,1000,1000.0,1000,10,0.0,13439.04237651825,13184.891088342669,12677.061776161194,10,225.70692243758336,0.0,0.0,0.0,10,0.0,-2.2888294256525894,-2.501886943060337,-2.5607117210612964,10,0.0753530961103344,-814.3100374999999,-831.2073112499999,-841.9820125,10,7.936882658805006,373.0924239424276,357.0164917529914,335.75798527347854,10,10.825763513231996,443.63139572180137,430.38119885215474,412.7565296542564,10,10.591394715815758,0.0,0.0,0.0,10,0.0,0.0,0.0,0.0,10,0.0,0.0,0.0,0.0,10,0.0,0.0,0.0,0.0,10,0.0,-226.34898657094965,-234.33422027529045,-242.15027660247227,10,5.049429767467955,-16.664193039551666,-17.64896852392895,-19.47323970995687,10,0.8343401861241632,2631.53875053862,2539.53340850093,2448.7889806709527,10,53.26452476469234,2642.1018756730614,2586.5628016258984,2529.4953671087296,10,36.68426130835498,0.0,0.0,0.0,10,0.0,-18.06033309752031,-19.03489737536502,-19.85592470263765,10,0.5165881900777309,364.6009827354445,343.45969843215624,316.99648364903135,10,12.80248260639826,329.5854305362386,323.9186662642086,319.33481105445367,10,3.593450508635016,2725.208332983794,2659.995351125107,2562.2982795732214,10,45.16618191624602,0.0,0.0,0.0,10,0.0,0.0,0.0,0.0,10,0.0,0.0,0.0,0.0,10,0.0,4969.373264052201,4846.657211563846,4521.831022590583,10,120.64102351594398,0.0,0.0,0.0,10,0.0,5.530081,-0.22006632,-6.1023555,1000,1.1021162,1000,526.4,30,475,412.44103629616274,13737.618535995483,6956.927416234267,305.00885105133057,475,5631.464295694223,141156.0,160.33959937095642,200000.0,323.0,9698.966307640076,64600000.0,1247.3524992243904,323000.0
2.6088754e-08,1.8412044e-09,104.42809,2.5843347e-05,2.4589583e-10,0.008328403,11.151717,156.92163,156.9043,11.596414,1299.6885,789.0285,1298.5818,1.0,-0.18800409,-1.0,7986,0.8736929,0.2840463517568165,0.2777122243036953,0.2695416730895564,10,0.0042262232711649,1000,798.6,247,10,247.962577821735,13464.026433944702,10499.881669950486,3171.973337173462,10,3401.188548809885,0.0,0.0,0.0,10,0.0,-0.6601991893176249,-1.9617939435179537,-2.5745102811202174,10,0.643832978752592,-201.7369875,-659.70027875,-841.8241125,10,208.94819320786223,363.57067473292193,280.8102788658941,92.08864778796386,10,88.8884773562832,451.0712432712318,345.92786817839163,102.07476575765268,10,110.88400509856992,0.0,0.0,0.0,10,0.0,0.0,0.0,0.0,10,0.0,0.0,0.0,0.0,10,0.0,0.0,0.0,0.0,10,0.0,-55.52809925144146,-185.64591103546903,-234.9986556722245,10,57.85094063576422,-4.239769787438839,-14.156797019378503,-20.39741741611348,10,5.029791172097665,2654.058541255405,2043.81278537058,562.5666983584048,10,671.8622557500563,2672.396039617596,2036.24306265573,604.2822810395048,10,674.6103757608666,0.0,0.0,0.0,10,0.0,-4.688676094873768,-15.055492130256846,-18.9947112116446,10,4.593281391070325,356.20485839455074,274.026445811045,96.83119584860458,10,82.81111769872575,334.8262890955124,261.1229821840658,78.87516333162748,10,82.5257495426318,2732.1020803366964,2109.3157790653377,641.7260796081983,10,687.8060554560612,0.0,0.0,0.0,10,0.0,0.0,0.0,0.0,10,0.0,0.0,0.0,0.0,10,0.0,4936.114015019558,3865.371757370807,1212.49392457432,10,1235.1775719470932,0.0040485829959514,0.0010067707227213,0.0,10,0.001248222413392,5.0037355,-0.21963118,-5.73892,1000,1.0831856,1000,763.1832061068702,31,262,393.7584857009136,13722.902207374573,10208.31593139481,326.23893451690674,262,5380.55207375472,141418.0,157.06663274765015,200000.0,324.0,9856.032945871351,64800000.0,1273.344926935108,324000.0
2.5790607e-08,1.8214432e-09,104.21537,5.0232633e-05,2.4180513e-10,0.008286996,11.133349,156.71072,156.69356,11.199669,1299.8615,711.8753,1298.8862,1.0,-0.19012444,-1.0,8134,0.8732951,0.2871863270218711,0.2764135059930043,0.2710963079917849,10,0.0045107503922188,1000,813.4,335,10,267.029286783304,13409.086380958555,10726.708646345138,4206.021348953247,10,3623.083912680159,0.0,0.0,0.0,10,0.0,-0.7956667560853122,-2.0263846808896853,-2.6215614718722566,10,0.6980469002131725,-264.1864375,-671.8289724999998,-852.0481374999999,10,227.225764405589,371.4430699479775,289.4443070142328,106.95491650037454,10,97.08725163061244,442.8410388842361,349.0136028398686,126.7253139429379,10,123.53402325797158,0.0,0.0,0.0,10,0.0,0.0,0.0,0.0,10,0.0,0.0,0.0,0.0,10,0.0,0.0,0.0,0.0,10,0.0,-76.47425214023421,-188.1917058445883,-239.79680106836628,10,62.42019242037706,-6.614465116861258,-14.25301303292564,-19.067382417419218,10,4.937977943060502,2633.441368615401,2078.3845966574945,815.0598699095294,10,724.7888541346102,2600.277150568674,2045.4390424792696,769.9312715471345,10,695.6732160309975,0.0,0.0,0.0,10,0.0,-5.654839629319317,-15.176395923226384,-19.02963126752754,10,4.8886144216568574,358.9629429940923,280.49558931344967,114.37747266891566,10,91.6340375107606,335.69375495275995,268.3837299022713,114.99789934865628,10,87.07195698658794,2729.259906696416,2167.0630691401407,817.307947115948,10,743.9055567531447,0.0,0.0,0.0,10,0.0,0.0,0.0,0.0,10,0.0,0.0,0.0,0.0,10,0.0,4946.213499211757,3978.289763074152,1628.8009738137848,10,1307.8713110536894,0.0029850746268656,0.0008559005475304,0.0,10,0.0011309828591061,5.362509,-0.21759067,-5.1890235,1000,1.0874711,1000,642.8745762711865,33,295,430.0679266778957,13716.767240524292,8548.863340433574,332.7090106010437,295,5879.848182545801,141713.0,157.45960068702698,200000.0,325.0,10013.492550849916,65000000.0,1270.1670722354238,325000.0
2.5570099e-08,1.805952e-09,103.989845,1.07189935e-05,2.3965593e-10,0.008308467,11.123489,156.62341,156.60608,11.089605,1301.1611,684.53644,1300.2104,1.0,-0.18024231,-1.0,8909,0.8780437,0.287377918688141,0.2825590597080789,0.2727756029349942,10,0.0040056753829104,1000,890.9,487,10,187.3838039959697,13419.325724601746,11478.384489393236,6060.199137687683,10,2494.342576560876,0.0,0.0,0.0,10,0.0,-1.198887988873038,-2.2370785209484696,-2.616144979993748,10,0.4806879082967676,-392.7170375,-746.6735725,-846.067675,10,160.76292056746692,371.7271541241543,318.395564444715,166.28799494136246,10,70.32123925029101,443.03552944781353,379.8726426821535,203.35150530716385,10,83.32908319952665,0.0,0.0,0.0,10,0.0,0.0,0.0,0.0,10,0.0,0.0,0.0,0.0,10,0.0,0.0,0.0,0.0,10,0.0,-111.2049173696638,-210.74105973452475,-241.59429887803915,10,45.20992240063328,-9.616248537280429,-17.04705177297406,-21.01690553242612,10,3.796997469709589,2628.3569972529926,2177.118523412312,1050.5539943854485,10,518.5038687638425,2558.9543828708406,2162.747502170501,1088.076879409356,10,482.29300380295007,0.0,0.0,0.0,10,0.0,-9.134071940891912,-16.84900512299982,-19.06901393759048,10,3.470506932256283,374.2738603685756,308.63369931767573,168.33841443027774,10,66.90735167800784,335.78375257231465,289.27841268052464,159.82335149199037,10,60.22162219936293,2728.8667151630907,2359.839379636794,1278.0917554197722,10,501.4943975700056,0.0,0.0,0.0,10,0.0,0.0,0.0,0.0,10,0.0,0.0,0.0,0.0,10,0.0,4946.977753578967,4295.646142890935,2374.4295096114274,10,898.4470792560082,0.002053388090349,0.0005995497643386,0.0,10,0.0007843149898896,5.1677165,-0.21860641,-5.2973485,1000,1.0835971,1000,673.8125,43,272,431.92209536141706,13689.985342025757,9024.165903897849,403.4701480865479,272,5900.634696149377,141985.0,194.66833567619324,200000.0,326.0,10208.160890340803,65200000.0,1027.388451775102,326000.0
2.5437748e-08,1.7966968e-09,103.79105,3.9561863e-05,2.3832308e-10,0.008263723,11.140784,156.8036,156.78648,10.985812,1299.6064,756.55133,1298.4939,1.0,-0.18093537,-1.0,8080,0.876103,0.2887988306761775,0.282425876259837,0.2754579617735601,10,0.0042291145697104,1000,808.0,236,10,275.83908352515965,13168.313187599182,10422.5808011055,2898.195912361145,10,3656.987482769449,0.0,0.0,0.0,10,0.0,-0.5994209210248806,-2.03744219913536,-2.6511876677650807,10,0.7248648741451521,-194.1972625,-676.76926875,-851.4954875,10,232.67316734947696,361.0598961297092,288.2137673620324,91.70178731405798,10,92.83319174443092,447.6880782716746,347.1056296063673,97.1885498707466,10,121.66451213670112,0.0,0.0,0.0,10,0.0,0.0,0.0,0.0,10,0.0,0.0,0.0,0.0,10,0.0,0.0,0.0,0.0,10,0.0,-56.45031041997685,-189.929176835818,-238.39454107886263,10,63.52412113904696,-4.206514920791561,-15.158596328470884,-20.940215280064244,10,5.772724803114405,2593.340712428348,1973.7028688533007,514.4008820266517,10,717.5922378908066,2480.0850311347485,1940.642443066192,532.1013359810995,10,692.6273686488163,0.0,0.0,0.0,10,0.0,-4.218743403252561,-14.81462844115018,-18.929807080065103,10,5.038868660221403,354.6527829645315,276.5419090229331,87.82917701779856,10,92.54407393500162,349.2313811554558,264.0190874986512,73.89381767653424,10,92.19875567075236,2701.7555145433744,2143.375065100987,577.3340382006502,10,751.3331207500967,0.0,0.0,0.0,10,0.0,0.0,0.0,0.0,10,0.0,0.0,0.0,0.0,10,0.0,4938.124971270877,3925.545386088945,1135.168270116767,10,1355.0074244299503,0.0042372881355932,0.0009571410644225,0.0,10,0.0013815230694347,5.417111,-0.21259719,-5.7731767,1000,1.1061664,1000,464.037037037037,35,432,366.3371101293009,13702.145919799805,6096.675704176779,353.8071336746216,432,4977.6005117489685,142417.0,157.31427693367004,200000.0,327.0,10365.475171804428,65400000.0,1271.3404269361258,327000.0
2.535782e-08,1.7921824e-09,103.71385,-3.912737e-06,2.364438e-10,0.008301019,11.183174,157.21375,157.19658,12.089416,1290.7601,868.7115,1289.3499,1.0,-0.1852995,-1.0,5951,0.8812206,0.2877101294604412,0.283101912460948,0.2782262711987703,10,0.0027508183119282,1000,595.1,213,10,263.39682989740027,13056.073890686035,7568.19881863594,2563.824785232544,10,3458.606834042728,0.0,0.0,0.0,10,0.0,-0.5235231385990666,-1.4988685998668096,-2.588614344947706,10,0.6798688085069663,-177.04537500000004,-495.83165875,-851.1204749999999,10,221.69265207548943,370.9017928309164,214.48110351135784,73.2061316421226,10,92.83271421787572,422.7279319462863,247.00385618287623,89.03069568853863,10,111.16202510358266,0.0,0.0,0.0,10,0.0,0.0,0.0,0.0,10,0.0,0.0,0.0,0.0,10,0.0,0.0,0.0,0.0,10,0.0,-51.77650210918742,-141.03707006972832,-240.57644070696,10,62.36513754857376,-3.715905929927656,-11.286899692680915,-20.429387789977323,10,5.521992847032224,2440.836779050236,1393.7596550641165,443.32790000018366,10,660.4638279264667,2484.866016167653,1401.454129276245,470.96996795978106,10,650.9249872760608,0.0,0.0,0.0,10,0.0,-4.2092847063949055,-10.969719942400769,-18.798564762978017,10,4.702646418831833,370.3105525237668,209.17240991986523,63.16471270752282,10,92.03461893413858,328.00320786446594,192.26789705660704,73.49720394099197,10,87.65817612076076,2682.3212163909066,1543.839677644571,521.3266139718754,10,702.4500200926157,0.0,0.0,0.0,10,0.0,0.0,0.0,0.0,10,0.0,0.0,0.0,0.0,10,0.0,4957.302180779338,2906.9110239301685,1022.5613162126068,10,1306.1754052299352,0.0046948356807511,0.0018998041551911,0.0,10,0.0013199257786466,5.423613,-0.2136242,-5.636568,1000,1.0899912,1000,626.5791139240506,34,316,435.4619147342567,13690.902606010435,8375.154306662234,320.0347628593445,316,5953.497862183445,142733.0,153.63372802734375,200000.0,328.0,10519.108904361725,65600000.0,1301.7974800715892,328000.0
2.5312278e-08,1.7908607e-09,103.60714,-4.2858223e-06,2.3412167e-10,0.008292857,11.149119,156.88391,156.86685,11.839868,1295.7053,786.2571,1294.6361,1.0,-0.1760084,-1.0,8053,0.8786463,0.2971421212570798,0.2853159108269135,0.2723365802002174,10,0.0062274875997019,1000,805.3,261,10,264.41938279937045,13207.74341583252,10467.784846305847,3163.954198360443,10,3604.844746060051,0.0,0.0,0.0,10,0.0,-0.649286797160026,-2.039166490523197,-2.605918186319365,10,0.698529506923644,-214.74400000000003,-678.30682,-876.345,10,225.1563299101056,371.4805552112989,288.47485887188003,77.44618296036313,10,99.31360943067963,446.07531304262,347.2848669530048,107.05006286311182,10,120.2436282691712,0.0,0.0,0.0,10,0.0,0.0,0.0,0.0,10,0.0,0.0,0.0,0.0,10,0.0,0.0,0.0,0.0,10,0.0,-62.90795245406609,-191.64992187172385,-248.46940250487864,10,61.77060937544616,-5.5083565017081,-15.299181692553027,-21.24716476739016,10,5.135721442171836,2537.878996069256,1964.854004502979,581.3489776657843,10,711.0280761100316,2591.710360275449,1972.433084049564,549.8920776164355,10,693.0615038826204,0.0,0.0,0.0,10,0.0,-4.666023605133212,-14.587865628064517,-18.62168709362749,10,4.792685450557887,349.7869181291396,271.30966715640164,86.88133127118357,10,85.02098416860598,344.3358455077163,266.93743225964266,84.54415276744388,10,91.97427227928648,2703.6166180777755,2139.773425969958,683.0769827247261,10,724.949284239928,0.0,0.0,0.0,10,0.0,0.0,0.0,0.0,10,0.0,0.0,0.0,0.0,10,0.0,4956.0749246789965,3956.370014764348,1228.865892184001,10,1329.4170978586735,0.003831417624521,0.0009115911116561,0.0,10,0.0012734192664826,5.4792347,-0.2124014,-5.309777,1000,1.0876783,1000,676.8156996587031,28,293,421.6188452560232,13718.8412399292,9068.949741451406,286.0997896194458,293,5784.755869549321,143026.0,153.96823525428772,200000.0,329.0,10673.077143669128,65800000.0,1298.969230047276,329000.0
2.5284747e-08,1.790149e-09,103.56891,-3.1256357e-05,2.3263105e-10,0.008316767,11.203007,157.4279,157.41098,12.196862,1287.5414,893.9105,1286.1545,1.0,-0.16681394,-1.0,9282,0.87928003,0.2938846418714252,0.2873226708410629,0.2780986143632084,10,0.0047702086162506,1000,928.2,294,10,211.4302721939316,13249.478841781616,12033.559876203535,3502.878342151642,10,2846.519093878768,0.0,0.0,0.0,10,0.0,-0.671027938251926,-2.3161448270201386,-2.5621748410466667,10,0.5509218344444302,-235.6065375,-787.1749225,-864.5025,10,184.2822068920217,363.5434948303089,322.88979092817965,87.80943914899959,10,79.04162704988182,433.7659469141191,395.1152220070277,112.68120216062812,10,94.28618933059992,0.0,0.0,0.0,10,0.0,0.0,0.0,0.0,10,0.0,0.0,0.0,0.0,10,0.0,0.0,0.0,0.0,10,0.0,-69.05731944867928,-223.80626184387745,-246.3948822768946,10,51.71005370433304,-6.5942059031790325,-17.065843471514672,-19.83957689373601,10,3.8139147037527192,2566.8310839571336,2291.182158114926,659.0747253891695,10,546.1103242519024,2529.261610667045,2269.6454992952195,592.9988583503414,10,560.9222147160929,0.0,0.0,0.0,10,0.0,-5.257850950918819,-16.614909924775024,-18.28210458918415,10,3.790313081663152,358.5926060030721,320.18171984683914,103.63877426289638,10,72.56335922136012,334.48070479579184,304.41110902324147,95.48278450965944,10,69.85577598887757,2718.330804530196,2455.955796085832,701.167529124094,10,586.3489941827548,0.0,0.0,0.0,10,0.0,0.0,0.0,0.0,10,0.0,0.0,0.0,0.0,10,0.0,4942.497320231427,4532.06036692623,1408.8384000494184,10,1041.7822747460154,0.0034013605442176,0.0004413506293205,0.0,10,0.0010317843180112,6.2958345,-0.2032991,-5.747306,1000,1.1032135,1000,453.9814814814815,34,378,352.15392734705284,13684.317565917969,5941.564436055995,313.3796281814575,378,4781.997337652772,143404.0,155.42193794250488,200000.0,330.0,10828.499088048937,66000000.0,1286.8196256437482,330000.0
2.5262592e-08,1.7893229e-09,103.58751,1.9894129e-05,2.3168412e-10,0.008267106,11.238945,157.75084,157.73396,12.854324,1279.9052,961.221,1278.2667,1.0,-0.16643149,-1.0,9372,0.87621063,0.2910799379571305,0.2866717131440051,0.2777014950491508,10,0.004313050346963,1000,937.2,372,10,188.4,13246.17150592804,12287.413761806489,4643.020894050598,10,2549.8844298438457,0.0,0.0,0.0,10,0.0,-0.8514566489843545,-2.292535905080145,-2.567877034425716,10,0.4852508234412734,-307.8852625,-791.69481,-858.304925,10,161.50534013510028,376.1319409238956,321.97150292137314,129.92579630702213,10,65.63461136363051,445.36502543711913,407.5800985617843,146.47782114376747,10,87.23416659632697,0.0,0.0,0.0,10,0.0,0.0,0.0,0.0,10,0.0,0.0,0.0,0.0,10,0.0,0.0,0.0,0.0,10,0.0,-91.40452374445238,-224.530511914352,-244.55921093664608,10,44.542031737902505,-6.693561191374322,-17.086583167565138,-19.75542625438473,10,3.5560326961392787,2609.0100131013405,2374.9313412075508,818.9801667545971,10,520.2582028123969,2554.587255806263,2326.53190852121,807.1967162824095,10,507.62953898960086,0.0,0.0,0.0,10,0.0,-7.052160146060027,-16.334255925365113,-18.02377374248799,10,3.1434562430796413,363.33310336272143,324.5877475370453,128.56436256990267,10,65.88294766527122,338.7984197589621,312.10009224702435,122.12637291988304,10,63.461826911309686,2705.22064956652,2494.4459255103666,987.560268173118,10,503.0780791195935,0.0,0.0,0.0,10,0.0,0.0,0.0,0.0,10,0.0,0.0,0.0,0.0,10,0.0,4939.420459656891,4587.732361293913,1838.9208279857016,10,917.2894438898212,0.0026881720430107,0.000268817204301,0.0,10,0.0008064516129032,5.574375,-0.20717348,-5.7499747,1000,1.0883707,1000,650.1064516129032,41,310,430.814133589315,13734.011862754822,8688.578234080345,318.8599238395691,310,5890.4682904181145,143714.0,191.6457977294922,200000.0,331.0,11020.14489030838,66200000.0,1043.5918886272673,331000.0
2.5243455e-08,1.7888782e-09,103.4118,5.2072624e-05,2.3059851e-10,0.008220869,11.200224,157.38245,157.36551,12.492862,1284.8907,824.845,1283.6283,1.0,-0.16816425,-1.0,10000,0.8763389,0.2940588315084706,0.2860495543373061,0.2780115244757645,10,0.0048189805760052,1000,1000.0,1000,10,0.0,13350.614434242249,13106.054199504852,12745.32436323166,10,182.52235471580047,0.0,0.0,0.0,10,0.0,-2.2931697702814606,-2.4226633599778866,-2.5922404586227925,10,0.0688860338934068,-824.4551125,-842.7004574999999,-861.305025,10,10.370512253181188,388.0780419999038,351.45197237807616,326.82679561957644,10,19.895943975310423,450.57259335667,438.88296186831633,429.2354641807094,10,7.76560662064265,0.0,0.0,0.0,10,0.0,0.0,0.0,0.0,10,0.0,0.0,0.0,0.0,10,0.0,0.0,0.0,0.0,10,0.0,-231.4599381996884,-239.3554256120177,-246.24936021197777,10,4.373087300815336,-15.942419060358764,-17.914271077492874,-20.77443847065865,10,1.452211679114904,2620.741866833904,2549.695681771904,2488.193810888936,10,40.84008864393698,2543.1786919732795,2468.0001318298773,2348.4489962537564,10,57.154128650365415,0.0,0.0,0.0,10,0.0,-16.434299852952947,-17.491966748828816,-18.55443760663932,10,0.7161871776889056,356.14768155461724,345.65231228680443,335.90898492661347,10,6.193854195952872,332.8758379848331,328.453526427654,320.0901759066274,10,4.161743142038551,2706.2633960541825,2652.7293727850565,2595.9348816090364,10,37.39690197241396,0.0,0.0,0.0,10,0.0,0.0,0.0,0.0,10,0.0,0.0,0.0,0.0,10,0.0,4968.241768983055,4889.171900190381,4747.872048121722,10,56.495901855863394,0.0,0.0,0.0,10,0.0,5.271864,-0.20600358,-5.326295,1000,1.0873885,1000,659.6314102564103,29,312,435.7065460488356,13722.304693222046,8796.073608276172,267.0358581542969,312,5944.346357924134,144026.0,156.48508143424988,200000.0,332.0,11176.629975795746,66400000.0,1278.0771059254855,332000.0
2.5231131e-08,1.7855782e-09,103.243805,5.8928883e-05,2.329133e-10,0.0082005765,11.140514,156.85196,156.83513,11.433065,1296.0675,712.708,1295.148,1.0,-0.17226513,-1.0,7699,0.87717146,0.3062366257861029,0.284124034954236,0.2749254722064084,10,0.0089299088028219,1000,769.9,146,10,348.7957711899615,13263.041891098022,9810.848333835602,1605.2279262542725,10,4623.953614966044,0.0,0.0,0.0,10,0.0,-0.335387753442288,-1.826328745318004,-2.5929420502366094,10,0.8770571316710011,-114.2603875,-642.5937875000001,-855.2456125,10,296.8527653520719,380.98675788197966,265.5779914869116,37.75838341872786,10,123.0745223580736,445.0580541414943,335.8089300372337,49.40992167948281,10,158.5193399691752,0.0,0.0,0.0,10,0.0,0.0,0.0,0.0,10,0.0,0.0,0.0,0.0,10,0.0,0.0,0.0,0.0,10,0.0,-36.36057155373559,-184.0454657308575,-256.5192791851936,10,84.1410906818188,-1.948456062863443,-13.414042449361771,-20.37776834357761,10,6.691681490165199,2617.686879141238,1931.79801987907,231.82930850923265,10,919.193681991558,2516.5466435681874,1851.082097837384,354.243354070084,10,856.8696364136131,0.0,0.0,0.0,10,0.0,-3.5980756081849967,-13.280469558174028,-17.63499805874202,10,5.736664468361819,354.0153666471865,262.81144373329295,43.6855762095677,10,119.13839083527468,332.2191755628671,253.44698093407524,51.854460361680175,10,113.71372754217118,2704.7256095741377,2004.299779607652,356.9762974732796,10,939.4392544590596,0.0,0.0,0.0,10,0.0,0.0,0.0,0.0,10,0.0,0.0,0.0,0.0,10,0.0,4945.413059084919,3606.102529194777,605.3670397903763,10,1737.809404719798,0.0068493150684931,0.0014915454458049,0.0,10,0.0022551806242363,5.6992493,-0.2039321,-5.4070106,1000,1.0877984,1000,662.6558441558442,35,308,434.5566688475415,13732.342512130735,8843.24785795537,340.8367700576782,308,5942.578904620694,144334.0,153.11396837234497,200000.0,333.0,11329.743948459623,66600000.0,1306.2165531079231,333000.0
2.522996e-08,1.783675e-09,103.059006,4.894299e-06,2.3472357e-10,0.008239828,11.194932,157.37598,157.35907,11.676869,1287.8024,866.372,1286.395,1.0,-0.16758077,-1.0,7295,0.8781197,0.2988379579765913,0.2861290627248239,0.2774422803038834,10,0.0062185582834208,1000,729.5,130,10,326.1822343414797,13140.590461730955,9261.933093190191,1429.5705976486206,10,4422.711136310252,0.0,0.0,0.0,10,0.0,-0.2770395165623734,-1.7194398436725895,-2.4628195833765374,10,0.8205273375918116,-99.6941125,-612.0717175,-855.6798375,10,281.6497368230165,347.3625094295975,240.60690899694143,38.25000084493334,10,115.23432807797867,450.9353400039975,315.93090253654447,46.227341298787465,10,148.8641631317295,0.0,0.0,0.0,10,0.0,0.0,0.0,0.0,10,0.0,0.0,0.0,0.0,10,0.0,0.0,0.0,0.0,10,0.0,-30.920894368276283,-175.59757529867116,-251.5720797984987,10,78.04674946337497,-1.7482050902844082,-13.493823847042638,-19.519525099885048,10,6.154013073698787,2609.3001128782967,1821.2354972676908,215.490941659352,10,894.2808888319369,2520.614944947165,1736.1949393597588,315.3972346381447,10,831.65560945625,0.0,0.0,0.0,10,0.0,-3.4282312949058467,-12.8247953406205,-17.938043500997114,10,5.407502204611886,344.02531500973566,245.3968468812152,38.14484924678109,10,110.2857183148468,338.65765618914975,242.8625614461198,48.248848010720295,10,105.34334097407026,2691.496732116423,1874.2440289148951,281.9644826110616,10,912.994922477788,0.0,0.0,0.0,10,0.0,0.0,0.0,0.0,10,0.0,0.0,0.0,0.0,10,0.0,4894.659825790267,3453.6681263662103,555.9607946387682,10,1617.8267809398174,0.0076923076923076,0.0016622904975817,0.0,10,0.0023536385622923,6.0496387,-0.19953007,-5.7533693,1000,1.1034207,1000,478.1764705882353,40,374,367.4556408636511,13639.006152153015,6225.558910465496,383.510573387146,374,4961.155357044666,144708.0,152.05346870422363,200000.0,334.0,11481.797422409058,66800000.0,1315.3267840870014,334000.0
2.522996e-08,1.7863974e-09,102.91046,6.686877e-05,2.3200103e-10,0.008165966,11.171611,157.11292,157.09598,11.6376,1287.6366,802.11664,1286.6277,1.0,-0.17823778,-1.0,9281,0.8748596,0.286488381894225,0.2817809070723326,0.2779155131693234,10,0.0027960535316162,1000,928.1,334,10,198.66275443575225,13356.09769630432,12101.32878127098,4193.673448562622,10,2661.3178625807573,0.0,0.0,0.0,10,0.0,-0.7763491852731672,-2.302622404244114,-2.54946497836482,10,0.5150048948324698,-268.4892125,-778.09764625,-856.7851375,10,170.8710599929956,377.389555692232,326.2126743164096,116.29714479796326,10,71.54390456091782,450.0575029701303,406.08305800943936,139.13314304464018,10,89.86409260820773,0.0,0.0,0.0,10,0.0,0.0,0.0,0.0,10,0.0,0.0,0.0,0.0,10,0.0,0.0,0.0,0.0,10,0.0,-78.21504464925704,-218.54034965891503,-238.4746676055929,10,46.98700723294683,-4.935898021345683,-17.641315640692767,-20.180818491769024,10,4.306189375273766,2630.850954375235,2349.112159234181,773.0922177209379,10,534.3489911183582,2555.23234880211,2226.019574337061,754.7778400349923,10,501.63008221492015,0.0,0.0,0.0,10,0.0,-6.025738772101029,-16.07231880190116,-17.78926828304715,10,3.367445158453446,358.6794269488696,319.88094379300486,124.31107605274956,10,65.76327086065427,339.3420857725758,304.90274672246534,104.86441571660966,10,67.23447708666848,2699.838521407918,2454.4759213510542,836.3211479505683,10,545.7039648355473,0.0,0.0,0.0,10,0.0,0.0,0.0,0.0,10,0.0,0.0,0.0,0.0,10,0.0,4950.28201616612,4564.24373752245,1637.8045871462898,10,978.8670548216236,0.0029940119760479,0.0004049978185129,0.0,10,0.0009186370348204,5.7060957,-0.20456137,-5.3329024,1000,1.0885726,1000,652.7554858934169,27,319,437.9646817608755,13668.6119222641,8695.837621567765,277.06757164001465,319,5972.604181866096,145027.0,154.6387939453125,200000.0,335.0,11636.436220169067,67000000.0,1293.3365224688014,335000.0
2.522996e-08,1.7858555e-09,102.79368,1.596694e-05,2.3254298e-10,0.008207526,11.243341,157.80884,157.79202,12.001273,1275.1173,972.4117,1273.5984,1.0,-0.1801394,-1.0,8889,0.8762796,0.2895601058423381,0.2816390370957232,0.2755095979719005,10,0.0043905934242099,1000,888.9,347,10,226.4378281118241,13147.780953407288,11517.463059568405,4449.116900444031,10,3003.3279095914427,0.0,0.0,0.0,10,0.0,-0.8374347029561224,-2.2341753553864327,-2.6336029476410703,10,0.6007507251083254,-283.0160125,-747.6940012499999,-866.0617625,10,196.22619317417443,373.98962784954176,320.8879728712174,125.40354680092544,10,84.32423153590467,436.31084753242055,383.6639104349956,150.1970698932787,10,98.67418823424804,0.0,0.0,0.0,10,0.0,0.0,0.0,0.0,10,0.0,0.0,0.0,0.0,10,0.0,0.0,0.0,0.0,10,0.0,-80.38050270726515,-209.27825037369848,-241.3844524941072,10,53.77077754171388,-5.666840784935484,-16.07503366193197,-19.07938877900441,10,4.232481083302884,2575.3029177669746,2204.2572161066246,852.7555271306308,10,577.2820915733165,2463.6892064975445,2111.6088829142946,806.5589611989615,10,567.7920617300994,0.0,0.0,0.0,10,0.0,-6.34869515094746,-15.563464980487854,-18.11350662011593,10,3.876313123768706,360.26517786887086,307.9585194086038,115.92868740328905,10,81.14220355167195,338.58757588576293,291.757137553427,117.39953632614754,10,71.89391150510644,2663.0365513476686,2333.6285949247995,887.2525722777473,10,618.1160354766245,0.0,0.0,0.0,10,0.0,0.0,0.0,0.0,10,0.0,0.0,0.0,0.0,10,0.0,4965.775933145889,4379.492572842719,1702.5900104993398,10,1121.060319340536,0.0028818443804034,0.0004726862830587,0.0,10,0.0009733856837073,5.6666274,-0.19177173,-5.4488215,1000,1.1058733,1000,384.7700534759358,25,374,309.11177834178824,13485.040073394775,4924.630163063977,186.92905712127688,374,4116.399492538579,145401.0,190.44169569015503,200000.0,336.0,11826.877919197084,67200000.0,1050.1901869504256,336000.0
2.522996e-08,1.7858102e-09,102.71879,1.841249e-05,2.3258842e-10,0.00819909,11.252737,157.87248,157.85559,12.204318,1271.1724,942.60486,1269.6497,1.0,-0.17323092,-1.0,6612,0.88266,0.2934890582545388,0.2863076520635664,0.2798092704824251,10,0.0044255588559189,1000,661.2,218,10,314.51225731281124,13207.609941482544,8424.768696260453,2768.215400695801,10,4179.04982868676,0.0,0.0,0.0,10,0.0,-0.5456685015328165,-1.613084477696463,-2.580807263083376,10,0.812515597950036,-180.5783875,-555.90274,-865.7854375000001,10,272.19654481655897,368.8989904373128,234.8813222492622,75.53331932624312,10,115.8553181708947,431.3066697614512,279.2425735957752,91.94761934046107,10,138.9210031517097,0.0,0.0,0.0,10,0.0,0.0,0.0,0.0,10,0.0,0.0,0.0,0.0,10,0.0,0.0,0.0,0.0,10,0.0,-51.092476104769005,-159.7063085156579,-245.4680318562816,10,76.50095311095723,-3.3146898639022684,-11.854205487186638,-19.08038594766065,10,6.132577344131391,2563.530744465223,1597.501716372976,517.8625059274691,10,813.7431137451034,2536.339019350183,1569.694638428752,487.81080887051166,10,798.3410184869202,0.0,0.0,0.0,10,0.0,-4.008256592577581,-12.218842453584845,-19.373206056842506,10,5.830669341366489,349.99333939670373,224.30325780362904,79.23483591076538,10,103.4446404037684,338.47064977694697,218.7943019477969,66.21922362697447,10,104.90180448675454,2640.4785940667925,1685.6754684507862,584.2638751623581,10,847.1434731994535,0.0,0.0,0.0,10,0.0,0.0,0.0,0.0,10,0.0,0.0,0.0,0.0,10,0.0,4963.244619562114,3222.832847969936,1059.2129291076662,10,1558.627045104523,0.0045871559633027,0.0016995472198372,0.0,10,0.0016886087018307,5.245174,-0.20339338,-5.4034734,1000,1.0887915,1000,639.689349112426,39,338,439.5748025607495,13685.171710014343,8533.72571126667,354.8151926994324,338,6000.273817536121,145739.0,150.56189107894895,200000.0,337.0,11977.439814567566,67400000.0,1328.357385569284,337000.0
2.522996e-08,1.7854912e-09,102.662415,1.9560901e-05,2.329074e-10,0.008193433,11.248347,157.8219,157.80502,12.172431,1272.5555,912.48285,1271.0576,1.0,-0.17269856,-1.0,8467,0.8826615,0.2914024574358009,0.28661561551408,0.2756895567587082,10,0.0050260931518619,1000,846.7,179,10,276.5328371098087,12988.83271598816,10795.35711684227,2134.5027742385864,10,3563.379422493401,0.0,0.0,0.0,10,0.0,-0.4009689054252477,-2.109741262121454,-2.6141700167036275,10,0.6987758153499499,-139.8994,-715.5139812500001,-854.239,10,236.608467689506,406.9037664953703,308.316098946138,55.25544709377907,10,106.54115407541248,444.45646353703967,360.4671009671471,70.66638211472912,10,117.82608690807764,0.0,0.0,0.0,10,0.0,0.0,0.0,0.0,10,0.0,0.0,0.0,0.0,10,0.0,0.0,0.0,0.0,10,0.0,-41.98515720345547,-204.37788506941945,-244.80905218611764,10,67.68960589716879,-2.6445207292045696,-14.903283547768345,-20.408393001604864,10,5.580320952114465,2461.602111612744,2037.707412395462,403.4574825649356,10,672.4385771300493,2454.374818910232,2015.7902996895696,344.85158387146,10,683.101985887856,0.0,0.0,0.0,10,0.0,-3.463236677095437,-15.829805844591949,-20.025914226489395,10,5.307634807548411,353.9353337901863,279.4868254926379,54.36156186676468,10,92.88971991558812,344.8277967267528,279.9322265690639,57.15497974026444,10,90.842724274658,2628.2709956503304,2153.3635772617017,433.3222737094785,10,704.9156484553567,0.0,0.0,0.0,10,0.0,0.0,0.0,0.0,10,0.0,0.0,0.0,0.0,10,0.0,4940.395742289828,4143.139615003447,868.8820628968854,10,1362.0691037815168,0.0055865921787709,0.0008988276117963,0.0,10,0.0017152386749017,5.5629244,-0.20207039,-5.4132767,1000,1.0885507,1000,653.6832298136646,27,322,433.7099872873556,13711.12245464325,8719.766269158132,269.08562183380127,322,5933.662630377956,146061.0,153.71090030670166,200000.0,338.0,12131.150718927383,67600000.0,1301.1438980640737,338000.0
2.522996e-08,1.7864373e-09,102.57152,4.167405e-05,2.3196105e-10,0.008164048,11.186949,157.19041,157.17352,11.83019,1284.0469,812.08606,1282.7963,1.0,-0.17097737,-1.0,9646,0.8810393,0.2946440668550723,0.2880516160334717,0.2825654183416159,10,0.0036003941196108,1000,964.6,646,10,106.20000000000002,13027.162425994871,12428.046466970443,8205.1742105484,10,1411.5722758397326,0.0,0.0,0.0,10,0.0,-1.585171817406088,-2.4061081081674502,-2.5691522783899083,10,0.275852831429975,-550.873625,-816.6311675,-860.8510624999999,10,89.04137719061032,371.0866204211108,345.9761978051871,232.9006846138004,10,38.85144509986109,453.2059422061082,417.96116508704273,271.2702028777238,10,49.651265504772674,0.0,0.0,0.0,10,0.0,0.0,0.0,0.0,10,0.0,0.0,0.0,0.0,10,0.0,0.0,0.0,0.0,10,0.0,-160.01842738569303,-232.4976636158836,-244.45906081290744,10,24.29922917512898,-10.4677804212427,-16.47761966101585,-18.750012889230057,10,2.3102145102575684,2529.630227500018,2369.1631804660105,1584.528893677669,10,264.6645601335116,2511.404783612962,2352.567586567964,1520.27218718598,10,279.25763441807214,0.0,0.0,0.0,10,0.0,-12.481118424948454,-17.716707257639282,-19.042863495801544,10,1.8429354185806173,349.7478006236618,324.40453562460385,222.24251677783863,10,35.81058115972021,340.5735919093672,319.65517915604266,220.88882730381283,10,33.702478091312535,2623.4621900737766,2468.0683445581294,1623.8633042026013,10,288.3674156210003,0.0,0.0,0.0,10,0.0,0.0,0.0,0.0,10,0.0,0.0,0.0,0.0,10,0.0,4933.016273093072,4722.968667519521,3131.7337262363453,10,531.063749171991,0.001547987616099,0.0001547987616099,0.0,10,0.0004643962848297,5.491003,-0.20132184,-5.557328,1000,1.0873724,1000,684.2612903225806,49,310,416.6990320846336,13684.55025100708,9145.289777977236,497.3467617034912,310,5688.133363085308,146371.0,155.7709014415741,200000.0,339.0,12286.921624183657,67800000.0,1283.93684667104,339000.0
2.522996e-08,1.7845232e-09,102.41724,3.5916302e-05,2.3387536e-10,0.008157463,11.156787,156.88979,156.87276,11.444314,1290.7026,752.74585,1289.5785,1.0,-0.17934923,-1.0,9610,0.8788248,0.2882974235436985,0.2838394053175154,0.2771927134238702,10,0.0031318244236436,1000,961.0,676,10,97.01649344312544,13127.10878276825,12420.492241954804,8408.57636642456,10,1361.4378853113817,0.0,0.0,0.0,10,0.0,-1.572236597783182,-2.3922447111799148,-2.5750636978259007,10,0.285363850972782,-557.8409624999999,-805.2288137500001,-851.1796875,10,84.54636604640426,373.0078854682852,342.905355620387,214.38570495464336,10,44.08995884097303,439.22893220571177,415.5371035156192,291.8301866021411,10,42.72529382088955,0.0,0.0,0.0,10,0.0,0.0,0.0,0.0,10,0.0,0.0,0.0,0.0,10,0.0,0.0,0.0,0.0,10,0.0,-160.8458323260635,-228.18520707314065,-241.1060813204873,10,23.04568274055281,-11.210549928054178,-16.09498292805156,-17.863143705567303,10,1.7762370292100031,2512.8748843779904,2357.7089546467223,1590.2934707937025,10,261.2606714740609,2521.3913317546007,2338.096687813036,1549.7947477837492,10,271.43977421123,0.0,0.0,0.0,10,0.0,-11.512728171763344,-17.46202134696979,-18.994414446709868,10,2.0348447394388707,346.65466963819426,320.6726953971946,229.77533994468683,10,31.48888492295015,340.61588343775344,321.3100330980703,224.2758182163102,10,33.27166562347511,2623.667485927401,2481.4795644787464,1637.4721235579127,10,285.96828346445216,0.0,0.0,0.0,10,0.0,0.0,0.0,0.0,10,0.0,0.0,0.0,0.0,10,0.0,4943.922098287733,4722.887552535223,3280.3340607030896,10,490.76561534341,0.0014792899408284,0.0002549953752391,0.0,10,0.00051811131164,5.925623,-0.20218499,-5.5570354,1000,1.0883937,1000,644.0674846625767,34,326,437.8382566703172,13678.135925292969,8578.219523741423,301.3523888587952,326,5966.939153856764,146697.0,156.06902980804443,200000.0,340.0,12442.990658283234,68000000.0,1281.4842268577438,340000.0
2.522996e-08,1.7854156e-09,102.32176,-3.0254712e-05,2.32983e-10,0.008215997,11.048033,155.82768,155.8108,10.407119,1307.9371,559.1113,1307.5072,1.0,-0.17219584,-1.0,10000,0.8798112,0.2916195886252999,0.2866898771128176,0.282107240997931,10,0.0026920863198249,1000,1000.0,1000,10,0.0,13064.496362686155,12738.228312253952,12502.733292102814,10,181.25481783289464,0.0,0.0,0.0,10,0.0,-2.2600275578971387,-2.4702076125003027,-2.5787905177972825,10,0.0867603972912186,-829.84345,-842.7122999999999,-854.0416250000001,10,7.639702723719859,372.615430026982,359.8080896510833,338.93912694648105,10,9.801801660014672,441.82781166973257,431.7994632508536,422.9993008437916,10,6.021527775034007,0.0,0.0,0.0,10,0.0,0.0,0.0,0.0,10,0.0,0.0,0.0,0.0,10,0.0,0.0,0.0,0.0,10,0.0,-235.70501027014933,-240.0742238641097,-244.7982657400032,10,2.5246029644557044,-14.11937037997697,-15.88967726314038,-17.632954938628508,10,1.1903655656183971,2509.0909411666485,2384.1500390124083,2304.8635168857013,10,57.948860260568416,2587.7015826149445,2463.100723395585,2344.1019945059475,10,76.90824216074334,0.0,0.0,0.0,10,0.0,-17.892769810609376,-18.580882855860587,-19.62761216226037,10,0.531630750077151,338.72766779237975,330.4306796964614,321.5214854027238,10,5.183173538039085,341.18894013923534,332.57244587482967,321.78499783588484,10,5.734691131407194,2632.4490881883457,2557.569794464649,2479.029496220629,10,45.79419888858426,0.0,0.0,0.0,10,0.0,0.0,0.0,0.0,10,0.0,0.0,0.0,0.0,10,0.0,4917.606407925817,4799.560958975106,4603.069473723164,10,96.57635074529406,0.0,0.0,0.0,10,0.0,5.4477763,-0.20377858,-5.3769965,1000,1.0880749,1000,648.7923322683706,30,313,433.146322190122,13674.093955993652,8635.545312259144,287.20221614837646,313,5919.739089173406,147010.0,193.16679167747492,200000.0,341.0,12636.157454013824,68200000.0,1035.3746534960017,341000.0
2.522996e-08,1.784755e-09,102.43499,-1.6972557e-05,2.336435e-10,0.008211772,11.037483,155.66757,155.65062,10.163604,1311.2451,545.102,1310.7712,1.0,-0.17967811,-1.0,8223,0.88025117,0.2964464275167186,0.28491199531741,0.2776335168606741,10,0.0057827533632585,1000,822.3,270,10,253.0794539270227,13137.544640541077,10449.94155573845,3064.412316799164,10,3380.784626694337,0.0,0.0,0.0,10,0.0,-0.6043607209540637,-2.038052829586962,-2.553889578523335,10,0.6487379176018356,-219.1059875,-687.1314562499999,-848.2388,10,215.10173234818004,369.2644624190431,286.2088457962188,81.72747498760262,10,94.7714471185432,440.3550263604211,351.0838102905193,101.33021860029004,10,112.2225594121332,0.0,0.0,0.0,10,0.0,0.0,0.0,0.0,10,0.0,0.0,0.0,0.0,10,0.0,0.0,0.0,0.0,10,0.0,-68.4528810152949,-195.93197316679488,-244.5611855502532,10,59.81082004010859,-5.528673667603767,-13.68080233678847,-18.353048218521995,10,4.373164730145074,2521.955057638173,1950.4927001100527,530.5811039943808,10,659.093200421387,2591.15283231521,1991.44326362117,505.8066407635515,10,666.5370707976291,0.0,0.0,0.0,10,0.0,-4.962284477902636,-15.24425098869918,-18.936640312714083,10,4.453764021316668,344.55356091224576,275.32856999093445,92.00651393485096,10,84.5717500639797,341.66730207544026,275.3650656677331,91.90101261709944,10,83.58966890366216,2625.769975677628,2093.0036702110874,614.920008563194,10,673.9055197394471,0.0,0.0,0.0,10,0.0,0.0,0.0,0.0,10,0.0,0.0,0.0,0.0,10,0.0,4944.580873448752,3978.9860731684194,1288.103085372898,10,1249.4651651744884,0.0037037037037037,0.0008572537511685,0.0,10,0.0012152034903043,5.659694,-0.20819706,-5.3661146,1000,1.0867789,1000,686.0,26,299,413.8792498360072,13671.35513496399,9119.563853916115,267.07665252685547,299,5640.1001873200485,147309.0,153.87103033065796,200000.0,342.0,12790.028488636017,68400000.0,1299.7898276902035,342000.0
2.522996e-08,1.7849364e-09,102.38591,1.9034615e-05,2.3346217e-10,0.008171838,11.033956,155.57227,155.55522,10.418197,1310.4066,534.76855,1309.8726,1.0,-0.1795595,-1.0,8283,0.87991554,0.2923766849731718,0.2844081986157454,0.2780182426256745,10,0.0051045218352564,1000,828.3,162,10,281.7921397058477,13117.54283428192,10529.696542787551,1827.9885110855105,10,3733.6574352839657,0.0,0.0,0.0,10,0.0,-0.3392283959293732,-2.062836217595186,-2.545609855326613,10,0.723834522093078,-126.991075,-692.29478625,-848.830925,10,239.28827368546453,376.7552558053488,288.49342754570097,48.20627339776334,10,103.7422175510408,448.8704076477368,358.40987385148776,67.27265148717925,10,126.61196533350278,0.0,0.0,0.0,10,0.0,0.0,0.0,0.0,10,0.0,0.0,0.0,0.0,10,0.0,0.0,0.0,0.0,10,0.0,-39.24641374018917,-197.3020926405962,-244.81832715105503,10,66.68365543826914,-1.957988950732,-13.128063297104664,-18.74853958665041,10,4.681246866354726,2519.0922332050527,1969.9469780727209,268.680282575668,10,747.912905946714,2563.778409200161,2030.1382301270528,341.72574411114044,10,723.3988148907841,0.0,0.0,0.0,10,0.0,-3.727931362119216,-15.918063477264369,-20.74404111115464,10,5.115891273232087,343.2744583082682,273.0641312312148,53.15080302173662,10,91.36335533030218,337.37021780107045,273.4859510953748,60.00704879137433,10,92.74784211264615,2649.5641386404777,2120.539159549616,390.8753997788841,10,738.056990173197,0.0,0.0,0.0,10,0.0,0.0,0.0,0.0,10,0.0,0.0,0.0,0.0,10,0.0,4939.689994458782,3973.414154628044,737.9462200564542,10,1378.1686670174442,0.0061728395061728,0.0009742857722501,0.0,10,0.0018704893573705,5.667869,-0.21171723,-5.3160596,1000,1.0859933,1000,711.6466431095406,40,283,402.5067682169614,13631.7709941864,9420.632956134135,388.0909414291382,283,5481.904844203356,147592.0,153.9726185798645,200000.0,343.0,12944.001111507416,68600000.0,1298.9322507122356,343000.0
2.522996e-08,1.7817432e-09,102.389435,8.76509e-06,2.3665536e-10,0.00818239,11.012206,155.31064,155.29337,10.167567,1311.0345,511.54388,1310.5548,1.0,-0.17736359,-1.0,8932,0.8799492,0.2920467404708827,0.2846398950503297,0.2709832273834023,10,0.0053879698085113,1000,893.2,414,10,206.66484945437625,13190.632929325104,11454.076738977432,5159.858704566956,10,2677.518111166913,0.0,0.0,0.0,10,0.0,-1.0165731326801677,-2.230996059511852,-2.5557162006700103,10,0.5177715400188296,-342.7416875,-748.4756062499999,-851.5547,10,177.386658672471,379.20325704756726,321.64874353027216,142.1160123211754,10,81.5587228394232,444.3471134875906,389.62879345287126,178.99603904014322,10,91.06159064051532,0.0,0.0,0.0,10,0.0,0.0,0.0,0.0,10,0.0,0.0,0.0,0.0,10,0.0,0.0,0.0,0.0,10,0.0,-101.1426171784135,-213.26663054557213,-245.17814992828252,10,50.38246022722413,-7.129462287330886,-13.800918678897215,-17.27000262124251,10,2.936270271702524,2510.1288416897955,2152.328033918523,956.7563085846904,10,498.8529689404838,2525.4275242510257,2204.237324605316,973.6134242278124,10,523.8260530594853,0.0,0.0,0.0,10,0.0,-8.756480954367404,-17.189840775582567,-20.688506552626187,10,4.062643403778814,346.1668004512894,299.8410843646642,131.57237364122,10,66.61049982700948,334.46237120873434,293.997775661709,139.99721585813833,10,66.52977755344577,2644.736180327248,2324.396789125461,1072.9392815829187,10,546.7339672409576,0.0,0.0,0.0,10,0.0,0.0,0.0,0.0,10,0.0,0.0,0.0,0.0,10,0.0,4945.551846199587,4287.250165731596,1941.3696406436625,10,999.7318506325572,0.002415458937198,0.000525137379997,0.0,10,0.000859230998572,5.337959,-0.21275039,-5.899305,1000,1.0836983,1000,730.0035335689046,25,283,407.5745243760656,13660.484547615051,9688.777566173472,243.11365175247192,283,5521.525930020176,147875.0,154.48091387748718,200000.0,344.0,13098.48202943802,68800000.0,1294.658317199057,344000.0
2.522996e-08,1.7824523e-09,102.50983,-5.185247e-05,2.3594623e-10,0.008252639,10.997037,155.1211,155.10384,10.042219,1311.4504,490.24142,1311.0325,1.0,-0.16782776,-1.0,7830,0.8820204,0.2951063547732105,0.2877233905406077,0.2732935079673894,10,0.0056238193225427,1000,783.0,274,10,279.0877998050076,12787.380811691284,9904.324715423583,3435.9541959762573,10,3579.412271450328,0.0,0.0,0.0,10,0.0,-0.6958492315293074,-1.9505444826912648,-2.559648968992633,10,0.6778707477415079,-218.6717625,-662.35892,-853.1534375,10,240.5767800557947,376.263711444514,282.3727055220106,92.66567081660251,10,102.28955193597496,449.1510473195973,343.7436822106736,117.6035392077491,10,122.42861826258942,0.0,0.0,0.0,10,0.0,0.0,0.0,0.0,10,0.0,0.0,0.0,0.0,10,0.0,0.0,0.0,0.0,10,0.0,-62.90375225037199,-189.80696530461492,-244.3584189256119,10,68.74654983791771,-3.481922229603243,-11.530160019751726,-15.94176684541486,10,4.600547656797703,2417.80858575433,1831.3799549524592,624.4508875166816,10,680.1307161915072,2556.0872739903266,1945.2280691275569,691.7133827239198,10,706.3497340872933,0.0,0.0,0.0,10,0.0,-5.277409385734478,-15.665374654202973,-20.630143708608948,10,5.492116475680677,342.2262819271833,259.00149857717935,98.34920853655296,10,91.3326653491999,335.24950080375766,257.00305805216567,84.02461354195157,10,92.51050996243788,2580.7708738863,2015.324124616102,686.2374998708074,10,727.6551291659487,0.0,0.0,0.0,10,0.0,0.0,0.0,0.0,10,0.0,0.0,0.0,0.0,10,0.0,4835.89385271808,3695.6617103795097,1280.2909771930845,10,1328.3665432367206,0.0036496350364963,0.0011777903350801,0.0,10,0.0012144335714923,5.679623,-0.21102232,-5.325483,1000,1.0859517,1000,710.943661971831,42,284,401.6293974329626,13644.969121932983,9434.11538944026,371.28071689605713,284,5466.743910863339,148159.0,153.15665936470032,200000.0,345.0,13251.63869214058,69000000.0,1305.8524574093458,345000.0
2.522996e-08,1.7824371e-09,102.65385,-3.908299e-05,2.3596142e-10,0.0082513895,10.984838,154.93823,154.92111,9.934903,1311.5043,492.97946,1311.1805,1.0,-0.17348467,-1.0,6300,0.8853634,0.2948549519164874,0.2870022237397462,0.2778951152412715,10,0.0056619333903617,1000,630.0,69,10,373.3542553661335,12563.23124074936,7731.3871784210205,764.4787340164185,10,4774.237831408133,0.0,0.0,0.0,10,0.0,-0.2209807754541015,-1.5733142677600964,-2.59271272926575,10,0.9444272130231528,-56.390037500000005,-529.97556,-857.7522749999999,10,318.3640922325472,378.4469683761114,229.4994630139382,27.10728698022312,10,139.2709167056235,440.5412386387951,271.02982873884264,30.427498970898093,10,161.72569729769,0.0,0.0,0.0,10,0.0,0.0,0.0,0.0,10,0.0,0.0,0.0,0.0,10,0.0,0.0,0.0,0.0,10,0.0,-16.46948562634883,-152.97336728780328,-245.67841378787745,10,90.79495479491978,-1.4552454648569149,-8.962237677785996,-16.98737060122442,10,5.45532002008756,2265.763565176816,1365.9928817376538,109.01824374984344,10,869.9575691174995,2512.050141061702,1507.3124277630166,151.17958585719492,10,922.7260319665336,0.0,0.0,0.0,10,0.0,-1.3759401788107184,-12.974723188604733,-20.64976765944827,10,7.454038545866885,331.8557417201026,203.776691825535,21.86421653211677,10,124.4177273618754,341.7816728230861,208.97602407915693,30.167258561274465,10,123.0046382325718,2603.7222059112546,1577.2508820227415,146.94583710406056,10,977.5788640268528,0.0,0.0,0.0,10,0.0,0.0,0.0,0.0,10,0.0,0.0,0.0,0.0,10,0.0,4809.159738757824,2948.952967138466,310.2160578865693,10,1807.831238617014,0.0144927536231884,0.0029810096853574,0.0,10,0.0042231116791781,5.417109,-0.20756038,-5.1613913,1000,1.0885923,1000,705.0655172413793,37,290,401.7447369145308,13666.006527900696,9344.104964618848,364.866735458374,290,5486.646457614242,148449.0,188.5535798072815,200000.0,346.0,13440.192276477814,69200000.0,1060.7064591635851,346000.0
2.522996e-08,1.7803073e-09,102.87191,-5.0973962e-05,2.3809119e-10,0.008280726,10.991745,154.99141,154.9742,9.987641,1310.4631,499.17175,1310.1086,1.0,-0.17861746,-1.0,6336,0.8882899,0.2947560449044655,0.2875045775003871,0.2758357955988748,10,0.006091880932471,1000,633.6,344,10,245.5818397194711,12294.546219348907,7859.837440633773,4116.473951339722,10,3087.2295049039444,0.0,0.0,0.0,10,0.0,-0.8549566882792055,-1.5885236030291772,-2.4475164357932,10,0.6384436142846283,-277.8842625,-530.41768,-846.6203250000001,10,213.0499051879571,367.3136074320017,235.150038850654,107.3645177929015,10,100.39171103646024,422.41961154166063,265.645095884657,145.36501962885066,10,104.23374591891816,0.0,0.0,0.0,10,0.0,0.0,0.0,0.0,10,0.0,0.0,0.0,0.0,10,0.0,0.0,0.0,0.0,10,0.0,-79.97292234264599,-154.21128869061357,-248.412573632896,10,61.62703373659023,-5.692373870530257,-9.60701718517122,-14.543812290531028,10,3.337841412187107,2178.099945915029,1406.6532512149636,706.9099006549752,10,560.318176580381,2415.191067717697,1524.7665806014895,770.3211881330276,10,625.2915155521467,0.0,0.0,0.0,10,0.0,-6.45091048299714,-13.374742531763523,-21.37756321232873,10,5.445176264116639,323.73931947195524,210.5959029673405,119.02932796422748,10,76.75851829325872,322.2055539777452,206.4537369865846,116.57951905405692,10,79.72261879268237,2423.4564423608363,1561.194187824401,764.1843428478633,10,620.2355353591696,0.0,0.0,0.0,10,0.0,0.0,0.0,0.0,10,0.0,0.0,0.0,0.0,10,0.0,4774.049123112616,3033.23291855052,1692.4420864101962,10,1158.8857716923003,0.002906976744186,0.0017434873660039,0.0,10,0.0008687877267668,4.979521,-0.20260432,-5.3389387,1000,1.0906587,1000,656.6237623762377,31,303,423.5822912435687,13633.31645488739,8681.447307367136,327.89176845550537,303,5770.955901818736,148752.0,150.85969758033752,200000.0,347.0,13591.05197763443,69400000.0,1325.7351248069003,347000.0
2.522996e-08,1.7804597e-09,102.99596,-3.4544966e-05,2.3793875e-10,0.008274223,11.01499,155.2495,155.23232,10.190056,1307.0656,559.04877,1306.5485,1.0,-0.18001762,-1.0,6705,0.8868301,0.2933007988696946,0.2874413190504349,0.2801791278253543,10,0.0049752043301892,1000,670.5,379,10,239.90508539837165,12868.205059051514,8319.063262677193,4256.412482261658,10,3171.921624972681,0.0,0.0,0.0,10,0.0,-0.8611774270531485,-1.6817944391101076,-2.619264140407267,10,0.6345670783350784,-311.5564375,-560.8548787500001,-849.8572750000001,10,206.4533969174476,379.5958737443393,245.3843883595846,126.5143165046214,10,94.62069940707562,435.3239121208584,284.69190678653814,154.42306980968482,10,103.60621920355588,0.0,0.0,0.0,10,0.0,0.0,0.0,0.0,10,0.0,0.0,0.0,0.0,10,0.0,0.0,0.0,0.0,10,0.0,-89.94555427709196,-162.27481684671153,-245.6746412150616,10,58.31940798302038,-5.266497850825086,-10.638039602740497,-17.233260209338695,10,4.1738224423549495,2430.185674621599,1511.5905523159563,700.7810025762526,10,598.5264773301416,2488.6606845759043,1605.03254085572,832.5664262649118,10,615.1993823115091,0.0,0.0,0.0,10,0.0,-8.182669490387724,-14.118059388301722,-21.36886927234956,10,4.907504292932069,327.37452345886186,219.7610769834426,129.67155050244023,10,75.61284115457987,335.0971304995287,217.7003467244237,118.46699504119567,10,78.22900962640044,2595.995643503014,1658.6264790148775,831.7527495653894,10,624.5005279077212,0.0,0.0,0.0,10,0.0,0.0,0.0,0.0,10,0.0,0.0,0.0,0.0,10,0.0,4914.199821485469,3194.74799185105,1702.76887455034,10,1214.6980808578692,0.0026385224274406,0.0013948287602707,0.0,10,0.0009867208228939,5.5159802,-0.19538791,-5.4858737,1000,1.109256,1000,529.7510204081633,28,490,392.72279683260047,13685.029664993286,6921.891809785245,297.5252447128296,490,5339.11619288623,149242.0,151.20945715904236,200000.0,348.0,13742.261438846588,69600000.0,1322.66859333831,348000.0
2.522996e-08,1.7811523e-09,103.21425,-5.5980934e-05,2.372462e-10,0.00831312,11.111048,156.1513,156.13397,11.957143,1289.725,749.5607,1288.5442,1.0,-0.17380609,-1.0,7804,0.8896661,0.2989588944632778,0.2908078868591285,0.2809222336283649,10,0.0057129704456264,1000,780.4,274,10,228.9642766896181,12877.17376756668,9785.502077770234,3302.451337814331,10,2935.223954871127,0.0,0.0,0.0,10,0.0,-0.659097717571637,-1.9470404593252604,-2.559989465509994,10,0.5663542510303404,-223.9219375,-656.4771450000001,-853.1929124999999,10,196.01478299570115,400.9339959240043,296.4848704485097,98.92689755135405,10,93.96248926896928,425.7246728606912,326.95728159749063,106.31342564882218,10,99.58557652888484,0.0,0.0,0.0,10,0.0,0.0,0.0,0.0,10,0.0,0.0,0.0,0.0,10,0.0,0.0,0.0,0.0,10,0.0,-66.46094035439377,-191.6233418620266,-247.55031463689213,10,57.41614108463822,-3.522140846604688,-12.886924154992418,-18.195509470554263,10,4.182955855782279,2431.554590098096,1805.6454424317349,579.102881774975,10,552.3568223076337,2465.475666038044,1864.2453690397376,670.2145071574981,10,558.5099183043446,0.0,0.0,0.0,10,0.0,-6.1295156963431205,-16.49376103397342,-21.265690398465583,10,4.7593582975632645,343.9786178589176,261.74860105052574,96.18879354064669,10,72.9017318477967,329.15187024332704,250.782741974684,86.01432657577948,10,75.68936641394698,2539.333535201634,1919.8693602701176,662.1236977359409,10,580.2543502309319,0.0,0.0,0.0,10,0.0,0.0,0.0,0.0,10,0.0,0.0,0.0,0.0,10,0.0,4907.4175166643045,3785.0304518206,1250.9071699146552,10,1125.6260222599642,0.0036496350364963,0.0011992081437683,0.0,10,0.0010630252170801,5.4134097,-0.19592576,-5.484019,1000,1.0891845,1000,666.1226765799256,31,269,411.6959707248196,13660.359033584597,8806.17177006569,307.3913850784302,269,5610.787228895579,149511.0,153.14377069473267,200000.0,349.0,13895.4052131176,69800000.0,1305.9623587215156,349000.0
2.522996e-08,1.7835337e-09,103.34385,6.18302e-06,2.3486482e-10,0.008261325,11.177445,156.83348,156.81633,12.601302,1277.8065,839.62933,1276.3276,1.0,-0.18517113,-1.0,7416,0.88713235,0.295279645247064,0.2865098765907011,0.2775337840983417,10,0.0048859175821802,1000,741.6,381,10,237.2611219732386,13025.051580429075,9287.42089316845,4636.029660701752,10,3103.8298746689165,0.0,0.0,0.0,10,0.0,-0.9787166581667404,-1.859647190079145,-2.6419450659075165,10,0.6351029286212754,-322.5897,-616.5797625,-837.935825,10,201.8393439490265,393.396502205886,277.14858434444807,139.8703180491817,10,99.17705916988332,428.1181488335177,310.78537408045287,160.44390522441444,10,101.05274316085868,0.0,0.0,0.0,10,0.0,0.0,0.0,0.0,10,0.0,0.0,0.0,0.0,10,0.0,0.0,0.0,0.0,10,0.0,-93.44211248091838,-178.76201188878022,-241.0941853232419,10,56.7523807593974,-6.3727147458841165,-12.33552164382371,-17.66203703504958,10,4.014628849723056,2471.452375317641,1710.443137998894,865.0255271278328,10,572.9910663590671,2485.5086796392816,1746.0809671652758,892.1487929350621,10,604.2318786081953,0.0,0.0,0.0,10,0.0,-7.732897368359033,-15.305065691577914,-20.95168945182874,10,4.924834773725161,340.03100944802844,249.8129351855708,131.34232472521995,10,78.93499745302121,332.3909551092677,239.3540010193717,119.94664235148358,10,78.85576681345039,2571.6239473840933,1826.4991201753808,970.738294609628,10,610.1240749441522,0.0,0.0,0.0,10,0.0,0.0,0.0,0.0,10,0.0,0.0,0.0,0.0,10,0.0,4932.578340355054,3609.097722063902,1700.1664244945891,10,1190.13335355374,0.0026246719160104,0.001332780444864,0.0,10,0.0008522700563382,5.9906526,-0.19012707,-5.8378816,1000,1.1043787,1000,433.7762430939226,32,362,323.3098973304908,13600.49134349823,5601.887874034886,294.781138420105,362,4380.568294769264,149873.0,152.7625172138214,200000.0,350.0,14048.167734861374,70000000.0,1309.2216837462845,350000.0
2.522996e-08,1.7839951e-09,103.30232,1.2796831e-05,2.3440327e-10,0.0082513895,11.209502,157.12173,157.1046,13.162832,1270.1311,900.2995,1268.4352,1.0,-0.19048211,-1.0,9988,0.8799172,0.2859035909134801,0.2809429120390495,0.2770005713112619,10,0.0027490389277448,1000,998.8,988,10,3.6,13263.15520954132,12908.752206850051,12542.716086387634,10,198.2320369986585,0.0,0.0,0.0,10,0.0,-2.5038934752334234,-2.6155634680389985,-2.787409937022743,10,0.0902803692376808,-827.4946875,-835.5475875,-851.15995,10,6.524932117927556,396.7448511325176,375.5879848560117,351.0119990710441,10,16.134379666726186,445.00205195334536,429.7786477643579,414.9453918973169,10,8.258595964989171,0.0,0.0,0.0,10,0.0,0.0,0.0,0.0,10,0.0,0.0,0.0,0.0,10,0.0,0.0,0.0,0.0,10,0.0,-230.3812326208994,-234.30519095128287,-238.65191058030643,10,2.695985602501296,-15.04027450126273,-17.277697203365417,-18.4762544478539,10,0.9585373688142388,2588.540925324832,2445.5412325814104,2310.927588896343,10,77.23227454356504,2532.5138925397987,2424.086712829685,2336.565430345469,10,68.41596902762431,0.0,0.0,0.0,10,0.0,-18.439865636371845,-19.941000358588617,-20.906408494612315,10,0.6764751865086722,356.4331972810542,343.5606474560785,323.095548434731,10,10.781427031342114,338.69910625279687,322.6991722137249,307.5913162291401,10,9.289509896759954,2662.860185851197,2566.687543459975,2473.465251579355,10,67.97579112480985,0.0,0.0,0.0,10,0.0,0.0,0.0,0.0,10,0.0,0.0,0.0,0.0,10,0.0,4957.970370381399,4923.730976165743,4863.624452935019,10,26.70553265662497,0.0010121457489878,0.0001012145748987,0.0,10,0.0003036437246963,6.178176,-0.19357711,-5.9015026,1000,1.1008408,1000,624.5986078886311,22,431,369.5685813650408,13586.851427078249,8228.430912290261,161.3813920021057,431,5054.038470149006,150304.0,195.55518627166748,200000.0,351.0,14243.72292494774,70200000.0,1022.7292040322455,351000.0
2.522996e-08,1.7837071e-09,103.35936,-1.3827442e-05,2.3469146e-10,0.008282575,11.280927,157.7965,157.77936,13.960348,1254.445,1108.4825,1252.2217,1.0,-0.19689052,-1.0,8519,0.88016284,0.2896226874725419,0.2800245565537002,0.2701177864599076,10,0.006031595769373,1000,851.9,479,10,190.67220563050088,13300.298775672913,10968.446393060683,5964.206503868103,10,2650.999892849561,0.0,0.0,0.0,10,0.0,-1.1672303374228192,-2.2265726136070545,-2.801002606500808,10,0.5701948999686397,-395.4408125,-707.3268662500001,-848.041425,10,158.91518195017812,397.65820236317313,317.3814625569895,184.86550404418293,10,73.33749650341835,441.17107259219233,363.5996890108081,195.40429156403377,10,85.34108510804042,0.0,0.0,0.0,10,0.0,0.0,0.0,0.0,10,0.0,0.0,0.0,0.0,10,0.0,0.0,0.0,0.0,10,0.0,-114.93338584498528,-198.7144307550037,-235.92387804449743,10,41.50970777098698,-8.903275711803957,-15.130737342397012,-20.05913703439842,10,3.708979707199485,2554.129939980753,2075.945321089455,1075.015536969462,10,546.3005681444436,2592.879840231181,2048.566131624163,1074.0672543125138,10,517.3702271211034,0.0,0.0,0.0,10,0.0,-10.147181785482283,-17.2095872599686,-20.52532232971755,10,3.6313721550426976,369.5003148251517,289.9474523005314,167.35120857272312,10,65.9532546905256,333.26362633500696,277.0501496283619,146.19814665738397,10,65.01805557747784,2655.0337104652585,2176.90346486979,1223.8034306824034,10,521.4411034200425,0.0,0.0,0.0,10,0.0,0.0,0.0,0.0,10,0.0,0.0,0.0,0.0,10,0.0,4964.838579305088,4201.586072073269,2336.5058910023404,10,958.5621436136456,0.0020876826722338,0.0006513550189373,0.0,10,0.0008165072650455,5.402089,-0.20209399,-5.4825025,1000,1.0862473,1000,584.2346153846154,41,260,406.9282808122976,13574.55900478363,7688.383911168346,414.674015045166,260,5547.350891742376,150564.0,154.4399697780609,200000.0,352.0,14398.162900447844,70400000.0,1295.0015484165883,352000.0
2.522996e-08,1.7844225e-09,103.114784,0.0001229396,2.3397606e-10,0.008126244,11.244601,157.38512,157.36798,13.588443,1256.0247,1011.70636,1254.1736,1.0,-0.19861701,-1.0,8053,0.8791227,0.2844739775310639,0.2786817721085779,0.2697628755208738,10,0.004897345098116,1000,805.3,409,10,243.0428151581528,13517.148668766022,10375.998633432388,5121.634936332703,10,3332.7198440874054,0.0,0.0,0.0,10,0.0,-0.9444540835488956,-2.0649028719944296,-2.7432927165264624,10,0.673756784510744,-328.7280625,-665.1636187500001,-832.7053875,10,203.99554252581103,411.60705236727074,295.60038300353256,147.03945672191315,10,92.9137802805186,454.2253703459647,346.1030375412529,174.38575313619768,10,109.6315093379526,0.0,0.0,0.0,10,0.0,0.0,0.0,0.0,10,0.0,0.0,0.0,0.0,10,0.0,0.0,0.0,0.0,10,0.0,-96.32390383431904,-187.1506214608316,-237.5483089077218,10,54.65992398303313,-5.8775462402921885,-14.487236888186818,-21.748780687972925,10,5.074477573157646,2703.764803985366,1963.9618564579696,996.633492970448,10,666.9689405276499,2649.525651115829,1934.8210394620487,955.0639631971364,10,656.2776567694124,0.0,0.0,0.0,10,0.0,-8.343913216861992,-16.018388689527043,-20.52566323287572,10,4.644756773851075,355.04032138515896,274.5324444587948,134.95460425945672,10,84.18217865362763,335.89017260558137,262.58680320608767,130.42824890082144,10,81.82783777544685,2672.267204960156,2066.1266695904787,1026.6660678278886,10,652.9494662211106,0.0,0.0,0.0,10,0.0,0.0,0.0,0.0,10,0.0,0.0,0.0,0.0,10,0.0,4979.829673328021,3968.777121001015,1920.1509632084767,10,1227.514053961142,0.0024449877750611,0.0007969139277572,0.0,10,0.000994842662593,5.474286,-0.20163429,-5.2688055,1000,1.0846822,1000,656.3357933579335,30,271,421.3407892366404,13592.80366897583,8695.454804509329,268.11251068115234,271,5741.229224220587,150835.0,153.91062593460083,200000.0,353.0,14552.073530435562,70600000.0,1299.4554390609997,353000.0
2.522996e-08,1.78475e-09,102.75676,5.459847e-05,2.3364857e-10,0.008165941,11.219078,157.10693,157.08987,13.03297,1258.731,1053.4072,1256.9044,1.0,-0.19793375,-1.0,9297,0.8757124,0.2833938020176205,0.2769860796799274,0.2699206524438183,10,0.0041637886650607,1000,929.7,297,10,210.9,13463.300957679749,12290.206709909438,3797.153082847595,10,2835.037567161693,0.0,0.0,0.0,10,0.0,-0.7473064478060952,-2.39161427653733,-2.681419259963892,10,0.5527354391015689,-244.468675,-770.4059425,-839.0806,10,175.38081532289877,390.3319133898305,346.07118806293164,112.07389285194633,10,79.07778193453355,455.08853983743626,406.5897673665558,128.8706599279243,10,92.84672442294944,0.0,0.0,0.0,10,0.0,0.0,0.0,0.0,10,0.0,0.0,0.0,0.0,10,0.0,0.0,0.0,0.0,10,0.0,-70.97340845954977,-214.3939211630424,-235.27197955517016,10,47.94908889508257,-4.241681290054784,-16.360357172791886,-19.219883338105184,10,4.140773960286482,2663.484308330983,2383.0615749221497,716.2642517288732,10,559.7465454932036,2593.01164948503,2350.171371298208,708.4554898043618,10,549.1688784454236,0.0,0.0,0.0,10,0.0,-6.423915204500015,-18.16806207579679,-20.279087368153327,10,3.9450710444886026,354.7104134784146,315.428912141442,85.40381460262628,10,77.06511205699617,343.59005294934525,308.88333080060085,98.30672259134872,10,70.38858402679654,2679.470310423664,2432.7641411151826,782.3460417888107,10,551.8351194356442,0.0,0.0,0.0,10,0.0,0.0,0.0,0.0,10,0.0,0.0,0.0,0.0,10,0.0,4976.011723733795,4599.138577944575,1436.0657865769615,10,1054.5818191688008,0.0033670033670033,0.0003367003367003,0.0,10,0.001010101010101,5.6321893,-0.19607683,-5.554283,1000,1.1025236,1000,417.66749379652606,25,403,367.3499607431406,13604.843140602112,5374.197759868489,243.3217248916626,403,4995.86524561369,151238.0,156.0885844230652,200000.0,354.0,14708.16211938858,70800000.0,1281.3236838506816,354000.0
2.522996e-08,1.7837387e-09,102.43177,6.7261695e-05,2.3465968e-10,0.008127278,11.16025,156.45131,156.43431,12.496979,1264.9233,951.10236,1263.4731,1.0,-0.20261909,-1.0,9196,0.87476003,0.2827075630982802,0.274393326684449,0.2669207881211755,10,0.0050612630368888,1000,919.6,406,10,180.09897278996343,13491.088191986084,12156.165055036545,5290.940747261047,10,2450.7882121740536,0.0,0.0,0.0,10,0.0,-0.9705851860321576,-2.403447987900869,-2.754057760184903,10,0.515891559970737,-327.8596125,-761.078,-836.7318375,10,152.6837715629198,402.5559920908684,329.2785374445709,141.24045102838812,10,66.90932317223142,454.4403665472656,404.0569105317364,175.85185638332513,10,81.75105200465809,0.0,0.0,0.0,10,0.0,0.0,0.0,0.0,10,0.0,0.0,0.0,0.0,10,0.0,0.0,0.0,0.0,10,0.0,-93.04407907367208,-210.0339004430078,-236.58582327357428,10,40.91837848724695,-6.972941383932794,-17.199685589888535,-20.659937818954035,10,3.807597082572336,2725.589328283744,2357.5285218776576,1024.9084175034932,10,490.6314231194195,2625.502526659947,2322.941843523823,1015.7777842799932,10,480.693501025879,0.0,0.0,0.0,10,0.0,-7.535678913219817,-17.720452239035723,-19.812673263493224,10,3.5692105986805664,348.5787249522294,315.8073364233243,137.32058931394224,10,62.73338441909002,337.5818566330994,304.62128717615514,137.42318782565735,10,58.99269515423263,2669.2536991877223,2417.330016124982,1056.9231068152835,10,484.6279988066505,0.0,0.0,0.0,10,0.0,0.0,0.0,0.0,10,0.0,0.0,0.0,0.0,10,0.0,4965.371946295927,4546.9277173695,1964.338441038146,10,904.9867079561244,0.0024630541871921,0.0004717550269532,0.0,10,0.000800304343587,5.688324,-0.20431536,-5.462595,1000,1.0823063,1000,748.286231884058,30,276,395.7392476483468,13603.665789604189,9920.473365900742,322.5298681259155,276,5395.422141346327,151514.0,155.47932481765747,200000.0,355.0,14863.641448497772,71000000.0,1286.3446650193223,355000.0
2.522996e-08,1.7844568e-09,102.2022,6.3591564e-05,2.339417e-10,0.008112583,11.108369,155.89502,155.87805,11.609003,1274.3766,811.2185,1273.2446,1.0,-0.20039622,-1.0,9127,0.8753523,0.2805485575562172,0.2757832224240484,0.2716214392298339,10,0.0033925635057103,1000,912.7,127,10,261.90000000000003,13417.663760185242,12042.877341270449,1577.6289978027344,10,3489.98669772222,0.0,0.0,0.0,10,0.0,-0.322027716330796,-2.375988841924672,-2.680967926457042,10,0.6859653115260684,-101.5099625,-755.89888,-836.6726249999999,10,218.1636515840812,385.8870965056714,330.0626728075177,40.24285232929368,10,97.59870887805482,452.2878480370317,402.6878899177992,55.51481128424982,10,115.95392990073026,0.0,0.0,0.0,10,0.0,0.0,0.0,0.0,10,0.0,0.0,0.0,0.0,10,0.0,0.0,0.0,0.0,10,0.0,-29.987641279134525,-209.578756004656,-234.8171663980632,10,59.95660003359295,-3.780969234889818,-16.410627246694503,-19.20735084904359,10,4.352207077708889,2621.296261091097,2314.2379834951485,301.3497231226187,10,672.8135544751443,2580.5179876117445,2299.3693323989005,300.49869056317107,10,667.3331758331669,0.0,0.0,0.0,10,0.0,-2.17078164278684,-17.2569014356286,-20.003837941347623,10,5.062209574607399,349.7775736525307,306.62840578079715,35.838923861390775,10,90.57614357566268,339.21270139074426,304.4210233519432,48.43003559884907,10,85.4409485410819,2698.3558050345,2420.630719181151,334.17425376811616,10,695.8846406933826,0.0,0.0,0.0,10,0.0,0.0,0.0,0.0,10,0.0,0.0,0.0,0.0,10,0.0,4977.52132471119,4500.919145484069,575.6672852152459,10,1308.683953197429,0.0078740157480314,0.0007874015748031,0.0,10,0.0023622047244094,5.308193,-0.20511638,-5.5468183,1000,1.0824512,1000,748.0108695652174,40,276,395.6014361180507,13608.571214675903,9922.434985419117,377.8723001480103,276,5394.226945358965,151790.0,193.0493950843811,200000.0,356.0,15056.690847873688,71200000.0,1036.004282285271,356000.0
2.522996e-08,1.7844245e-09,101.93701,2.2296761e-05,2.3397398e-10,0.008132661,11.021298,155.0025,154.98563,10.382719,1290.8995,625.6986,1290.3098,1.0,-0.2040817,-1.0,8328,0.87568766,0.2808489136658965,0.2744923102705242,0.266603472902289,10,0.0045409417708439,1000,832.8,101,10,335.5848029932226,13320.827071666718,10852.824422931672,1174.291853904724,10,4409.866222958855,0.0,0.0,0.0,10,0.0,-0.2629056234338122,-2.17068370866744,-2.693823961913844,10,0.8791029489058326,-80.43031249999997,-688.13806875,-832.1132625,10,280.2173319065872,386.2909478340043,299.2354247002147,29.130064484313703,10,125.89986789586555,455.2837138815146,368.56813897274543,40.17326552261222,10,150.49181103291914,0.0,0.0,0.0,10,0.0,0.0,0.0,0.0,10,0.0,0.0,0.0,0.0,10,0.0,0.0,0.0,0.0,10,0.0,-24.25636781498964,-190.49736633246903,-233.0732588243509,10,76.75461714256947,-2.362522320034839,-15.578235773077754,-20.376773157945603,10,6.502229842236015,2593.583500131893,2043.2239911084648,209.34956262437532,10,831.38307353282,2554.207607908992,2059.011424119133,223.4968682072063,10,836.9549832657294,0.0,0.0,0.0,10,0.0,-1.939852261794912,-15.576344798956375,-19.547990352099056,10,6.286575452290394,356.9581040281145,281.10878800742046,40.655709730006,10,113.71026711189866,348.1509694354892,279.05858954234486,28.63731277017285,10,112.80714186174316,2700.785082992297,2200.9937144611504,224.93809432091905,10,900.2878972156085,0.0,0.0,0.0,10,0.0,0.0,0.0,0.0,10,0.0,0.0,0.0,0.0,10,0.0,4944.028724724709,4083.4645752980505,468.0199291352359,10,1652.1874683669623,0.0099009900990099,0.0014306276442622,0.0,10,0.0031139877672308,5.4847302,-0.20532933,-5.192276,1000,1.084448,1000,705.5134228187919,32,298,412.34101042732897,13615.645285606384,9338.877954623844,307.817551612854,298,5601.965756093226,152088.0,154.26956629753113,200000.0,357.0,15210.960418224337,71400000.0,1296.431984609791,357000.0
2.522996e-08,1.7837801e-09,101.78787,6.0221442e-05,2.3461844e-10,0.008082808,11.065677,155.43347,155.41646,10.830525,1285.9062,748.2472,1284.7861,1.0,-0.21035811,-1.0,9209,0.8773521,0.2869495540235461,0.274709417177262,0.2637951035400602,10,0.0075900962389095,1000,920.9,472,10,168.93338923966454,13221.890436172484,11869.2125415802,5753.906273841858,10,2383.5133263691205,0.0,0.0,0.0,10,0.0,-1.1541705941840328,-2.384915671720408,-2.774604471727349,10,0.4975387242690519,-388.8484875,-755.68374125,-829.4486999999999,10,139.2648443927002,370.9974680026334,325.2455000616404,162.6368857915922,10,61.03265023363237,454.6507213257172,408.2415365984314,201.26035455897392,10,81.90133987818344,0.0,0.0,0.0,10,0.0,0.0,0.0,0.0,10,0.0,0.0,0.0,0.0,10,0.0,0.0,0.0,0.0,10,0.0,-114.40741174908452,-210.30282392042272,-235.99254267836568,10,35.441307266202095,-8.182864841227303,-17.619651722236405,-23.362370809561924,10,3.90111676079134,2536.7302259691905,2198.2839016015364,1015.1082374732846,10,476.2329869389877,2515.886691096633,2205.439142636956,1048.3835336057327,10,475.8272335612099,0.0,0.0,0.0,10,0.0,-9.443918392220898,-17.862476012631827,-19.944994037928826,10,3.0760510634585105,342.69762668568137,297.7351501695652,148.0364070617598,10,57.91360909402047,347.40780455664674,307.9364398625269,157.8177664457432,10,58.907838027048925,2693.455999783077,2409.482788543086,1173.436423630555,10,479.4811499899502,0.0,0.0,0.0,10,0.0,0.0,0.0,0.0,10,0.0,0.0,0.0,0.0,10,0.0,4977.6255662928215,4555.000506721046,2279.176422963824,10,857.3382180185879,0.0021186440677966,0.0003475496170917,0.0,10,0.0007156670281874,6.3345175,-0.19585066,-5.310475,1000,1.1015271,1000,512.5796019900497,32,402,403.1916015297444,13594.679600715635,6666.096762307544,294.9995951652527,402,5470.173174976945,152490.0,155.86803078651428,200000.0,358.0,15366.828452825546,71600000.0,1283.1367599295031,358000.0
2.522996e-08,1.784438e-09,101.606476,4.661096e-05,2.339605e-10,0.008081908,11.029487,155.06537,155.04842,10.894803,1290.3181,681.60223,1289.5397,1.0,-0.21195629,-1.0,8899,0.87840956,0.2778879114691807,0.274170868050324,0.2648117812003394,10,0.0041020297524743,1000,889.9,562,10,172.29883922998437,13107.918384552002,11325.347399902344,7019.8853096961975,10,2336.712524293856,0.0,0.0,0.0,10,0.0,-1.4173983995826074,-2.249061968460492,-2.6778222832058374,10,0.4643869786615982,-454.949375,-725.46562875,-826.6459749999999,10,142.88492323546103,368.24625418416,313.3763145000803,198.7287921574135,10,58.01244700290743,460.2885275870607,395.6768439025528,245.57386664296823,10,80.54499812783699,0.0,0.0,0.0,10,0.0,0.0,0.0,0.0,10,0.0,0.0,0.0,0.0,10,0.0,0.0,0.0,0.0,10,0.0,-131.28263381947045,-203.7105643423156,-233.0008183368785,10,38.34677883167002,-10.223236046051596,-16.727578526935513,-20.924677567833832,10,3.927190725553604,2474.2150340584294,2049.0068256312134,1164.0727513963411,10,459.67203892719584,2504.101406050144,2077.2932253483364,1221.1146635684197,10,472.6488281239135,0.0,0.0,0.0,10,0.0,-11.193739341294917,-17.241453889285765,-20.027447636204727,10,3.25010312515763,352.55139566059887,294.0364369923909,194.33835911557944,10,52.29125497918434,337.10915872932424,291.83671462147174,180.10311973452957,10,58.25127025746096,2685.0615418667985,2339.950461971305,1424.5144587246075,10,467.98625736797214,0.0,0.0,0.0,10,0.0,0.0,0.0,0.0,10,0.0,0.0,0.0,0.0,10,0.0,4969.229585765012,4369.492887074939,2773.805892293959,10,860.1088381164416,0.0017793594306049,0.0005807683494394,0.0,10,0.0007380232499345,5.267115,-0.20391266,-5.1230097,1000,1.0863357,1000,696.7864406779661,39,295,408.9641546836896,13615.05027961731,9240.063282213372,314.5756530761719,295,5590.78994299241,152785.0,155.56432032585144,200000.0,359.0,15522.392777204514,71800000.0,1285.6418462862937,359000.0
2.522996e-08,1.7851319e-09,101.4283,6.130138e-05,2.3326654e-10,0.008052963,11.026021,155.03123,155.01431,10.842086,1292.9586,660.36035,1292.1439,1.0,-0.22201592,-1.0,8796,0.87435216,0.2727026404480757,0.2686482153322215,0.2650181332673444,10,0.0029354835452778,1000,879.6,318,10,209.6178427519948,13077.376906394958,11275.541202402115,3921.8065700531006,10,2725.4778905756443,0.0,0.0,0.0,10,0.0,-0.7723209261249561,-2.29381491484322,-2.6975115687243427,10,0.5624486101595143,-252.4821,-714.4165762499999,-817.645675,10,172.39629600720804,374.19442206590406,308.7695473466082,99.14333863387876,10,77.9244631928029,453.2946359330156,392.6968925254672,136.4165838541952,10,96.26072019263992,0.0,0.0,0.0,10,0.0,0.0,0.0,0.0,10,0.0,0.0,0.0,0.0,10,0.0,0.0,0.0,0.0,10,0.0,-72.86652960969062,-196.6602627909553,-227.61951515490364,10,46.7597419819377,-6.090112048515154,-17.212227339807306,-21.299975240835543,10,4.083903426919838,2430.1045041572384,2034.6754749429715,690.9957676669812,10,494.3628611335892,2461.5480608284506,2072.2999043403656,711.4285702850519,10,508.3815717854576,0.0,0.0,0.0,10,0.0,-5.859822760264335,-16.64454371603516,-19.5335437598969,10,3.999912757043624,328.96430196294176,288.85878386693486,107.71549456363564,10,67.03788722073429,338.7072793975929,295.7121504153272,109.68701876962798,10,67.82837540962123,2680.2228766481085,2316.1754627894206,785.8190007645516,10,566.5914637470192,0.0,0.0,0.0,10,0.0,0.0,0.0,0.0,10,0.0,0.0,0.0,0.0,10,0.0,4972.256288371635,4359.478537077628,1561.5099899973354,10,1043.2203604031597,0.0031446540880503,0.0006830191992527,0.0,10,0.0009909949939809,5.6968427,-0.20365134,-5.617317,1000,1.0879887,1000,653.4792332268371,36,313,422.66598764116,13628.803027153015,8685.922869443893,359.3140821456909,313,5767.935528243088,153098.0,155.04653668403623,200000.0,360.0,15677.43931865692,72000000.0,1289.9352947661953,360000.0
2.522996e-08,1.7850048e-09,101.42979,-8.331153e-06,2.3339372e-10,0.008122715,11.054677,155.34183,155.32483,11.3455925,1289.4901,694.96326,1288.4701,1.0,-0.22350869,-1.0,7242,0.87758726,0.2768041523973251,0.270363017138532,0.2630912949126543,10,0.0037000663505371,1000,724.2,105,10,370.0753436801755,12846.879464149475,9143.616171836851,1237.6295890808103,10,4767.050347219741,0.0,0.0,0.0,10,0.0,-0.2635422842210741,-1.852780679902605,-2.6559892525581024,10,0.957497969471361,-82.08826249999998,-584.8280462499999,-813.5205375,10,301.3905715624149,356.19353170057883,252.15718318225268,28.33082111229679,10,133.91031868092105,450.18747436961087,320.28997372922134,42.600886537791496,10,167.43772159692588,0.0,0.0,0.0,10,0.0,0.0,0.0,0.0,10,0.0,0.0,0.0,0.0,10,0.0,0.0,0.0,0.0,10,0.0,-24.12909581263087,-163.11948987503246,-232.6761346169327,10,82.79272676113379,-2.736110447798988,-14.588634423754112,-21.75832883824049,10,7.570841852031019,2368.6687086872325,1634.722659864998,213.80823245927692,10,864.2207099009639,2379.943751016164,1641.5070341359929,229.78391169936728,10,864.3297178141703,0.0,0.0,0.0,10,0.0,-1.847669116795685,-13.85495998075175,-19.666853741779217,10,7.12959917839661,362.8087865191909,244.7135264771598,34.56988051262678,10,123.4644773662876,337.6447282932836,237.60041874164736,31.35762451750411,10,122.0006713831506,2668.939381977759,1883.821314712932,254.40853713768945,10,993.9344217876302,0.0,0.0,0.0,10,0.0,0.0,0.0,0.0,10,0.0,0.0,0.0,0.0,10,0.0,4963.550722283866,3579.6602013919555,494.9627912388409,10,1835.8692548700465,0.0095238095238095,0.0022054050626387,0.0,10,0.0031163003375502,5.831235,-0.20371194,-5.321299,1000,1.0894188,1000,638.1847133757962,33,314,417.1175859762452,13725.503149986269,8462.039197930106,291.46398639678955,314,5694.06842666297,153412.0,190.0778570175171,200000.0,361.0,15867.517179727554,72200000.0,1052.200414809856,361000.0
2.522996e-08,1.7856177e-09,101.4233,1.3563565e-05,2.3278081e-10,0.0081003,11.068138,155.51036,155.49333,11.965079,1286.6666,726.97314,1285.4493,1.0,-0.23053034,-1.0,6860,0.8749018,0.2758526954237752,0.2671105930288424,0.2612890795565516,10,0.004843734094557,1000,686.0,138,10,367.41611287476223,12958.90440940857,8729.407362747192,1793.1531162261963,10,4731.461837217377,0.0,0.0,0.0,10,0.0,-0.3898019486990541,-1.7628213265049482,-2.666518697715083,10,0.9585957267281648,-108.8523125,-549.4485775,-814.329775,10,296.94960673051906,368.8816862665397,238.47597831765856,40.60261234136632,10,134.89891547747567,448.7665886171972,302.4972422971443,54.59497232725245,10,164.3089565110704,0.0,0.0,0.0,10,0.0,0.0,0.0,0.0,10,0.0,0.0,0.0,0.0,10,0.0,0.0,0.0,0.0,10,0.0,-30.50880058594452,-152.4365593917067,-227.6201577656961,10,80.82170777981067,-3.720805176031094,-14.684828728581556,-23.84893199619293,10,7.493369478738358,2405.5482271041487,1600.6167629668516,343.4194134380026,10,864.3889246706783,2450.7573783081675,1573.4290720415236,349.9178446461668,10,857.7509890558366,0.0,0.0,0.0,10,0.0,-2.53177200292256,-12.939646516176808,-18.96719620573856,10,6.926948420366846,362.4714935806324,223.19512733465163,43.55467588269615,10,124.21272478687796,354.0698010208803,229.43608488170065,50.34609154447836,10,120.589230179826,2643.463838870928,1784.26801486845,368.9028037141791,10,969.3416206948364,0.0,0.0,0.0,10,0.0,0.0,0.0,0.0,10,0.0,0.0,0.0,0.0,10,0.0,4981.734603769071,3390.1860129491206,664.0650781726598,10,1832.9259463989213,0.0072463768115942,0.0020247062992644,0.0,10,0.0025258286791175,5.4918694,-0.20590319,-5.4483814,1000,1.085268,1000,688.1458333333334,31,288,403.7683598981737,13712.891069412231,9162.357549122846,302.5885591506958,288,5522.202915760053,153700.0,152.91189694404602,200000.0,362.0,16020.429081201552,72400000.0,1307.942704243507,362000.0
2.522996e-08,1.784441e-09,101.19194,0.00013018186,2.3395752e-10,0.0079651745,11.012676,154.92148,154.90448,11.292069,1297.3683,607.84094,1296.6787,1.0,-0.22559582,-1.0,8599,0.8730921,0.2750184362869036,0.2671195033022788,0.2592167305678757,10,0.0039886951527083,1000,859.9,168,10,286.3048899337907,13111.76973247528,11065.637483930588,1907.931169509888,10,3753.355982298348,0.0,0.0,0.0,10,0.0,-0.4240736176374886,-2.230692458478288,-2.70102214477231,10,0.7354143938821817,-131.254375,-694.40669875,-816.8759124999999,10,233.1599881501429,365.5516873894982,308.5964726243257,57.95579164699244,10,105.67469556589,457.63161753280406,379.719383233886,65.93664244032013,10,129.05230246676723,0.0,0.0,0.0,10,0.0,0.0,0.0,0.0,10,0.0,0.0,0.0,0.0,10,0.0,0.0,0.0,0.0,10,0.0,-39.31573194643419,-191.00811663282616,-226.13262546837967,10,63.671596565802965,-3.2840243740464965,-17.625582028953644,-22.67511223159844,10,6.200663326281902,2492.766899236037,2057.1900890877864,288.6439658213534,10,715.616507486292,2473.350617522091,2019.649156614176,309.2269225983409,10,700.5955100133248,0.0,0.0,0.0,10,0.0,-3.465190286185559,-16.65039828882135,-20.085624091514845,10,5.586984713275526,348.9165098042498,281.91359805092924,64.0795404770395,10,93.21933415027824,341.1636529806292,285.09181916750686,50.0295519276502,10,95.90715065080208,2703.99549100196,2253.740787088107,388.4605550884812,10,763.4920201043365,0.0,0.0,0.0,10,0.0,0.0,0.0,0.0,10,0.0,0.0,0.0,0.0,10,0.0,4976.929301017926,4253.572543521869,830.8245508875586,10,1415.9430049217367,0.0059523809523809,0.000827256656723,0.0,10,0.0018431105373442,5.5114183,-0.20781487,-5.7789435,1000,1.0814008,1000,732.1563636363636,35,275,403.6788655100786,13710.584968566896,9763.60790450096,341.67191791534424,275,5511.708166411718,153975.0,154.9479079246521,200000.0,363.0,16175.37699317932,72600000.0,1290.7563753442594,363000.0
2.522996e-08,1.7832541e-09,100.832436,9.505225e-05,2.3514435e-10,0.007971543,10.959386,154.4077,154.39069,10.434478,1308.2299,528.34033,1307.7247,1.0,-0.22809914,-1.0,9850,0.8685276,0.2692791678859083,0.2636158411146071,0.25914333894663,10,0.0029060698688913,1000,985.0,873,10,37.95787138394354,13166.46473789215,12806.496418857574,11194.559482574465,10,562.3060684197391,0.0,0.0,0.0,10,0.0,-2.248323819722452,-2.596723883903328,-2.698411173488516,10,0.1236486914133347,-695.3915999999999,-795.7133650000001,-820.2312875,10,34.33060637101383,379.4020769801365,357.68882392723407,314.3851939400812,10,18.60860502979001,450.5152744019499,436.5430659292857,378.46774755358246,10,20.79086009613284,0.0,0.0,0.0,10,0.0,0.0,0.0,0.0,10,0.0,0.0,0.0,0.0,10,0.0,0.0,0.0,0.0,10,0.0,-191.66414503263297,-215.2837864207207,-223.47357549933983,10,8.241771703264364,-16.416642973918872,-19.87282492575461,-22.380574180529813,10,1.4682747418281772,2512.104765412133,2395.273110412515,2047.2179789205009,10,127.70716168402964,2447.098082291593,2343.0616091953025,2085.5036610395,10,99.55148870560473,0.0,0.0,0.0,10,0.0,-17.634654232658818,-18.825796867898795,-19.93581754971064,10,0.5654760816014393,345.5698702784139,331.8422606699313,288.6207318404432,10,16.105798669381826,335.40337762167223,323.0350767230635,292.540208086296,10,11.87738862931148,2718.5852620997894,2612.644927472492,2221.4492122551046,10,137.50663589509628,0.0,0.0,0.0,10,0.0,0.0,0.0,0.0,10,0.0,0.0,0.0,0.0,10,0.0,4984.542059294374,4891.99029376764,4341.299103322926,10,188.06905850406824,0.0011454753722794,0.0002169016825708,0.0,10,0.0004346593535592,5.5981016,-0.21019414,-5.3587365,1000,1.0780535,1000,734.4464944649446,31,271,404.4926163200669,13692.41483783722,9836.791878129725,287.45678424835205,271,5546.214730435383,154246.0,157.08490324020386,200000.0,364.0,16332.46190047264,72800000.0,1273.1968246125678,364000.0
2.522996e-08,1.7812493e-09,100.45006,0.00011306418,2.371492e-10,0.007922943,10.920452,153.97102,153.95386,9.910975,1314.5242,508.48196,1314.08,1.0,-0.2283152,-1.0,7726,0.8694791,0.2717439982652501,0.265111392375437,0.2584366179237485,10,0.0041776355171431,1000,772.6,288,10,295.60622456233904,13197.948454856873,10047.101836204529,3654.157176971436,10,3964.2430706468735,0.0,0.0,0.0,10,0.0,-0.7477416665998536,-2.0197045728514498,-2.70543740356523,10,0.7973749093502599,-230.7511125,-622.17337,-814.36925,10,240.55313126826968,362.702938779374,270.87227850860245,92.65997299736024,10,110.27266829980422,457.26419926713686,343.1150277504667,119.21796181235692,10,137.76348204870598,0.0,0.0,0.0,10,0.0,0.0,0.0,0.0,10,0.0,0.0,0.0,0.0,10,0.0,0.0,0.0,0.0,10,0.0,-65.78483255661996,-169.2872444269528,-221.18382508751543,10,62.92248283472976,-3.91563215781221,-14.806337229017767,-20.78869632650175,10,6.370688756068609,2553.1567532047948,1907.7114941557727,715.9607808615058,10,766.5684257036907,2442.1839672119186,1832.3604727091897,644.3589326372559,10,736.4455890429409,0.0,0.0,0.0,10,0.0,-5.968691577800263,-14.79401620731916,-19.25003888590427,10,5.390120384341874,347.2561913454423,257.3356873167348,88.89101775554556,10,102.24318808033736,340.98659821500314,255.9556407864009,93.3346696929132,10,97.57870050031308,2713.178136274528,2043.243626887157,732.0782534853399,10,814.8440536125981,0.0,0.0,0.0,10,0.0,0.0,0.0,0.0,10,0.0,0.0,0.0,0.0,10,0.0,4972.356165333621,3828.722827603495,1421.9132584802785,10,1467.9747999078609,0.0034722222222222,0.0010446864250859,0.0,10,0.0013825115542937,5.819783,-0.21049482,-6.2563467,1000,1.0792956,1000,691.6164383561644,31,292,417.3649771043829,13660.930673599243,9234.023104807082,284.5449857711792,292,5713.994705151175,154538.0,153.7810378074646,200000.0,365.0,16486.24294233322,73000000.0,1300.5504635129462,365000.0
2.522996e-08,1.7793015e-09,100.01062,0.00012750865,2.3909688e-10,0.007873341,10.872762,153.42152,153.40424,9.140794,1320.9147,463.47293,1320.7173,1.0,-0.22885908,-1.0,9167,0.8683259,0.2692603005294492,0.2629858270219812,0.2589471722992341,10,0.003215151647896,1000,916.7,434,10,179.5149297412335,13226.380440711975,11983.329638767242,5561.803979873657,10,2381.662411237944,0.0,0.0,0.0,10,0.0,-1.1336046521024148,-2.4378731432925727,-2.797339681521076,10,0.4965286399863143,-347.3602625,-741.2477337500001,-814.3495125,10,146.59404345610042,368.0621808391447,326.1537015012218,155.0770042303314,10,65.70493610085647,458.400397376171,404.0630550558015,190.3254330953357,10,79.43943907112336,0.0,0.0,0.0,10,0.0,0.0,0.0,0.0,10,0.0,0.0,0.0,0.0,10,0.0,0.0,0.0,0.0,10,0.0,-93.98110904314188,-199.89693967662413,-224.1279142821776,10,39.42497827341932,-7.9987081466199905,-18.85005952309785,-23.84119220683849,10,4.573487077813616,2574.686962247973,2296.65038329736,1002.4208771011796,10,476.8717157495674,2440.1901972027217,2177.1774596620257,1027.4545432431332,10,427.15070253368526,0.0,0.0,0.0,10,0.0,-8.525364426435722,-17.59116142032753,-19.44175359112669,10,3.4791140951788666,348.7744308095215,302.3295523309053,136.44841946426402,10,62.04950007925959,343.4003630944751,305.66934346736656,150.45487031542544,10,57.7554451892811,2709.667189005781,2444.089986048983,1132.4606391036086,10,484.2921251609533,0.0,0.0,0.0,10,0.0,0.0,0.0,0.0,10,0.0,0.0,0.0,0.0,10,0.0,4992.046005802837,4553.012823394045,2153.6566537356366,10,896.8397288564852,0.0023041474654377,0.0003668403945656,0.0,10,0.0007631888714761,5.7676287,-0.21216142,-5.586119,1000,1.0763873,1000,716.8088235294117,37,272,415.9371420041926,13691.496644973757,9572.363405932165,365.1762752532959,272,5701.226151603903,154810.0,191.8818564414978,200000.0,366.0,16678.124803066254,73200000.0,1042.3080311450776,366000.0
2.522996e-08,1.7766498e-09,99.57701,0.00011316035,2.4174857e-10,0.0078529995,10.871964,153.29236,153.27507,8.67266,1321.1659,551.27515,1320.8334,1.0,-0.23443766,-1.0,9563,0.8685371,0.2695378559822252,0.2620686144152229,0.2560266011223548,10,0.003700625723454,1000,956.3,563,10,131.1,13256.515577316284,12484.661808681489,7082.854371547699,10,1803.8351140382176,0.0,0.0,0.0,10,0.0,-1.3977256671861686,-2.591904787831319,-2.787064767900315,10,0.4001186495761816,-450.2321125,-771.37900125,-817.3890875,10,107.15322256040989,373.4305022275808,343.69061279942633,186.6203604895952,10,52.97140597081808,450.8127730523772,424.53264763103726,246.5499323693342,10,59.448853255704016,0.0,0.0,0.0,10,0.0,0.0,0.0,0.0,10,0.0,0.0,0.0,0.0,10,0.0,0.0,0.0,0.0,10,0.0,-126.9063257931837,-207.2032383874336,-220.1722454372696,10,26.89751046492273,-10.637740987928478,-20.39231500872748,-22.64040205763888,10,3.3006947410347904,2563.9752011800483,2389.891972141744,1344.8490102354326,10,351.22909144908994,2443.977664413874,2243.4786646808634,1253.7098827187106,10,333.13092013603057,0.0,0.0,0.0,10,0.0,-10.43733150733981,-18.207991203073966,-19.489240630441312,10,2.60879623876695,341.72985057766545,319.1874214654925,178.53414880681964,10,47.31723136046877,343.8962482027463,318.8913046668078,191.33284007584007,10,43.21457965847834,2748.782389267324,2550.2403840979746,1416.0883182218658,10,381.0363354165246,0.0,0.0,0.0,10,0.0,0.0,0.0,0.0,10,0.0,0.0,0.0,0.0,10,0.0,4985.745983685384,4755.00393990835,2767.025255068172,10,662.7236108393206,0.0017761989342806,0.000177619893428,0.0,10,0.0005328596802841,5.5972548,-0.19314541,-5.7280555,1000,1.1141676,1000,418.839546191248,25,617,398.47017648492863,13668.339285850525,5442.315411610145,195.7463445663452,617,5454.6216981731295,155427.0,156.94148659706116,200000.0,367.0,16835.06629371643,73400000.0,1274.3603003678006,367000.0
2.522996e-08,1.7781863e-09,99.219185,9.099989e-05,2.4021213e-10,0.007846537,10.988434,154.25592,154.2386,10.286613,1298.362,882.5212,1297.3735,1.0,-0.23744829,-1.0,7474,0.8715905,0.2707961487621034,0.2639537531291239,0.2571131672046451,10,0.0040264593657481,1000,747.4,121,10,386.4270176889809,13205.996309757233,9672.195257472991,1468.4959964752195,10,5080.814548161147,0.0,0.0,0.0,10,0.0,-0.346229556091514,-2.033527826081815,-2.878807496674122,10,1.074940337081392,-95.4702875,-599.8739425,-816.343,10,312.78017186618905,370.9880239989782,263.2496218173913,46.9066972557711,10,138.01119869460996,450.2879394778814,327.7997146321187,47.85683640657713,10,171.3619837039859,0.0,0.0,0.0,10,0.0,0.0,0.0,0.0,10,0.0,0.0,0.0,0.0,10,0.0,0.0,0.0,0.0,10,0.0,-27.56627729175057,-162.77612122436412,-223.5244821242784,10,83.20660419272428,-1.3697004989618982,-16.209467823093398,-22.888584831253368,10,8.962983155587054,2565.1775743059507,1856.4266280870947,250.0286690413909,10,992.0741475347512,2382.2408906117207,1721.5127980380942,272.3674714835236,10,891.0161321799943,0.0,0.0,0.0,10,0.0,-2.592506776205518,-14.343380377258333,-20.4065911459123,10,7.360186868003708,346.00994756220905,240.73331209486724,31.885042131782203,10,129.50271167788523,337.42916377880783,246.07847259897417,43.34178515909381,10,126.47898460897892,2739.192682176576,1983.5522548723231,303.2596667074382,10,1050.6968330334705,0.0,0.0,0.0,10,0.0,0.0,0.0,0.0,10,0.0,0.0,0.0,0.0,10,0.0,4987.171532097564,3702.923776692589,579.0754128214062,10,1933.7714540757768,0.0082644628099173,0.0020046052823935,0.0,10,0.0031649892133019,5.157823,-0.21365243,-5.7256856,1000,1.0792135,1000,699.2820512820513,45,273,413.238932038801,13661.142099380491,9341.883802592973,447.0976858139038,273,5668.419820424268,155700.0,153.31439399719238,200000.0,368.0,16988.380692243576,73600000.0,1304.5089556539783,368000.0
2.522996e-08,1.7787443e-09,99.05111,4.1470257e-06,2.3965413e-10,0.007919943,11.075602,155.05199,155.03464,11.216981,1280.3927,1086.2805,1278.8564,1.0,-0.23981379,-1.0,7554,0.87548006,0.2719859214930181,0.2652225036542329,0.2564718890475571,10,0.0042708172336891,1000,755.4,162,10,280.56485881164804,13136.385961532593,9692.028109169009,1913.8863606452944,10,3725.7948593295855,0.0,0.0,0.0,10,0.0,-0.4380444913725569,-2.0519142504165275,-2.8510577743946395,10,0.8009056396593733,-128.1950625,-604.91292625,-816.8956499999999,10,225.8788501469215,380.2686879803844,267.22079690487374,58.67883765248023,10,101.48796684787422,437.0464584459965,319.97875815345304,66.10668656016986,10,121.93928531938744,0.0,0.0,0.0,10,0.0,0.0,0.0,0.0,10,0.0,0.0,0.0,0.0,10,0.0,0.0,0.0,0.0,10,0.0,-36.8359327596506,-165.89181564269367,-219.1598021060724,10,59.77380958197352,-2.443025814910333,-16.79975211375371,-23.85081153698016,10,7.139525045713806,2576.76038475066,1840.6552897822428,324.6283757870269,10,741.8580917953559,2395.0415046484777,1715.1709677709107,366.6113003990285,10,650.4426988428993,0.0,0.0,0.0,10,0.0,-2.7599778897754543,-14.534046847999656,-19.43244495767492,10,5.333825457435077,347.1565817016789,249.429491785292,48.89294713569733,10,100.50548102797704,326.5149271792399,247.1083600425142,55.394998929876905,10,88.36278519445841,2702.968070733809,1979.308078220672,359.7207434030261,10,774.5188798263774,0.0,0.0,0.0,10,0.0,0.0,0.0,0.0,10,0.0,0.0,0.0,0.0,10,0.0,4981.669970795857,3750.2168035657305,776.280328530931,10,1405.4726292285584,0.0061728395061728,0.0014202325164355,0.0,10,0.0017904727174812,5.87922,-0.20585625,-5.7826967,1000,1.0978864,1000,313.3609467455621,31,338,287.9585150743721,13643.773374557495,3989.443005909581,324.5212678909302,338,3912.664781517792,156038.0,153.7367124557495,200000.0,369.0,17142.11740875244,73800000.0,1300.9254380769107,369000.0
2.522996e-08,1.7816968e-09,99.08068,4.744082e-06,2.3670169e-10,0.007921711,11.095565,155.20334,155.18608,12.025367,1274.2811,1106.8772,1272.6105,1.0,-0.23917414,-1.0,8817,0.8733141,0.2676293018691637,0.2624602981017855,0.2539734623802364,10,0.00353878904798,1000,881.7,343,10,224.6188104322521,13080.373222351074,11376.55656003952,4348.890394210815,10,2909.6230813764214,0.0,0.0,0.0,10,0.0,-0.9357241335041776,-2.40660456781987,-2.7975912736677024,10,0.6228456517029555,-269.3971375,-706.7268462499999,-810.1849,10,182.0844748390604,376.7424143668094,311.3042852522517,108.95263014126544,10,84.30037464752749,444.6928633935104,383.60051258358334,148.7029798461469,10,97.23985416363524,0.0,0.0,0.0,10,0.0,0.0,0.0,0.0,10,0.0,0.0,0.0,0.0,10,0.0,0.0,0.0,0.0,10,0.0,-72.29179936343112,-192.5991211061936,-222.6529220229365,10,49.825023233741305,-7.368475925195422,-18.60733963868244,-22.90939593079049,10,4.921965747031316,2500.3788123159084,2165.9175050767763,798.5659766901847,10,558.6756406270856,2406.88713529552,2050.8865434356185,749.1702291119204,10,532.6468564157717,0.0,0.0,0.0,10,0.0,-6.371003903141919,-16.86224882853559,-19.8526574817724,10,4.2591788178782375,359.9979224724841,298.54385331903904,111.48063514284502,10,79.18907523829995,336.19844742637764,288.9453845374806,116.71482453319749,10,70.94564488000488,2661.982274451349,2302.2976547116014,920.9186091533916,10,580.7192113932654,0.0,0.0,0.0,10,0.0,0.0,0.0,0.0,10,0.0,0.0,0.0,0.0,10,0.0,4982.660397806119,4365.2940654508,1695.5745709407392,10,1115.8011475711676,0.0029154518950437,0.0005828956006365,0.0,10,0.0009817076431245,5.387967,-0.22119072,-6.066137,1000,1.0806746,1000,718.8737201365187,27,293,409.1248811227904,13706.853964805605,9624.149288862638,271.17215156555176,293,5599.279337131012,156331.0,155.49593448638916,200000.0,370.0,17297.613347530365,74000000.0,1286.2072610490427,370000.0
2.522996e-08,1.7826137e-09,99.16135,-2.0594018e-05,2.3578467e-10,0.007953502,11.115435,155.42566,155.40848,12.398541,1271.3236,1055.3741,1269.6519,1.0,-0.2419028,-1.0,7038,0.87200886,0.272478681991728,0.2636332296904792,0.2554242437887048,10,0.0050035364064891,1000,703.8,168,10,364.5714744737992,13140.401743888857,9082.961978626252,1994.4721145629885,10,4819.893571657788,0.0,0.0,0.0,10,0.0,-0.4248024447870039,-1.9339316165430485,-2.9188881778356857,10,1.0689566621176307,-131.9057125,-562.6075687499999,-809.4546125,10,296.15830088477867,381.5689006982999,253.17900197859444,58.62906215636495,10,137.53174809600495,451.0519279302083,305.6661621146806,69.419576387783,10,160.26209634315842,0.0,0.0,0.0,10,0.0,0.0,0.0,0.0,10,0.0,0.0,0.0,0.0,10,0.0,0.0,0.0,0.0,10,0.0,-38.74850477355018,-152.73602132818797,-220.92985391271384,10,77.23902006823425,-3.0454636938536246,-14.004303105290273,-21.917430643418964,10,7.980485064634327,2534.281156300257,1715.8099859798217,350.4354361376173,10,915.1290676169853,2479.423639140167,1643.2651579028322,360.95917429614775,10,887.8022130940273,0.0,0.0,0.0,10,0.0,-3.2365798872557754,-13.592872621000753,-20.06216764373784,10,7.077697384868302,350.525493727034,236.31508935845872,51.31604970108416,10,128.02025656416643,333.42101797568705,231.5420220621841,55.10353215532196,10,117.78555814114496,2698.700646340056,1845.874842333542,378.94580418721887,10,996.7759211344032,0.0,0.0,0.0,10,0.0,0.0,0.0,0.0,10,0.0,0.0,0.0,0.0,10,0.0,4981.32096640489,3479.83944111319,817.5198104433457,10,1811.1811534358424,0.0059523809523809,0.0016372806791428,0.0,10,0.0021228823073073,5.238156,-0.22307248,-5.414953,1000,1.0837741,1000,634.4420731707318,30,328,439.58812797235385,13744.150742530825,8446.400128405996,297.16551208496094,328,6020.565777282191,156659.0,191.03546166419983,200000.0,371.0,17488.648813724518,74200000.0,1046.926043247185,371000.0
2.522996e-08,1.7838275e-09,99.234566,4.0832e-06,2.3457095e-10,0.00793468,11.093807,155.22136,155.20433,12.562706,1275.3336,961.17114,1273.7206,1.0,-0.23290832,-1.0,7642,0.87479335,0.2758787344876702,0.2671750243289311,0.2630373317605213,10,0.0043101693087599,1000,764.2,98,10,365.2061883374925,12991.90654850006,9759.295799589156,1061.7172870635986,10,4778.928873543522,0.0,0.0,0.0,10,0.0,-0.2248517965809173,-2.084489931587205,-2.870139630386062,10,1.0445754541340158,-73.02875,-616.3764662499999,-817.0930249999999,10,299.04847131182817,378.7730321109434,272.76499521650743,32.77237359511061,10,135.4781410223467,446.4694888438133,326.21866452545873,38.41876965295503,10,159.68314357366256,0.0,0.0,0.0,10,0.0,0.0,0.0,0.0,10,0.0,0.0,0.0,0.0,10,0.0,0.0,0.0,0.0,10,0.0,-22.75814335886701,-168.58357389427468,-221.8769187234276,10,78.97341447277931,-1.015270684413215,-16.439965049291466,-24.0909692606748,10,8.23902522461493,2506.418846329745,1854.958557748808,217.10362283099383,10,912.1395859446964,2437.6721283487936,1758.6103160175155,192.5816979736012,10,867.1275192532844,0.0,0.0,0.0,10,0.0,-1.87741646503261,-14.973306397872712,-20.0991777820918,10,7.051086813087908,355.8605531448829,249.81475148985868,23.19263968645714,10,124.57896788174357,337.9998946249685,247.65763674225872,28.33227937976524,10,118.82334264650132,2661.4025934333195,1963.6249333831013,142.42895369237218,10,981.9902776123616,0.0,0.0,0.0,10,0.0,0.0,0.0,0.0,10,0.0,0.0,0.0,0.0,10,0.0,4983.505263550747,3776.050159546767,468.4892573400805,10,1818.098926314428,0.010204081632653,0.0018461018066385,0.0,10,0.0032842499674089,5.943525,-0.21688929,-5.5450716,1000,1.0951605,1000,667.9099526066351,29,422,373.6725274464852,13678.18691921234,8862.970491473143,285.7799777984619,422,5113.447852901497,157081.0,154.79630851745603,200000.0,372.0,17643.44512629509,74400000.0,1292.020474619047,372000.0
2.522996e-08,1.7835252e-09,99.39155,-3.67827e-05,2.3487326e-10,0.007988107,11.0453415,154.81813,154.80104,12.450206,1282.7494,879.2342,1281.2361,1.0,-0.23411217,-1.0,8568,0.87129974,0.2793274554993549,0.2634735867128883,0.2567501112690334,10,0.006908050992672,1000,856.8,107,10,297.13761121742897,13075.410272598268,10967.762089157104,1178.6548404693604,10,4010.419596703116,0.0,0.0,0.0,10,0.0,-0.27873329645076,-2.375147524815224,-2.917999825719007,10,0.882684698130082,-79.58160000000001,-692.69151,-820.5865624999999,10,244.99754373578205,365.1562407977553,306.2634676383306,37.93841327681937,10,105.40516439223244,454.57283229379993,372.4217185611448,41.84769486950111,10,133.78069152981982,0.0,0.0,0.0,10,0.0,0.0,0.0,0.0,10,0.0,0.0,0.0,0.0,10,0.0,0.0,0.0,0.0,10,0.0,-23.37122702734394,-186.783797105213,-226.98268480342475,10,63.293233564725725,-1.256535918768871,-18.057821882260093,-24.55969718303638,10,6.835880393811217,2472.083279317156,2054.420272068862,209.1381059865535,10,774.9688057617648,2482.20473932768,2020.854603301002,218.8493368545692,10,738.4208789483744,0.0,0.0,0.0,10,0.0,-2.2500838619045043,-16.93188056978544,-20.324492901797534,10,5.682647058253628,337.6176421025521,278.98082218955915,33.15925672877629,10,97.00940043696778,336.187483375523,281.0240555842329,33.77329836665905,10,99.49720220151262,2671.314451163835,2186.095058001876,198.861316582692,10,834.2903412520268,0.0,0.0,0.0,10,0.0,0.0,0.0,0.0,10,0.0,0.0,0.0,0.0,10,0.0,4985.411485948095,4243.041547417567,494.0987608302628,10,1505.3324588027815,0.0093457943925233,0.0011514991789486,0.0,10,0.0028069518446727,5.739687,-0.22512062,-5.271686,1000,1.078315,1000,607.0194552529183,22,257,429.4095706758643,13703.956394195557,8042.334706100509,232.2942037582397,257,5857.1148798704,157338.0,156.27237939834595,200000.0,373.0,17799.71750998497,74600000.0,1279.8166942232972,373000.0
2.522996e-08,1.7831819e-09,99.43648,-3.8307508e-06,2.352166e-10,0.007958749,10.957189,153.90758,153.89038,11.722264,1296.5312,694.6507,1295.5931,1.0,-0.23294568,-1.0,10000,0.8674263,0.2676721667402545,0.2614370934534519,0.2568201194822435,10,0.0030852476967434,1000,1000.0,1000,10,0.0,13182.979038238524,12976.493657255172,12787.691323280334,10,125.38669815841332,0.0,0.0,0.0,10,0.0,-2.693570280158596,-2.7921748245646123,-2.908072130393211,10,0.0706225543570262,-801.3622375,-810.29345625,-823.5471875,10,5.957425244561523,374.7041913958845,362.9730893940946,351.0625742683253,10,7.169476654483259,450.6957917064426,440.249050588071,428.65125712533126,10,7.169084745020282,0.0,0.0,0.0,10,0.0,0.0,0.0,0.0,10,0.0,0.0,0.0,0.0,10,0.0,0.0,0.0,0.0,10,0.0,-211.16876015007068,-215.8760861607616,-221.5283399689056,10,2.979509469967338,-15.005032163289446,-19.74917529930436,-22.294254626860887,10,1.8982229934425057,2558.487415559527,2446.6234542741668,2306.365075203472,10,72.44959443938471,2557.534692096905,2407.7780295141647,2345.5997907619426,10,59.82356889658049,0.0,0.0,0.0,10,0.0,-18.515030472380108,-19.4084636593292,-20.268381527115707,10,0.5937877233798557,343.58087746458096,332.3722926948215,311.73627984256103,10,10.253394133225514,339.1279371356911,329.71220553469084,323.50887861852857,10,4.598437914438581,2673.633608430836,2614.138225578084,2528.3581875157724,10,42.16239135339003,0.0,0.0,0.0,10,0.0,0.0,0.0,0.0,10,0.0,0.0,0.0,0.0,10,0.0,4986.517360524888,4947.281845549003,4834.76580340432,10,57.00071769238211,0.0,0.0,0.0,10,0.0,5.48231,-0.22392966,-5.298026,1000,1.0771476,1000,658.1276595744681,28,282,430.22659131351446,13728.953935623167,8769.68892118694,282.0105333328247,282,5893.559939895721,157620.0,158.76714634895325,200000.0,374.0,17958.484660863876,74800000.0,1259.7064606831273,374000.0
2.522996e-08,1.7828099e-09,99.364456,5.173956e-05,2.3558855e-10,0.007897418,10.947851,153.80417,153.78696,11.490141,1298.5441,670.2017,1297.5676,1.0,-0.22363636,-1.0,8995,0.87115693,0.271022729675194,0.2659093058579499,0.2595470126414854,10,0.0037336926431435,1000,899.5,90,10,270.6234468777604,13204.66953754425,11628.90288705826,1048.4296493530271,10,3543.407270024908,0.0,0.0,0.0,10,0.0,-0.2730043648625556,-2.3867744536576687,-2.8063267263482032,10,0.7131779601734329,-70.22602499999999,-727.7808375,-819.9747,10,220.1646865367443,363.38625046712383,318.4788271333284,31.838718613936816,10,96.34092964291835,451.6203606417047,395.64613647829935,35.577976516701234,10,120.6544879181202,0.0,0.0,0.0,10,0.0,0.0,0.0,0.0,10,0.0,0.0,0.0,0.0,10,0.0,0.0,0.0,0.0,10,0.0,-19.98942125966441,-198.91790668957384,-226.6556360488273,10,59.95798420089996,-1.352174144920632,-16.585915904604303,-21.42241218031174,10,5.276846655550282,2523.730368477007,2190.2240911947474,182.9148191449896,10,673.1566287323203,2511.401913413189,2177.189677570705,193.809201679986,10,670.4540762317077,0.0,0.0,0.0,10,0.0,-1.7837950063041408,-17.032153370669825,-19.41141502591218,10,5.102181713252965,351.57289451868235,299.97405732886784,34.97337680326083,10,89.59516132937226,338.4755923199484,299.5409182985313,24.92642598472174,10,91.77756986363754,2680.525847746355,2328.234276258852,199.0003191524796,10,714.1128732422046,0.0,0.0,0.0,10,0.0,0.0,0.0,0.0,10,0.0,0.0,0.0,0.0,10,0.0,4984.542374441335,4431.949144308535,423.8750742001401,10,1340.5853534445466,0.0111111111111111,0.0013211729056673,0.0,10,0.0032895141622857,5.6655765,-0.22175585,-5.834429,1000,1.076411,1000,619.4125412541254,25,303,446.4863020614692,13719.053923606873,8264.72533349078,256.51985931396484,303,6106.654987334542,157923.0,157.86023688316345,200000.0,375.0,18116.34490203857,75000000.0,1266.9434934905444,375000.0
2.522996e-08,1.7816568e-09,99.20017,3.328129e-05,2.3674185e-10,0.007902733,10.946803,153.72742,153.71016,11.222332,1299.9504,680.2564,1298.8696,1.0,-0.21078256,-1.0,8852,0.8700626,0.2762178111200745,0.2696759991827532,0.2632814849830952,10,0.0043628402912471,1000,885.2,206,10,249.7922336663012,13048.290294647217,11440.00614619255,2692.537843704224,10,3231.832560182469,0.0,0.0,0.0,10,0.0,-0.5729166540245139,-2.3606625176077616,-2.797879991111832,10,0.6711387492455478,-170.27541250000002,-726.84528,-839.31745,10,205.67474640303004,383.5767038548447,320.3517283525774,72.01611995050997,10,92.8949380678212,451.45103585137394,390.8692483480448,93.97886369058077,10,110.0072147147198,0.0,0.0,0.0,10,0.0,0.0,0.0,0.0,10,0.0,0.0,0.0,0.0,10,0.0,0.0,0.0,0.0,10,0.0,-47.09776249903069,-197.67428054258897,-229.3614854160092,10,55.25838806731008,-4.388791947877819,-16.31361464904107,-21.923828671823635,10,4.66201070652143,2478.900937462404,2137.957271507708,504.3175505935572,10,609.2186223809086,2575.729426475733,2184.142615860504,522.1694951978775,10,614.6538248405583,0.0,0.0,0.0,10,0.0,-3.850245703743125,-16.65406902852346,-19.990584875337177,10,4.780917512126339,346.8239656350691,295.10604667275845,64.52708653852116,10,83.26263846904006,341.55985870457766,295.83261057912495,71.60402847110458,10,82.49644191876355,2672.257306831418,2301.9946259787703,552.0579119692447,10,653.6980990346107,0.0,0.0,0.0,10,0.0,0.0,0.0,0.0,10,0.0,0.0,0.0,0.0,10,0.0,4979.766328862952,4324.318096027811,1002.4956167637204,10,1223.5786054488626,0.0048543689320388,0.0006402356548137,0.0,10,0.0014785853526594,5.611189,-0.21062264,-6.3312798,1000,1.0938165,1000,548.5501113585746,35,449,399.74394121189925,13686.860912322998,7233.117712307083,325.45873260498047,449,5465.01656839356,158372.0,194.2810957431793,200000.0,376.0,18310.626002073288,75200000.0,1029.4362363715536,376000.0
2.522996e-08,1.780221e-09,98.980606,8.2303035e-05,2.3817753e-10,0.007836146,11.017108,154.41028,154.39279,11.905375,1285.9728,859.5385,1284.3215,1.0,-0.20821965,-1.0,8845,0.8717846,0.2902415161689655,0.2718107822815184,0.2622773360286833,10,0.0070113164986957,1000,884.5,273,10,240.48087242024053,13143.741557121277,11339.298787498474,3380.1704201698303,10,3230.250475791211,0.0,0.0,0.0,10,0.0,-0.5744805174238801,-2.2716768505267515,-2.7332004793031937,10,0.6987681291093154,-212.6715625,-722.8069874999999,-827.7315375,10,199.3155489556446,391.2882545375479,322.6158918442153,85.79866478929763,10,95.46542965180558,449.055672556231,385.6649640688517,116.64989166132096,10,106.84005227506653,0.0,0.0,0.0,10,0.0,0.0,0.0,0.0,10,0.0,0.0,0.0,0.0,10,0.0,0.0,0.0,0.0,10,0.0,-62.20022649055189,-199.4781103971356,-227.98079190036816,10,52.22001641472796,-4.770110533768671,-15.771276369397848,-22.00973204977899,10,4.835593482640857,2503.097903349805,2106.406912590307,642.3568586945332,10,603.3110223051991,2561.8093917962715,2165.372829171144,628.3033455375501,10,602.4401003819437,0.0,0.0,0.0,10,0.0,-5.114802602626769,-16.74958898600407,-21.25904847486052,10,4.612471662330448,350.6082682358473,291.8277104173925,90.80211057868706,10,80.82151517977883,333.2232973476838,290.4295955053599,91.93963831531184,10,78.82440707326506,2678.921269187405,2267.1319610071578,692.0557673926573,10,656.9140033007667,0.0,0.0,0.0,10,0.0,0.0,0.0,0.0,10,0.0,0.0,0.0,0.0,10,0.0,4961.305685483667,4316.563419452012,1270.6741987886885,10,1238.9597938138809,0.0036630036630036,0.0005411255411255,0.0,10,0.0011638647472047,5.6762595,-0.20920563,-5.6838536,1000,1.0919998,1000,522.8474576271186,30,354,362.98975006428,13610.39011001587,6834.273330219048,294.64245557785034,354,4931.721362240782,158726.0,157.5216908454895,200000.0,377.0,18468.14769744873,75400000.0,1269.6664118224633,377000.0
2.522996e-08,1.77943e-09,98.65962,6.711845e-05,2.3896832e-10,0.00782565,11.042519,154.57837,154.56104,12.095126,1276.2987,952.33234,1274.5763,1.0,-0.21188271,-1.0,10000,0.8688513,0.2777953561073028,0.2683013418518313,0.2573649316548933,10,0.0069369858355842,1000,1000.0,1000,10,0.0,13281.679089546204,13016.038169240952,12721.532862663267,10,141.2260217162371,0.0,0.0,0.0,10,0.0,-2.439701223867329,-2.6396011849091696,-2.837964177504801,10,0.1409063343221897,-803.7702125,-819.70627,-837.1068499999999,10,11.03185783500335,371.4112139106147,354.3785284008977,320.76559389142096,10,14.3961791886773,454.2635118674307,442.183541816941,434.5428005671724,10,5.9130157911028745,0.0,0.0,0.0,10,0.0,0.0,0.0,0.0,10,0.0,0.0,0.0,0.0,10,0.0,0.0,0.0,0.0,10,0.0,-211.9918289202912,-222.319645166185,-230.8370516628861,10,6.487629172068009,-13.77669926240312,-19.258674705953126,-23.170664714528208,10,3.075496935000597,2575.3526623980106,2468.569955967176,2358.4270203197493,10,66.28800493896468,2590.76872202555,2451.583836554276,2327.5216836693453,10,85.27124513538641,0.0,0.0,0.0,10,0.0,-17.104238746583057,-19.096819697844666,-20.10013988681892,10,1.034520354140926,345.8311690190088,330.30114612401707,302.5820601404713,10,13.201328164760612,342.28403200802103,333.0344309032487,324.3094201267678,10,5.7058951329014205,2688.630473081358,2633.5492460119667,2579.062585185468,10,32.46019106672165,0.0,0.0,0.0,10,0.0,0.0,0.0,0.0,10,0.0,0.0,0.0,0.0,10,0.0,4987.225863833673,4918.012861137701,4761.745462377499,10,70.47562658003054,0.0,0.0,0.0,10,0.0,5.636392,-0.20883334,-5.71274,1000,1.0884068,1000,423.7305194805195,29,308,307.32178149335533,13631.403668403624,5484.3036226018685,230.67947387695312,308,4150.319951912315,159034.0,159.51746106147766,200000.0,378.0,18627.66516327858,75600000.0,1253.7812391768225,378000.0
2.522996e-08,1.7778166e-09,98.42681,6.6515684e-05,2.4058203e-10,0.007807628,11.030859,154.46207,154.44463,11.698409,1275.214,891.4733,1273.6577,1.0,-0.22146372,-1.0,9740,0.869809,0.2719261596898166,0.2662301166140451,0.2600169728107756,10,0.0043701378221181,1000,974.0,800,10,60.69596362197407,13201.419750213625,12605.907064962386,10163.76408290863,10,908.7612328494954,0.0,0.0,0.0,10,0.0,-2.0719819414949963,-2.573197020909812,-2.725999066763898,10,0.1907147930768942,-645.8504750000001,-790.0467287499998,-826.7051875,10,50.832242786315,351.9572944093588,326.39998076918545,260.68268178172536,10,25.39060431022074,453.1229182594884,429.38303356036505,343.80444259734224,10,31.77151262489004,0.0,0.0,0.0,10,0.0,0.0,0.0,0.0,10,0.0,0.0,0.0,0.0,10,0.0,0.0,0.0,0.0,10,0.0,-178.27161690208635,-214.98318890065767,-226.1962841782103,10,12.929497743735933,-17.123404640942077,-20.54879709404019,-23.255235548865727,10,2.118334680264008,2606.425299640983,2391.6009958131453,1869.4004683062224,10,214.58338985219945,2513.5654740358605,2302.3781200493045,1835.6573899649864,10,189.03057386505043,0.0,0.0,0.0,10,0.0,-16.628242552363997,-19.090672706888384,-20.42935480041453,10,0.9976953460187762,334.9452786948441,319.91701982113784,266.5919083364509,10,20.8617702340886,352.3302197730424,328.40444008168527,271.61887559269053,10,21.646687809686,2729.491722250956,2575.461971726311,2063.483154217875,10,193.1643720736857,0.0,0.0,0.0,10,0.0,0.0,0.0,0.0,10,0.0,0.0,0.0,0.0,10,0.0,4983.611616291803,4817.8657946744015,3978.201113922051,10,298.59218235163485,0.00125,0.0002313829787234,0.0,10,0.0004646345862909,5.330497,-0.2156107,-5.3122077,1000,1.0727656,1000,764.2888888888889,39,270,390.25294488018193,13699.058987617493,10233.438630591498,434.7976274490357,270,5353.140790830162,159304.0,158.90479707717896,200000.0,379.0,18786.569964647293,75800000.0,1258.6152443394228,379000.0
2.522996e-08,1.7790759e-09,97.98035,0.00012190531,2.3932253e-10,0.007716523,11.025477,154.42375,154.40627,11.439017,1277.0385,842.93,1275.3829,1.0,-0.20705897,-1.0,9288,0.87005305,0.2787393616451741,0.2707603885338055,0.2609395895137419,10,0.00574212412394,1000,928.8,288,10,213.6,13082.008954048157,11967.115068912506,3472.882664680481,10,2834.6772116676384,0.0,0.0,0.0,10,0.0,-0.7174568639401535,-2.378414560447605,-2.809033423700031,10,0.5704832583031652,-229.82345,-759.4634725,-830.8500625,10,176.65528757550632,356.32105685480826,316.9860405220824,98.96977123782506,10,73.62871001062207,455.14923704770126,409.8104289089154,114.254142934976,10,98.7196980116163,0.0,0.0,0.0,10,0.0,0.0,0.0,0.0,10,0.0,0.0,0.0,0.0,10,0.0,0.0,0.0,0.0,10,0.0,-67.12211142693366,-208.6606875695144,-233.0472957658677,10,47.50355681288372,-5.961316948538938,-17.938487381076015,-22.66603268404458,10,4.467974078356926,2550.3030839910843,2256.9938405793355,612.0093972260536,10,554.1585054787015,2490.116950787028,2196.5110759250574,567.5642853371586,10,545.8122571150518,0.0,0.0,0.0,10,0.0,-6.256606664345993,-17.568223896641474,-20.078282532877743,10,3.8166351087662846,348.07082253166345,310.0437588003175,102.25618258324032,10,70.03540899312685,339.9801540949516,305.994199519517,84.4632672460256,10,74.19651814494168,2686.03620145098,2455.495440306321,727.465500592803,10,577.1829039282215,0.0,0.0,0.0,10,0.0,0.0,0.0,0.0,10,0.0,0.0,0.0,0.0,10,0.0,4986.663374447005,4564.444346201596,1425.3056244087957,10,1047.5998996092817,0.0034722222222222,0.0003472222222222,0.0,10,0.0010416666666666,6.0147653,-0.20423152,-6.075487,1000,1.0927159,1000,628.7832618025751,40,466,382.0481990732475,13697.478796005247,8353.909584730607,446.54749584198,466,5231.946446774893,159770.0,158.21586894989014,200000.0,380.0,18944.785838603973,76000000.0,1264.0957024566458,380000.0
2.522996e-08,1.7784766e-09,97.6712,5.5541565e-05,2.3992208e-10,0.007758153,11.067963,154.88536,154.86792,11.974682,1271.157,902.1585,1269.3138,1.0,-0.20274825,-1.0,9220,0.8670687,0.2803611563938126,0.2704865337407625,0.2602031776435354,10,0.0059193993588618,1000,922.0,220,10,234.0,13153.900471687317,11989.654428958893,2797.2165508270264,10,3065.6160126085792,0.0,0.0,0.0,10,0.0,-0.5123026025696207,-2.3161611501457005,-2.6078520548116115,10,0.6070510692696282,-176.92694999999998,-753.9744737499999,-836.31735,10,192.65228599250412,370.2865891663533,322.0684994079587,62.024415272588826,10,87.80346427627919,451.7559703761818,412.7770384084386,95.27584728318774,10,105.85969504764576,0.0,0.0,0.0,10,0.0,0.0,0.0,0.0,10,0.0,0.0,0.0,0.0,10,0.0,0.0,0.0,0.0,10,0.0,-51.185095450122176,-206.76279248324448,-233.53193208783188,10,52.102327915139256,-4.540171438162185,-16.911963214713047,-21.13369745365356,10,4.59745436735072,2525.747225852725,2271.649297623096,536.7166839387368,10,579.1806355062304,2492.6836336839096,2205.2726042962045,490.1784567489437,10,573.982676904135,0.0,0.0,0.0,10,0.0,-3.578469837383431,-16.86172703139807,-19.34401496881893,10,4.489548683154911,344.8009288266492,308.48075607107216,78.07440266189889,10,77.32423487707747,336.91159712245286,305.49194106148644,73.54388117247538,10,77.44017158675628,2734.681295166088,2476.6312260298205,579.4923974289702,10,633.3471931009163,0.0,0.0,0.0,10,0.0,0.0,0.0,0.0,10,0.0,0.0,0.0,0.0,10,0.0,4980.432809694652,4528.813862398595,1080.1927867921254,10,1151.7789025134186,0.0045454545454545,0.0004545454545454,0.0,10,0.0013636363636363,5.5259643,-0.20934455,-5.1525955,1000,1.0742244,1000,741.6461538461539,45,260,398.2897835947796,13686.392840385435,9920.484262151444,393.8715224266052,260,5460.713713819894,160030.0,194.94420981407168,200000.0,381.0,19139.73005247116,76200000.0,1025.9345491243382,381000.0
2.522996e-08,1.7778664e-09,97.36124,9.038702e-05,2.40532e-10,0.0076985117,10.968435,153.98529,153.96785,10.86309,1287.9713,732.151,1286.8112,1.0,-0.21057045,-1.0,9263,0.8694034,0.2808344748510614,0.2693547272572369,0.2584799967298747,10,0.0072515021258729,1000,926.3,604,10,147.9121698846988,13128.125263214111,12009.06702685356,7619.412700653076,10,1995.666568170376,0.0,0.0,0.0,10,0.0,-1.378620449223682,-2.339221538153252,-2.692579381385632,10,0.4123893480548917,-491.7203375,-753.27181875,-838.3108374999999,10,122.27235591480078,383.40943373675447,326.17758197937167,204.9996450381793,10,57.89636685395758,455.4034487862097,412.8070050615153,252.0548822093081,10,74.09550817986133,0.0,0.0,0.0,10,0.0,0.0,0.0,0.0,10,0.0,0.0,0.0,0.0,10,0.0,0.0,0.0,0.0,10,0.0,-142.72260815758867,-207.09890061169523,-232.51853422802628,10,31.95973757640487,-11.011433371108136,-17.146666013813064,-22.421905830247752,10,3.4674768759116708,2537.55969591398,2271.277537497893,1476.6075525902138,10,380.7233010277262,2494.7508823492985,2192.342597127584,1375.2604016888542,10,391.7928710644404,0.0,0.0,0.0,10,0.0,-11.426395449355226,-17.86730274687435,-20.04221236646432,10,2.8442494203241013,348.3607195710499,308.693738545988,204.0963007852937,10,45.5058256310186,339.23974242218776,304.42296220227166,183.5993149842573,10,54.0719761767117,2724.057826560132,2475.5548919181538,1542.6505420375863,10,409.4040861877602,0.0,0.0,0.0,10,0.0,0.0,0.0,0.0,10,0.0,0.0,0.0,0.0,10,0.0,4983.1985369548,4560.108342468942,2931.3297164303413,10,734.9553652447377,0.0016556291390728,0.0003173079821925,0.0,10,0.0006353676782309,5.196809,-0.20839693,-5.2956185,1000,1.0741376,1000,725.9076923076923,29,260,404.6499996892632,13787.596642494202,9711.18092892812,312.7830419540405,260,5563.701536545332,160290.0,158.94113278388977,200000.0,382.0,19298.671189069748,76400000.0,1258.327510927819,382000.0
2.522996e-08,1.7771368e-09,97.07106,3.3063945e-05,2.4126168e-10,0.0077326205,10.8419895,152.82056,152.80334,9.62908,1311.0254,526.3787,1310.6787,1.0,-0.20480019,-1.0,9623,0.8699231,0.2782475994389715,0.2711989904605666,0.2618008671588821,10,0.0050956903733355,1000,962.3,623,10,113.1,13261.586874961851,12596.152580165864,8147.587989807129,10,1485.9409513189023,0.0,0.0,0.0,10,0.0,-1.520115602727525,-2.3456930568341394,-2.63803850302742,10,0.3032917194713141,-500.3456249999999,-781.2536725,-829.8631875000001,10,94.18470856265728,380.7319041580268,343.3657346700529,228.5548611984434,10,41.73249115345119,457.1717366175161,429.5212340554741,277.6698677955209,10,51.32291550413476,0.0,0.0,0.0,10,0.0,0.0,0.0,0.0,10,0.0,0.0,0.0,0.0,10,0.0,0.0,0.0,0.0,10,0.0,-141.31364874131975,-217.4310225792344,-232.7741152206697,10,25.80158482691328,-10.9183464922721,-17.74848759918178,-24.80454760220761,10,3.915567236098241,2552.583458602669,2414.765047838938,1542.5350148968146,10,293.1229020177306,2530.306257257821,2324.5627411987025,1488.698478548636,10,293.1759344880339,0.0,0.0,0.0,10,0.0,-11.308768350823058,-17.87969925418854,-20.47248340609013,10,2.388199050286311,346.81112091618314,322.21734749687124,206.26302152238463,10,39.34001487260534,334.91243865703234,313.75646784743736,203.86591350594392,10,37.03251482647901,2725.09200419429,2573.862023983568,1677.4086787635956,10,299.8286719687316,0.0,0.0,0.0,10,0.0,0.0,0.0,0.0,10,0.0,0.0,0.0,0.0,10,0.0,4981.534666506006,4747.793662426191,3082.065388399324,10,556.4095975079566,0.0016051364365971,0.0001605136436597,0.0,10,0.0004815409309791,5.480195,-0.21195278,-5.2047567,1000,1.0738984,1000,714.5361216730038,44,263,406.6976502676744,13731.326665878296,9575.369480128413,472.5695600509644,263,5609.308463024511,160553.0,158.8763303756714,200000.0,383.0,19457.54752421379,76600000.0,1258.840757003196,383000.0
2.522996e-08,1.776635e-09,96.921684,2.6744237e-05,2.4176355e-10,0.00772699,10.8439,152.86203,152.84468,9.576913,1315.61,525.8371,1315.0566,1.0,-0.22696967,-1.0,9691,0.867411,0.2779366299679398,0.2634077060997035,0.2573000621799518,10,0.0061259514715451,1000,969.1,691,10,92.7,13374.780866622925,12723.189475631714,8572.982149124146,10,1387.3482187536854,0.0,0.0,0.0,10,0.0,-1.724626046878018,-2.4909630849808244,-2.75609830563724,10,0.2795291653566297,-542.268075,-776.83049875,-825.145925,10,79.0205854959545,371.9416901622093,335.3172035788235,223.5257420718564,10,39.75848044844982,452.9746488584445,424.7527963736487,265.0266514786511,10,53.81901762897309,0.0,0.0,0.0,10,0.0,0.0,0.0,0.0,10,0.0,0.0,0.0,0.0,10,0.0,0.0,0.0,0.0,10,0.0,-156.09773211952518,-211.6617465723594,-231.97089390625428,10,19.28523661612588,-13.9252228678032,-20.18914834267273,-23.56537036849759,10,2.845850912020925,2606.4556412128527,2457.512060242592,1604.6306955372795,10,287.6477060462063,2613.166825524271,2365.309333063139,1432.9648414179956,10,318.70351815490284,0.0,0.0,0.0,10,0.0,-14.412128809898883,-18.94072633384043,-20.46711052296655,10,1.7238826762887725,346.86157634087965,325.0076967353576,232.49761352102263,10,31.912909164599693,334.6185364345288,314.5733176574223,208.62560995856143,10,35.85174127270166,2719.7335993817787,2583.8438654157617,1779.706069965474,10,269.61571736699415,0.0,0.0,0.0,10,0.0,0.0,0.0,0.0,10,0.0,0.0,0.0,0.0,10,0.0,4985.453894718269,4788.442798799051,3440.966747112086,10,454.2158912703298,0.0014471780028943,0.0001447178002894,0.0,10,0.0004341534008683,5.121946,-0.21459238,-5.900931,1000,1.0743952,1000,730.0,36,265,393.61132059191743,13792.499671936035,9793.217134048804,374.7876625061035,265,5421.472993705107,160818.0,159.39216017723083,200000.0,384.0,19616.93968939781,76800000.0,1254.7668579032784,384000.0
2.522996e-08,1.7777496e-09,96.85923,2.8761688e-06,2.40649e-10,0.0077458625,10.846599,152.83008,152.81264,10.017221,1317.0836,550.6231,1316.4347,1.0,-0.22006996,-1.0,9676,0.868652,0.2711131361376688,0.2661047800017406,0.2577029230628853,10,0.0037221333089586,1000,967.6,676,10,97.2,13389.754158973694,12770.885244083403,8506.13383769989,10,1426.43378354421,0.0,0.0,0.0,10,0.0,-1.6923190557554502,-2.4772269785289285,-2.682926532241132,10,0.2735393494277101,-541.5180499999999,-780.52930625,-816.382475,10,80.03926909720049,381.8991987110968,353.67299902612285,242.6825743873076,10,39.17407342148071,457.43999845241353,427.25081674331966,277.1029208746769,10,50.4534238695296,0.0,0.0,0.0,10,0.0,0.0,0.0,0.0,10,0.0,0.0,0.0,0.0,10,0.0,0.0,0.0,0.0,10,0.0,-153.54671103283164,-213.77754037833583,-224.3604016263624,10,20.299244697914528,-15.21794086837539,-19.08757656194481,-23.5768511358449,10,2.531339958342765,2607.95074361786,2459.306335951237,1607.4249807600186,10,287.1414738108993,2559.160511391678,2388.3821628791216,1492.289281183533,10,304.2871812617672,0.0,0.0,0.0,10,0.0,-13.89526515793716,-19.04858495560014,-20.47686001968502,10,1.7594437939875338,361.5876397947112,329.4481408065933,221.5486107779683,10,37.694691532433545,335.1156100127384,314.9820881010995,222.3494713808387,10,31.660794201474097,2711.1850253529988,2584.569654557417,1690.8943822985498,10,298.9390389611208,0.0,0.0,0.0,10,0.0,0.0,0.0,0.0,10,0.0,0.0,0.0,0.0,10,0.0,4981.69030801546,4788.19120922524,3362.789666049766,10,475.4791680571595,0.0014792899408284,0.0001479289940828,0.0,10,0.0004437869822485,5.6959405,-0.21691103,-5.43783,1000,1.0777831,1000,653.4466666666667,30,300,423.053677235197,13715.389757156372,8749.203850453694,290.5918092727661,300,5811.017343348258,161118.0,159.18667459487915,200000.0,385.0,19776.126368045807,77000000.0,1256.386569472529,385000.0
2.522996e-08,1.778055e-09,96.89445,-2.4921814e-05,2.4034355e-10,0.007776478,10.7899065,152.24579,152.22829,9.787789,1324.7426,523.3979,1324.3865,1.0,-0.2115624,-1.0,9354,0.8703655,0.2814641984775435,0.2689578472421897,0.2574061866768697,10,0.0079134160644224,1000,935.4,354,10,193.8,13342.409348487854,12370.522736692428,4316.18014383316,10,2685.25462106754,0.0,0.0,0.0,10,0.0,-0.857472304813071,-2.3965542837323857,-2.699178127543723,10,0.5173437948964543,-273.9762375,-760.9595750000001,-839.2582375000001,10,162.95418037599688,396.8001221795006,346.3940928546423,115.5371718716583,10,78.17192355030663,452.61407269937627,415.74941837343374,154.30410298768555,10,87.29914123522963,0.0,0.0,0.0,10,0.0,0.0,0.0,0.0,10,0.0,0.0,0.0,0.0,10,0.0,0.0,0.0,0.0,10,0.0,-78.4393472524216,-209.4898084296076,-234.7847026857696,10,44.2532552339503,-6.972520235746087,-17.355620953340313,-22.389203810732702,10,4.410925062471038,2649.5951760533785,2400.459917805604,697.8055255959002,10,568.2113423255853,2599.542846901444,2345.750324287128,736.5729960197518,10,540.61377461892,0.0,0.0,0.0,10,0.0,-6.955515487325982,-18.42076067683547,-20.30150458275561,10,3.836546616274469,354.35438302385,315.5639653703386,115.37167461303784,10,67.14506421080068,331.3051165466275,301.07716745837564,121.82693949183958,10,60.06266008569133,2723.494234862336,2516.6130981949727,930.9927822540114,10,528.9513961225867,0.0,0.0,0.0,10,0.0,0.0,0.0,0.0,10,0.0,0.0,0.0,0.0,10,0.0,4983.451973855208,4580.881116118796,1752.3083271593807,10,946.5129375654268,0.0028248587570621,0.0002824858757062,0.0,10,0.0008474576271186,5.2183814,-0.21530087,-5.3020906,1000,1.0786539,1000,640.0457516339869,27,306,421.7534257776147,13759.18385887146,8563.457361024579,268.13338565826416,306,5781.139066907466,161424.0,196.9635412693024,200000.0,386.0,19973.089913129807,77200000.0,1015.4163491940164,386000.0
2.522996e-08,1.7781658e-09,97.09879,-9.526506e-05,2.4023267e-10,0.007863167,10.881464,153.03041,153.01297,11.111502,1309.3058,715.426,1308.2092,1.0,-0.20509185,-1.0,10000,0.8682944,0.2801009892207652,0.2701739007905905,0.2571084189430078,10,0.0069412288672082,1000,1000.0,1000,10,0.0,13419.88226890564,13286.630368804932,13187.421920776367,10,69.26356420824494,0.0,0.0,0.0,10,0.0,-2.248345649773525,-2.547465129235991,-2.771805430259442,10,0.1447734604581048,-793.8422499999999,-817.9772649999999,-833.5146249999999,10,10.735450331247469,389.7509908370865,370.6578248293913,334.8344332203621,10,15.391740238532403,454.8765499091325,446.0845785328794,436.981756976665,10,5.181551349965281,0.0,0.0,0.0,10,0.0,0.0,0.0,0.0,10,0.0,0.0,0.0,0.0,10,0.0,0.0,0.0,0.0,10,0.0,-212.85731906330483,-224.5903606192313,-234.3603744409472,10,6.554315985193768,-15.536780972825897,-18.366222307146863,-23.30790882692582,10,2.236305143387733,2634.636793707763,2580.38150404084,2528.846460586564,10,35.63057144449785,2593.892675485208,2531.146816529118,2436.2897330188425,10,55.60785367258794,0.0,0.0,0.0,10,0.0,-17.724627800808523,-19.12844884967371,-20.03244887564044,10,0.6935838907221167,351.07353260471376,336.98242564090594,328.2221691728197,10,7.053632176409924,332.18664016379574,326.453570015184,321.0013854896418,10,3.801638451799031,2721.794100882692,2697.6200103345263,2671.3919734021865,10,16.90526999981118,0.0,0.0,0.0,10,0.0,0.0,0.0,0.0,10,0.0,0.0,0.0,0.0,10,0.0,4983.205726709481,4912.083697072681,4767.075447412595,10,76.52713127954664,0.0,0.0,0.0,10,0.0,5.356471,-0.2039627,-5.523897,1000,1.0922934,1000,423.580547112462,32,329,354.8015932374521,13692.748558998108,5522.425080252274,256.1970896720886,329,4840.041546672854,161753.0,161.478018283844,200000.0,387.0,20134.567936182026,77400000.0,1238.5586727256125,387000.0
2.522996e-08,1.7789668e-09,97.453705,-8.438927e-05,2.3943167e-10,0.007880688,10.891401,153.10873,153.09134,11.585769,1304.8746,718.13135,1303.703,1.0,-0.19265875,-1.0,10000,0.87144786,0.2819980367882018,0.2756380941623412,0.2669681303616236,10,0.0053167427866438,1000,1000.0,1000,10,0.0,13345.990684509276,13218.433117246628,12878.06397676468,10,134.0683431880503,0.0,0.0,0.0,10,0.0,-2.388975037740068,-2.501545214985946,-2.639779405493792,10,0.089811493246125,-807.7769249999999,-825.5308062499998,-842.0214874999999,10,10.215956303947491,401.64870483101663,380.1461382124152,339.35573992551485,10,17.116896575093698,451.2009402405357,443.7860071355073,437.7401247782051,10,3.86831755383125,0.0,0.0,0.0,10,0.0,0.0,0.0,0.0,10,0.0,0.0,0.0,0.0,10,0.0,0.0,0.0,0.0,10,0.0,-222.02186914665967,-229.6959432174676,-235.7138724322462,10,4.984446079664336,-14.581804976295327,-16.89625056197153,-21.67260029484359,10,2.3333193161084176,2636.153899718183,2576.452774587007,2472.3104709171257,10,46.286593523790415,2618.538125188905,2514.37578946708,2372.484123068227,10,66.69887962530608,0.0,0.0,0.0,10,0.0,-18.56806858065476,-19.45894789931697,-20.625752674615907,10,0.6314928248572015,344.17000876724416,335.17057226711324,327.4089203116381,10,5.685661119165096,332.0084017803474,323.3881290738398,315.2272077511393,10,4.287372828347194,2722.9375572885187,2675.57061022594,2625.495792886776,10,29.200244988273603,0.0,0.0,0.0,10,0.0,0.0,0.0,0.0,10,0.0,0.0,0.0,0.0,10,0.0,4979.977323789648,4891.981635833095,4780.766977219972,10,58.95628869185137,0.0,0.0,0.0,10,0.0,6.062791,-0.20604739,-5.4747834,1000,1.0786222,1000,682.1699346405229,44,306,427.2516714186863,13754.96807384491,9119.583199148085,451.2208662033081,306,5863.327825382221,162059.0,161.4645495414734,200000.0,388.0,20296.03248977661,77600000.0,1238.6619884548,388000.0
2.522996e-08,1.7787091e-09,97.64375,-6.525732e-05,2.3968932e-10,0.007876757,10.906597,153.2483,153.23083,11.531938,1303.0306,698.29236,1301.8685,1.0,-0.18025209,-1.0,10000,0.87138903,0.289244728562558,0.2793546464544232,0.2674219848196798,10,0.0063212731113549,1000,1000.0,1000,10,0.0,13262.546422958374,13110.31990094185,12733.745669841766,10,155.57824445207595,0.0,0.0,0.0,10,0.0,-2.3578707298190547,-2.4478812754226205,-2.633671172815685,10,0.07701106737744,-815.0600625,-833.2718537500001,-853.37055,10,10.973418275319975,407.3319124908802,384.2709821051496,355.11602501472214,10,18.819091394608616,451.2555953395996,444.3563042268441,430.9640485350302,10,6.692138102356096,0.0,0.0,0.0,10,0.0,0.0,0.0,0.0,10,0.0,0.0,0.0,0.0,10,0.0,0.0,0.0,0.0,10,0.0,-221.8887733540787,-233.00856706664385,-241.6395255659565,10,5.781140668446787,-12.270367860859755,-15.347136097616715,-20.49192937407061,10,2.2497569447379577,2630.584348422088,2535.001914412649,2417.431099998975,10,54.08266050478117,2653.0261007480567,2536.3990967699497,2441.5963772716977,10,69.88440169672798,0.0,0.0,0.0,10,0.0,-17.869056391593226,-19.175214895015245,-20.14399587114524,10,0.6232901676113365,341.5388805917264,331.80123617876427,325.9941636994838,10,5.148396069759172,330.4181398155965,324.3464697934746,320.1010986759446,10,3.386461037161989,2712.6230680607723,2659.59594326324,2513.211754661958,10,54.54672475994833,0.0,0.0,0.0,10,0.0,0.0,0.0,0.0,10,0.0,0.0,0.0,0.0,10,0.0,4964.879060053963,4823.678224373298,4607.148737763007,10,97.02761704708428,0.0,0.0,0.0,10,0.0,6.108534,-0.20196599,-5.7372603,1000,1.0794348,1000,662.5664556962025,35,316,433.3358083505566,13759.129371643066,8846.354684939868,296.7781434059143,316,5943.469150200951,162375.0,161.75986552238464,200000.0,389.0,20457.79235959053,77800000.0,1236.4006322218636,389000.0
2.522996e-08,1.7773912e-09,97.753265,-7.343573e-06,2.4100733e-10,0.007827603,10.907121,153.23842,153.22076,11.344776,1304.1958,650.2271,1303.064,1.0,-0.17891884,-1.0,9205,0.8725104,0.2946452112534307,0.2806718547091306,0.2705818437969866,10,0.0068484044466877,1000,920.5,205,10,238.5,13397.556146621704,12096.555260372164,2466.2645831108093,10,3215.261103451792,0.0,0.0,0.0,10,0.0,-0.4652081911068771,-2.214796348389131,-2.532818319576059,10,0.5927074814758743,-163.0120125,-764.6583825,-856.7851375,10,200.9367532780033,406.6076923697591,353.57303409906206,75.81292607578688,10,93.66735626435695,459.8530354690289,410.3997318190415,72.95031813865859,10,112.73316833321414,0.0,0.0,0.0,10,0.0,0.0,0.0,0.0,10,0.0,0.0,0.0,0.0,10,0.0,0.0,0.0,0.0,10,0.0,-49.540385676086046,-215.70741791989923,-247.32600444978004,10,55.74642150914699,-3.372262347184811,-14.476759285959623,-18.568877982748248,10,4.22874174164397,2642.7648170249504,2357.08637524239,453.9468798413918,10,635.9230696922108,2579.7614273224344,2312.4599246088487,527.7385692057613,10,597.3535035970142,0.0,0.0,0.0,10,0.0,-3.989079082362508,-17.737595243301804,-19.995818958402737,10,4.595543796235081,351.89738665097354,310.49368179752133,58.74105260787176,10,84.3348778272231,333.25549195384804,300.2843694678321,64.90483038778711,10,78.53349205586294,2768.251065035906,2456.832168634553,428.876308421486,10,677.4570255032131,0.0,0.0,0.0,10,0.0,0.0,0.0,0.0,10,0.0,0.0,0.0,0.0,10,0.0,4974.461132121212,4449.111522801501,966.6525894889908,10,1168.197017040363,0.0048780487804878,0.0004878048780487,0.0,10,0.0014634146341463,5.3643985,-0.19971573,-5.9013186,1000,1.077279,1000,720.2534722222222,40,288,416.7606914600716,13726.928253173828,9636.636630727186,371.05486011505127,288,5721.602643185914,162663.0,160.2271556854248,200000.0,390.0,20618.01951956749,78000000.0,1248.22786215254,390000.0
2.522996e-08,1.7749189e-09,97.61118,6.9655885e-05,2.4347954e-10,0.007739239,10.889935,153.10788,153.09027,10.493374,1308.2463,592.1277,1307.3512,1.0,-0.18028331,-1.0,9181,0.87358004,0.2927709337097294,0.2814999302400237,0.2722725458584345,10,0.0064485758498805,1000,918.1,181,10,245.7,13235.198568344116,11974.18632478714,2149.946123123169,10,3276.690120748566,0.0,0.0,0.0,10,0.0,-0.4654384389310201,-2.264907242382452,-2.590409566558497,10,0.6057936743172794,-147.36017500000003,-765.8130262499999,-849.4427875,10,206.38933652647543,404.4969584025053,346.3811300389019,66.48146246854974,10,95.40963284723884,459.9554262375543,408.8903881299021,64.31446474134563,10,115.05712667490056,0.0,0.0,0.0,10,0.0,0.0,0.0,0.0,10,0.0,0.0,0.0,0.0,10,0.0,0.0,0.0,0.0,10,0.0,-45.36235803070221,-215.0623275053061,-243.1505817248341,10,56.77513015964432,-3.5451090344396,-15.346125992511611,-20.40952631235401,10,4.655512551850095,2600.372906002961,2257.3499465382,335.10325094675534,10,644.8037300549099,2466.847876761733,2225.1312754442883,395.0503070614228,10,611.3378990961061,0.0,0.0,0.0,10,0.0,-3.691909803040904,-17.8930169462945,-20.15092954792741,10,4.7532871669536165,349.2840883013792,303.27981720399055,43.64061457317658,10,87.09635453824345,335.8769529645314,301.6420547771488,68.20225809244008,10,77.99439040000946,2767.1784996279976,2468.5061550575792,463.80348518615335,10,669.0611951964466,0.0,0.0,0.0,10,0.0,0.0,0.0,0.0,10,0.0,0.0,0.0,0.0,10,0.0,4982.809571582209,4518.815653795027,879.9041102241729,10,1214.458281861127,0.005524861878453,0.0005524861878453,0.0,10,0.0016574585635359,5.179276,-0.2003272,-5.558426,1000,1.0770199,1000,710.6262975778546,37,289,415.9457129542825,13763.147200584412,9522.965923265603,387.45682525634766,289,5724.733238984065,162952.0,196.7848711013794,200000.0,391.0,20814.804394960403,78200000.0,1016.3382930843512,391000.0
2.522996e-08,1.7729908e-09,97.299484,2.1928057e-05,2.4540767e-10,0.007762029,10.799274,152.2038,152.18608,8.976606,1323.5939,454.76913,1323.5089,1.0,-0.19734852,-1.0,9028,0.87372047,0.2856243978457426,0.2754871236431809,0.2692440768288522,10,0.0051358648556882,1000,902.8,593,10,152.88806362826367,13250.12387561798,11840.208150100709,7839.320846557617,10,2043.4688649471573,0.0,0.0,0.0,10,0.0,-1.5279076307331727,-2.2718655268981216,-2.6283222316368926,10,0.3819993389584999,-485.8780375,-743.290565,-842.0017499999999,10,127.1877509769354,375.1999149730197,325.9205964128054,198.6915033291104,10,58.08167539736733,458.0816580741149,404.5149240757106,264.6204237745478,10,70.19988966050569,0.0,0.0,0.0,10,0.0,0.0,0.0,0.0,10,0.0,0.0,0.0,0.0,10,0.0,0.0,0.0,0.0,10,0.0,-137.0652311581132,-207.42083823222544,-239.44169639939685,10,34.78758021215622,-10.926098657394537,-16.352154534662525,-22.85045617565589,10,3.280700320050475,2616.466863616165,2252.5334924132726,1503.9951711340818,10,404.9589893065427,2495.8893217279674,2175.272419586048,1468.5554518788565,10,393.2850665385329,0.0,0.0,0.0,10,0.0,-11.89029749314631,-17.8834557435598,-20.5616888981314,10,3.070784449258913,326.16208121522504,291.6474579935579,182.54859222197192,10,47.866048052668695,337.4669398325468,298.24089882418514,208.12668809596903,10,50.87069622494995,2734.7483305323944,2441.890546612428,1616.9291048852429,10,409.11823809769214,0.0,0.0,0.0,10,0.0,0.0,0.0,0.0,10,0.0,0.0,0.0,0.0,10,0.0,4982.678619160251,4482.750817518392,2931.1574690504112,10,761.1360771893816,0.0016863406408094,0.0004481846013634,0.0,10,0.0006894726928386,5.151962,-0.20511773,-5.8230705,1000,1.0769501,1000,704.2620689655172,35,290,415.69140610910006,13735.656041145325,9445.723645294123,358.1708812713623,290,5723.814442907272,163242.0,159.79169154167175,200000.0,392.0,20974.59609055519,78400000.0,1251.629531362977,392000.0
2.522996e-08,1.7730163e-09,97.215,-1.851263e-05,2.4538224e-10,0.007795713,10.853508,152.70386,152.68619,9.279242,1317.7025,570.68036,1317.174,1.0,-0.1988851,-1.0,10000,0.87297887,0.2843316101959905,0.2744957904385896,0.2652664687922251,10,0.0058183147813062,1000,1000.0,1000,10,0.0,13254.771688461304,13027.924793052673,12799.143388748167,10,141.3938554177483,0.0,0.0,0.0,10,0.0,-2.432323317876944,-2.5212845839437086,-2.61351055661583,10,0.0598126729979437,-801.618825,-823.4287625,-848.357225,10,14.989196022061384,402.2004537033012,364.5595834074461,340.96627027575767,10,19.50667803647552,454.3746563381093,445.0253523941293,432.80941331784726,10,5.987377627815569,0.0,0.0,0.0,10,0.0,0.0,0.0,0.0,10,0.0,0.0,0.0,0.0,10,0.0,0.0,0.0,0.0,10,0.0,-220.2525304581569,-228.82519704506512,-237.1782644534925,10,5.045293584472807,-13.487451427351152,-17.75444970397055,-20.913502675104887,10,2.424481781082423,2567.0791442275977,2473.656530705641,2369.704826651159,10,56.19464590297468,2503.091297182299,2404.031045184021,2330.847960963258,10,58.19017455873779,0.0,0.0,0.0,10,0.0,-18.594441420036205,-19.349847301262365,-20.192532503138,10,0.4556395305929007,333.0497198480714,325.42593903366753,317.8793467781481,10,4.536966592606551,335.4391672325083,328.1601425417231,315.9650420910499,10,5.122475467700264,2727.6903391924207,2678.179842911789,2617.432166475597,10,37.59158817498344,0.0,0.0,0.0,10,0.0,0.0,0.0,0.0,10,0.0,0.0,0.0,0.0,10,0.0,4980.142527446191,4930.447224696402,4843.85411954744,10,53.38682773443705,0.0,0.0,0.0,10,0.0,5.766388,-0.20411645,-5.7343984,1000,1.1010407,1000,458.86746987951807,32,498,400.7045683673521,13744.723457336426,6037.888490885137,248.8399677276612,498,5522.741456981657,163740.0,161.77626824378967,200000.0,393.0,21136.372362852097,78600000.0,1236.2752718378251,393000.0
2.522996e-08,1.7754022e-09,97.273026,5.4908182e-06,2.4299646e-10,0.007776352,10.901728,153.11096,153.09328,10.338927,1307.9794,671.5203,1307.1495,1.0,-0.19920616,-1.0,9755,0.8726048,0.2858341103159343,0.2742309918904546,0.2678503609218417,10,0.0048801725081759,1000,975.5,755,10,73.5,13065.679080963137,12574.180314779282,9468.515605449677,10,1049.0701699179592,0.0,0.0,0.0,10,0.0,-1.8176046479574657,-2.444926475401563,-2.624352398648761,10,0.2175696459668269,-619.1851125000001,-802.7991275,-838.6266375,10,61.75391381831315,392.55346195752907,369.915607147292,282.41191172525765,10,30.69300772264133,458.4985624016031,435.9222925967728,332.2177145501825,10,35.37696351742341,0.0,0.0,0.0,10,0.0,0.0,0.0,0.0,10,0.0,0.0,0.0,0.0,10,0.0,0.0,0.0,0.0,10,0.0,-175.46708433073985,-222.8132308683324,-240.1094629650021,10,16.434127770701448,-10.245280754877886,-15.71906085895703,-19.550437790870053,10,2.3883349114776475,2430.514140919376,2295.815914264808,1657.7478536041017,10,228.03390982624057,2453.597266630692,2295.4605760347727,1629.8838612061058,10,225.03484532644035,0.0,0.0,0.0,10,0.0,-13.909696301353907,-18.75930143400204,-20.18023975263301,10,1.6842132789560007,334.72175810574726,321.0236142871136,238.5519984927629,10,27.65443310886782,330.6702749730666,319.8412553713633,252.82621271467409,10,22.44868297533156,2738.587316394152,2624.3385890678646,2034.3282820918648,10,199.67390219356503,0.0,0.0,0.0,10,0.0,0.0,0.0,0.0,10,0.0,0.0,0.0,0.0,10,0.0,4975.970469896977,4808.581043464817,3730.569283564916,10,362.9604531187642,0.0013245033112582,0.0001324503311258,0.0,10,0.0003973509933774,5.854603,-0.21186748,-5.996114,1000,1.0801007,1000,643.3943217665615,35,317,434.327849063918,13761.893287658691,8622.226705360863,303.6577076911926,317,5979.062995957655,164057.0,161.11850762367249,200000.0,394.0,21297.49087524414,78800000.0,1241.3223219963268,394000.0
2.522996e-08,1.7753897e-09,97.21853,-1.5839229e-05,2.4300886e-10,0.0077933217,10.914715,153.17511,153.15733,10.733303,1305.1683,670.45435,1304.2324,1.0,-0.20459707,-1.0,10000,0.8706971,0.2761512238897063,0.271347339603027,0.265526464433617,10,0.0030377734741665,1000,1000.0,1000,10,0.0,13230.037322998049,13017.271753120422,12760.86853981018,10,129.9968779227803,0.0,0.0,0.0,10,0.0,-2.482048765442414,-2.5799323436231583,-2.686872052597386,10,0.0600964139781638,-804.10575,-822.2721450000001,-842.4162375,10,12.288495853870796,412.9771615695462,378.1963693680893,337.2844414248611,10,20.79279267822903,459.28656045338994,447.2458329981446,424.4473350458279,10,9.204230149975425,0.0,0.0,0.0,10,0.0,0.0,0.0,0.0,10,0.0,0.0,0.0,0.0,10,0.0,0.0,0.0,0.0,10,0.0,-219.93365556694664,-225.54408454405024,-229.1915982711133,10,2.459247184930479,-12.980091518070829,-16.401955618269803,-20.2308649955216,10,2.265783813915802,2529.8508297046774,2425.692645085404,2228.4525961709523,10,85.94587218344545,2449.697685625414,2378.837175677566,2265.5873843628174,10,49.76099098233959,0.0,0.0,0.0,10,0.0,-18.391558964061947,-19.06045495185665,-19.734695455694364,10,0.4217876047871577,344.03052683148184,330.07591268664686,318.35880510724985,10,7.958711702199826,334.578466970534,327.58512338348856,316.70707817908806,10,5.65498220702749,2749.883221330524,2704.760888436824,2616.368914087706,10,37.66058590295012,0.0,0.0,0.0,10,0.0,0.0,0.0,0.0,10,0.0,0.0,0.0,0.0,10,0.0,4978.195619014547,4942.993078183431,4851.446563181384,10,40.7872774922488,0.0,0.0,0.0,10,0.0,5.809866,-0.2124725,-5.3022537,1000,1.077881,1000,680.1414141414141,36,297,423.9642322622639,13708.551225662231,9103.152193961094,322.33301639556885,297,5844.78283989715,164354.0,161.72807931900024,200000.0,395.0,21459.218958854675,79000000.0,1236.6436356763402,395000.0
0.08647757,0.005819288,16.840343,-0.0037884014,0.0010989157,0.005135629,5.817725,152.90735,152.88947,6.5912957,1301.219,739.0566,1299.7006,1.0,-0.196153,-1.0,8465,0.8716374,0.2937389380393927,0.2770430109185679,0.2667505822534692,10,0.0082925709564643,1000,846.5,89,10,313.63585573081406,13282.473240852356,11097.859928178788,967.449026107788,10,4232.576302890091,0.0,0.0,0.0,10,0.0,-0.2689411334204322,-2.17624243901263,-2.635699613337837,10,0.8182791783230554,-74.23273750000001,-701.14508125,-842.593875,10,260.57310976452214,404.9192377277612,327.6117930370011,35.676174390217604,10,124.05516874590012,447.84507777068825,373.12077862452986,37.684332061294846,10,140.54358095061514,0.0,0.0,0.0,10,0.0,0.0,0.0,0.0,10,0.0,0.0,0.0,0.0,10,0.0,0.0,0.0,0.0,10,0.0,-22.32140446872173,-193.21871009385197,-234.0852466802737,10,69.91265673138368,-1.7796704037997475,-12.650051300625602,-17.81313442377059,10,4.973918934912868,2514.989527187005,2075.6521762040584,159.42926660047743,10,804.2847736968863,2489.1004168256413,2048.2902652084517,164.3414584621807,10,788.4091899558903,0.0,0.0,0.0,10,0.0,-1.7427068029185395,-16.150014492559006,-19.66580679347996,10,5.93799747377809,342.00917950858684,282.2860342498765,27.28164517917628,10,107.51280512935382,332.19874980153304,275.8335820403687,31.005500462391517,10,101.39643751887228,2726.7830924412865,2257.9370491182017,199.04313228507135,10,873.9513034983743,0.0,0.0,0.0,10,0.0,0.0,0.0,0.0,10,0.0,0.0,0.0,0.0,10,0.0,4983.7281672007,4189.249636618431,391.01157311359066,10,1567.9646297862876,0.0112359550561797,0.0013895529524264,0.0,10,0.0033765581336593,5.815005,-0.20969687,-5.4153504,1000,1.0787479,1000,556.8380566801619,33,247,441.7614975729821,13730.62211227417,7418.936135776612,342.0783576965332,247,6101.549014271289,164601.0,164.12714099884033,200000.0,396.0,164.12714099884033,79200000.0,1218.5675006756692,396000.0
0.0017088029,0.00011824098,26.985195,-0.0036247815,1.8463274e-05,0.0057835975,10.266663,152.56491,152.54526,10.835355,1302.3015,689.72906,1300.9752,1.0,-0.1939573,-1.0,8438,0.87342316,0.3000274514339425,0.2780210351084823,0.2691158507224216,10,0.0079234532208038,1000,843.8,223,10,259.5375887997729,13353.98129940033,11053.713497161863,2560.3682947158813,10,3573.2191823026174,0.0,0.0,0.0,10,0.0,-0.5314978527937471,-2.1261537149673475,-2.596304791085847,10,0.683372637626128,-180.08494999999996,-698.5160462499999,-837.856875,10,217.93491588266005,409.3788579140399,330.61632348847905,80.31667711934749,10,101.45041347906286,450.2505580636925,367.840139361803,86.0331471463619,10,120.19173000993872,0.0,0.0,0.0,10,0.0,0.0,0.0,0.0,10,0.0,0.0,0.0,0.0,10,0.0,0.0,0.0,0.0,10,0.0,-57.50845393531662,-194.15967375530224,-231.2033183569661,10,57.548270349092284,-4.178752322609267,-12.645279763091644,-16.59664687274227,10,3.646068863712498,2552.884958187564,2070.617576373489,423.8991633475506,10,685.2467349242017,2536.937051870579,2057.787611370224,449.0961063358948,10,653.6220411351998,0.0,0.0,0.0,10,0.0,-5.095793146785689,-16.303568009089787,-20.09810588371741,10,4.847042880463897,336.43289062714973,277.6112326121817,58.10180448945162,10,90.4148617361728,337.48793411652525,278.84737237306416,80.41933094644789,10,81.971838561569,2729.5901339301654,2238.718931683224,498.4102895257587,10,759.5854460842061,0.0,0.0,0.0,10,0.0,0.0,0.0,0.0,10,0.0,0.0,0.0,0.0,10,0.0,4977.085569165039,4161.334508969148,1074.0167270978195,10,1313.8997739486038,0.0044843049327354,0.0009927846912842,0.0,10,0.0013618075628966,5.397929,-0.2063349,-5.4722037,1000,1.0754199,1000,668.7142857142857,35,259,430.9842504765722,13704.118007659912,8954.864655124635,357.7759943008423,259,5933.368099768277,164860.0,161.47485613822937,200000.0,397.0,325.602002620697,79400000.0,1238.5829272935937,397000.0
9.696237e-05,6.727862e-06,36.717545,-0.0032809982,1.0291284e-06,0.0062184017,10.858403,152.1604,152.1408,10.978021,1305.5897,660.17377,1304.455,1.0,-0.18257193,-1.0,10000,0.8717633,0.2813970204475715,0.2785389841168737,0.2713758479381676,10,0.0029391816103804,1000,1000.0,1000,10,0.0,13413.27551460266,13263.631103754044,13161.175903320312,10,92.14326909780934,0.0,0.0,0.0,10,0.0,-2.5454884750093174,-2.600910625164145,-2.705207775786504,10,0.057487383702562,-827.198625,-841.61292125,-853.5087125,10,8.473219556076081,407.9412588590162,394.0023276434461,367.05498330936143,10,12.527625382112523,455.584038928931,440.0378785589384,424.3692998504912,10,8.154380061775784,0.0,0.0,0.0,10,0.0,0.0,0.0,0.0,10,0.0,0.0,0.0,0.0,10,0.0,0.0,0.0,0.0,10,0.0,-225.0938488198921,-231.5504333541573,-233.68982443844837,10,2.596547073854875,-12.925701128845796,-15.043965514388889,-17.208910929371065,10,1.323976069922613,2599.208626529632,2513.640878539348,2449.956904942568,10,51.07557671796005,2547.121560564847,2496.009388730706,2446.114718315514,10,33.293482804554394,0.0,0.0,0.0,10,0.0,-18.040910423191303,-19.142976738212564,-20.1950906796402,10,0.6677472275537399,343.4923442873313,333.05534651195006,322.1607445352247,10,6.613831578474616,337.731555484274,327.2195419123508,311.9393906482096,10,6.299819996383048,2732.10586510932,2687.4016648060506,2629.1116924918188,10,36.22752707794079,0.0,0.0,0.0,10,0.0,0.0,0.0,0.0,10,0.0,0.0,0.0,0.0,10,0.0,4982.847677984384,4951.075036170181,4911.316171496399,10,25.783297556636377,0.0,0.0,0.0,10,0.0,6.1154966,-0.1998571,-5.85838,1000,1.0971863,1000,498.28372093023256,32,430,375.59939503272017,13724.333003997805,6559.132344336981,342.7883768081665,430,5167.96629871179,165290.0,164.28907251358032,200000.0,398.0,489.8910801410675,79600000.0,1217.3664196897075,398000.0
6.724097e-06,4.6840051e-07,45.98279,-0.002876028,6.9527154e-08,0.006554652,10.912958,152.64217,152.62305,11.383625,1293.9614,797.8627,1292.4285,1.0,-0.18331215,-1.0,9155,0.8709636,0.2862639419240005,0.2771789956884939,0.269478536055401,10,0.0045194659277588,1000,915.5,155,10,253.5,13356.49584388733,12016.421699285507,1827.2673907279968,10,3398.971504006733,0.0,0.0,0.0,10,0.0,-0.4177589419114172,-2.348534584045818,-2.643978604603882,10,0.6471037298174778,-125.1160125,-768.3769275,-855.9364249999999,10,214.68797915541475,408.5066617003164,359.7542473692433,59.5572483203232,10,100.85568783466096,453.4945181597866,400.4800161384613,68.79568464430703,10,110.78876518636996,0.0,0.0,0.0,10,0.0,0.0,0.0,0.0,10,0.0,0.0,0.0,0.0,10,0.0,0.0,0.0,0.0,10,0.0,-34.935785931682105,-211.5601639230345,-238.69673816458925,10,58.97075385137124,-2.366361821082375,-13.703231840244106,-17.814138357906284,10,4.103327854922961,2532.396843665334,2242.4508515843663,318.6452209659486,10,643.4959949426977,2532.617819726388,2272.2328017063983,385.8268486951358,10,630.2264601448882,0.0,0.0,0.0,10,0.0,-2.9716577377413063,-17.801502648350926,-20.11050104952851,10,4.957595597755117,343.29134809948243,302.10772887657674,54.05753688054042,10,83.02493024665878,336.1965759688634,300.8012084362703,61.12932567092028,10,80.06847255197506,2757.632337591597,2431.472284807875,305.3781314929057,10,711.15353061966,0.0,0.0,0.0,10,0.0,0.0,0.0,0.0,10,0.0,0.0,0.0,0.0,10,0.0,4967.997334017607,4509.782654670602,704.8110720776901,10,1269.2218962327572,0.0064516129032258,0.0006451612903225,0.0,10,0.0019354838709677,5.3459997,-0.20144013,-5.67135,1000,1.0909513,1000,461.7232142857143,37,336,328.81754809816255,13645.847094535828,6000.59473015705,377.9035224914551,336,4490.33504725972,165626.0,162.87497878074646,200000.0,399.0,652.7660632133484,79800000.0,1227.9356933591946,399000.0
1.162149e-06,8.0988485e-08,54.568832,-0.0024714696,1.1983461e-08,0.0068369764,10.9108715,152.5634,152.54456,11.546013,1289.587,772.695,1288.1622,1.0,-0.1860806,-1.0,10000,0.8689762,0.2807598569469968,0.2758298277051,0.2666879682513255,10,0.0038554341650946,1000,1000.0,1000,10,0.0,13462.116525650024,13238.931974983216,13018.782036781313,10,138.09351439106675,0.0,0.0,0.0,10,0.0,-2.5399394753576083,-2.645058185095377,-2.7711346722598607,10,0.053787143621662,-834.4028125,-842.4596600000001,-853.7850374999999,10,6.158996978744268,409.9636443078184,390.0453410361867,367.3640925786675,10,11.019329342801791,446.0400953120087,440.09348938217465,432.9323833076468,10,3.9100799629272567,0.0,0.0,0.0,10,0.0,0.0,0.0,0.0,10,0.0,0.0,0.0,0.0,10,0.0,0.0,0.0,0.0,10,0.0,-219.6382063850392,-228.67163216388084,-233.50814771354308,10,3.692061356580633,-14.714353134961936,-16.315687774457423,-18.235523542745184,10,1.2491420349178706,2603.937989788434,2500.027561974713,2366.908122957162,10,68.97090604361328,2577.524433766483,2496.9107357825515,2378.7298488365523,10,61.93855136396612,0.0,0.0,0.0,10,0.0,-18.053267963359666,-18.836372267424444,-19.933869748841172,10,0.5215451243662366,343.28741077354914,328.56840556610166,316.5835543021449,10,7.074871845193619,337.6340433103724,329.7389900341756,320.5273442730552,10,5.888848550130501,2728.1890042482755,2688.178818100645,2621.860194807582,10,29.86419934447621,0.0,0.0,0.0,10,0.0,0.0,0.0,0.0,10,0.0,0.0,0.0,0.0,10,0.0,4972.416599366419,4946.165527729465,4914.915867588492,10,14.892333034655548,0.0,0.0,0.0,10,0.0,5.4862857,-0.20744991,-5.716237,1000,1.0722713,1000,717.1141868512111,35,289,409.8003363603869,13736.451076507568,9629.437365963386,365.5059299468994,289,5658.361976199494,165915.0,163.95677304267883,200000.0,400.0,816.722846031189,80000000.0,1219.8337176832513,400000.0
5.2855205e-07,3.6873274e-08,62.274956,-0.0020439983,5.4108975e-09,0.007025995,10.869342,152.11787,152.09924,11.100164,1294.131,752.8543,1292.8037,1.0,-0.1867947,-1.0,9855,0.8682886,0.2805383820283926,0.2752274590650754,0.2656595461152715,10,0.0046450047499317,1000,985.5,855,10,43.5,13376.657529830933,12976.592357826234,11216.132349014282,10,600.0698551303718,0.0,0.0,0.0,10,0.0,-2.366818244213486,-2.582496714610044,-2.7210057616332244,10,0.0974000886171761,-721.1885125,-826.3558337499999,-849.225675,10,35.70235302917506,406.4731598226445,382.3788758767337,324.1398044560825,10,23.629393428022905,446.46658778180296,431.7450256951957,364.2304957959854,10,22.95920840682794,0.0,0.0,0.0,10,0.0,0.0,0.0,0.0,10,0.0,0.0,0.0,0.0,10,0.0,0.0,0.0,0.0,10,0.0,-196.35674661462997,-224.9825653662599,-233.92986771099703,10,10.569021857927044,-13.896398791339616,-15.996503931314772,-17.807943512004837,10,1.251544123812134,2590.264701528336,2460.422686465066,2148.758750935014,10,117.97590644979158,2570.4995050613425,2444.6224477225,2033.670648427264,10,141.74726942394912,0.0,0.0,0.0,10,0.0,-16.066062263186776,-17.950075654823333,-19.05909812361223,10,0.8770193672947413,355.1675954810713,330.27009804462074,281.4986535983726,10,18.693027757228645,337.2649124711038,323.6983694519542,284.3162792597551,10,14.4567047476773,2720.3526984465016,2626.1692784634474,2299.046410174365,10,123.34601280225124,0.0,0.0,0.0,10,0.0,0.0,0.0,0.0,10,0.0,0.0,0.0,0.0,10,0.0,4976.408414608233,4840.823144328602,4235.043524808542,10,208.44698659810305,0.0011695906432748,0.0001169590643274,0.0,10,0.0003508771929824,6.556138,-0.20366123,-5.673551,1000,1.087507,1000,646.7202797202797,28,429,371.7188213280644,13764.56185054779,8615.402971825677,291.2436847686768,429,5152.856386769163,166344.0,196.7517578601837,200000.0,401.0,1013.4746086597444,80200000.0,1016.509342407627,401000.0
3.4139296e-07,2.3838126e-08,69.07778,-0.0017083522,3.4733114e-09,0.0072345748,10.947718,152.8505,152.83205,12.196969,1282.3457,894.48236,1280.4573,1.0,-0.18580821,-1.0,9170,0.86711407,0.2805407873287979,0.275200537185736,0.2679590419752438,10,0.0044946477659926,1000,917.0,170,10,249.0,13443.894988059998,12097.018390798568,2020.02458190918,10,3361.323907731776,0.0,0.0,0.0,10,0.0,-0.3975069600965463,-2.382149425763524,-2.681952482478591,10,0.6634607991311164,-132.93206250000003,-769.2730100000001,-851.6533875,10,212.31400581292337,413.3066053752885,356.36880313365066,56.29506221585924,10,101.5255111639933,456.4218019026709,409.0028689062907,63.55781452422602,10,115.36036115173852,0.0,0.0,0.0,10,0.0,0.0,0.0,0.0,10,0.0,0.0,0.0,0.0,10,0.0,0.0,0.0,0.0,10,0.0,-40.45299742672652,-209.0448438519179,-234.38540862290984,10,56.355407371812014,-3.380125514405656,-14.717709971522511,-17.55898847074118,10,3.910113620529872,2572.6377582119376,2271.261393049274,372.91457994226886,10,635.924656789831,2624.7198092431718,2263.8447155546205,353.2211780760363,10,638.9948277145068,0.0,0.0,0.0,10,0.0,-3.4670961002985163,-16.755994466576276,-19.29528452504925,10,4.472915565481816,353.4256909903695,304.3924735358964,51.92607629399527,10,84.72199884765307,337.93330587346964,300.26706226026937,51.99282207284888,10,83.11689794139323,2735.406252886959,2461.3564819712237,373.1820547210653,10,697.9444816399532,0.0,0.0,0.0,10,0.0,0.0,0.0,0.0,10,0.0,0.0,0.0,0.0,10,0.0,4979.9593062720405,4534.270651480553,837.23122433563,10,1232.640518440366,0.0058823529411764,0.0005882352941176,0.0,10,0.0017647058823529,5.7111993,-0.20808251,-5.3641963,1000,1.0714836,1000,626.0681818181819,29,264,426.1857290598431,13754.938316345217,8360.904533328432,312.8759250640869,264,5884.313202693793,166608.0,162.0689721107483,200000.0,402.0,1175.5435853004456,80400000.0,1234.042502986518,402000.0
2.5305673e-07,1.7702714e-08,74.80268,-0.0013345719,2.5418243e-09,0.0073187887,10.892956,152.27219,152.25394,12.065523,1287.3595,794.27167,1285.7743,1.0,-0.17605597,-1.0,9087,0.8655611,0.2799350838286308,0.2766645146423436,0.2726330701997176,10,0.0020934749416131,1000,908.7,87,10,273.9,13530.395855903624,12091.20053100586,1064.1620836257937,10,3678.601423420841,0.0,0.0,0.0,10,0.0,-0.2502168344354559,-2.3475567379936058,-2.638647545125397,10,0.7003881334238917,-71.805025,-769.20985,-853.8639875,10,232.5287559169844,404.36710014063306,348.84678438429773,27.829488294904053,10,107.77517501871304,453.91864959215127,406.8199984760929,35.84287512832159,10,123.75905441657494,0.0,0.0,0.0,10,0.0,0.0,0.0,0.0,10,0.0,0.0,0.0,0.0,10,0.0,0.0,0.0,0.0,10,0.0,-19.98264320934662,-208.5800441027639,-232.1530965973228,10,62.87948944257727,-1.6339735225924796,-14.243944733936502,-18.453721439544317,10,4.3600083064912765,2652.527641133533,2302.72623495816,210.06019446906163,10,701.3062934260124,2599.916349411131,2276.282178807648,192.6842400576927,10,698.5406153780144,0.0,0.0,0.0,10,0.0,-1.701357265549055,-16.486288983819705,-19.147808013078414,10,4.960542816832811,342.75656991124083,300.4364435834357,27.875673036756968,10,91.08820632258296,333.911342830815,296.6498171962147,24.886910764135006,10,90.70629700782864,2757.26091790098,2479.373964306465,212.91546579905025,10,755.7745212722451,0.0,0.0,0.0,10,0.0,0.0,0.0,0.0,10,0.0,0.0,0.0,0.0,10,0.0,4959.322550578741,4483.118932471996,407.52860608885794,10,1358.7156710441295,0.0114942528735632,0.0011494252873563,0.0,10,0.0034482758620689,5.3129272,-0.20520094,-5.4086266,1000,1.0687236,1000,700.4232209737828,37,267,418.0689385297694,13764.82139968872,9411.421844340442,360.8536329269409,267,5771.264265018252,166875.0,161.56503009796145,200000.0,403.0,1337.1086196899414,80600000.0,1237.8916395381746,403000.0
2.0176273e-07,1.4105655e-08,79.56895,-0.0011038028,2.035363e-09,0.0074693197,10.760521,150.9351,150.9169,10.511217,1308.2898,586.8636,1307.5718,1.0,-0.18032917,-1.0,9588,0.8656471,0.282503078897524,0.2759104230640171,0.2683471472833562,10,0.0038761560824044,1000,958.8,588,10,123.6,13521.239701271055,12784.270200920106,7823.107096672058,10,1655.216576037595,0.0,0.0,0.0,10,0.0,-1.496386715805837,-2.467447178749021,-2.682544474424689,10,0.3319521997402102,-490.871625,-805.2939475000001,-857.9693875,10,105.41593974682146,425.7758823829903,365.0457667184252,208.92936761720355,10,54.82419092679694,463.6122128472673,429.6853822395675,255.3007537090181,10,58.65177181044383,0.0,0.0,0.0,10,0.0,0.0,0.0,0.0,10,0.0,0.0,0.0,0.0,10,0.0,0.0,0.0,0.0,10,0.0,-136.0976088860234,-219.24165119769617,-235.40886136680965,10,27.91443470488481,-9.249356492959674,-15.369261309104392,-17.99845890183766,10,2.224039451006504,2614.930577280164,2449.967604184965,1503.2116500483776,10,318.5726659120013,2593.833406989229,2392.602372058977,1522.38634504656,10,293.6855611081472,0.0,0.0,0.0,10,0.0,-11.364987953717474,-16.814111205433786,-18.802319312705805,10,1.9320456569745053,341.7114940221336,316.00775793190985,189.2113125228979,10,43.10206338683586,338.3843953917226,318.8338303330109,198.7283875559899,10,40.27583046929213,2762.571669873482,2610.970816477343,1581.6659876745098,10,344.1066666037382,0.0,0.0,0.0,10,0.0,0.0,0.0,0.0,10,0.0,0.0,0.0,0.0,10,0.0,4969.759174428531,4742.101881336011,2877.218194969978,10,621.8970900894207,0.0017006802721088,0.0001700680272108,0.0,10,0.0005102040816326,6.171733,-0.20304489,-5.338604,1000,1.0711738,1000,699.2599277978339,31,277,417.0411994520781,13754.279265403748,9383.21228871535,320.7714939117432,277,5764.211106648492,167152.0,162.1833884716034,200000.0,404.0,1499.2920122146606,80800000.0,1233.1719165863765,404000.0
1.6828575e-07,1.1767507e-08,83.352936,-0.0008591772,1.6953539e-09,0.0075274124,10.725447,150.59084,150.57265,9.938018,1316.136,549.3655,1315.4203,1.0,-0.17262334,-1.0,10000,0.86730933,0.2841013380109783,0.2790814023124578,0.2739515839046312,10,0.003293476388848,1000,1000.0,1000,10,0.0,13498.757844924929,13302.516773176194,12918.039966583252,10,154.84197825314277,0.0,0.0,0.0,10,0.0,-2.3153164940785382,-2.508554620318533,-2.596751446046645,10,0.0792577265762455,-816.066675,-842.8326987500001,-853.252125,10,10.880363606342987,395.65070040166114,374.8154227082792,355.553134210188,10,11.987830131594958,458.3863749418606,451.5076316080584,437.5276591924604,10,6.282251244078619,0.0,0.0,0.0,10,0.0,0.0,0.0,0.0,10,0.0,0.0,0.0,0.0,10,0.0,0.0,0.0,0.0,10,0.0,-226.83917143699827,-231.9928655173867,-236.50784518873817,10,3.09090892299736,-14.943595173434254,-16.144277047319882,-17.98239570390576,10,1.092326380913202,2633.723742515712,2579.867073158539,2476.5293353695606,10,47.263778945324574,2604.553035646586,2545.145126656233,2437.6925904724576,10,50.06958536210804,0.0,0.0,0.0,10,0.0,-16.236958806451923,-17.489340827494335,-18.74503415727133,10,0.710173644512164,346.9843440333623,325.2330251109658,306.74769568131126,10,11.36426876717958,336.57767601881164,332.3570172741146,325.4573215776169,10,3.58710124187603,2759.210924974974,2696.296783287006,2618.454520657302,10,43.734935264111975,0.0,0.0,0.0,10,0.0,0.0,0.0,0.0,10,0.0,0.0,0.0,0.0,10,0.0,4967.280170733268,4877.36547655785,4772.504171379697,10,52.528374534621626,0.0,0.0,0.0,10,0.0,5.592321,-0.20339216,-5.854708,1000,1.0684481,1000,723.3740458015267,40,262,416.4652022317004,13725.432455062866,9734.733796607446,395.2494010925293,262,5741.155282447354,167414.0,162.8344292640686,200000.0,405.0,1662.1264460086825,81000000.0,1228.2414775787986,405000.0
1.4471921e-07,1.0124954e-08,86.359276,-0.00067854696,1.4525818e-09,0.0075872904,10.711439,150.42947,150.41127,9.612276,1319.6274,518.9015,1318.9479,1.0,-0.17607112,-1.0,8004,0.8695426,0.2847123898050636,0.2794815004411844,0.2741431589324803,10,0.0036047312361246,1000,800.4,130,10,329.7702836824446,13463.47472858429,10569.177935028076,1438.6270446777344,10,4510.444848881018,0.0,0.0,0.0,10,0.0,-0.3038960163505688,-2.0232669837164328,-2.649654302403499,10,0.8789962089295646,-103.81925,-673.309285,-857.120675,10,283.77113510255765,399.8374913463531,296.4739808050597,45.55461849751586,10,127.2981614153472,451.1510372737105,357.5402296992662,54.235468669141895,10,148.21854598177023,0.0,0.0,0.0,10,0.0,0.0,0.0,0.0,10,0.0,0.0,0.0,0.0,10,0.0,0.0,0.0,0.0,10,0.0,-31.449776268873777,-185.8027970029704,-237.37532200984072,10,76.04138180846323,-2.449390753190924,-13.653255681436196,-18.45311495934699,10,5.564133763470481,2690.749910933092,2066.1357821595366,289.7609556387037,10,879.0794438135912,2568.862894865548,2003.2404982306116,315.35943338293634,10,838.506844826465,0.0,0.0,0.0,10,0.0,-2.3091345375503907,-14.411943070160412,-18.620927095651403,10,5.932471554368707,340.5026203970839,264.946666361045,40.40711462302172,10,113.58381848250318,332.14655373125765,262.4582505386298,43.19767154933408,10,106.11250272234446,2757.516877903706,2156.313986222731,317.192381650479,10,916.2484924008712,0.0,0.0,0.0,10,0.0,0.0,0.0,0.0,10,0.0,0.0,0.0,0.0,10,0.0,4946.421729474504,3866.4202851551104,441.9496421013592,10,1681.486799459121,0.0076923076923076,0.0013785235295221,0.0,10,0.0025169320034399,5.509069,-0.20510413,-5.6729207,1000,1.0731013,1000,685.2176870748299,28,294,419.1247442609339,13739.807865142822,9164.061002956769,297.79786014556885,294,5799.215763553409,167708.0,196.86182045936584,200000.0,406.0,1858.9882714748385,81200000.0,1015.9410267227612,406000.0
1.2724483e-07,8.892429e-09,88.79763,-0.00062558736,1.2871585e-09,0.0077293967,10.660244,149.89746,149.87927,8.764257,1326.7797,555.79047,1326.3597,1.0,-0.17015181,-1.0,10000,0.86922634,0.2885371640835053,0.2809270135556392,0.2744173557414928,10,0.004190732327161,1000,1000.0,1000,10,0.0,13524.605206489565,13403.11682138443,13050.546088218687,10,136.61761019013522,0.0,0.0,0.0,10,0.0,-2.4487793955695816,-2.545561594620508,-2.598865190061085,10,0.0576268368218925,-840.4030124999999,-847.9526062499999,-858.3444,10,5.370945130029623,395.6011419102472,364.6974756911774,326.8536624554687,10,16.72256196111094,454.9506279610772,446.7016972282648,427.75136489492206,10,7.66473632884617,0.0,0.0,0.0,10,0.0,0.0,0.0,0.0,10,0.0,0.0,0.0,0.0,10,0.0,0.0,0.0,0.0,10,0.0,-227.04140231268437,-233.54073393574512,-240.77564257892973,10,4.052778760355479,-14.719502013278406,-16.52268188423474,-18.198807362110514,10,1.215530584202981,2682.8896789222586,2615.071869522798,2509.8138308291072,10,46.75576395881868,2622.2835760922208,2584.219376333079,2526.7356997122333,10,27.028495201131665,0.0,0.0,0.0,10,0.0,-17.24357234784278,-18.23671628541927,-18.89144915635481,10,0.4369658960245173,349.1204827115954,329.7139931005136,316.91144547461244,10,8.963601065339034,344.2262695220376,329.6344822274164,308.0794903015272,10,9.095798510731164,2785.185572402719,2725.9032104783,2660.0926245293117,10,32.92580020805408,0.0,0.0,0.0,10,0.0,0.0,0.0,0.0,10,0.0,0.0,0.0,0.0,10,0.0,4954.492754096478,4893.949220839562,4770.402021092529,10,53.886384735956426,0.0,0.0,0.0,10,0.0,5.4118404,-0.19759735,-5.968028,1000,1.1007681,1000,519.9617021276596,36,470,351.5478518641441,13767.170353889464,6852.864877718053,348.3144402503968,470,4834.061074426647,168178.0,162.66337180137634,200000.0,407.0,2021.6516480445864,81400000.0,1229.5331013070008,407000.0
1.1377989e-07,7.95679e-09,90.99983,-0.00052663125,1.1456e-09,0.0078066178,10.812832,151.27753,151.25964,10.676439,1300.3485,945.79517,1298.9421,1.0,-0.177183,-1.0,9949,0.86657447,0.2832478255738803,0.2774160870081296,0.2699937761907199,10,0.003674763923651,1000,994.9,949,10,15.3,13539.608499526978,13336.849160528183,12351.933427333832,10,333.3605005182451,0.0,0.0,0.0,10,0.0,-2.43694257046134,-2.5571897553799854,-2.6817871913966567,10,0.0700870636659089,-803.7307375,-840.3911700000001,-855.9956374999999,10,13.42325942475199,396.5586287925319,366.1119483480776,343.22589679332043,10,14.596799470873393,460.4198481301176,450.0673955757249,420.9595924546662,10,11.168230565439575,0.0,0.0,0.0,10,0.0,0.0,0.0,0.0,10,0.0,0.0,0.0,0.0,10,0.0,0.0,0.0,0.0,10,0.0,-221.17209608018032,-228.85324633943185,-235.7988019445708,10,4.321043458725186,-14.310109039935533,-16.046639355103885,-18.578942535555605,10,1.3279376328261785,2646.2598225315824,2591.567983745721,2393.103063547672,10,70.14273696028629,2659.0881183602246,2533.1591986741305,2346.6188140557438,10,83.73318892462304,0.0,0.0,0.0,10,0.0,-17.421132622052834,-17.905902837080184,-18.30225723913518,10,0.228733304022655,336.6035535220927,330.3315096135607,317.4615973459892,10,5.601236836302852,332.1163476257865,324.86042188746217,307.9956007114112,10,6.265642315262991,2810.704785389622,2745.575911096798,2554.739775327267,10,68.96301757316228,0.0,0.0,0.0,10,0.0,0.0,0.0,0.0,10,0.0,0.0,0.0,0.0,10,0.0,4971.623944752639,4873.643557564717,4498.114217524305,10,130.11193132305488,0.0010537407797681,0.0001053740779768,0.0,10,0.0003161222339304,5.947895,-0.20101923,-5.5174417,1000,1.0921857,1000,539.7851458885941,36,377,356.144047381008,13683.396533966064,7075.156836297531,302.2273359298706,377,4867.241756840043,168555.0,163.02349185943604,200000.0,408.0,2184.6751458644867,81600000.0,1226.8170539031655,408000.0
1.03060955e-07,7.2243176e-09,92.819756,-0.00045924456,1.020559e-09,0.007884825,10.899971,152.0893,152.07127,11.991265,1281.0598,1084.3821,1279.1293,1.0,-0.18244612,-1.0,8214,0.8728807,0.2849639305372492,0.2798181741799546,0.2739728874408328,10,0.0033510338094561,1000,821.4,79,10,302.7636702116025,13538.291169166563,10772.408155679705,799.8161315917969,10,4172.409713719184,0.0,0.0,0.0,10,0.0,-0.2317302183423023,-2.0091987442840216,-2.5868646116956704,10,0.7649686388182272,-62.9823625,-682.6451225000001,-851.0612625,10,255.03743194498853,389.9310892893458,287.29581339909663,24.15361330975325,10,111.85039869883629,466.1907466426156,370.0399743288828,28.86325032687862,10,139.8037495503732,0.0,0.0,0.0,10,0.0,0.0,0.0,0.0,10,0.0,0.0,0.0,0.0,10,0.0,0.0,0.0,0.0,10,0.0,-19.070861388168744,-191.3960620560385,-235.2889358668188,10,69.49897981610333,-1.598448277364275,-14.064956934702291,-19.377403077025903,10,5.266877492089727,2634.5694371688232,2091.8363841787946,137.92647145067485,10,811.0333352592145,2558.7262133096347,2032.7030752206133,177.87040636148495,10,781.921391417749,0.0,0.0,0.0,10,0.0,-1.7722362089702457,-14.994910613479878,-19.249644979873825,10,5.553044442887052,352.24098525895874,268.7178458793757,21.37703193750293,10,102.90213922834288,332.4849979587034,268.9315642086661,28.976254886474447,10,99.2570498687599,2815.2088153540726,2199.2296014305784,195.38940752193224,10,863.6738583588705,0.0,0.0,0.0,10,0.0,0.0,0.0,0.0,10,0.0,0.0,0.0,0.0,10,0.0,4969.076292985517,3968.979813083911,251.9796050790931,10,1535.1077946818878,0.0126582278481012,0.0016256673066132,0.0,10,0.003747141920088,5.1629057,-0.20304254,-5.8127933,1000,1.0764863,1000,579.8188976377953,24,254,428.9914085611241,13796.886755943298,7723.063592625415,264.5383310317993,254,5891.245330940406,168809.0,159.61227250099182,200000.0,409.0,2344.2874250411987,81800000.0,1253.0364793769677,409000.0
9.4337075e-08,6.615223e-09,94.3701,-0.00039139698,9.317428e-10,0.007941007,10.892713,151.98285,151.96503,12.204066,1279.1907,1044.6383,1277.2942,1.0,-0.18292713,-1.0,7844,0.8753076,0.2879418825077928,0.2797069672946221,0.274481944750004,10,0.0042179551654582,1000,784.4,352,10,274.71374192056714,13340.017825126648,10213.147582292557,4160.72244644165,10,3807.348686037896,0.0,0.0,0.0,10,0.0,-0.7632685348936132,-1.9168379650127785,-2.6092558466565654,10,0.734231794985193,-281.338325,-650.92696,-850.9033625,10,237.77861452486425,379.72232545420354,277.055786169003,123.91128354490024,10,105.54564216486447,460.9456381369848,355.1135922016795,159.59690313700793,10,125.99633390115557,0.0,0.0,0.0,10,0.0,0.0,0.0,0.0,10,0.0,0.0,0.0,0.0,10,0.0,0.0,0.0,0.0,10,0.0,-82.43063866168946,-183.90126151385903,-242.3571924240805,10,64.57073049184675,-4.135823281079918,-13.47249235462564,-19.5350678522142,10,5.624042296131477,2644.393568168668,2010.5219451081996,840.2977035108253,10,730.8662365283261,2597.215194253602,1916.5457131867763,750.0897732893187,10,737.1269615967858,0.0,0.0,0.0,10,0.0,-6.412380525127184,-14.123995402169555,-18.90105872755611,10,4.961879627066325,342.59096958992745,250.65095677879964,109.7583552519428,10,90.92505908100318,346.5873075453428,260.10670242059547,116.7995054748566,10,92.32901044712864,2780.2376183489714,2081.4573337825304,855.7698102142581,10,779.3481952282146,0.0,0.0,0.0,10,0.0,0.0,0.0,0.0,10,0.0,0.0,0.0,0.0,10,0.0,4942.929327771259,3744.007573899056,1498.845635354558,10,1398.7792085979354,0.002840909090909,0.0009186905921311,0.0,10,0.0011681909989963,5.2608337,-0.20431517,-5.551143,1000,1.0725261,1000,720.1307692307693,34,260,407.03034074135513,13795.685864448547,9686.263140164889,307.2929639816284,260,5617.659187547667,169069.0,158.56494879722595,200000.0,410.0,2502.8523795604706,82000000.0,1261.3128028424585,410000.0
8.708401e-08,6.1094414e-09,95.5809,-0.00029542934,8.5727986e-10,0.007941901,10.887231,151.96779,151.94994,12.199948,1280.4891,971.0267,1278.6028,1.0,-0.19018567,-1.0,9018,0.86621016,0.2771944351703453,0.2729768863253549,0.266894098301666,10,0.0030059674087568,1000,901.8,559,10,161.71011100113685,13463.436765670776,11989.216573143003,7080.746294021606,10,2213.628350812041,0.0,0.0,0.0,10,0.0,-1.3347220947247345,-2.286893629664404,-2.66299468713312,10,0.4437212770126502,-454.1006625,-749.0973375000001,-842.2978125,10,138.89384547309157,369.3140078143092,318.1218161254559,202.58153189507303,10,55.24358717571413,460.5762894967969,405.5332564800659,251.3398898791897,10,71.84857899867234,0.0,0.0,0.0,10,0.0,0.0,0.0,0.0,10,0.0,0.0,0.0,0.0,10,0.0,0.0,0.0,0.0,10,0.0,-128.37694152888503,-204.4042248965032,-230.1066606757188,10,36.86257861067492,-9.618466149544217,-16.326614545365437,-20.16949433509305,10,3.303453665327033,2603.3027689563305,2307.339433715851,1331.181120305738,10,422.5404303935024,2540.1312528770804,2221.717537361034,1288.4644220292291,10,424.42775297439897,0.0,0.0,0.0,10,0.0,-10.383498505879892,-16.185085366357814,-18.460701479590323,10,3.009124780465817,342.5570040989141,296.37233674793526,179.93470162624556,10,55.0909602178243,331.417235578914,293.5361832392076,185.229045372906,10,49.78346347146719,2817.862607476516,2486.907379597772,1456.949072127652,10,467.1158201856767,0.0,0.0,0.0,10,0.0,0.0,0.0,0.0,10,0.0,0.0,0.0,0.0,10,0.0,4959.513871107206,4446.075874972858,2662.095779591445,10,818.841855215767,0.0017889087656529,0.0004575312490534,0.0,10,0.0007107238758998,5.1144443,-0.20146681,-5.638126,1000,1.0739713,1000,732.4654545454546,49,275,393.9598614617677,13810.837971687317,9863.837844619751,469.394558429718,275,5459.77688698142,169344.0,197.63234782218933,200000.0,411.0,2700.4847316741943,82200000.0,1011.9800842519002,411000.0
8.102142e-08,5.6891953e-09,96.48514,-0.00023544792,7.925178e-10,0.007954259,10.908343,152.18974,152.17197,12.456041,1279.8076,977.989,1277.7954,1.0,-0.18388616,-1.0,8342,0.8701275,0.2914468463121988,0.2791603938580941,0.268285293113364,10,0.006099939519322,1000,834.2,117,10,332.47820981231234,13380.352725982666,10974.635045862198,1448.011631011963,10,4485.275903796462,0.0,0.0,0.0,10,0.0,-0.3133376965065927,-2.0582942200442877,-2.5395871416041462,10,0.8257369887997497,-95.6281875,-695.42910125,-847.7058875,10,280.39114750180795,398.49202916132,306.9101686692751,45.36161203623258,10,123.11645813447734,457.92208200966576,373.38088405456057,43.41515009495416,10,153.87169222177906,0.0,0.0,0.0,10,0.0,0.0,0.0,0.0,10,0.0,0.0,0.0,0.0,10,0.0,0.0,0.0,0.0,10,0.0,-29.12803152446368,-192.7435414704541,-236.02224992070308,10,75.70476754429424,-1.536255693314419,-14.456958332240356,-18.764522723150037,10,5.956383600554843,2634.8672374573807,2113.715418387924,308.15019741599906,10,846.5832081200166,2494.7011620340936,2043.22371798467,279.3698082623288,10,818.7394605992158,0.0,0.0,0.0,10,0.0,-2.482244255425682,-15.115287380132518,-18.446322895984142,10,5.751573589919088,354.0530866936663,275.7008236400629,32.93187621126015,10,114.34375851527184,338.0580337870414,270.5036775603808,37.44799101196217,10,107.53260991356018,2810.3214517278343,2288.511570004247,265.888068745756,10,963.2816658460948,0.0,0.0,0.0,10,0.0,0.0,0.0,0.0,10,0.0,0.0,0.0,0.0,10,0.0,4966.938219246655,4032.376742205693,535.802546508909,10,1656.0994359829765,0.0085470085470085,0.0012991452991452,0.0,10,0.0027554792040492,5.4956083,-0.20033576,-5.9051766,1000,1.0889473,1000,501.08743169398906,29,366,403.472337071488,13796.858758926392,6633.8396390956605,222.14756774902344,366,5569.822727422931,169710.0,159.53424859046936,200000.0,412.0,2860.018984556198,82400000.0,1253.6493058202682,412000.0
7.576788e-08,5.3183435e-09,97.067924,-0.00016438533,7.4308504e-10,0.007929819,10.778483,150.91383,150.89598,11.279129,1300.8925,721.80707,1299.7665,1.0,-0.19072624,-1.0,9901,0.86687356,0.2849776847163369,0.2736162305430276,0.2677380114221361,10,0.0057255800415885,1000,990.1,901,10,29.700000000000003,13402.782923698423,13029.97237420082,11191.732349395752,10,620.5131455066435,0.0,0.0,0.0,10,0.0,-2.0507038145621213,-2.442879405003258,-2.5877922682753325,10,0.144094530544971,-744.064275,-819.824695,-843.3241624999999,10,26.72606649530754,387.76622317196177,356.0033050567142,320.3244674716633,10,18.379284828868663,453.9608283732581,441.99466415648976,403.8867443856512,10,13.499047084379995,0.0,0.0,0.0,10,0.0,0.0,0.0,0.0,10,0.0,0.0,0.0,0.0,10,0.0,0.0,0.0,0.0,10,0.0,-215.81222975821544,-225.01866222654388,-236.26291976638535,10,5.046532409978482,-13.727364523104658,-17.24781822860707,-21.537986547455372,10,2.308561858618318,2616.127290219552,2528.104977787353,2232.2409257480517,10,102.73948781206606,2503.134875746708,2403.520996610142,2050.7250717501647,10,123.37849900739008,0.0,0.0,0.0,10,0.0,-15.579590351840649,-17.68932230427925,-18.322491631169857,10,0.8009055593184998,344.2729451280995,315.12857914034925,282.3107031869656,10,16.196417508194372,344.0907912795069,326.79082364375665,291.54262679220506,10,13.772615384638195,2798.11212210655,2720.7630513423624,2396.6526913858625,10,111.59473798582134,0.0,0.0,0.0,10,0.0,0.0,0.0,0.0,10,0.0,0.0,0.0,0.0,10,0.0,4948.599950319045,4798.0996941049725,3980.5450994420953,10,281.26962574025134,0.0011098779134295,0.0001109877913429,0.0,10,0.0003329633740288,5.043163,-0.20438752,-5.523098,1000,1.0743523,1000,744.6534296028881,37,277,382.77352235969215,13782.630190849304,10035.4919086217,337.6479253768921,277,5309.003737727875,169987.0,161.8119387626648,200000.0,413.0,3021.830929040909,82600000.0,1236.0027420062431,413000.0
7.1334696e-08,4.9982423e-09,97.41758,-0.0001296976,7.085343e-10,0.007923105,10.700638,150.23445,150.21664,10.325471,1315.3024,625.66724,1314.5465,1.0,-0.19411634,-1.0,9587,0.86803883,0.2822378264445484,0.2735348348764027,0.2683844931987893,10,0.0038659542035318,1000,958.7,587,10,123.9,13403.903380393982,12713.588079547882,7637.521615028381,10,1693.2624822285086,0.0,0.0,0.0,10,0.0,-1.4755824586192263,-2.414837808394324,-2.575184037271592,10,0.3158010389721716,-490.003175,-792.21588,-840.10695,10,101.06791357748544,401.13008381233647,351.0828038617004,216.04238197673905,10,48.540900592027135,453.12168618800985,427.71623523617535,257.2695497523045,10,56.98052477182704,0.0,0.0,0.0,10,0.0,0.0,0.0,0.0,10,0.0,0.0,0.0,0.0,10,0.0,0.0,0.0,0.0,10,0.0,-138.63702665906345,-217.64958886450944,-231.0016994391088,10,26.44980731200765,-11.035013721729491,-17.64589614325714,-20.97833995728,10,2.594951045500031,2626.95465243475,2458.7077958865093,1517.22410939074,10,315.97820822181694,2518.685076544937,2362.869202654087,1422.375872461586,10,316.0502130290491,0.0,0.0,0.0,10,0.0,-11.32926837735072,-17.605386316447067,-19.65268008270196,10,2.1849668697769995,337.8128827086646,310.8471945695274,181.895128139591,10,43.4808993134497,331.3205437177457,311.3726762625182,189.52507144811864,10,40.88683324603393,2759.8225897229936,2615.938592978181,1515.7148615510005,10,367.04994175935497,0.0,0.0,0.0,10,0.0,0.0,0.0,0.0,10,0.0,0.0,0.0,0.0,10,0.0,4957.842820055901,4708.242025691332,2853.3642654699806,10,619.0723660375174,0.0017035775127768,0.0001703577512776,0.0,10,0.000511073253833,5.6015186,-0.20181909,-5.3307157,1000,1.0919604,1000,598.0930735930735,23,462,379.83900382462537,13786.031684875488,7981.930841550682,185.0597891807556,462,5255.282365185392,170449.0,161.0573947429657,200000.0,414.0,3182.888330221176,82800000.0,1241.7933390713508,414000.0
6.7341134e-08,4.7225757e-09,97.77951,-9.88884e-05,6.647159e-10,0.007921248,10.771968,150.91008,150.8924,10.843821,1307.3993,719.1742,1306.1709,1.0,-0.20379446,-1.0,7558,0.8665483,0.2936342802195809,0.2716559063176002,0.2656926825763159,10,0.0080520456984756,1000,755.8,99,10,378.9234223428264,13474.27693748474,10049.015828895568,1203.169319152832,10,5102.5035859506825,0.0,0.0,0.0,10,0.0,-0.2329167118478267,-1.9464594102769552,-2.7587315829102974,10,0.9898330630516824,-75.16040000000001,-620.2509375,-839.1398125000001,10,313.3104567924024,391.6398160496047,276.50220801675505,34.55919237011548,10,140.41047995537585,457.33860734517646,337.3939869814809,30.97519441692572,10,175.78788310442903,0.0,0.0,0.0,10,0.0,0.0,0.0,0.0,10,0.0,0.0,0.0,0.0,10,0.0,0.0,0.0,0.0,10,0.0,-22.70800051894968,-168.83774991662236,-229.3814271269963,10,83.46923738106325,-0.8373317979872081,-13.763277402645375,-20.07819455812996,10,7.091690511478275,2646.372152538397,1962.77214816528,265.72819902726025,10,978.545866611456,2558.34227820224,1862.5694594053189,205.9627453588569,10,954.1432843148474,0.0,0.0,0.0,10,0.0,-1.501370875198403,-14.171913207254772,-19.533148911161035,10,7.119288759266645,340.84906183829384,243.14953901373772,27.13384639437964,10,123.2462251177342,339.1758812277461,248.3290348627972,32.649390240893176,10,123.69400159922856,2776.7074528317166,2061.339704098621,215.3037454457965,10,1054.9648242513097,0.0,0.0,0.0,10,0.0,0.0,0.0,0.0,10,0.0,0.0,0.0,0.0,10,0.0,4984.423303328247,3709.9382248912734,418.11846819577073,10,1884.7067829763437,0.0101010101010101,0.0022795296289405,0.0,10,0.0039484168948098,5.3820868,-0.20721005,-5.584879,1000,1.0717144,1000,753.6798418972332,34,253,377.9418941641716,13786.014527320862,10156.68342481206,362.5023832321167,253,5242.53859864901,170702.0,157.99088883399963,200000.0,415.0,3340.87922334671,83000000.0,1265.895783459635,415000.0
6.393639e-08,4.4885664e-09,98.06736,-0.00012347389,6.2634686e-10,0.007968862,10.779428,150.9042,150.88628,11.031831,1306.7505,719.8689,1305.4799,1.0,-0.20018037,-1.0,9579,0.8672549,0.2781229963645687,0.2706983512849258,0.2641502559432154,10,0.0046791584589215,1000,957.9,579,10,126.3,13494.121510505676,12776.74662680626,7453.380508899689,10,1775.6294911152663,0.0,0.0,0.0,10,0.0,-1.4211712643713832,-2.4628654305277484,-2.635848076565217,10,0.3500756344558496,-465.09445,-792.381675,-841.4688375,10,109.45990249167372,396.8415977221406,366.91327198340855,225.9064668544458,10,47.467328060102325,449.85585081096974,424.0271740871035,249.02459342333688,10,58.55609213304193,0.0,0.0,0.0,10,0.0,0.0,0.0,0.0,10,0.0,0.0,0.0,0.0,10,0.0,0.0,0.0,0.0,10,0.0,-129.63396189481773,-215.17262134598795,-231.3110913632328,10,28.82728254829305,-9.614663760613569,-17.156527157480003,-19.29065293437803,10,2.677310377992477,2638.015302468353,2472.4954779098016,1430.6138573867815,10,348.95737488745743,2576.536882500394,2393.51910827183,1373.3921052655346,10,341.47294660501007,0.0,0.0,0.0,10,0.0,-11.825257043426417,-18.141744911115133,-19.63271786877216,10,2.173311965995586,342.3840964063628,318.58587672099134,198.3698114095752,10,40.74208958834092,343.1614925694096,313.9154195451717,178.51994935153994,10,45.66414725710186,2754.353452741666,2605.00236614897,1534.4171362682414,10,357.5166509978691,0.0,0.0,0.0,10,0.0,0.0,0.0,0.0,10,0.0,0.0,0.0,0.0,10,0.0,4972.026329023891,4716.168198693861,2753.312015481915,10,654.8704078298928,0.001727115716753,0.0001727115716753,0.0,10,0.0005181347150259,5.3527393,-0.21067926,-5.653044,1000,1.0741266,1000,697.9054545454545,41,275,402.7040309156372,13798.16952228546,9369.413614680334,434.5403861999512,275,5597.21806463655,170977.0,197.6795825958252,200000.0,416.0,3538.5588097572327,83200000.0,1011.7382755148726,416000.0
6.093136e-08,4.278465e-09,98.40318,-0.00012824929,5.9604427e-10,0.008000502,10.722286,150.26686,150.24908,10.943851,1312.8655,697.7886,1311.8236,1.0,-0.20700788,-1.0,10000,0.86459595,0.2722940282534502,0.267360305304973,0.2631094115184914,10,0.0029336190584622,1000,1000.0,1000,10,0.0,13600.78413581848,13407.374511432648,13168.462368011476,10,119.95673560766636,0.0,0.0,0.0,10,0.0,-2.429102594776017,-2.570496930999288,-2.706291108729171,10,0.0744084054053324,-810.1849,-820.47800625,-830.435575,10,5.934401951100576,414.1147244843133,383.2311992834891,357.2729786043027,10,16.49898277792387,455.7955619504445,446.9092758898945,437.77161732472746,10,5.846325323049445,0.0,0.0,0.0,10,0.0,0.0,0.0,0.0,10,0.0,0.0,0.0,0.0,10,0.0,0.0,0.0,0.0,10,0.0,-217.6873741274657,-221.41966407006743,-226.65250167796285,10,2.9430855664331657,-14.485041188877007,-17.458274392024816,-19.73768303070752,10,1.7487702598053367,2671.4152075737584,2620.8442428127355,2591.3882832098434,10,24.04571620751948,2593.166853437494,2505.879889925127,2411.354598186521,10,44.92110768551077,0.0,0.0,0.0,10,0.0,-17.628381707271316,-18.779559504615225,-19.624365236019184,10,0.6543123119385528,342.4789541131513,332.4921047495353,321.29429606923327,10,6.875904607921818,336.7874577122652,324.64261566109974,309.67976899847054,10,7.010593962528248,2764.6634215434096,2719.592397642193,2648.550786916944,10,33.24558540734825,0.0,0.0,0.0,10,0.0,0.0,0.0,0.0,10,0.0,0.0,0.0,0.0,10,0.0,4972.618277792241,4936.991503239378,4781.7598121101255,10,54.89987321676446,0.0,0.0,0.0,10,0.0,5.2817674,-0.21111004,-6.117105,1000,1.073734,1000,705.1604477611941,24,268,390.590884663082,13783.532954216003,9483.939387964669,258.5602216720581,268,5409.5478525886765,171245.0,161.34974217414856,200000.0,417.0,3699.908558130264,83400000.0,1239.543350395536,417000.0
5.8120353e-08,4.080932e-09,98.908714,-0.00017801231,5.686958e-10,0.008090709,10.776179,150.7185,150.70071,11.674833,1302.7963,821.92334,1301.2468,1.0,-0.20692039,-1.0,10000,0.8656222,0.276066211870664,0.2680528499590854,0.2611867515192666,10,0.0040545881447699,1000,1000.0,1000,10,0.0,13585.64149093628,13361.735909700394,13119.675773620604,10,133.28626020125722,0.0,0.0,0.0,10,0.0,-2.460395563519701,-2.565444845497558,-2.640880131654237,10,0.0469936271710058,-808.9611749999999,-820.27273625,-840.3438,10,8.171589354268583,414.93575873200047,391.1482489666784,380.71613848802485,10,10.092518206660856,457.9972248716206,446.9027493310176,417.272705032981,10,10.590088548735537,0.0,0.0,0.0,10,0.0,0.0,0.0,0.0,10,0.0,0.0,0.0,0.0,10,0.0,0.0,0.0,0.0,10,0.0,-215.6991463229532,-222.1483460400853,-229.3240698486848,10,3.9441640608620494,-15.946710514093596,-17.402891572511308,-19.11013534916857,10,0.9790676090423598,2684.382673508354,2598.6891136805098,2512.486999506664,10,44.06398884766319,2576.9834141035485,2502.2681345397737,2360.86005288718,10,57.76013660348246,0.0,0.0,0.0,10,0.0,-18.197410621956084,-18.753826083285528,-19.2408890053618,10,0.3116398509202038,357.29962150444584,331.22636363096933,312.8353711899757,10,13.525448182460517,338.23974518007594,326.70089522330187,312.7556499014064,10,8.660383973966884,2765.691009085,2695.919492299065,2602.5455467331367,10,45.13485687272807,0.0,0.0,0.0,10,0.0,0.0,0.0,0.0,10,0.0,0.0,0.0,0.0,10,0.0,4968.792364626858,4931.811102951678,4841.304976470257,10,38.65313895803822,0.0,0.0,0.0,10,0.0,5.477504,-0.20738049,-5.4496236,1000,1.0856202,1000,466.7820069204152,42,289,340.92217331462024,13765.190366744995,6103.750995690435,427.4537506103516,289,4707.229023016954,171534.0,161.1174554824829,200000.0,418.0,3861.026018619538,83600000.0,1241.3304281716669,418000.0
5.5605373e-08,3.9080725e-09,99.231094,-5.699565e-05,5.403577e-10,0.0079954825,10.760091,150.49582,150.47815,11.701137,1301.827,763.5335,1300.5377,1.0,-0.19790165,-1.0,9206,0.8713573,0.2818781494784648,0.2737207709535328,0.265512509945733,10,0.0053756887333299,1000,920.6,392,10,184.7204374182781,13640.069880485536,12073.35983104706,4660.880284309387,10,2636.217569087489,0.0,0.0,0.0,10,0.0,-0.8307487466951446,-2.3123748595400366,-2.68194093072833,10,0.5427203708631314,-301.549525,-759.2582025,-850.1336,10,160.71004501677942,417.0725457763516,365.8335806175855,151.87482868343773,10,77.81447083165317,459.54323105619767,409.5332359842814,157.88989004165734,10,90.48843904898747,0.0,0.0,0.0,10,0.0,0.0,0.0,0.0,10,0.0,0.0,0.0,0.0,10,0.0,0.0,0.0,0.0,10,0.0,-89.005572444526,-209.8644694307976,-233.15237744879585,10,41.7371396798607,-5.774279356471928,-14.42307983554166,-19.385592199281437,10,3.545929656831637,2695.3075353018244,2361.519147126965,910.9565607155248,10,522.4483275496567,2636.822445746481,2315.5297969719345,920.6313621275862,10,497.06520692534247,0.0,0.0,0.0,10,0.0,-6.818307562357939,-17.051615058755676,-19.39061086174793,10,3.540266374480584,345.25801480218814,306.10100561356586,114.7712482276327,10,67.7235285388017,340.9561547816776,301.7240846030563,139.80041734920232,10,57.815495812701215,2716.410716542479,2386.387007345262,865.549874481299,10,546.2271608605602,0.0,0.0,0.0,10,0.0,0.0,0.0,0.0,10,0.0,0.0,0.0,0.0,10,0.0,4943.02298801395,4423.553253971707,1716.0082278722373,10,951.8651694005658,0.0025510204081632,0.0003779521636664,0.0,10,0.0008116921837182,5.5847425,-0.21078888,-5.5243406,1000,1.0716298,1000,753.1381818181818,28,275,383.869242648118,13771.43355369568,10147.509666670452,308.5205268859863,275,5300.574958641258,171809.0,160.61633586883545,200000.0,419.0,4021.642359018326,83800000.0,1245.2033531839909,419000.0
5.3489078e-08,3.758963e-09,99.240234,-5.3904365e-05,5.201634e-10,0.0079931235,10.680763,149.6844,149.66667,10.695748,1313.9226,628.7293,1313.0934,1.0,-0.19762057,-1.0,10000,0.8690059,0.2807741256685201,0.2724748102920905,0.2613689427864317,10,0.0063194080924767,1000,1000.0,1000,10,0.0,13558.174573898315,13247.01727809906,13051.824536800385,10,158.64167622371778,0.0,0.0,0.0,10,0.0,-2.5184039881781333,-2.6054007131580272,-2.7022359040442643,10,0.057279065006103,-805.9215999999999,-830.7217687499999,-847.4295625,10,12.42871879525056,415.5469578644576,396.7063581405856,362.9487296074364,10,14.5450760939551,455.9247023831904,444.4315951135191,432.31700893672433,10,7.013237605931087,0.0,0.0,0.0,10,0.0,0.0,0.0,0.0,10,0.0,0.0,0.0,0.0,10,0.0,0.0,0.0,0.0,10,0.0,-216.31257464118195,-226.1081712484579,-233.6367159110944,10,5.805969221798772,-15.522467832866576,-17.050266671916383,-20.469693946608054,10,1.6190322924198652,2689.192996696332,2553.8770245814444,2474.8624936763977,10,56.191165589555744,2600.2865947329446,2537.8308940314323,2507.2674070728617,10,24.23029012301378,0.0,0.0,0.0,10,0.0,-18.04491832053613,-19.122900777459968,-19.960948597242236,10,0.5452245983109094,346.9510546345886,333.655894446796,318.36185676969444,10,9.457281956961827,336.6028100618345,323.4667122789386,302.9368345308507,10,9.877830563572132,2742.8289674254274,2662.20741982259,2608.2518806771927,10,45.24019328273884,0.0,0.0,0.0,10,0.0,0.0,0.0,0.0,10,0.0,0.0,0.0,0.0,10,0.0,4972.281241007382,4868.614185810746,4701.004446153644,10,90.85325237567665,0.0,0.0,0.0,10,0.0,5.5345836,-0.2081438,-5.765897,1000,1.0713904,1000,759.8772563176896,42,277,381.3032839096328,13768.29363822937,10250.188454966252,436.6432876586914,277,5279.021438696115,172086.0,162.0596010684967,200000.0,420.0,4183.701964616776,84000000.0,1234.1138610816847,420000.0
5.154206e-08,3.6204437e-09,99.23244,-1.9250512e-05,5.0292176e-10,0.007957845,10.664928,149.55782,149.54004,10.3235,1317.94,605.00336,1317.1256,1.0,-0.19837959,-1.0,9754,0.8679073,0.277956027480302,0.2717969103651637,0.2661379568171206,10,0.0039421493086061,1000,975.4,754,10,73.8,13618.831374168396,13018.04567041397,9744.085104942322,10,1098.4584172077334,0.0,0.0,0.0,10,0.0,-1.9272700045339783,-2.501914659791833,-2.631137886369609,10,0.2012112807176281,-612.1190875,-806.1071325,-838.84375,10,65.27008268216841,403.3420396869657,367.7457399129239,277.5288604288745,10,32.9494858382571,454.7775977690301,435.7254801552743,326.85356979446016,10,36.49588104171073,0.0,0.0,0.0,10,0.0,0.0,0.0,0.0,10,0.0,0.0,0.0,0.0,10,0.0,0.0,0.0,0.0,10,0.0,-171.55266948275028,-220.03324928827243,-232.2690916621328,10,16.578644789740295,-14.42524000970992,-17.303699022115612,-19.26920396155782,10,1.5211446259554111,2706.079743506167,2560.804871005511,1949.4525525729264,10,208.8306952643648,2609.5665693481533,2475.8149687906457,1887.1266180167745,10,200.0803479763739,0.0,0.0,0.0,10,0.0,-15.23767039897172,-18.22486418082702,-19.13603914561626,10,1.0849457574708017,333.15524044900684,320.2330845619176,253.37516062751504,10,22.497211133983868,344.4435398900122,320.1421838147391,234.05994134395075,10,29.590234630121248,2758.892657864757,2625.5620027010773,1850.9004203408208,10,259.2175764114932,0.0,0.0,0.0,10,0.0,0.0,0.0,0.0,10,0.0,0.0,0.0,0.0,10,0.0,4963.203849397278,4760.432423053642,3611.738864492782,10,390.7471787266264,0.0013262599469496,0.0001326259946949,0.0,10,0.0003978779840848,5.3057427,-0.20773742,-5.5681615,1000,1.0684379,1000,785.9263565891473,50,258,374.502913955478,13775.272864341736,10634.753288951031,518.7795114517212,258,5194.9109329562125,172344.0,198.2492139339447,200000.0,421.0,4381.9511823654175,84200000.0,1008.8312383757478,421000.0
4.968538e-08,3.4835594e-09,99.012825,4.3067892e-05,4.912716e-10,0.007877959,10.632297,149.27351,149.2557,9.490588,1324.743,515.7805,1324.1283,1.0,-0.18786147,-1.0,8706,0.87290156,0.2952178958808918,0.277727107731718,0.2583502087949782,10,0.01015400797798,1000,870.6,265,10,261.34926822166534,13377.304299354551,11315.62484369278,3308.1621599197388,10,3425.730585445461,0.0,0.0,0.0,10,0.0,-0.6432182539560751,-2.160044325899176,-2.6919639948128213,10,0.6517827430823714,-215.9479875,-721.69181875,-840.7977625,10,220.0075834212064,392.6656911480442,325.4711277660102,91.57398947996126,10,105.92598619720174,457.0843198856098,382.9848718046712,104.21174234540808,10,118.35724301986022,0.0,0.0,0.0,10,0.0,0.0,0.0,0.0,10,0.0,0.0,0.0,0.0,10,0.0,0.0,0.0,0.0,10,0.0,-66.85901232587987,-201.544532839537,-239.77379225643975,10,61.01157384761476,-4.413888322735108,-15.127037220706692,-22.10448825085077,10,5.229728360548523,2671.183708651686,2240.5525143622986,634.614646357727,10,689.6280374446901,2526.8041503221057,2140.072619782012,580.6285685359385,10,672.9358336164079,0.0,0.0,0.0,10,0.0,-5.562233519870127,-15.36386555402478,-20.2576812448783,10,4.49987442779673,331.8976080954478,281.1961336310705,90.46469185621552,10,83.54892638776228,346.65523316548104,288.45316718439665,86.74023698502666,10,87.81934684716252,2713.8022904329787,2298.638116577051,659.2968977636555,10,693.4772400385218,0.0,0.0,0.0,10,0.0,0.0,0.0,0.0,10,0.0,0.0,0.0,0.0,10,0.0,4969.013784599092,4116.622667864674,1288.5410241921663,10,1226.66786233824,0.0037735849056603,0.0007032925256791,0.0,10,0.0012406981369976,5.303852,-0.20594552,-5.2738,1000,1.0678184,1000,773.7234848484849,42,264,380.0959150003813,13761.765449523926,10421.92702967651,377.8195095062256,264,5264.70720460184,172608.0,159.17101979255676,200000.0,422.0,4541.122206687927,84400000.0,1256.5101377163664,422000.0
4.7922946e-08,3.3554197e-09,98.50268,9.1084374e-05,4.784166e-10,0.00778913,10.543981,148.4331,148.41527,8.292237,1338.3986,400.87292,1338.3977,1.0,-0.18385424,-1.0,9587,0.8692699,0.28331828785029,0.276915904407142,0.2669962706956999,10,0.0048173593365414,1000,958.7,587,10,123.9,13429.177871704102,12750.382267189028,7724.981679916382,10,1677.5221915423724,0.0,0.0,0.0,10,0.0,-1.4953802655492978,-2.4579182294479995,-2.6287516977405865,10,0.3242668172900763,-488.5623375,-803.06953125,-856.1930125,10,105.51061484859537,404.5524578614096,362.214781369706,222.93098038699816,10,49.24650993947612,457.3214329613618,426.8890914546076,254.1883201263101,10,57.78242282056327,0.0,0.0,0.0,10,0.0,0.0,0.0,0.0,10,0.0,0.0,0.0,0.0,10,0.0,0.0,0.0,0.0,10,0.0,-137.3142558627275,-220.4403318635308,-235.42098586171232,10,28.01451972610512,-9.31097762798336,-16.195517401265963,-18.382088420477245,10,2.5379319237860494,2681.160869801791,2520.502787093178,1528.013527224212,10,332.8680018898165,2551.2555787038827,2405.174302755794,1451.2519517153237,10,319.32675018594057,0.0,0.0,0.0,10,0.0,-10.69633947032996,-17.224269008045123,-18.964526421662903,10,2.2415131263117427,336.9860755504694,311.6471916704257,190.9013782607332,10,40.98099175336721,336.53906268227865,316.74743754146573,187.05952797683744,10,43.36308420901528,2751.105896941821,2597.9474246305635,1575.516227584454,10,342.461208306788,0.0,0.0,0.0,10,0.0,0.0,0.0,0.0,10,0.0,0.0,0.0,0.0,10,0.0,4932.688408110798,4652.96018065084,2828.103778436652,10,612.0038500426848,0.0017035775127768,0.0001703577512776,0.0,10,0.000511073253833,5.3752055,-0.20255372,-5.1620793,1000,1.0688905,1000,754.9010989010989,32,273,392.5868296186224,13720.520287513731,10123.26417220663,347.195499420166,273,5430.892568024674,172881.0,161.04249048233032,200000.0,423.0,4702.164701223373,84600000.0,1241.9082653341363,423000.0
4.6300258e-08,3.2383607e-09,98.14827,2.2077546e-05,4.656594e-10,0.0078297835,10.536439,148.41913,148.40108,7.911348,1340.5812,383.26437,1340.6451,1.0,-0.17471245,-1.0,9258,0.87515306,0.3009823812407177,0.2826559529564143,0.2729162604028903,10,0.0085634771343646,1000,925.8,258,10,222.6,13522.872603416445,12171.659595823288,3361.5439462661743,10,2955.8838063806443,0.0,0.0,0.0,10,0.0,-0.6767001009061338,-2.3034848254496807,-2.67198036275917,10,0.5514975185389899,-211.2899375,-778.8081962499998,-862.4300625000001,10,189.43423658529755,390.1691654119146,346.9854205187527,86.68890529856404,10,87.17811385897164,448.6236630119714,410.8874496630757,107.47395325348202,10,101.1707134028924,0.0,0.0,0.0,10,0.0,0.0,0.0,0.0,10,0.0,0.0,0.0,0.0,10,0.0,0.0,0.0,0.0,10,0.0,-60.36548880626931,-218.76053042107336,-253.73495803255187,10,53.43432964300872,-4.866701441167692,-15.420765856191895,-19.913108539400447,10,3.9716660682693754,2697.6190065992514,2441.5599732531678,659.380729004856,10,595.0833187449228,2668.752412300872,2342.029423643309,602.7510034931227,10,583.9555729061838,0.0,0.0,0.0,10,0.0,-5.0995188817575645,-16.197253728183302,-18.88646447310355,10,3.851482879264372,337.0208072645802,297.2091759709439,83.68337375157492,10,71.51688721505042,345.8350446812373,307.25945707498687,85.83155829895034,10,74.18098389882618,2739.824878432435,2506.14502959766,686.5097123912011,10,606.8713128756634,0.0,0.0,0.0,10,0.0,0.0,0.0,0.0,10,0.0,0.0,0.0,0.0,10,0.0,4926.460007116526,4337.135601927693,1272.476436362494,10,1067.2992701054309,0.003875968992248,0.0003875968992248,0.0,10,0.0011627906976744,5.2519283,-0.20004219,-5.256606,1000,1.0709631,1000,775.2481203007519,46,266,381.9631601732678,13770.78828048706,10376.020519126629,431.7349615097046,266,5265.707424931444,173147.0,160.5561113357544,200000.0,424.0,4862.720817089081,84800000.0,1245.6704284632349,424000.0
4.4917925e-08,3.1386311e-09,97.90282,1.9703755e-05,4.5480386e-10,0.007812521,10.574265,148.85571,148.83759,8.074767,1334.358,452.68558,1334.1842,1.0,-0.17404385,-1.0,9083,0.87623966,0.2897431532500992,0.2840944673821844,0.2797629544581992,10,0.0027658930966543,1000,908.3,368,10,199.1381681145029,13711.973014831545,11934.258743095395,4574.856503963471,10,2777.4241772071828,0.0,0.0,0.0,10,0.0,-0.9165097971007534,-2.259803139833944,-2.615447993980612,10,0.4856631115077021,-305.45755,-764.05638875,-856.9825125,10,168.92713277545352,387.97296704974246,339.02868088184465,128.01226159776584,10,78.88659802913325,457.2666493725546,406.4958068644373,152.0709995592037,10,94.17118129177358,0.0,0.0,0.0,10,0.0,0.0,0.0,0.0,10,0.0,0.0,0.0,0.0,10,0.0,0.0,0.0,0.0,10,0.0,-90.3438850889988,-215.3734517435875,-240.98577552108344,10,46.25311033717534,-6.631675580652455,-14.738144901998888,-17.81234780995996,10,3.168993764535492,2770.884071896348,2361.3266846277875,873.5710540927527,10,562.378987414317,2701.829835003642,2301.448842646543,869.2727058297172,10,536.468570853436,0.0,0.0,0.0,10,0.0,-7.790659297225819,-16.232851717660203,-19.14337688980304,10,3.0448713474624376,338.38455964906734,292.0894088546934,124.0159767318342,10,66.02618575156473,340.24417466697287,301.5051391739483,117.73254282542892,10,67.19796116352187,2765.6285231289776,2413.639671306254,905.784211368166,10,569.2937989808743,0.0,0.0,0.0,10,0.0,0.0,0.0,0.0,10,0.0,0.0,0.0,0.0,10,0.0,4905.506930282116,4320.8965906237,1727.2203347190052,10,985.1200437383708,0.0027173913043478,0.0004115992702949,0.0,10,0.0008744233402672,5.4692087,-0.19590537,-6.048956,1000,1.0892208,1000,590.8586118251928,43,389,384.4915489547335,13682.448802947998,7791.896044123448,368.6993861198425,389,5274.965188402104,173536.0,159.79994463920593,200000.0,425.0,5022.520765542984,85000000.0,1251.564889159112,425000.0
4.371768e-08,3.0523994e-09,97.81412,-3.7915128e-05,4.4501455e-10,0.007863044,10.62949,149.3392,149.3211,8.440773,1324.566,539.51306,1324.1902,1.0,-0.17375323,-1.0,9514,0.87748986,0.2889382595399358,0.2848509370680162,0.2777582403284863,10,0.0037381038975592,1000,951.4,514,10,145.8,13469.777932167051,12556.72545580864,6804.988834381104,10,1921.6985375021168,0.0,0.0,0.0,10,0.0,-1.2347036156880384,-2.387834543587116,-2.6379540773838235,10,0.3916937515255154,-431.30385,-801.58921875,-851.9297125,10,123.5771038815785,384.0755476940778,351.01787175419884,182.766270045919,10,57.414929034563485,446.3385204348152,414.0974628105779,220.3535157145083,10,65.0331048811521,0.0,0.0,0.0,10,0.0,0.0,0.0,0.0,10,0.0,0.0,0.0,0.0,10,0.0,0.0,0.0,0.0,10,0.0,-124.82569229886484,-226.3984519795889,-241.77794745594005,10,34.03314320958423,-8.663350585192033,-16.69865600902592,-19.567988308065743,10,2.865511680882032,2688.501219270479,2481.021089591093,1267.698953332413,10,406.42850574319954,2565.7002321151863,2375.0453450917694,1365.9317787525663,10,340.65045722506073,0.0,0.0,0.0,10,0.0,-9.15336195420841,-17.05802382097685,-19.11598353462983,10,2.692019863631653,344.8269097250874,311.6105461480125,172.40213048045425,10,47.3323104224349,348.94311785534376,316.46281758239513,163.93583389968342,10,51.33543163130231,2734.015100867622,2555.9527133405127,1403.6198276805644,10,385.4387984446548,0.0,0.0,0.0,10,0.0,0.0,0.0,0.0,10,0.0,0.0,0.0,0.0,10,0.0,4958.366236801519,4594.598782910676,2481.584122018042,10,710.028346633465,0.0019455252918287,0.0001945525291828,0.0,10,0.0005836575875486,5.2045755,-0.20152277,-5.423225,1000,1.0705249,1000,747.4372623574144,39,263,394.5273184449328,13765.69923877716,10050.666370717292,414.24488830566406,263,5432.31781757105,173799.0,197.26377964019773,200000.0,426.0,5219.784549951553,85200000.0,1013.870870591616,426000.0
4.2578854e-08,2.9744254e-09,97.82901,-5.3489024e-05,4.3188356e-10,0.0078798095,10.625949,149.24654,149.22844,8.435958,1324.0282,506.78043,1323.6228,1.0,-0.18579705,-1.0,7840,0.8742901,0.289615068760179,0.2799422145154445,0.2740056588569709,10,0.0039305801636242,1000,784.0,120,10,318.879287505476,13389.523951530457,10354.087799930572,1507.200192451477,10,4332.178600055397,0.0,0.0,0.0,10,0.0,-0.2823327222526104,-2.061688292612326,-2.691479219958082,10,0.8689835951899837,-95.1939625,-657.8962712499999,-845.2584374999999,10,271.6156224959986,398.4223579508227,297.76276478687384,43.46270405384482,10,126.52573396125348,445.8344893169309,342.0213085868466,42.44596214994563,10,143.40798569699135,0.0,0.0,0.0,10,0.0,0.0,0.0,0.0,10,0.0,0.0,0.0,0.0,10,0.0,0.0,0.0,0.0,10,0.0,-29.895216019602948,-182.1297210447668,-233.3673561635689,10,72.95198464710347,-1.886777421552566,-13.499266052819374,-18.89467770163135,10,5.546145442028806,2638.1659352251654,2032.2236033211727,313.38137186197014,10,841.1665881195928,2542.743257411641,1951.4197577197249,273.6396382369675,10,817.0819141862387,0.0,0.0,0.0,10,0.0,-2.5006223468786506,-14.771666361664154,-19.179243498084457,10,5.985340107904574,330.0465437888346,256.302148087299,31.20217193941804,10,104.9104902449538,337.3050911325362,257.5381736880787,42.62932306723094,10,104.39541070427316,2709.8172040929217,2071.7395042986327,279.4860643155006,10,887.1956603848523,0.0,0.0,0.0,10,0.0,0.0,0.0,0.0,10,0.0,0.0,0.0,0.0,10,0.0,4944.650516338311,3838.0181950414926,581.5404265702152,10,1595.5331857287626,0.0083333333333333,0.0015069744353437,0.0,10,0.0025787528388152,5.183941,-0.20401576,-5.3339763,1000,1.070492,1000,765.3533834586466,30,266,379.9170605072797,13801.334042549131,10323.310665616416,313.5231275558472,266,5258.46836295412,174065.0,157.91563534736633,200000.0,427.0,5377.700189352036,85400000.0,1266.4990364004227,427000.0
4.1479478e-08,2.8972145e-09,98.20153,-0.00011248205,4.2114312e-10,0.007968604,10.62145,149.10143,149.08313,8.702834,1323.9279,507.63892,1323.4991,1.0,-0.18457344,-1.0,9808,0.8757318,0.28566076813844,0.2803264922697636,0.2754481941515453,10,0.0035218582513846,1000,980.8,902,10,38.41041525419896,13462.175316810608,13058.75692062378,11979.34146118164,10,531.0815235072664,0.0,0.0,0.0,10,0.0,-2.1347213716005737,-2.527453722684401,-2.698852296663384,10,0.1644235413226245,-739.7022875,-821.23592625,-855.2653499999999,10,38.20429926870199,394.7605275045107,368.099449036972,335.15986116396346,10,18.68283516712568,454.0526457576861,432.30572630619616,388.07616213500125,10,20.36496487258876,0.0,0.0,0.0,10,0.0,0.0,0.0,0.0,10,0.0,0.0,0.0,0.0,10,0.0,0.0,0.0,0.0,10,0.0,-209.11091741256752,-229.34650750093812,-239.8154474846569,10,9.047801268884385,-13.410381363055192,-17.468690019013565,-20.18542916613405,10,2.0341715577266384,2668.740874207448,2575.6193384774438,2377.7255804558213,10,98.21072919441715,2564.9400503273628,2461.603224796855,2248.2250202449577,10,101.52803740769264,0.0,0.0,0.0,10,0.0,-16.51164867443977,-18.15268233880049,-19.904735334130336,10,1.0585700479346487,339.8218047293299,318.46793600826715,284.59744233875085,10,16.509309242116743,338.8835367307116,326.49205383364813,300.5328039733656,10,12.794884425846568,2715.29036829766,2613.818978289653,2389.056201359492,10,111.81864288345942,0.0,0.0,0.0,10,0.0,0.0,0.0,0.0,10,0.0,0.0,0.0,0.0,10,0.0,4971.08868587357,4827.965854708523,4390.095174791688,10,207.3388720119164,0.0011086474501108,0.0002212400209492,0.0,10,0.0004424813955167,5.3260617,-0.20339818,-5.74901,1000,1.0695056,1000,778.2716535433071,38,254,371.82418087039866,13768.155692100525,10525.626911521897,381.4635124206543,254,5137.698336813105,174319.0,160.75197219848633,200000.0,428.0,5538.452165842056,85600000.0,1244.15269850035,428000.0
4.0417305e-08,2.823255e-09,98.621765,-0.00013427708,4.1013018e-10,0.008024017,10.608614,148.85564,148.83734,8.678972,1325.299,509.81396,1324.8197,1.0,-0.1867603,-1.0,9798,0.8744265,0.2843177991167067,0.278698704084986,0.2726385682686758,10,0.0030544566648879,1000,979.8,883,10,41.02877039346902,13433.4834318161,13022.003625488282,11560.568619728088,10,617.095555148696,0.0,0.0,0.0,10,0.0,-2.2449432521219457,-2.5659039587097423,-2.7801889653719725,10,0.15894172075398,-715.4054249999999,-821.61883375,-859.6273375,10,42.73736500444279,400.96796445144446,378.4462808878081,342.0357453447318,10,17.27498068625415,445.6745891166198,425.9813645449252,369.0503258653884,10,24.28158795175292,0.0,0.0,0.0,10,0.0,0.0,0.0,0.0,10,0.0,0.0,0.0,0.0,10,0.0,0.0,0.0,0.0,10,0.0,-201.4240846047124,-227.6152158693777,-238.0946890332604,10,10.714972514495871,-14.315528085494442,-16.359065306181844,-19.69981315770054,10,1.5383512080404045,2653.6187544835198,2554.2806819019343,2247.9216876059127,10,125.24533261114892,2616.5480167328,2483.29439715874,2155.126659687224,10,147.60366113446602,0.0,0.0,0.0,10,0.0,-17.31320691953535,-18.830038073602687,-20.970770471601124,10,0.8878239180575079,330.31029313402826,316.22457590263474,277.04142111943304,10,18.24783255622608,338.0713891974625,323.3752844671334,279.8957965297163,10,17.530983048344808,2743.699054373152,2590.3467643746144,2271.764881261775,10,138.64701320030971,0.0,0.0,0.0,10,0.0,0.0,0.0,0.0,10,0.0,0.0,0.0,0.0,10,0.0,4961.533199226089,4815.840073177776,4374.977364134594,10,189.7131319456622,0.001132502831257,0.000222539900612,0.0,10,0.0004451679051989,5.2431583,-0.20426345,-6.1287713,1000,1.0729889,1000,719.1768953068593,26,277,398.8463975673527,13777.049541473389,9684.915450501529,261.7648391723633,277,5509.28312649753,174596.0,161.0605330467224,200000.0,429.0,5699.512703180313,85800000.0,1241.769142425361,429000.0
3.939143e-08,2.7518943e-09,99.12734,-0.0001438859,3.9942014e-10,0.008074074,10.566058,148.25832,148.24,8.814091,1329.3551,480.9562,1328.9849,1.0,-0.18368077,-1.0,9469,0.8746194,0.2905824870026969,0.2804221281338383,0.2764776144291358,10,0.0039713088319904,1000,946.9,469,10,159.3,13539.797196388245,12686.928959608078,6045.32757806778,10,2215.6762536818464,0.0,0.0,0.0,10,0.0,-1.290141440653345,-2.530924632417295,-2.706671405801069,10,0.4145364902434966,-398.026425,-799.25624625,-854.63375,10,133.8518629608293,399.3779572086291,367.0418417086988,177.94512332592896,10,63.497267356027216,449.6587480338901,414.9593568846488,197.77014280700377,10,72.77077585334891,0.0,0.0,0.0,10,0.0,0.0,0.0,0.0,10,0.0,0.0,0.0,0.0,10,0.0,0.0,0.0,0.0,10,0.0,-114.77668464935218,-220.6079480393589,-235.28663326977372,10,35.32896565654183,-7.738907366524634,-16.24925367821307,-20.619984408482598,10,3.2841671689877727,2697.6053344036814,2493.921523327246,1139.1274074978178,10,453.4351459530036,2628.45409104074,2428.0687253151077,1175.7019999027375,10,419.02318103124793,0.0,0.0,0.0,10,0.0,-9.950399398664754,-18.249555891449877,-19.92247096340824,10,2.803326941503109,342.96116367351,311.8457934511269,132.12886680240973,10,60.29076756675814,334.0390654409953,311.0709042255811,161.0727923603848,10,50.22112738664016,2725.631226063332,2523.409973441814,1169.175818247607,10,452.3270639426408,0.0,0.0,0.0,10,0.0,0.0,0.0,0.0,10,0.0,0.0,0.0,0.0,10,0.0,4970.54911363202,4679.362169397549,2312.732246317587,10,789.0492594641009,0.0021321961620469,0.0002132196162046,0.0,10,0.000639658848614,5.6217294,-0.20580213,-5.760732,1000,1.0693109,1000,773.7204724409448,41,254,379.8531271982587,13742.861706733704,10442.326104309615,416.1891965866089,254,5242.908790470814,174850.0,159.77736973762512,200000.0,430.0,5859.290077209473,86000000.0,1251.741722425557,430000.0
3.840161e-08,2.6819018e-09,99.65305,-0.00014527954,3.9022705e-10,0.008117522,10.502047,147.55963,147.54123,8.309956,1338.0715,413.81158,1338.0364,1.0,-0.1807656,-1.0,10000,0.87444925,0.2897511727535726,0.2806384184727594,0.2751261474149117,10,0.0043380244583663,1000,1000.0,1000,10,0.0,13530.986117362976,13342.453679609298,12986.149454593658,10,166.35549043600898,0.0,0.0,0.0,10,0.0,-2.6209423545731765,-2.71387336516486,-2.791783254185243,10,0.0543193295896885,-836.7121,-848.294065,-855.8377375,10,5.16378267511087,414.2990627143841,388.5546338048167,372.5136240625909,10,11.92737393597424,451.53442188614616,442.91416343315177,430.729241493374,10,5.9460923478098415,0.0,0.0,0.0,10,0.0,0.0,0.0,0.0,10,0.0,0.0,0.0,0.0,10,0.0,0.0,0.0,0.0,10,0.0,-227.32546445818863,-233.49812614456573,-242.738679562907,10,4.365152617561512,-15.84167899367868,-17.77937873715276,-19.707171953553,10,1.2018131293027032,2679.877364972916,2617.734900697499,2512.6946776764835,10,47.0381152571733,2604.008612509047,2553.093588449822,2486.82512284965,10,30.6029366359551,0.0,0.0,0.0,10,0.0,-18.218298959172145,-19.506432844590183,-20.84350384364317,10,0.9615958117683312,337.9635040302918,319.20714749702904,300.40579154700106,10,10.785151618601724,339.9608057219091,331.3159955192615,309.307142284533,10,8.032454048701585,2760.0593389477417,2665.8881799917563,2487.8292493080635,10,81.0621530346322,0.0,0.0,0.0,10,0.0,0.0,0.0,0.0,10,0.0,0.0,0.0,0.0,10,0.0,4953.232036571706,4918.932731944177,4832.772881835845,10,38.52985113865798,0.0,0.0,0.0,10,0.0,5.344306,-0.20335734,-6.064579,1000,1.0709211,1000,758.3256704980843,44,261,378.3872578817004,13778.751023292542,10220.989519411576,445.7564330101013,261,5220.074928740073,175111.0,197.5789692401886,200000.0,431.0,6056.869050979614,86200000.0,1012.253484108768,431000.0
3.7450253e-08,2.617028e-09,100.17484,-0.00016795806,3.7899242e-10,0.008181945,10.518492,147.72258,147.70433,8.390918,1335.7604,469.64108,1335.5104,1.0,-0.17261674,-1.0,10000,0.8773433,0.2905755277439654,0.2848722520220672,0.2821010879140848,10,0.0031890221480571,1000,1000.0,1000,10,0.0,13458.392998695374,13311.23104581833,13190.33481502533,10,67.02648530757335,0.0,0.0,0.0,10,0.0,-2.576238706111491,-2.6751138408239057,-2.806182662822403,10,0.0649716659840546,-835.5081125,-850.804675,-862.4300625000001,10,8.04269582659478,389.3943298966792,377.5125637208344,360.3854187359448,10,8.634830419701409,448.76815153854056,441.7096848772303,432.5925170396541,10,5.411756396862102,0.0,0.0,0.0,10,0.0,0.0,0.0,0.0,10,0.0,0.0,0.0,0.0,10,0.0,0.0,0.0,0.0,10,0.0,-234.9517647456438,-237.71590604334628,-243.69458110575027,10,3.0688255470415298,-15.35972982536353,-17.43853412864566,-19.62683061941388,10,1.6088828023079684,2656.692311535053,2613.717371333597,2521.646869188242,10,39.71442799337397,2646.9352438334354,2572.1393667376624,2479.1669708322265,10,42.81219985574919,0.0,0.0,0.0,10,0.0,-18.21171724261031,-19.058067432305748,-19.6095509870295,10,0.4077830685348618,333.8803073880093,315.397703302683,297.00659578559487,10,12.46366413572895,340.99102513432257,329.6404197609153,315.8197294532424,10,7.648349020999587,2741.416575584321,2693.390123609658,2624.177005884947,10,36.9300017848892,0.0,0.0,0.0,10,0.0,0.0,0.0,0.0,10,0.0,0.0,0.0,0.0,10,0.0,4955.881717596256,4864.718646069794,4767.093641918758,10,59.29091951633455,0.0,0.0,0.0,10,0.0,5.7215323,-0.19756271,-5.7680626,1000,1.0896074,1000,562.0693779904307,28,418,407.1560631747928,13754.65205669403,7473.974359976618,305.6081500053406,418,5608.951687247303,175529.0,160.8496856689453,200000.0,432.0,6217.718741178513,86400000.0,1243.3968967252592,432000.0
3.6548666e-08,2.5549738e-09,100.7124,-0.00014861858,3.689195e-10,0.008205613,10.596984,148.41978,148.4015,9.468035,1323.273,616.36884,1322.4636,1.0,-0.168186,-1.0,9471,0.87677604,0.2917940093508126,0.2860732463697452,0.2782377007637382,10,0.0042525828389742,1000,947.1,471,10,158.70000000000002,13422.781967163086,12494.575863742828,6039.928378105164,10,2157.3606941754792,0.0,0.0,0.0,10,0.0,-1.1925019716647247,-2.548816130478737,-2.784111217939647,10,0.4576537812339593,-396.88165,-811.361255,-871.7658999999999,10,138.34656075397024,399.9866210501776,362.8943373804702,174.90797752228582,10,63.77212785827611,442.6077781590018,413.7978302208429,199.05567633869916,10,71.69694474755909,0.0,0.0,0.0,10,0.0,0.0,0.0,0.0,10,0.0,0.0,0.0,0.0,10,0.0,0.0,0.0,0.0,10,0.0,-115.00263386507896,-225.72441174333505,-245.00564622046065,10,37.12631667841944,-7.437924967467112,-15.805060006308656,-19.5864911176438,10,3.109699211664223,2639.622005699689,2448.576935310458,1175.3497623762523,10,425.81649149500464,2622.5224976424715,2405.1501972462925,1081.1555771664623,10,442.2955520364287,0.0,0.0,0.0,10,0.0,-8.784874462503405,-18.17260097051313,-20.065448125651645,10,3.156939049028121,331.1889315512169,304.3758294119618,152.9885063352716,10,51.500315454894185,329.5557515024643,304.54607220730986,156.67925215101394,10,49.880938155531744,2758.85015206356,2556.5813817322023,1224.3630353313654,10,445.6509228113316,0.0,0.0,0.0,10,0.0,0.0,0.0,0.0,10,0.0,0.0,0.0,0.0,10,0.0,4941.272503383927,4553.289187258526,2293.1209413986344,10,763.226683366248,0.0021231422505307,0.000212314225053,0.0,10,0.0006369426751592,5.584971,-0.19751598,-5.409895,1000,1.0717224,1000,743.4747081712062,45,257,388.6831608841267,13768.509425163267,10015.32901128999,452.8346891403198,257,5364.420672803779,175786.0,160.15849447250366,200000.0,433.0,6377.8772394657135,86600000.0,1248.7629873065298,433000.0
3.5732203e-08,2.498109e-09,101.15315,-8.2400664e-05,3.6046727e-10,0.008174653,10.587097,148.3287,148.3103,9.395607,1321.6287,587.3993,1320.9946,1.0,-0.17674848,-1.0,9125,0.877337,0.2927819711997741,0.2837985183765654,0.2788328988047683,10,0.0040435346714947,1000,912.5,454,10,181.6024504239962,13358.078954696655,11985.377237272263,5779.725604534149,10,2474.5357493629563,0.0,0.0,0.0,10,0.0,-1.1412478546853249,-2.390703028741952,-2.7341755673224046,10,0.4935794038083556,-383.9535875,-770.5835800000001,-857.47595,10,155.13426626936717,391.5729306033509,342.63309070581454,169.47073919212193,10,72.49702691831197,451.13985979573175,402.6277416872637,194.7537570210038,10,83.55840791930042,0.0,0.0,0.0,10,0.0,0.0,0.0,0.0,10,0.0,0.0,0.0,0.0,10,0.0,0.0,0.0,0.0,10,0.0,-111.98937304818634,-215.9404129687106,-241.3086053131736,10,42.08579534954771,-8.486264370637123,-15.852458001758842,-18.119771060660227,10,2.953276454434819,2609.75916974937,2345.774876057189,1116.2016850632745,10,489.90771441050754,2557.868506320615,2303.512632286123,1137.324887010879,10,465.0858808983256,0.0,0.0,0.0,10,0.0,-8.11598910708528,-17.278276617799527,-20.50593659705237,10,3.6234408197907455,331.91763120089576,291.26933833126634,141.97822065158363,10,61.04799824769458,340.02078271775,300.2257920372555,155.6171446393942,10,57.618579386490296,2728.4446833363804,2407.3318501818344,1135.348803519899,10,516.4685167760064,0.0,0.0,0.0,10,0.0,0.0,0.0,0.0,10,0.0,0.0,0.0,0.0,10,0.0,4922.45254428658,4404.714228916188,2134.1661357749344,10,898.2197733125751,0.0022026431718061,0.0003692956137528,0.0,10,0.0007555711200631,5.1858625,-0.19692919,-5.1179867,1000,1.0690912,1000,787.56,42,250,379.8630574299111,13764.396061897278,10643.470442938327,469.09568309783936,250,5243.7442637422055,176036.0,159.47440671920776,200000.0,434.0,6537.351650953293,86800000.0,1254.119730648361,434000.0
3.5043254e-08,2.449825e-09,101.40031,-0.00013537411,3.5363537e-10,0.008247399,10.568614,148.19191,148.17358,9.066188,1323.509,547.3064,1323.0016,1.0,-0.17852294,-1.0,10000,0.8779596,0.2908150785641929,0.2833559666340285,0.2753747401977643,10,0.004457130773635,1000,1000.0,1000,10,0.0,13373.200093269348,13203.151531887055,12776.54373073578,10,174.41902072147505,0.0,0.0,0.0,10,0.0,-2.496755380215608,-2.6513823167766257,-2.846740411859622,10,0.1193612795622554,-832.3501125,-845.27028,-859.7260249999999,10,8.088543092146196,405.2215780738415,377.92000645642986,364.6586076879592,10,11.550236356813706,452.9090218707328,443.178877535916,429.6053450360157,10,7.124873882014609,0.0,0.0,0.0,10,0.0,0.0,0.0,0.0,10,0.0,0.0,0.0,0.0,10,0.0,0.0,0.0,0.0,10,0.0,-228.62609861496864,-236.48227453992104,-243.71728807338647,10,4.33384826306677,-16.111881558823004,-18.027325727904703,-20.59395988443899,10,1.2094003027861664,2642.9122099588176,2583.8374924509653,2510.1640661710326,10,32.120799449114706,2594.286006270351,2550.8751411872363,2516.4721435233223,10,23.865070745151623,0.0,0.0,0.0,10,0.0,-18.224167629913907,-19.215720637474657,-20.082466075724675,10,0.5720220837075839,341.67743101700216,325.6906082734297,315.607008866951,10,8.476558454558564,332.19044793370324,326.1676208384709,318.29175155926595,10,4.761722509972674,2710.4011822567936,2637.0917830419503,2423.7748534891507,10,77.2192070845577,0.0,0.0,0.0,10,0.0,0.0,0.0,0.0,10,0.0,0.0,0.0,0.0,10,0.0,4961.490874366455,4850.955652712642,4602.778043288896,10,111.02610300262434,0.0,0.0,0.0,10,0.0,6.5350814,-0.19865383,-5.246693,1000,1.0699697,1000,785.3790322580645,41,248,373.20381858378016,13763.467710494995,10598.655227372725,347.1780700683594,248,5161.167282594372,176284.0,160.40852189064026,200000.0,435.0,6697.760177373886,87000000.0,1246.8165509083833,435000.0
3.4449084e-08,2.409562e-09,101.69115,-3.1670046e-05,3.4636508e-10,0.008166963,10.561715,148.12546,148.10722,8.815213,1325.9703,509.0941,1325.522,1.0,-0.18416391,-1.0,9147,0.8765854,0.2851328444282947,0.2806889494473611,0.2764292508682065,10,0.0025029035240093,1000,914.7,147,10,255.9,13499.323449134828,12099.30590529442,1662.190782546997,10,3481.455938986411,0.0,0.0,0.0,10,0.0,-0.2211277745049425,-2.4191464847200805,-2.7579026470446064,10,0.7345355352204957,-103.7403,-768.44206125,-852.0481374999999,10,221.63284054450423,403.33507165346987,354.2566533407529,60.99743619828313,10,98.3556911671876,446.3951525963318,397.387025796318,30.101902650349068,10,122.56004048112752,0.0,0.0,0.0,10,0.0,0.0,0.0,0.0,10,0.0,0.0,0.0,0.0,10,0.0,0.0,0.0,0.0,10,0.0,-35.80373655057513,-214.33175902682063,-238.30566245694845,10,59.55297142190493,-1.667611867801434,-16.376639652865837,-19.895200241171327,10,5.040841849548505,2664.082164533337,2374.7668341027256,339.25262792286946,10,679.4882380159239,2620.8544128482,2346.6253736970184,417.1872561026173,10,643.7526668725932,0.0,0.0,0.0,10,0.0,-2.4387304184832983,-17.42999404167878,-19.84776332405493,10,5.035299079400945,343.75241956027446,299.22967536192294,48.71323417451204,10,83.92292755877118,331.61499133635544,299.1145676676597,55.8810256305884,10,81.22191415455934,2717.8570866381024,2389.7242652872656,259.0694538044115,10,713.4251955493264,0.0,0.0,0.0,10,0.0,0.0,0.0,0.0,10,0.0,0.0,0.0,0.0,10,0.0,4955.409894780252,4449.646050720528,560.1761346322875,10,1297.3056604903452,0.0068027210884353,0.0006802721088435,0.0,10,0.0020408163265306,5.174938,-0.20052813,-5.7648325,1000,1.0692456,1000,805.7438016528926,38,242,356.63432504516925,13782.62901687622,10904.671636676,370.6409854888916,242,4925.457985188553,176526.0,195.65789771080017,200000.0,436.0,6893.418079376221,87200000.0,1022.1923180203942,436000.0
3.389176e-08,2.370679e-09,101.806984,-0.00011012513,3.4066167e-10,0.008254682,10.541591,147.91006,147.89183,8.651379,1329.7023,484.02905,1329.3864,1.0,-0.19373816,-1.0,9638,0.8732653,0.2820749431349451,0.2762734818351883,0.270653687985648,10,0.0032152842482672,1000,963.8,638,10,108.6,13435.69097995758,12772.470096254348,8135.399944782257,10,1547.593000233457,0.0,0.0,0.0,10,0.0,-1.6645458991802946,-2.5640958968016734,-2.7503212729861874,10,0.3035950172805535,-530.6821625,-803.5412575,-840.0872125,10,91.02206463658707,400.28979188846574,371.25057460391946,233.79054784318288,10,46.80937960311418,451.6933189337969,424.7467619549023,284.73819377869745,10,47.02823913644637,0.0,0.0,0.0,10,0.0,0.0,0.0,0.0,10,0.0,0.0,0.0,0.0,10,0.0,0.0,0.0,0.0,10,0.0,-150.71053736482597,-221.3914031607696,-233.1358752455028,10,23.703786255786625,-12.94783594989013,-17.510453855889722,-19.487846760430592,10,1.7608892396450877,2691.898167996953,2508.954414148272,1542.373442837756,10,323.5486921396489,2601.028417433513,2447.972407813254,1559.077158629629,10,297.89942548754743,0.0,0.0,0.0,10,0.0,-11.510487107447812,-18.77535359252681,-21.2709887860786,10,2.520759304947872,331.59276924881027,310.2170386889919,211.31719658625067,10,33.89353850620168,334.7259820904187,316.19667281743216,210.88514793391795,10,35.273264927333194,2666.6121068331704,2527.3455722453477,1615.754718641614,10,307.10262806093016,0.0,0.0,0.0,10,0.0,0.0,0.0,0.0,10,0.0,0.0,0.0,0.0,10,0.0,4964.927956125319,4715.277579754095,3039.0741935221176,10,560.4001755454391,0.0015673981191222,0.0001567398119122,0.0,10,0.0004702194357366,5.563309,-0.20189534,-5.2336426,1000,1.0724604,1000,723.3358208955224,46,268,392.03989943207847,13807.460851669312,9749.366058268652,510.91334533691406,268,5425.958074059735,176794.0,159.28166270256042,200000.0,437.0,7052.699746847153,87400000.0,1255.6373194915489,437000.0
3.3350794e-08,2.3307127e-09,101.9932,-6.994567e-05,3.3735106e-10,0.008229402,10.470166,147.17485,147.15665,8.115888,1339.9078,416.27075,1340.0154,1.0,-0.18623424,-1.0,9542,0.8763418,0.2829084976621109,0.2802956361443679,0.2766396442531385,10,0.0020661303922925,1000,954.2,542,10,137.4,13365.366446495056,12572.378254127503,6948.314086437225,10,1877.615510774821,0.0,0.0,0.0,10,0.0,-1.4890803135100077,-2.437732714215348,-2.696401283364696,10,0.3316085112125,-457.1402375,-795.7962625,-848.515125,10,113.22477181477808,406.9132896293976,369.2838726613873,203.67102012732832,10,56.43504733676235,457.8143752654545,419.5518722845471,225.36789654675343,10,65.07590749648726,0.0,0.0,0.0,10,0.0,0.0,0.0,0.0,10,0.0,0.0,0.0,0.0,10,0.0,0.0,0.0,0.0,10,0.0,-128.19900191320863,-223.2691699343544,-236.10051564146067,10,31.732523575881935,-9.950186375393049,-16.662141076106828,-20.25701702452454,10,2.588203300348764,2669.678591578718,2505.34655420596,1401.672984669918,10,368.3589914094548,2605.265082018416,2433.651181054808,1381.4419614616136,10,351.8100901474949,0.0,0.0,0.0,10,0.0,-10.684241593769604,-17.664532582141113,-19.68886236613677,10,2.435318093302905,340.00661970123406,312.7729475344362,183.7438987982837,10,43.571654006663216,337.8034586376029,315.5105386534178,175.43840803642854,10,46.90746086389135,2684.0004974666044,2481.46003513916,1280.7501277251945,10,401.87881902450647,0.0,0.0,0.0,10,0.0,0.0,0.0,0.0,10,0.0,0.0,0.0,0.0,10,0.0,4925.260488199429,4574.682076485646,2579.655048909984,10,670.4484855691273,0.0018450184501845,0.0001845018450184,0.0,10,0.0005535055350553,5.6372037,-0.20439726,-6.053859,1000,1.0716333,1000,739.1969696969697,43,264,386.3750325116687,13781.658308029177,9970.995553057754,416.6396970748901,264,5340.616688333284,177058.0,159.1543583869934,200000.0,438.0,7211.854109764099,87600000.0,1256.6416780977368,438000.0
3.28224e-08,2.293138e-09,102.26641,-0.00010854149,3.326543e-10,0.008289854,10.478646,147.24667,147.22826,8.355967,1339.2272,436.39392,1339.1923,1.0,-0.18723187,-1.0,9699,0.87722003,0.287786174655069,0.2805799270352491,0.2730763664173054,10,0.0048467950149638,1000,969.9,699,10,90.3,13469.714223861694,12777.805212450028,8908.854090213776,10,1296.0982002037476,0.0,0.0,0.0,10,0.0,-1.599165873753686,-2.531745596949037,-2.701111102011082,10,0.3145752214393124,-573.3941124999999,-811.65139625,-854.7324375000001,10,79.91829914750637,410.5248383363136,383.45107323086165,240.85444522689468,10,47.89500816338701,440.7451051520328,423.7233578729524,314.1042163260594,10,36.78922295386965,0.0,0.0,0.0,10,0.0,0.0,0.0,0.0,10,0.0,0.0,0.0,0.0,10,0.0,0.0,0.0,0.0,10,0.0,-169.97803818821126,-227.0032661830148,-239.97587009395224,10,19.398079338728436,-13.19684824728491,-16.85995574225685,-18.40538569360884,10,1.4065822185484194,2671.440661666925,2543.856287223442,1782.239884741031,10,255.15441376467385,2632.949434000748,2461.370047346485,1756.017286642313,10,238.2245756275001,0.0,0.0,0.0,10,0.0,-11.63631541863822,-18.978273021418197,-20.411507408260785,10,2.4735883011795203,339.46776694005405,317.1650578015465,212.0690275987969,10,35.67462782490301,331.7017217286166,311.4851247832489,237.41817755319548,10,26.00237770526254,2648.8277943315093,2513.4956362121766,1696.68869331766,10,273.8986390924457,0.0,0.0,0.0,10,0.0,0.0,0.0,0.0,10,0.0,0.0,0.0,0.0,10,0.0,4915.019770748889,4680.897026928313,3274.9095344949674,10,472.7430996091768,0.0014306151645207,0.000143061516452,0.0,10,0.0004291845493562,4.9407773,-0.20556352,-5.3695335,1000,1.069131,1000,775.992125984252,43,254,370.7752677169801,13772.529086112976,10471.753240314994,423.4062728881836,254,5137.159148462305,177312.0,158.9892795085907,200000.0,439.0,7370.843393564224,87800000.0,1257.9464515982877,439000.0
3.2305977e-08,2.2581532e-09,102.568695,-0.000113228045,3.2632472e-10,0.008318724,10.477737,147.24628,147.22795,8.40906,1339.7765,421.02368,1339.7362,1.0,-0.19106524,-1.0,8511,0.87572664,0.2908880380347171,0.2797142042421642,0.2687820937272623,10,0.0062672923961532,1000,851.1,133,10,297.444263686493,13312.655893325806,11154.426391983032,1582.645052433014,10,3975.6604678385097,0.0,0.0,0.0,10,0.0,-0.3004363396264321,-2.074596329644369,-2.557437288692339,10,0.7301289131957068,-105.8127375,-699.8443799999999,-832.567225,10,243.95906201786667,410.7548711087444,327.82262074976336,49.11524510029551,10,118.142015404073,448.44173340108097,371.3634027119594,50.1691795120482,10,131.3335119859154,0.0,0.0,0.0,10,0.0,0.0,0.0,0.0,10,0.0,0.0,0.0,0.0,10,0.0,0.0,0.0,0.0,10,0.0,-32.404152548635,-198.30262388814185,-237.70945934752356,10,68.04845902974408,-1.4130764352092806,-14.190998073306323,-18.45451704893919,10,5.372237379320205,2658.822470506134,2222.8309966606444,341.6930260100348,10,788.476411253465,2553.261634686156,2149.655695311966,282.1475054159269,10,763.2788623958146,0.0,0.0,0.0,10,0.0,-2.604449139400004,-15.533910174116102,-19.222723080401707,10,5.434580120892237,332.6866226662792,273.4593878256922,48.1904980763249,10,95.79378345947426,333.56077520716605,278.8733927049053,44.71812008751818,10,96.60867536012142,2662.0940403942027,2219.8490925688616,336.3442138677016,10,790.380833952624,0.0,0.0,0.0,10,0.0,0.0,0.0,0.0,10,0.0,0.0,0.0,0.0,10,0.0,4941.190538517823,4049.0452830350464,541.4886201958054,10,1457.3710472205396,0.0075187969924812,0.0011015682024138,0.0,10,0.0022704775545594,5.5190034,-0.20515028,-5.393378,1000,1.0676106,1000,772.3436293436293,35,259,375.67012154286704,13756.102983474731,10430.150078502862,389.70076847076416,259,5173.806135732835,177571.0,157.30175232887268,200000.0,440.0,7528.145149707794,88000000.0,1271.4416529947966,440000.0
3.1801225e-08,2.2218027e-09,103.07374,-0.00014874597,3.2229555e-10,0.0083946455,10.479606,147.27434,147.25607,8.2520895,1339.6498,423.06943,1339.5635,1.0,-0.19791722,-1.0,10000,0.8724101,0.2811609344722376,0.2745409736353424,0.2680211008710196,10,0.0039532330545475,1000,1000.0,1000,10,0.0,13505.408060073853,13158.223295164107,12889.30725479126,10,155.22174323647033,0.0,0.0,0.0,10,0.0,-2.348252277389954,-2.510527899084656,-2.7505479522726555,10,0.1185815888899271,-805.7044874999999,-821.0582887499999,-839.31745,10,9.800567927780786,403.8108137019536,380.23428673711686,362.5896917490661,10,11.541103385768528,448.6822977781825,435.71563827808376,426.7507993302712,10,7.152692649115596,0.0,0.0,0.0,10,0.0,0.0,0.0,0.0,10,0.0,0.0,0.0,0.0,10,0.0,0.0,0.0,0.0,10,0.0,-222.42213233207036,-228.98386620183535,-235.30281785173528,10,3.9500392192350375,-14.03390058470993,-16.934956590821287,-19.53942476271113,10,1.4989724505059374,2684.4745790820816,2615.431162879382,2504.758563557564,10,42.23019467376759,2617.2279331514897,2504.1778971183694,2463.641039456958,10,43.60511244077021,0.0,0.0,0.0,10,0.0,-16.81393331867727,-18.43499794636481,-19.7815671580966,10,1.0466022980285428,338.2331294825709,324.3991573910761,308.81349390675723,10,8.96208542963983,342.80591505310105,325.0246032464001,312.19029918189386,10,7.526694005568165,2671.7505855464547,2607.01525124069,2468.9790148581687,10,56.052737457992535,0.0,0.0,0.0,10,0.0,0.0,0.0,0.0,10,0.0,0.0,0.0,0.0,10,0.0,4955.750484002143,4833.276824061443,4659.35958136133,10,93.89447198091588,0.0,0.0,0.0,10,0.0,5.2534513,-0.20494393,-6.2615967,1000,1.0694695,1000,738.5,29,270,407.3561800284948,13756.601318359377,9941.582533529952,287.94904232025146,270,5616.464323109359,177841.0,196.11950016021729,200000.0,441.0,7724.26465344429,88200000.0,1019.7864049042172,441000.0
3.1307916e-08,2.1878876e-09,103.46168,-0.00011729807,3.1674566e-10,0.00839423,10.4832535,147.28662,147.26813,8.191845,1339.05,413.0374,1338.9409,1.0,-0.20191124,-1.0,9214,0.873499,0.2837837690358376,0.2740177587308668,0.2642364981039808,10,0.0055460153096653,1000,921.4,214,10,235.8,13290.797605514526,12103.047945976256,2706.5581064224243,10,3134.0472622756915,0.0,0.0,0.0,10,0.0,-0.4911621160833561,-2.26605074758226,-2.5796567511413397,10,0.5989785747216139,-166.76213750000002,-750.096055,-830.8500624999999,10,194.588868208165,405.2118444440798,346.96877884182976,84.51459087347868,10,88.96392127351254,458.19217354933073,402.5035445768458,80.76283263357064,10,107.6308343396976,0.0,0.0,0.0,10,0.0,0.0,0.0,0.0,10,0.0,0.0,0.0,0.0,10,0.0,0.0,0.0,0.0,10,0.0,-50.01077166159909,-210.9103287950469,-238.60932042972627,10,53.899628523887365,-3.1484778502379265,-15.344906556360186,-19.514769115438213,10,4.281067417783588,2637.9761233557533,2388.9344148885302,549.6526561773799,10,613.6737506545937,2563.24384176014,2309.182413909888,525.1754890191326,10,595.4370957741534,0.0,0.0,0.0,10,0.0,-3.945711065168073,-16.43582383904282,-19.28784328372597,10,4.2460706670062525,333.70748916382183,298.2791639059971,72.12394050164558,10,76.11023754476486,339.8894716819274,301.80124108979606,70.31701724328747,10,77.44641337780804,2663.061066592297,2395.8824475961583,510.9830467143171,10,630.1245370523585,0.0,0.0,0.0,10,0.0,0.0,0.0,0.0,10,0.0,0.0,0.0,0.0,10,0.0,4956.813251246687,4451.124803469435,989.14786987036,10,1160.163017017302,0.0046728971962616,0.0004672897196261,0.0,10,0.0014018691588785,5.4410734,-0.20705146,-5.597954,1000,1.0691135,1000,761.4941634241245,45,257,392.8622903115209,13737.637663841248,10203.596757626256,423.8149499893189,257,5427.688005389187,178098.0,157.49417400360107,200000.0,442.0,7881.758831977844,88400000.0,1269.888243583074,442000.0
3.0825756e-08,2.151481e-09,103.762665,-8.117076e-05,3.1458014e-10,0.0083821835,10.477911,147.18906,147.17056,7.7391133,1339.9287,388.60422,1339.9846,1.0,-0.2014518,-1.0,10000,0.8746261,0.2830844603068469,0.2748091185287254,0.2665083021918289,10,0.0057018579416101,1000,1000.0,1000,10,0.0,13303.586678504944,13135.648326969147,12854.7621884346,10,149.93812556056022,0.0,0.0,0.0,10,0.0,-2.325586005312396,-2.4736053087104617,-2.6477088107175453,10,0.1013724870270859,-793.7435625,-815.90285375,-827.4946874999999,10,10.264946239330458,399.26104425444817,375.7092229749687,345.42972705879504,10,17.269246384951693,450.5471272779458,436.9453106146055,422.5165485362006,10,8.251067922584552,0.0,0.0,0.0,10,0.0,0.0,0.0,0.0,10,0.0,0.0,0.0,0.0,10,0.0,0.0,0.0,0.0,10,0.0,-222.4708879692848,-229.6478906393812,-237.65694347064291,10,5.520801571556021,-14.696669865927705,-17.983460252625203,-19.385414538924543,10,1.3763614487260607,2646.890802254856,2577.2749999788457,2520.003545914102,10,35.338587003823505,2544.201375411377,2495.924194325925,2453.9706925178907,10,31.36564309045637,0.0,0.0,0.0,10,0.0,-16.82829236581353,-18.05191152577733,-19.364677668824083,10,0.816702238666111,339.7610532189148,325.63949173149075,315.04180036528084,10,8.918871451508922,338.535495621771,326.52047531194927,313.0806687168524,10,7.719175489037474,2637.901639615864,2599.8949476955136,2488.595628552767,10,40.86489046215056,0.0,0.0,0.0,10,0.0,0.0,0.0,0.0,10,0.0,0.0,0.0,0.0,10,0.0,4935.385629068003,4860.423402817913,4738.10247161247,10,68.63173950011374,0.0,0.0,0.0,10,0.0,5.404466,-0.20680544,-5.482322,1000,1.0709852,1000,716.8503649635037,44,274,412.70315441943256,13761.725623130798,9620.548130762838,447.7028360366821,274,5676.1938749605015,178372.0,158.7841067314148,200000.0,443.0,8040.542942762375,88600000.0,1259.5719062632784,443000.0
3.0354535e-08,2.1163256e-09,103.95704,-6.505835e-05,3.1203767e-10,0.00838162,10.479903,147.20892,147.19041,7.70943,1337.7618,408.41357,1337.7856,1.0,-0.20264521,-1.0,9623,0.8745885,0.2833041670209765,0.2747199590011362,0.2620715083284519,10,0.0066252984540105,1000,962.3,623,10,113.1,13310.377635002136,12611.387684822084,7924.689354896545,10,1568.5496290555625,0.0,0.0,0.0,10,0.0,-1.4973678644276924,-2.339204620571839,-2.5978105042428594,10,0.3026050001402949,-512.424975,-780.18192625,-829.4684375,10,89.64988925463014,378.4626066924963,354.93884705243784,223.4523749284484,10,44.25706637558008,444.5485419432721,418.18309120095,272.8137326075049,10,49.00784642685311,0.0,0.0,0.0,10,0.0,0.0,0.0,0.0,10,0.0,0.0,0.0,0.0,10,0.0,0.0,0.0,0.0,10,0.0,-148.51754728015283,-220.88433533374456,-237.84958109509185,10,24.83343949632345,-9.70865993337247,-16.662454976040568,-19.05978531578956,10,2.521378339782759,2664.7722638985697,2468.50381062501,1580.4823617640495,10,300.9381713117786,2580.441953699712,2414.447660943347,1506.2270133877728,10,305.9565505475997,0.0,0.0,0.0,10,0.0,-10.53656615744208,-16.67359821873193,-18.359803038819194,10,2.167199606984411,335.07628937065266,312.4739451498815,195.0945225806652,10,39.404981587392825,335.0486838162569,316.0748145599968,213.18670252412585,10,34.81654563903558,2646.982109791836,2495.432569758543,1556.8696165179583,10,314.7477778614804,0.0,0.0,0.0,10,0.0,0.0,0.0,0.0,10,0.0,0.0,0.0,0.0,10,0.0,4976.972845764863,4655.159220484117,2916.080181872039,10,584.7152565691183,0.0016051364365971,0.0001605136436597,0.0,10,0.0004815409309791,5.117693,-0.2078582,-5.5491786,1000,1.0714319,1000,727.2022471910112,51,267,390.1624605378222,13720.425249099731,9730.99872228358,467.2726888656616,267,5370.60745838731,178639.0,158.07211446762085,200000.0,444.0,8198.615061044693,88800000.0,1265.2453006881717,444000.0
2.9893997e-08,2.0827662e-09,104.13847,-0.0001208244,3.087531e-10,0.008451902,10.504956,147.37915,147.36053,8.028893,1332.9397,438.7505,1332.8282,1.0,-0.20595035,-1.0,10000,0.87225306,0.2854829961047959,0.2720747964797579,0.2635865079128318,10,0.00580048289908,1000,1000.0,1000,10,0.0,13389.468495368958,13155.023649692535,12652.55827140808,10,199.35052768321648,0.0,0.0,0.0,10,0.0,-2.2748520642291368,-2.4378837480278484,-2.593953077761894,10,0.0984865649633499,-795.6383625,-809.3815837499999,-824.5340625,10,10.796329688782052,385.7007270727939,365.66840127081775,344.5586572767479,10,13.693430770308092,446.9350845664496,430.0347855067097,416.768947582897,10,8.492707037240764,0.0,0.0,0.0,10,0.0,0.0,0.0,0.0,10,0.0,0.0,0.0,0.0,10,0.0,0.0,0.0,0.0,10,0.0,-218.88326887939976,-227.21370431687905,-240.2443010126002,10,5.568746112827805,-15.429465785413358,-18.26362341382095,-20.183864465932785,10,1.34628543586498,2641.017935650409,2572.291016536533,2509.5616250538524,10,46.48728083180385,2559.456041550381,2515.746899825769,2457.0328759046406,10,39.46868542359823,0.0,0.0,0.0,10,0.0,-16.1959442726504,-16.968146016554904,-17.82269208413061,10,0.4644924878774634,348.7419509671197,332.6500532617192,307.604797224208,10,11.865896155900032,338.9712151881679,325.789296421662,315.0795747355187,10,7.449174294602424,2672.636993352708,2593.33779860475,2501.473288301117,10,52.91865364375301,0.0,0.0,0.0,10,0.0,0.0,0.0,0.0,10,0.0,0.0,0.0,0.0,10,0.0,4952.633543909436,4874.875013726913,4598.574721621998,10,103.34458214265234,0.0,0.0,0.0,10,0.0,5.5671935,-0.2070895,-5.375876,1000,1.0731752,1000,703.6950354609929,42,282,413.39581333873184,13682.522897720335,9412.590072053545,419.8205213546753,282,5696.810814874848,178921.0,158.35986828804016,200000.0,445.0,8356.974933624268,89000000.0,1262.9462386027044,445000.0
2.9443909e-08,2.0530244e-09,104.4689,-0.0001106628,3.0248828e-10,0.008468173,10.513411,147.43044,147.41174,8.106883,1331.005,432.6484,1330.876,1.0,-0.20299846,-1.0,9401,0.8750377,0.2851550864735431,0.2747274674076644,0.2667880520856303,10,0.0048531510382591,1000,940.1,666,10,105.45563048031148,13361.122948646544,12259.8009370327,7915.649948120117,10,1640.9008842330245,0.0,0.0,0.0,10,0.0,-1.519834158779033,-2.335710338420208,-2.5872410056947923,10,0.3015148388364997,-533.4454125,-765.7005225,-829.9223999999999,10,88.28347443998257,387.0946140529729,350.15652706215025,240.47431620523264,10,43.41586817780575,439.7065351685961,402.7963175444264,269.14641201151824,10,52.04813405533162,0.0,0.0,0.0,10,0.0,0.0,0.0,0.0,10,0.0,0.0,0.0,0.0,10,0.0,0.0,0.0,0.0,10,0.0,-161.1783070920286,-215.54395021607343,-232.2101996425924,10,21.67381992117232,-12.750596200496846,-17.135994527722566,-19.08834310437398,10,1.8158869382690397,2682.538411791018,2407.8016230149924,1529.8281236786916,10,337.9740655049553,2579.6653849544628,2360.452935009401,1536.1538519864885,10,321.3375879598111,0.0,0.0,0.0,10,0.0,-10.951562074788178,-16.48024593797372,-18.496801226577297,10,2.037192798863627,349.8347945694177,317.5058563341098,203.88583684952627,10,41.72264304163453,330.2979575003538,303.4867627927218,231.35206489887756,10,28.97356326438049,2654.488467569231,2396.061526308264,1404.0216354726183,10,362.0491621662962,0.0,0.0,0.0,10,0.0,0.0,0.0,0.0,10,0.0,0.0,0.0,0.0,10,0.0,4952.40981789938,4531.1964834326845,3065.4510866847268,10,557.5021664616664,0.0015015015015015,0.0003807621292129,0.0,10,0.0005886039342076,5.375437,-0.20648862,-5.710804,1000,1.0710802,1000,737.5398550724638,44,276,398.0586429085316,13735.3051404953,9893.980882453743,472.0987482070923,276,5470.571378708469,179197.0,195.64106273651123,200000.0,446.0,8552.616000890732,89200000.0,1022.2802779872412,446000.0
2.9004028e-08,2.0230861e-09,104.916985,-0.00013285723,2.9723624e-10,0.008526216,10.516183,147.39725,147.37859,8.2620325,1329.4734,461.54184,1329.3014,1.0,-0.2040584,-1.0,8289,0.87701106,0.2791302403013191,0.2745381318285406,0.2685977345405194,10,0.0030626906157422,1000,828.9,235,10,244.936501975512,13293.474029541016,10835.202164697646,2747.9185094833374,10,3311.6138773481016,0.0,0.0,0.0,10,0.0,-0.4903970679797771,-2.0827463238463544,-2.6050986377300296,10,0.639418870890818,-173.15708750000002,-674.714595,-827.6920625,10,205.44487646895791,368.06022543682974,300.9117588286574,89.24063893720765,10,90.09290085029708,438.40527119193735,352.1269019366585,91.4484057873554,10,107.06425130096912,0.0,0.0,0.0,10,0.0,0.0,0.0,0.0,10,0.0,0.0,0.0,0.0,10,0.0,0.0,0.0,0.0,10,0.0,-53.96190009644124,-190.7794033090761,-233.31560290543132,10,56.52476264325101,-4.009533126858196,-15.172359724346558,-19.70239524904786,10,4.270750915497409,2621.3668950792094,2134.66129315553,547.1245316253855,10,655.0589495805368,2582.642930881285,2093.59342104502,458.6347554391277,10,655.150880460053,0.0,0.0,0.0,10,0.0,-3.88267843836091,-14.42855655976184,-17.930080866018713,10,4.2805378814960005,346.999169992444,277.74306287664353,70.42912258315037,10,85.4537525168445,340.49630511858885,270.21829023411146,86.25991440858056,10,77.45541183306906,2671.0050482920706,2099.0332255599046,425.3729827254498,10,692.8495438643318,0.0,0.0,0.0,10,0.0,0.0,0.0,0.0,10,0.0,0.0,0.0,0.0,10,0.0,4893.3690755321695,4020.858253948393,1163.0508679624668,10,1171.710585581724,0.0042553191489361,0.0009730388231327,0.0,10,0.0012855514693077,5.6439238,-0.20472501,-5.329936,1000,1.075867,1000,709.2101694915254,51,295,402.3461237372766,13746.83763885498,9509.068089015202,449.6935453414917,295,5566.498984888739,179492.0,155.0806851387024,200000.0,447.0,8707.69669008255,89400000.0,1289.651253611127,447000.0
2.8574146e-08,1.9941533e-09,105.31244,-0.00013688207,2.9177857e-10,0.008561878,10.526793,147.52116,147.50252,8.590293,1326.8547,483.24182,1326.6073,1.0,-0.20872664,-1.0,8947,0.8751144,0.2811818540478153,0.2728609668700167,0.2653964210420982,10,0.0040351977762103,1000,894.7,325,10,214.89255454761567,13363.806656837463,11687.117498016358,4119.653522968292,10,2891.6793583984363,0.0,0.0,0.0,10,0.0,-0.685484095918006,-2.296129936016773,-2.6766301413407207,10,0.5924710218896702,-249.7385875,-728.6473137499999,-830.1395125,10,178.40885879783562,380.1987950467831,324.024835606243,105.835333730563,10,83.41359177157942,439.2425557203776,381.27153447165097,138.94539463391402,10,94.2733176461138,0.0,0.0,0.0,10,0.0,0.0,0.0,0.0,10,0.0,0.0,0.0,0.0,10,0.0,0.0,0.0,0.0,10,0.0,-74.83924892197945,-203.52850578084616,-230.2589249584004,10,47.76470829361104,-5.65092937841297,-18.034686150018864,-21.284393373604104,10,4.555407266607641,2670.664408739816,2286.614603867169,848.6129535186765,10,560.4095766986576,2603.4600815331987,2238.5782374690143,814.5250009479123,10,544.4401985407995,0.0,0.0,0.0,10,0.0,-4.568956017635392,-16.077389592584154,-18.730570007510973,10,4.255398576950187,353.3960707986828,302.8306732046541,110.77565486328874,10,71.62903889884213,331.5839932220164,286.477347894032,101.92880010263828,10,70.52115284896335,2671.2816313757367,2272.7316403425966,734.5684439597263,10,592.1273381847467,0.0,0.0,0.0,10,0.0,0.0,0.0,0.0,10,0.0,0.0,0.0,0.0,10,0.0,4955.290066878745,4368.236019659457,1528.2877148974114,10,1074.94262595079,0.003076923076923,0.0005631575631575,0.0,10,0.0009834753548958,5.062407,-0.20479167,-5.957747,1000,1.0710946,1000,763.7290076335878,43,262,383.5679809744112,13746.725417137146,10259.50201526944,480.597282409668,262,5277.041298674603,179754.0,156.54374289512634,200000.0,448.0,8864.240436792374,89600000.0,1277.5981735276791,448000.0
2.8154103e-08,1.9650714e-09,105.55001,-5.0718998e-05,2.8725666e-10,0.00849472,10.520472,147.42062,147.402,8.494277,1328.285,451.12228,1328.1013,1.0,-0.20164834,-1.0,8737,0.87640136,0.2928029925156566,0.277277332406378,0.2678106478866738,10,0.006977788356053,1000,873.7,114,10,263.9257660782668,13457.168339729307,11364.779409074785,1338.7492990493774,10,3559.7033727094777,0.0,0.0,0.0,10,0.0,-0.2401593586106055,-2.163111452915605,-2.5940099400919583,10,0.6884365252951914,-88.79901250000002,-711.4243712499999,-832.9619749999999,10,217.73903783239928,371.5546483326669,312.6878973879605,43.86090700124574,10,95.57915183698572,439.4357274195662,374.1269962664397,41.67347888584886,10,116.7810440365931,0.0,0.0,0.0,10,0.0,0.0,0.0,0.0,10,0.0,0.0,0.0,0.0,10,0.0,0.0,0.0,0.0,10,0.0,-28.87240636671176,-201.44077636523647,-234.54379020494116,10,59.3781427651841,-1.8684371286356567,-16.569977654861567,-20.634541774206657,10,5.169064292262168,2632.865365544707,2238.2487029384206,259.0960019720118,10,694.5271688928644,2611.562895393822,2202.3558991300856,289.43839899742073,10,678.2609435648073,0.0,0.0,0.0,10,0.0,-1.379006373856433,-14.65352543548135,-17.8845587924394,10,4.808544222258934,345.472241882348,284.1810252014329,26.169170757642192,10,90.95693171705383,352.4720188931929,288.3703713829201,38.56426032036367,10,88.38854526768245,2696.81863104351,2199.3363122649325,229.26382824794928,10,716.1901737336574,0.0,0.0,0.0,10,0.0,0.0,0.0,0.0,10,0.0,0.0,0.0,0.0,10,0.0,4945.02313942522,4219.089030003672,504.2485337105736,10,1318.7828267929003,0.0087719298245614,0.0011236547451968,0.0,10,0.0025953415864779,5.0940194,-0.20341364,-5.843449,1000,1.0732632,1000,746.7022058823529,41,272,390.9384395586418,13718.255108833311,10043.150306993548,411.3260269165039,272,5391.09451980682,180026.0,156.63628315925598,200000.0,449.0,9020.876723527908,89800000.0,1276.8433722131613,449000.0
2.774378e-08,1.9365771e-09,105.75528,-9.3357485e-05,2.8292546e-10,0.0085537825,10.51469,147.37021,147.35158,8.374492,1329.3599,461.32275,1329.1389,1.0,-0.20209272,-1.0,8873,0.87869346,0.2828810880959864,0.2769078507278371,0.2678981803183107,10,0.0041131733171813,1000,887.3,575,10,138.38717426120095,13252.28910255432,11442.413478946686,7287.206464767456,10,1860.9676683324635,0.0,0.0,0.0,10,0.0,-1.389153744922487,-2.243644688492867,-2.567946322296775,10,0.3764713391340653,-463.160175,-724.8004749999998,-829.1723749999999,10,116.74952314580749,366.3951857320069,312.77327986715744,190.1472108172821,10,55.57133927616327,442.0531981028711,377.97811283262496,246.2037921074352,10,60.1036669163149,0.0,0.0,0.0,10,0.0,0.0,0.0,0.0,10,0.0,0.0,0.0,0.0,10,0.0,0.0,0.0,0.0,10,0.0,-137.38132712415438,-205.5437588199908,-235.373951985616,10,31.094763123075296,-11.305527708422916,-16.939776882910824,-21.292216358876857,10,3.374777623006086,2626.5534881027693,2207.707641915761,1351.7071398960234,10,377.0302802136114,2604.9505535530984,2196.215413314401,1359.7053527369935,10,377.3950566886144,0.0,0.0,0.0,10,0.0,-9.827420608810812,-15.301924774990503,-17.928931152578738,10,2.549424510516418,348.14081808874323,294.2429889019783,190.3564657112864,10,48.72047898280241,336.9395369381575,290.17509408854124,191.83002982904551,10,44.24741443230102,2667.269426513286,2225.010820234222,1437.2397466191544,10,371.90529391017054,0.0,0.0,0.0,10,0.0,0.0,0.0,0.0,10,0.0,0.0,0.0,0.0,10,0.0,4924.823750670148,4307.080927428155,2811.9454172522983,10,668.623413075062,0.0017391304347826,0.0006616520251922,0.0,10,0.0006800880294697,5.808491,-0.20259348,-5.507841,1000,1.0730449,1000,747.3436293436293,39,259,384.3976806636185,13737.154566764832,10031.869780638965,388.669976234436,259,5297.864045967293,180285.0,158.266859292984,200000.0,450.0,9179.14358663559,90000000.0,1263.6884366913448,450000.0
2.7343452e-08,1.9098356e-09,105.91978,-6.820581e-05,2.776412e-10,0.008541788,10.5266905,147.464,147.44553,8.592435,1328.34,483.55032,1328.1028,1.0,-0.20353377,-1.0,9171,0.8752004,0.2855543981852427,0.2736090085022636,0.2642980950899236,10,0.006117728518364,1000,917.1,171,10,248.70000000000005,13278.896847724916,11988.60752801895,2100.4764637947083,10,3301.5680898544783,0.0,0.0,0.0,10,0.0,-0.4262125041210736,-2.3724141087077437,-2.7924455436753526,10,0.6593385715765896,-131.964925,-752.5750850000001,-834.7975624999999,10,207.08878253680388,373.272952067912,327.2543579517784,56.47405633268856,10,90.59323554966242,437.962905442305,393.5818675799944,73.03177160507552,10,106.95637060483593,0.0,0.0,0.0,10,0.0,0.0,0.0,0.0,10,0.0,0.0,0.0,0.0,10,0.0,0.0,0.0,0.0,10,0.0,-38.46360086676873,-209.8819881416298,-240.6987383876473,10,57.4132978791832,-2.606802134096488,-17.449997335325808,-20.583838004001525,10,5.036621388467582,2621.353923204413,2318.09656565533,396.5154881600822,10,642.6145339426213,2568.2624670673085,2297.5151256275058,347.75566901502646,10,650.9904892835764,0.0,0.0,0.0,10,0.0,-2.444440869273067,-16.20106296863706,-19.086724249496623,10,4.673901499763123,343.12447909554953,300.2454267174356,47.13187283755936,10,84.634255356136,338.02782632568346,301.1502519142685,61.60520346640491,10,80.01449529004954,2667.414606731213,2319.66248719654,425.8169336901437,10,640.7101694371052,0.0,0.0,0.0,10,0.0,0.0,0.0,0.0,10,0.0,0.0,0.0,0.0,10,0.0,4975.532924588753,4529.780219098435,831.4275511584397,10,1233.1656727378472,0.0058479532163742,0.0005847953216374,0.0,10,0.0017543859649122,5.325223,-0.2017612,-5.697872,1000,1.0784652,1000,679.8061224489796,45,294,405.6312790211558,13774.147150039673,9094.502805736194,511.5762424468994,294,5588.705874101466,180579.0,195.5294578075409,200000.0,451.0,9374.673048973083,90200000.0,1022.8637783922024,451000.0
2.6953364e-08,1.882574e-09,106.20482,-9.831027e-05,2.736953e-10,0.008594696,10.536257,147.54085,147.52234,8.833598,1326.9312,494.4665,1326.6368,1.0,-0.1918766,-1.0,9459,0.88157165,0.2888118155554661,0.2813493788779339,0.2752078361171381,10,0.0038186845597052,1000,945.9,477,10,156.39210338121293,13037.1096906662,12170.14814391136,5900.562571048737,10,2094.0742948546736,0.0,0.0,0.0,10,0.0,-1.294969018892274,-2.43742895518778,-2.685607418320952,10,0.3864418598255308,-395.6974,-784.7432624999999,-837.2844875000001,10,129.97524406916222,363.9804079322511,336.8839098799951,161.9637979992727,10,58.5253295079401,433.48035400831145,402.9051439732967,184.7593740389876,10,72.8158524525633,0.0,0.0,0.0,10,0.0,0.0,0.0,0.0,10,0.0,0.0,0.0,0.0,10,0.0,0.0,0.0,0.0,10,0.0,-113.61977697926692,-222.78220002030776,-242.6369774306812,10,36.57901949353872,-7.906446403368527,-18.60214244977288,-21.870783844419133,10,3.69809419102408,2552.007079683807,2339.166115154589,1033.5738892145114,10,438.6503465671583,2532.691618958248,2356.1114570893355,1090.6250621437534,10,422.6742400681831,0.0,0.0,0.0,10,0.0,-8.860546343229712,-17.584650877847462,-19.31030075902412,10,2.961047216551829,352.3534381207688,311.00103003536543,141.00225540660793,10,58.04162357735326,344.8838200863123,311.35010061901164,171.8152910688595,10,47.30098290467963,2571.390464155036,2323.6641352415745,1168.585279326819,10,393.01712463428726,0.0,0.0,0.0,10,0.0,0.0,0.0,0.0,10,0.0,0.0,0.0,0.0,10,0.0,4948.081726954364,4623.351963710894,2367.565567314068,10,754.4232059567892,0.0020964360587002,0.00031147659976,0.0,10,0.0006679718026008,5.383032,-0.20006245,-5.741701,1000,1.0736353,1000,744.6037037037037,45,270,384.8061589765457,13731.02161884308,10013.309549227468,510.7365522384644,270,5299.893948154594,180849.0,159.14491271972656,200000.0,452.0,9533.8179666996,90400000.0,1256.7162630716584,452000.0
2.6576608e-08,1.8565978e-09,106.57822,-0.00016524126,2.6953098e-10,0.0086915,10.587099,148.05139,148.03287,9.758496,1318.4196,670.751,1317.5504,1.0,-0.1896801,-1.0,8195,0.8810414,0.2950352006567945,0.2836634117378386,0.2756602563432996,10,0.0058883824200813,1000,819.5,118,10,323.3738548491513,13256.89241695404,10600.751024103163,1477.0585775375366,10,4283.5092907936905,0.0,0.0,0.0,10,0.0,-0.2619042259032293,-2.091786383887634,-2.635249352099888,10,0.8489002649427173,-91.6806875,-680.4147849999999,-838.2713624999999,10,271.96742905743264,379.16648743943017,296.7202198775582,37.32530738714046,10,119.62860909969432,448.2005031422852,353.5837784431815,47.33721814960071,10,143.65093178359805,0.0,0.0,0.0,10,0.0,0.0,0.0,0.0,10,0.0,0.0,0.0,0.0,10,0.0,0.0,0.0,0.0,10,0.0,-29.96069456869417,-193.32431107695552,-241.194068271337,10,74.76934607943832,-1.417762530375989,-15.92905353561083,-20.39032785139458,10,6.56617994727097,2593.788986416056,2040.858263397568,306.8789994831643,10,812.8428562857928,2558.6938464669856,2036.7644886271205,299.6960543084655,10,822.5316031517757,0.0,0.0,0.0,10,0.0,-1.9446365426930647,-14.240397010135794,-18.772900646934065,10,5.676747665029595,340.5735004222544,263.45019603630595,42.54868887127992,10,103.89665353919204,352.35017799365954,274.2236622134847,38.024786860377695,10,108.84160372100418,2647.54875743552,2024.7193150304383,275.771663500634,10,856.3987628031767,0.0,0.0,0.0,10,0.0,0.0,0.0,0.0,10,0.0,0.0,0.0,0.0,10,0.0,4962.24902015495,4032.780298030352,526.3023171087801,10,1609.6205140193165,0.0084745762711864,0.0013698369996813,0.0,10,0.0026578429506857,6.326221,-0.1933176,-5.3362675,1000,1.0878751,1000,511.3843843843844,31,333,373.8233222695837,13671.970772743223,6733.388324239232,348.0052309036255,333,5126.462357291593,181182.0,156.37408137321472,200000.0,453.0,9690.192052602768,90600000.0,1278.984331953735,453000.0
2.6216117e-08,1.8351586e-09,106.93924,-9.406545e-05,2.6213082e-10,0.008649203,10.605283,148.17499,148.15663,10.350271,1312.4817,667.2589,1311.5905,1.0,-0.1916997,-1.0,9249,0.8794072,0.2893963959219111,0.2808852522954326,0.2750308571153804,10,0.004172581515815,1000,924.9,551,10,153.7546422063412,13258.94197845459,12038.489779376983,6867.89640045166,10,2160.893063867867,0.0,0.0,0.0,10,0.0,-1.3856647505492363,-2.2935087039935182,-2.561038363821884,10,0.3932657052869505,-454.159875,-761.81815625,-834.1264874999999,10,127.38616636899371,365.9515718051184,320.44244004662164,180.02047927714568,10,60.80849589145187,441.9890807556437,397.56862259436446,230.7030467064104,10,70.9590210460135,0.0,0.0,0.0,10,0.0,0.0,0.0,0.0,10,0.0,0.0,0.0,0.0,10,0.0,0.0,0.0,0.0,10,0.0,-133.23517809432775,-217.2491385482589,-236.68359688009477,10,33.672151299049546,-12.474215833343829,-18.11569724052494,-21.09615404192136,10,2.406686318107353,2614.635861397248,2303.332466413487,1305.6588900661611,10,446.87847507040425,2541.9880217314053,2299.4178874679737,1309.6351745556603,10,412.9692307891591,0.0,0.0,0.0,10,0.0,-9.64969636512954,-15.597349838457824,-18.08939787172514,10,2.5561516683290235,342.180586750291,304.64814324504744,173.74823693407538,10,56.16185441039558,335.3128548849878,301.47730762459685,188.58652066834645,10,47.90964462673578,2640.506312812965,2361.874410820825,1246.549585697329,10,456.5816856826311,0.0,0.0,0.0,10,0.0,0.0,0.0,0.0,10,0.0,0.0,0.0,0.0,10,0.0,4973.29280208347,4558.790250965512,2717.587237068764,10,751.4823281561966,0.0018148820326678,0.0003247546789114,0.0,10,0.0006551083179228,5.23918,-0.19768938,-6.0689,1000,1.0718893,1000,761.0226415094339,46,265,379.8188339948052,13760.776988983154,10224.309508998438,455.9173984527588,265,5242.923940884219,181447.0,157.24871611595154,200000.0,454.0,9847.440773487093,90800000.0,1271.870479708875,454000.0
2.5895112e-08,1.8119481e-09,107.1402,-6.705681e-05,2.5966154e-10,0.008638273,10.59483,148.05527,148.03694,10.215667,1313.0527,648.2762,1312.1729,1.0,-0.18154158,-1.0,9266,0.88059473,0.2934175143141953,0.2841206559321197,0.2758576418570285,10,0.0047677664116793,1000,926.6,580,10,134.8719392609152,13136.609642982485,11894.815021753311,7368.96595954895,10,1796.5752684428355,0.0,0.0,0.0,10,0.0,-1.4507471892905563,-2.2502025692916776,-2.5848516166631024,10,0.3399569084277775,-481.1015625,-766.89858875,-838.2911,10,112.07353376472165,384.4593661753081,317.0852252187193,188.9657037134752,10,54.25467354645169,445.8460263283668,401.04615704398094,244.06634301362988,10,61.36679488041775,0.0,0.0,0.0,10,0.0,0.0,0.0,0.0,10,0.0,0.0,0.0,0.0,10,0.0,0.0,0.0,0.0,10,0.0,-138.77172100270195,-220.94198208215136,-243.4331417240135,10,31.125639526500827,-11.858525081903505,-17.51337926631149,-21.06843672102524,10,3.138771711072614,2593.037314222024,2328.589227182152,1422.7619932176592,10,368.2552882197556,2504.511140997276,2248.673097519472,1362.4277521401364,10,355.50810827429603,0.0,0.0,0.0,10,0.0,-9.222201516149305,-15.644028179137802,-18.25326780496692,10,2.5985539003853053,338.66451004407406,302.9380343543438,194.65597059295163,10,44.64077410868476,333.972748405341,297.7123830081397,180.8661093473804,10,46.85155549188466,2645.129277202809,2332.4264609329334,1440.707264553395,10,352.37141680942284,0.0,0.0,0.0,10,0.0,0.0,0.0,0.0,10,0.0,0.0,0.0,0.0,10,0.0,4944.223099085353,4480.38762394725,2845.604690239128,10,649.2282219390171,0.0017241379310344,0.0004113566622319,0.0,10,0.0006446272610284,5.3641076,-0.19617687,-5.5059633,1000,1.0712993,1000,740.9057971014493,46,276,401.1631618558236,13751.45433998108,9979.275394766228,429.308892250061,276,5537.533812009168,181723.0,158.19904112815857,200000.0,455.0,10005.639818668364,91000000.0,1264.2301658325357,455000.0
2.5652604e-08,1.7940199e-09,107.20874,-1.9699306e-05,2.5818858e-10,0.008596397,10.585641,147.95366,147.93526,9.881808,1313.807,641.5934,1312.9572,1.0,-0.17844152,-1.0,9555,0.88104755,0.2937150407947127,0.2853252589239168,0.2749666937360876,10,0.0051178710997394,1000,955.5,777,10,89.00028089843312,13161.138182640076,12272.51585354805,9566.834001541138,10,1308.217191730112,0.0,0.0,0.0,10,0.0,-1.9445534124906945,-2.32587315522602,-2.551192421564452,10,0.2131811434965397,-641.2911124999999,-795.002815,-838.1726749999999,10,76.10813926311833,362.5219924147752,322.54476746363326,245.2699359355348,10,39.02459385252055,444.8366702319796,412.96068614106434,329.74983252743925,10,41.76433034174946,0.0,0.0,0.0,10,0.0,0.0,0.0,0.0,10,0.0,0.0,0.0,0.0,10,0.0,0.0,0.0,0.0,10,0.0,-184.10859333506815,-228.92034838404865,-248.29813846494756,10,21.4872334102588,-14.936618767804571,-18.452442381358395,-20.44701346099687,10,1.8610125957227504,2639.174033587198,2401.2096493569925,1754.7527708528246,10,279.24711321620657,2570.3685515400653,2336.5021398355857,1725.8470952588289,10,279.6102564928796,0.0,0.0,0.0,10,0.0,-13.565810030649168,-16.13983025225023,-17.766297845509456,10,1.3443582622842705,341.9274289811133,316.0237041730227,230.7794008778916,10,36.88494571419308,324.6382152582437,300.62979169561305,237.150094572615,10,27.03002766727585,2625.6981676486857,2406.652278289141,1872.7070526147472,10,264.382369571492,0.0,0.0,0.0,10,0.0,0.0,0.0,0.0,10,0.0,0.0,0.0,0.0,10,0.0,4960.257569410925,4620.445495054132,3676.2654859967342,10,445.4121854282955,0.0012870012870012,0.0002572348330703,0.0,10,0.0005144697991183,5.4215007,-0.18646044,-6.1791887,1000,1.0897834,1000,613.561403508772,26,456,368.3306589191084,13757.301410675049,8187.60204241464,234.41104698181152,456,5088.285903140832,182179.0,196.9287486076355,200000.0,456.0,10202.568571090698,91200000.0,1015.5957492955166,456000.0
2.5489074e-08,1.7811187e-09,107.11779,-1.9473833e-05,2.5800734e-10,0.008588898,10.637686,148.42415,148.40564,10.094465,1305.6302,755.3153,1304.4016,1.0,-0.17661743,-1.0,9608,0.8802703,0.2961138438870965,0.2852390719505829,0.2769327437624621,10,0.0057655834966119,1000,960.8,608,10,117.60000000000002,13346.080961227415,12441.759863471983,7601.705671310425,10,1630.7327906032615,0.0,0.0,0.0,10,0.0,-1.4986136259234435,-2.358530936589648,-2.5665266921639325,10,0.3005954722899596,-497.14815,-799.7200774999999,-845.751875,10,101.0671232423729,353.9037161790592,321.77165025112754,202.07115078518584,10,41.142882312532016,445.30407361388166,420.5905940531742,254.94167339754816,10,55.49493218865129,0.0,0.0,0.0,10,0.0,0.0,0.0,0.0,10,0.0,0.0,0.0,0.0,10,0.0,0.0,0.0,0.0,10,0.0,-144.83399356618796,-230.09615019931172,-250.2668459721773,10,28.998654663425672,-11.554887577724251,-18.486553315331133,-21.864278562334388,10,2.581849990595178,2687.8630108083703,2470.609095075665,1519.111438310179,10,323.0823048174575,2597.6161756390256,2376.9338265804176,1485.9426919778643,10,300.93746901340893,0.0,0.0,0.0,10,0.0,-10.678609736214064,-16.167745814630024,-18.23219341346117,10,1.9263775882586505,341.22274173532105,321.4002469635737,218.4114102859761,10,34.95869796165496,330.82296375796966,304.85980122847485,186.1678835661104,10,40.40165491797862,2659.99141657137,2413.821711065694,1422.7653946610992,10,346.04988085372713,0.0,0.0,0.0,10,0.0,0.0,0.0,0.0,10,0.0,0.0,0.0,0.0,10,0.0,4973.386068343618,4661.40489089467,2841.2134569599816,10,616.3109680397042,0.0016447368421052,0.0001644736842105,0.0,10,0.0004934210526315,6.195297,-0.19154325,-5.438772,1000,1.0697678,1000,720.35546875,31,256,402.2437395233365,13759.554388046265,9715.210500121117,337.93791675567627,256,5556.094423527999,182435.0,159.3832790851593,200000.0,457.0,10361.951854467392,91400000.0,1254.8367755261138,457000.0
2.5395204e-08,1.7744711e-09,107.007576,2.1036183e-05,2.5714522e-10,0.008539571,10.566518,147.72977,147.71121,9.470586,1314.0448,644.01135,1313.3921,1.0,-0.17433858,-1.0,9507,0.8841498,0.2943577124207458,0.2884463543724981,0.2799044548949546,10,0.0048179015584686,1000,950.7,507,10,147.89999999999998,13253.656761169434,12258.550123596193,6290.94961643219,10,1998.0211632759956,0.0,0.0,0.0,10,0.0,-1.2939585248031178,-2.2365439600958203,-2.4726075154426894,10,0.3230862817391175,-421.1193,-787.6999400000001,-836.5344625,10,122.34367087676674,350.2285214483489,321.424793935117,167.29606670629448,10,51.77670121766897,450.10999752485566,420.06726803028687,214.58182000203,10,68.65068599425561,0.0,0.0,0.0,10,0.0,0.0,0.0,0.0,10,0.0,0.0,0.0,0.0,10,0.0,0.0,0.0,0.0,10,0.0,-124.67048629660246,-230.96780509036037,-248.7734497154036,10,35.73929810753736,-11.146875542783548,-17.31081747366699,-19.975046179693297,10,2.2840653847017456,2623.770265094934,2421.8007561862805,1227.5123010091406,10,401.997803632628,2559.1699344473595,2354.0436943057475,1186.127748600716,10,393.5665998251501,0.0,0.0,0.0,10,0.0,-9.36103994754637,-16.033315568532995,-17.761767084139475,10,2.290962589798643,347.0523495364205,304.4332938697474,155.32012787857616,10,51.14994755002988,329.3487496133564,306.14028987390367,175.44198638345782,10,43.915573496905296,2654.433209425467,2380.12366732697,1172.2234749706256,10,411.3046364841419,0.0,0.0,0.0,10,0.0,0.0,0.0,0.0,10,0.0,0.0,0.0,0.0,10,0.0,4964.425288498953,4586.8536570322985,2442.360855473952,10,720.0280402009728,0.0019723865877712,0.0001972386587771,0.0,10,0.0005917159763313,5.5832467,-0.18858589,-5.303615,1000,1.0707935,1000,762.591093117409,45,247,378.334779348657,13787.442237854004,10291.883256536748,496.6712884902954,247,5254.612889604116,182682.0,158.76039028167725,200000.0,458.0,10520.71224951744,91600000.0,1259.760067641269,458000.0
2.5342299e-08,1.7702169e-09,106.81226,-2.4023688e-05,2.5716762e-10,0.008569003,10.60499,148.13852,148.12006,9.338012,1310.9174,738.31915,1309.9802,1.0,-0.17038468,-1.0,10000,0.8840459,0.298003285869387,0.289718819069274,0.2829903405557771,10,0.0045224480269164,1000,1000.0,1000,10,0.0,13060.395720481873,12848.621995902062,12358.685220241548,10,203.77791302480796,0.0,0.0,0.0,10,0.0,-2.247647438508025,-2.3653709445128603,-2.6340703841116246,10,0.1245022981158596,-816.8561749999999,-832.28103125,-842.3965000000001,10,7.943392370052116,360.8372112435832,332.3953781233919,313.6427898818317,10,13.266391301378263,455.9641159025897,439.7885011388539,428.54602912432,10,7.375914173268472,0.0,0.0,0.0,10,0.0,0.0,0.0,0.0,10,0.0,0.0,0.0,0.0,10,0.0,0.0,0.0,0.0,10,0.0,-236.93525047238367,-244.04836799829292,-251.95606662178687,10,4.751436928636064,-15.77502344788714,-17.56950739616375,-19.37246711572177,10,1.1074280628275637,2647.4552926143224,2573.690786459193,2479.5108578831014,10,49.70014322482432,2568.9809153582764,2490.305055698685,2409.4672889890885,10,45.384687452239305,0.0,0.0,0.0,10,0.0,-15.373311382328414,-16.35998698484078,-17.233895188489218,10,0.5843717664494458,344.05248871914256,323.7818339364819,310.43514784290767,10,10.965696625770176,335.3773362744261,322.8885057915926,311.22943557911185,10,7.866742283948424,2638.947115759104,2484.616367080227,2258.0670748810853,10,115.30823321019392,0.0,0.0,0.0,10,0.0,0.0,0.0,0.0,10,0.0,0.0,0.0,0.0,10,0.0,4911.12062147908,4763.565846554628,4545.113633397039,10,112.42038830312664,0.0,0.0,0.0,10,0.0,6.1519127,-0.18167268,-5.7117195,1000,1.0900172,1000,496.7585227272728,46,352,343.36189030155055,13739.788896560667,6539.635466335172,467.3605237007141,352,4729.756763252507,183034.0,159.88669848442078,200000.0,459.0,10680.598952054976,91800000.0,1250.8857953526874,459000.0
2.5310642e-08,1.7696162e-09,106.648834,1.6435059e-05,2.552354e-10,0.008515472,10.6447735,148.48831,148.46996,9.7783,1304.7153,770.7764,1303.5829,1.0,-0.16294298,-1.0,10000,0.8833373,0.3021036945354662,0.2916637995275101,0.2852655470987457,10,0.0042477253094406,1000,1000.0,1000,10,0.0,13244.283051490784,13012.96608877182,12611.307451248167,10,182.8892575180248,0.0,0.0,0.0,10,0.0,-2.0884104296292696,-2.2884349779722277,-2.4876974676303107,10,0.1153466150945307,-822.8563750000001,-833.33106625,-849.26515,10,9.184366065667694,359.6566670806127,337.0408996244949,323.58298415802875,10,10.160299994176414,447.3705234878838,436.8653202075519,423.0361967671437,10,7.739461513017239,0.0,0.0,0.0,10,0.0,0.0,0.0,0.0,10,0.0,0.0,0.0,0.0,10,0.0,0.0,0.0,0.0,10,0.0,-239.71470322759157,-245.933339378734,-255.8143495312404,10,4.144766993581584,-15.355006407861058,-16.873598013207104,-18.676024399858957,10,1.0046753438582618,2636.4527237474367,2577.965759980597,2500.528461582956,10,41.09628133229106,2553.2295098861646,2507.3336741655003,2466.0094847487567,10,28.31347725056832,0.0,0.0,0.0,10,0.0,-14.396577330177848,-15.768392060277185,-17.022962546332977,10,0.7556470770414551,343.2351966867484,322.9849087015724,293.8587609226289,10,15.78915379481208,350.91438882939286,324.2285706470542,307.27336337063144,10,11.61780914493938,2647.7956117870644,2555.52678785256,2410.143505632456,10,74.98742419674004,0.0,0.0,0.0,10,0.0,0.0,0.0,0.0,10,0.0,0.0,0.0,0.0,10,0.0,4946.037554638016,4833.222889511913,4614.795519189855,10,94.7237008752276,0.0,0.0,0.0,10,0.0,5.2881145,-0.19078283,-5.385693,1000,1.0708218,1000,781.984496124031,41,258,368.8273578717671,13762.441725730896,10542.398870638175,414.5922679901123,258,5120.64498731281,183292.0,160.12894439697266,200000.0,460.0,10840.727901220322,92000000.0,1248.9934330934186,460000.0
2.5287987e-08,1.7683768e-09,106.484505,1.716479e-05,2.5466224e-10,0.008501596,10.63969,148.44655,148.42813,9.87371,1305.6234,746.162,1304.5209,1.0,-0.16433209,-1.0,9469,0.8855844,0.3005378018843112,0.2921415978474098,0.2863790531311864,10,0.0045778971245728,1000,946.9,469,10,159.3,13237.166973114014,12264.534127759933,5781.085334300995,10,2165.317704583766,0.0,0.0,0.0,10,0.0,-1.079824172298605,-2.1857328772328386,-2.6458261704003783,10,0.392311411931009,-380.8548,-790.2756837500001,-849.6599,10,136.65672847099302,366.4476355482192,325.82968067699466,160.6558353986452,10,56.48380087859656,448.7832325681171,414.0180347802244,196.14804331527444,10,72.76183824943381,0.0,0.0,0.0,10,0.0,0.0,0.0,0.0,10,0.0,0.0,0.0,0.0,10,0.0,0.0,0.0,0.0,10,0.0,-113.69108893325696,-233.6841438797165,-254.7929940636317,10,40.22470302723509,-9.026293626767764,-16.666242098687945,-20.17940055133553,10,2.860069035602112,2634.926244088484,2408.6894591028777,1071.022597805433,10,447.5065990996992,2571.5258126026256,2340.376168856163,1101.4547085517102,10,414.9186477739514,0.0,0.0,0.0,10,0.0,-8.380689855009678,-15.068163113287849,-17.620086738576852,10,2.3644900318764077,334.4157553222188,297.4035325629965,145.96940943427083,10,52.82882392563949,330.492183852821,304.1899207372396,147.86410450802646,10,52.59170132786587,2660.997984432861,2425.718950632814,1134.7587379989668,10,436.2226095977889,0.0,0.0,0.0,10,0.0,0.0,0.0,0.0,10,0.0,0.0,0.0,0.0,10,0.0,4976.854139826168,4585.795585964777,2228.998308723784,10,788.2572178610953,0.0021321961620469,0.0002132196162046,0.0,10,0.000639658848614,5.364901,-0.18949637,-5.681903,1000,1.0728285,1000,731.4327272727272,43,275,402.8871870317796,13739.969502449036,9823.48482795802,441.3715205192566,275,5573.3800864553805,183567.0,197.5451593399048,200000.0,461.0,11038.27306509018,92200000.0,1012.4267315296312,461000.0
2.5272517e-08,1.7666931e-09,106.37734,3.6519393e-06,2.5510813e-10,0.008506535,10.572433,147.77946,147.76105,9.278296,1315.5385,584.63544,1314.9547,1.0,-0.16724628,-1.0,8890,0.88608736,0.2979389085680093,0.2913444913269031,0.2837020432576249,10,0.0041648805746375,1000,889.0,376,10,224.13433471915897,13214.930233001707,11350.738054180145,4753.674644947052,10,2929.745541707136,0.0,0.0,0.0,10,0.0,-0.8733524010633587,-2.099253078474236,-2.5333110851498284,10,0.5421906516509678,-309.50373749999994,-742.82278625,-844.2320875,10,191.5667265611405,367.5305339445322,315.031297481308,123.5752691686036,10,78.76769446133355,444.4702427336674,387.06252596023785,168.3751354902678,10,97.26030335467696,0.0,0.0,0.0,10,0.0,0.0,0.0,0.0,10,0.0,0.0,0.0,0.0,10,0.0,0.0,0.0,0.0,10,0.0,-93.938501781409,-218.6437928403184,-253.1300390323157,10,55.47854873033334,-6.573503625689125,-15.431993476707245,-18.90533456699953,10,3.944678065644782,2633.7248026958814,2215.9789301544743,964.9424047099194,10,574.0865912305597,2502.0945226190697,2155.92276501996,919.1180542423332,10,549.4771183737117,0.0,0.0,0.0,10,0.0,-6.416281804503033,-14.35811028059795,-16.920281058742958,10,3.472349217521712,357.40019416077337,285.6134958000891,126.78725560470969,10,71.63958543211389,336.2447087898662,291.4742461145136,128.46299148237546,10,71.3250573823595,2623.300580865231,2188.33443237074,897.6864699260151,10,590.2110383918365,0.0,0.0,0.0,10,0.0,0.0,0.0,0.0,10,0.0,0.0,0.0,0.0,10,0.0,4950.118969017341,4298.63420917027,1753.5299617526534,10,1110.1354090252796,0.0026595744680851,0.0004605099759913,0.0,10,0.0009347572215586,5.76556,-0.19053967,-5.7133956,1000,1.0722464,1000,762.8007662835249,47,261,387.2887467158659,13776.371174812317,10248.281806627909,464.0211353302002,261,5342.0894969422,183828.0,158.44495844841003,200000.0,462.0,11196.718032836914,92400000.0,1262.267994883033,462000.0
2.5261011e-08,1.7669519e-09,106.31784,-4.5863955e-05,2.5392943e-10,0.008551291,10.6240835,148.27199,148.25356,9.641637,1308.8615,741.059,1307.8125,1.0,-0.16454557,-1.0,10000,0.88669944,0.3074401878089661,0.2929617711234293,0.2874406427293129,10,0.0058894028244792,1000,1000.0,1000,10,0.0,12956.9885931015,12639.038940191267,11827.71668958664,10,313.99649783821275,0.0,0.0,0.0,10,0.0,-1.9747038197770916,-2.3202288374280924,-2.516437423899845,10,0.1569660354959692,-827.7315375,-836.8857899999999,-845.0413249999999,10,5.403807422953638,389.6875579172813,362.3804378967513,345.3574363780013,10,12.875733437475237,442.3807856094834,431.8492342562583,415.7337007629616,10,8.339619173514315,0.0,0.0,0.0,10,0.0,0.0,0.0,0.0,10,0.0,0.0,0.0,0.0,10,0.0,0.0,0.0,0.0,10,0.0,-241.70838567780052,-247.29641462129484,-262.94334306104514,10,6.298115779617906,-15.500813208270053,-17.953376791853863,-20.63713286397796,10,1.8525988122169288,2599.2052975754696,2469.082375923804,2379.928990859924,10,56.88678520777093,2536.388608497237,2432.4166386305324,2319.3462210225,10,59.49604707602619,0.0,0.0,0.0,10,0.0,-15.108483468272208,-16.515098879431378,-16.851652642669812,10,0.5206300210337255,344.1889744825793,326.6843667255032,293.8021579215402,10,14.645908442318236,340.33928451583773,326.24038887887366,309.0840063967512,10,10.728718882221347,2474.093316194228,2362.1424173922637,2192.844165639719,10,89.40738413962669,0.0,0.0,0.0,10,0.0,0.0,0.0,0.0,10,0.0,0.0,0.0,0.0,10,0.0,4939.568308389651,4816.374151818369,4362.963649088704,10,162.05567798468806,0.0,0.0,0.0,10,0.0,5.9826818,-0.18139803,-6.016826,1000,1.088884,1000,550.9728096676737,39,331,355.7846897833728,13719.53102874756,7253.217911019066,395.6609325408936,331,4880.532090370741,184159.0,160.1609799861908,200000.0,463.0,11356.87901711464,92600000.0,1248.743607945232,463000.0
2.525283e-08,1.7663039e-09,106.20587,-3.0008256e-05,2.5392208e-10,0.008526479,10.595728,147.94675,147.92834,9.498058,1308.3591,676.8416,1307.5851,1.0,-0.16545351,-1.0,10000,0.88468397,0.2990651499125673,0.2914809460063874,0.2856013355329544,10,0.0043040727189586,1000,1000.0,1000,10,0.0,13084.390639305117,12797.705716562272,12634.041234016418,10,128.93472696391962,0.0,0.0,0.0,10,0.0,-2.2507691521391986,-2.402834029913371,-2.584256696377635,10,0.1045040715870892,-831.6593,-842.09451625,-856.8640875000001,10,7.708538932654619,385.6769497501025,360.3170999362311,338.8533261194249,10,13.089089370038774,443.15483207248406,434.6377216776884,417.6802570707487,10,6.827969103398558,0.0,0.0,0.0,10,0.0,0.0,0.0,0.0,10,0.0,0.0,0.0,0.0,10,0.0,0.0,0.0,0.0,10,0.0,-239.6215290169349,-245.31553207407097,-252.06953120910836,10,4.178502995141172,-16.12374835341754,-18.644907681442668,-20.82550965727215,10,1.287690928129145,2579.785049321481,2477.51371844948,2373.4700164018395,10,61.57000308151912,2537.9571986322308,2443.5477797924777,2352.4365876225047,10,49.61706335586639,0.0,0.0,0.0,10,0.0,-15.750711344731275,-16.731146099704475,-17.77202446875435,10,0.6423177423478323,341.5280145067411,324.4607184262028,308.8258773732577,10,10.928870304607605,334.5193870594385,326.58590239451985,314.8024141546893,10,7.521082375810125,2497.357562713306,2426.216377030407,2313.968570412171,10,61.92665619797927,0.0,0.0,0.0,10,0.0,0.0,0.0,0.0,10,0.0,0.0,0.0,0.0,10,0.0,4972.408483863352,4898.640584678446,4827.922420950326,10,47.122045710145976,0.0,0.0,0.0,10,0.0,5.6209555,-0.1873073,-5.4347057,1000,1.0722086,1000,753.8376383763838,38,271,389.57214138526416,13755.378277778624,10120.521846183112,380.9841327667236,271,5397.057752530921,184430.0,160.07114553451538,200000.0,464.0,11516.950168132782,92800000.0,1249.4444225544382,464000.0
2.5247317e-08,1.7631232e-09,106.14895,4.4121345e-05,2.566622e-10,0.008447794,10.674833,148.68735,148.6689,10.108363,1296.1306,948.352,1294.8622,1.0,-0.16819616,-1.0,9717,0.8829848,0.2936354651055667,0.2897432725614492,0.2844208517208695,10,0.0027953772099224,1000,971.7,717,10,84.9,13021.528736114502,12497.155984592438,8960.18281507492,10,1182.9949227339196,0.0,0.0,0.0,10,0.0,-1.585215688756377,-2.3196664457872265,-2.502378000840109,10,0.2520841281752337,-591.1776,-814.7462362499999,-850.0349125,10,74.7287740123666,392.8301681999099,355.8866079096806,251.52836759874924,10,37.31676306860467,441.8915362138416,419.801532288607,312.6190768940608,10,36.24695420743812,0.0,0.0,0.0,10,0.0,0.0,0.0,0.0,10,0.0,0.0,0.0,0.0,10,0.0,0.0,0.0,0.0,10,0.0,-177.94001875927913,-236.7624456756076,-247.2955587644037,10,19.772678846061496,-11.496935292013388,-19.00172902240404,-21.66041518943585,10,2.7931910535792888,2542.291153441686,2423.6422211677386,1748.0863538893343,10,227.82860815993124,2517.586899175048,2399.753358731389,1821.212099851653,10,196.0186828936736,0.0,0.0,0.0,10,0.0,-11.809726033482416,-16.060818191107664,-17.163911168460636,10,1.5019364953880776,359.40554744989527,323.3549323839635,220.710859714856,10,37.31172233898533,333.3746234279232,317.41587700435144,252.83495790965796,10,22.183605579801277,2525.298459993244,2383.981768793008,1693.9628852984051,10,236.18077624473284,0.0,0.0,0.0,10,0.0,0.0,0.0,0.0,10,0.0,0.0,0.0,0.0,10,0.0,4954.690407290547,4739.403950126878,3285.699810714928,10,486.3418192475394,0.00139470013947,0.000139470013947,0.0,10,0.000418410041841,5.642558,-0.17712285,-5.4844494,1000,1.0972749,1000,376.188679245283,23,424,322.8547445806792,13619.336771965029,4856.499390532948,176.4740972518921,424,4394.239635990984,184854.0,159.18763732910156,200000.0,465.0,11676.137810707092,93000000.0,1256.3789711039162,465000.0
2.5242771e-08,1.7633547e-09,105.92831,-9.53911e-06,2.5606708e-10,0.008483802,10.689127,148.7696,148.75125,10.642612,1290.3484,971.853,1288.9595,1.0,-0.14718466,-1.0,9200,0.886729,0.315087862393609,0.2982856813139364,0.2898157326850185,10,0.0071017440126067,1000,920.0,493,10,153.83692664636797,13187.720235824583,11761.297547006609,6107.893974781036,10,2108.081608670348,0.0,0.0,0.0,10,0.0,-1.1581519405235348,-2.063958175782131,-2.4840803510655824,10,0.3675587394871387,-406.4938125,-777.144325,-856.804875,10,134.3823645633104,382.29169725525696,322.3012023455723,166.91397733988936,10,56.59017013595168,449.1193728433435,401.8135392609168,209.06324562271,10,70.13508068686518,0.0,0.0,0.0,10,0.0,0.0,0.0,0.0,10,0.0,0.0,0.0,0.0,10,0.0,0.0,0.0,0.0,10,0.0,-121.13187804287126,-232.3770951386929,-256.5675788973096,10,39.93447872821047,-8.554265625233443,-16.06857364397949,-20.30760205974971,10,3.34532925473396,2597.9118111445123,2321.117605838705,1076.3993815727988,10,452.9890192434429,2553.0372100441464,2298.7600204846485,1186.160680831849,10,413.5347682354386,0.0,0.0,0.0,10,0.0,-8.367812031095255,-14.45236546036514,-16.299856965679666,10,2.2509558718831357,334.7482084408896,288.5169020562928,148.3044933810302,10,53.37050808952904,340.1318890497532,304.9179168055852,156.33539339108515,10,53.807922677757205,2648.9419684827726,2307.981268833264,1214.7242547959222,10,421.0634998607188,0.0,0.0,0.0,10,0.0,0.0,0.0,0.0,10,0.0,0.0,0.0,0.0,10,0.0,4921.885588170866,4339.422618022211,2381.719306051913,10,752.3516265162217,0.0020283975659229,0.0004372791347167,0.0,10,0.0007036795074726,5.4882627,-0.18640055,-5.5508413,1000,1.0710789,1000,768.1624548736462,40,277,379.4039391725889,13791.998737335203,10347.13398087412,453.2915689945221,277,5256.957307247618,185131.0,196.711407661438,200000.0,466.0,11872.849222660065,93200000.0,1016.7178527044148,466000.0
2.5238284e-08,1.7650397e-09,105.724785,4.1203155e-05,2.5402352e-10,0.008416782,10.690681,148.78691,148.76857,10.779845,1289.6527,942.6681,1288.2239,1.0,-0.14885499,-1.0,10000,0.882306,0.3030805659412435,0.29556316656074,0.28863254239236,10,0.0042559904819929,1000,1000.0,1000,10,0.0,13244.53621006012,13030.190407943726,12750.62974691391,10,166.13042401825746,0.0,0.0,0.0,10,0.0,-2.123654870776481,-2.318491204310679,-2.515500355475948,10,0.1136336328865616,-845.2189625,-848.6828937500001,-855.42325,10,3.1851610396947048,384.278049471577,361.16268383596105,339.24776867188564,10,14.463141856973255,452.1762649854684,441.91048486376656,426.0761268626061,10,8.345967705773383,0.0,0.0,0.0,10,0.0,0.0,0.0,0.0,10,0.0,0.0,0.0,0.0,10,0.0,0.0,0.0,0.0,10,0.0,-241.24242510078207,-248.9707710413295,-257.08799857331906,10,4.603140122542546,-15.972487653745183,-17.64511165346261,-19.39975598578844,10,1.1157308118758325,2610.433812338113,2539.9857474206487,2479.2443727505943,10,44.15177581682727,2583.975380512489,2516.8066804825667,2446.8918782183973,10,35.61234086853867,0.0,0.0,0.0,10,0.0,-14.674371656356296,-15.669933318749392,-16.650086439559907,10,0.5788635814247312,330.4084582856599,299.65406364053194,266.39538428666185,10,18.50782792650439,340.37256661060053,331.18271341968784,312.1911036934431,10,9.01413717315079,2678.151815161004,2577.016168636217,2496.553077332783,10,50.04895969176795,0.0,0.0,0.0,10,0.0,0.0,0.0,0.0,10,0.0,0.0,0.0,0.0,10,0.0,4928.870469052633,4861.930816576601,4656.684135638665,10,81.62111612656916,0.0,0.0,0.0,10,0.0,6.128882,-0.18522447,-5.5821056,1000,1.0759685,1000,703.1084745762712,44,295,411.1145187843652,13777.32095527649,9434.264983018376,431.5090169906616,295,5722.447605387033,185426.0,159.79536962509155,200000.0,467.0,12032.644596338272,93400000.0,1251.6007220311558,467000.0
2.5234625e-08,1.7648173e-09,105.483055,7.0187343e-06,2.5395275e-10,0.0084316265,10.653175,148.42363,148.40529,10.633183,1296.9115,804.763,1295.7069,1.0,-0.15017678,-1.0,10000,0.8796736,0.2975699038311821,0.2937791499997885,0.2865827214414044,10,0.0033662621150704,1000,1000.0,1000,10,0.0,13396.53168296814,13137.535223722458,12694.87134361267,10,218.6806370019312,0.0,0.0,0.0,10,0.0,-2.1814594679195696,-2.304086070052979,-2.4856452886645046,10,0.0883712064448439,-833.988325,-845.97885625,-858.6009875,10,6.614331923038986,367.3437726332037,354.219551846615,347.1836941099625,10,6.445552027510922,453.2414110417069,442.64836338149246,429.7450614206175,10,7.341763741649235,0.0,0.0,0.0,10,0.0,0.0,0.0,0.0,10,0.0,0.0,0.0,0.0,10,0.0,0.0,0.0,0.0,10,0.0,-239.89454075798304,-247.234762462047,-251.3928509787821,10,3.4957817085571268,-16.820348107874857,-18.62922985516818,-19.81078435369988,10,0.9098154692826894,2699.265858704922,2597.93212583088,2528.1389852256184,10,52.91605944470842,2654.8965948506598,2551.6810797045555,2420.2293417527003,10,58.16604967073709,0.0,0.0,0.0,10,0.0,-14.426833050353173,-15.343209182115327,-15.772895746573854,10,0.4742164901158039,337.49542124261825,313.9724166030086,300.50369462370094,10,12.594278459762412,347.7178473073795,328.7525028129337,311.4130698439924,10,9.21917819527484,2672.5858803566607,2596.345842076636,2439.0031959267544,10,69.4878886962167,0.0,0.0,0.0,10,0.0,0.0,0.0,0.0,10,0.0,0.0,0.0,0.0,10,0.0,4936.781047580764,4849.275656394553,4645.378698232166,10,87.25897123257518,0.0,0.0,0.0,10,0.0,5.4802303,-0.18333718,-5.488954,1000,1.0732666,1000,738.677536231884,48,276,387.6206324652629,13780.86714744568,9936.172866366913,501.1175560951233,276,5362.763595543674,185702.0,160.01856875419617,200000.0,468.0,12192.66316986084,93600000.0,1249.8549484417597,468000.0
2.5232378e-08,1.7648277e-09,105.4374,-3.232971e-05,2.5376243e-10,0.008467322,10.621717,148.15804,148.1397,10.34989,1304.9392,769.3332,1303.7659,1.0,-0.14181893,-1.0,9478,0.8835515,0.341483641410402,0.3009986550742022,0.2914048661949822,10,0.0139257934602484,1000,947.8,478,10,156.6,13392.45664691925,12377.493146514891,4940.230439186096,10,2482.14000161616,0.0,0.0,0.0,10,0.0,-0.7234815706532232,-2.1193490449437773,-2.43744451057785,10,0.47774706001966,-411.5860875,-803.6695512499999,-859.9628749999999,10,130.83225680881603,364.8871232603488,331.39183889521814,163.978117186891,10,56.38868825174059,447.3475751000149,418.4168192921072,201.00219187326,10,72.67875315413669,0.0,0.0,0.0,10,0.0,0.0,0.0,0.0,10,0.0,0.0,0.0,0.0,10,0.0,0.0,0.0,0.0,10,0.0,-141.89819706841564,-239.1874415296998,-255.9186876753105,10,32.61615139081523,-3.93597869870326,-16.193795238993918,-20.47202905715062,10,4.378952503570138,2658.0700073074568,2456.3354683367807,1194.559957721519,10,422.0190531825432,2609.981663836795,2435.016834452831,1157.448510034022,10,426.9797964198228,0.0,0.0,0.0,10,0.0,-7.099639151644708,-14.549743975798377,-16.586390944131548,10,2.566268518842513,319.752986273424,286.32322546167126,133.30771478584944,10,51.9412757949402,340.641096879115,311.73520729850065,157.6787539156062,10,52.26155946172271,2712.070667172946,2494.2825154721845,1059.397590367582,10,479.9870247706701,0.0,0.0,0.0,10,0.0,0.0,0.0,0.0,10,0.0,0.0,0.0,0.0,10,0.0,4949.237106866307,4495.159989337983,1304.8331003392063,10,1068.651206483259,0.002092050209205,0.0002092050209205,0.0,10,0.0006276150627615,4.9527664,-0.1846971,-5.7324677,1000,1.0730283,1000,769.212927756654,45,263,375.7185464475505,13754.78832912445,10344.79390826334,432.1708188056946,263,5189.401289578147,185965.0,158.56584930419922,200000.0,469.0,12351.229023456572,93800000.0,1261.3056397554546,469000.0
2.5230351e-08,1.7662151e-09,105.45165,-4.053467e-05,2.5221414e-10,0.008476667,10.505994,147.07463,147.05637,9.500431,1322.5269,541.0125,1322.0656,1.0,-0.15305689,-1.0,10000,0.8799581,0.2993795908643848,0.2929772037083841,0.2854153141631351,10,0.0040803915425933,1000,1000.0,1000,10,0.0,13408.036964416504,13223.477471160888,12880.718700408936,10,175.55178904477108,0.0,0.0,0.0,10,0.0,-2.1539273686603595,-2.358935011699552,-2.5202740482958936,10,0.0973028502818601,-838.0739874999999,-846.0380687499999,-856.0745875,10,5.668431658710957,367.0051898606298,351.8057747598786,330.5999482184868,10,9.208058872649008,451.186544475588,444.3039202480384,439.7226269285484,10,3.901542051302355,0.0,0.0,0.0,10,0.0,0.0,0.0,0.0,10,0.0,0.0,0.0,0.0,10,0.0,0.0,0.0,0.0,10,0.0,-237.90874090409045,-246.3831862850027,-253.384203208202,10,4.328434448179173,-17.243874695150314,-18.385734720721604,-19.56357428067613,10,0.7916645363485627,2722.129839164519,2638.4908202856814,2595.459830529483,10,33.592480334978696,2677.49268122797,2602.339234756927,2539.59449143414,10,43.56301805665411,0.0,0.0,0.0,10,0.0,-13.810917913031194,-15.18553985798892,-15.904033719539266,10,0.5421312611906625,329.0422558224536,317.24487603041337,305.3901950712733,10,6.922643721026718,333.59944917143486,327.13402544814545,316.6084238088472,10,5.284741349964423,2700.3639580065665,2621.6616471438733,2516.083531772765,10,62.4252138836532,0.0,0.0,0.0,10,0.0,0.0,0.0,0.0,10,0.0,0.0,0.0,0.0,10,0.0,4968.202077961215,4817.596078520319,4602.885617654075,10,120.76666901351363,0.0,0.0,0.0,10,0.0,5.427599,-0.18457402,-5.7001433,1000,1.0754925,1000,726.0,45,277,390.0217618662347,13718.2154378891,9715.66963228508,443.5206127166748,277,5380.64054530695,186242.0,159.38520765304563,200000.0,470.0,12510.614238977432,94000000.0,1254.821591947013,470000.0
2.522996e-08,1.7658834e-09,105.69329,-6.230406e-05,2.5251506e-10,0.008517767,10.490987,146.92448,146.9062,9.0912895,1326.4962,489.3693,1326.1013,1.0,-0.149898,-1.0,9430,0.88289046,0.3048948475084806,0.2959842526348126,0.2858117554516251,10,0.0058273951001113,1000,943.0,430,10,171.0,13290.954624176024,12324.513758325576,5503.515238761902,10,2285.376565422351,0.0,0.0,0.0,10,0.0,-0.9542000310238408,-2.1461452406624484,-2.38532349172735,10,0.4060626008418807,-362.025225,-795.5041475,-856.84435,10,144.69773695125727,356.6608110432886,324.3373410402871,141.07513772651504,10,61.471514041869945,449.1154736271045,415.6470799589204,181.7533355360189,10,78.17165115888182,0.0,0.0,0.0,10,0.0,0.0,0.0,0.0,10,0.0,0.0,0.0,0.0,10,0.0,0.0,0.0,0.0,10,0.0,-109.77780670906851,-235.3305142153274,-258.86694485453904,10,42.22031413775452,-7.910468356930424,-17.91836344745633,-20.8629256654545,10,3.546187114333713,2653.64208796776,2429.9935136014515,1115.2525211913812,10,440.8113683633059,2637.513458059965,2433.070454956563,1079.4012807667946,10,453.508405196012,0.0,0.0,0.0,10,0.0,-5.9088094326408935,-13.877551825501268,-15.55181775086578,10,2.692136283314207,333.69147944283327,302.0846726159704,150.0170880266288,10,51.774305595535246,342.4545732377027,312.69833277237456,144.8524810154917,10,56.14601456381948,2707.732011374401,2488.885407686913,1100.6385810371694,10,464.344048234116,0.0,0.0,0.0,10,0.0,0.0,0.0,0.0,10,0.0,0.0,0.0,0.0,10,0.0,4939.652336487879,4461.695042724952,1974.0650763666165,10,853.6934500908069,0.0023255813953488,0.0002325581395348,0.0,10,0.0006976744186046,5.394678,-0.18515484,-5.443189,1000,1.073472,1000,769.2737642585552,51,263,373.4093987107531,13699.011390686035,10325.71533550509,510.0613565444946,263,5130.783858350378,186505.0,195.64240217208865,200000.0,471.0,12706.256645679474,94200000.0,1022.27327910275,471000.0
2.522996e-08,1.7671797e-09,105.946785,-0.00013776883,2.512188e-10,0.00861351,10.4776,146.75021,146.73206,9.041492,1328.071,499.80396,1327.6041,1.0,-0.15248312,-1.0,10000,0.8810337,0.3003952975283821,0.293766186260094,0.2851771243566428,10,0.0047044029885481,1000,1000.0,1000,10,0.0,13642.47756576538,13141.479043149948,12602.619432926178,10,256.93141944574245,0.0,0.0,0.0,10,0.0,-2.2004928060981386,-2.337915853252392,-2.573471056425171,10,0.1294982680525028,-833.7317374999999,-843.52745875,-860.041825,10,7.887145749237847,351.12583704109863,340.87809220285993,330.4537789461203,10,7.219596439066402,452.0271605375948,442.5296413090453,431.4756408615409,10,6.661629162151206,0.0,0.0,0.0,10,0.0,0.0,0.0,0.0,10,0.0,0.0,0.0,0.0,10,0.0,0.0,0.0,0.0,10,0.0,-238.55046233697988,-247.5061271428859,-253.6483974443171,10,4.875433465445602,-17.800221855659764,-19.23900052943637,-21.06122009286298,10,0.8883474188692009,2727.3112127560235,2599.46538624543,2515.068715820132,10,59.3139040113733,2690.3467663497217,2590.7857033828477,2477.0095510870137,10,68.90205543044745,0.0,0.0,0.0,10,0.0,-12.836816950525224,-14.17403658641976,-15.606883154815277,10,0.8584596401627879,345.9496491656293,326.5401244646334,296.7997785861125,10,13.344592235996217,340.0785223817632,331.24522508719406,322.7777671912896,10,5.404367876268037,2718.5138391895257,2647.204048579203,2528.247606076754,10,51.56841276688275,0.0,0.0,0.0,10,0.0,0.0,0.0,0.0,10,0.0,0.0,0.0,0.0,10,0.0,4976.632166071799,4757.454968425969,4405.289670392683,10,160.8042336540383,0.0,0.0,0.0,10,0.0,5.7787576,-0.18343583,-5.5587525,1000,1.0750827,1000,754.8401486988847,35,269,375.1940966157302,13696.811052322388,10125.70160998022,376.7576656341553,269,5172.470169651231,186774.0,159.44347167015076,200000.0,472.0,12865.700121879578,94400000.0,1254.3630535952625,472000.0
2.522996e-08,1.7687364e-09,106.17561,-5.9064256e-05,2.4966212e-10,0.008553113,10.461041,146.48978,146.47162,8.7937565,1329.4775,455.5748,1329.195,1.0,-0.14594357,-1.0,8749,0.88386726,0.3114647601371479,0.2978510917453753,0.2855993876585659,10,0.0066563185885843,1000,874.9,346,10,235.9247549537776,13231.652925491331,11252.670036506654,4192.283971309662,10,3149.747799842088,0.0,0.0,0.0,10,0.0,-0.8091808300244763,-2.007225168873359,-2.4485376978996207,10,0.5763286618294696,-290.8518,-740.7917975,-858.6404625,10,202.955359100384,342.0333086110568,290.5323536572665,104.06512932185578,10,78.79212895635311,442.2082187217761,379.52099208949033,150.40183968389715,10,104.2586387772498,0.0,0.0,0.0,10,0.0,0.0,0.0,0.0,10,0.0,0.0,0.0,0.0,10,0.0,0.0,0.0,0.0,10,0.0,-88.74156778444349,-219.7902100761261,-265.6870888995916,10,58.633093004959925,-6.1286068660344295,-17.077727675470165,-21.55746262553496,10,5.457551185861005,2587.7488923539686,2195.0046508347555,766.7272134586968,10,628.8662532320773,2607.274969740919,2209.5955298859503,916.5862396602369,10,605.1302861685131,0.0,0.0,0.0,10,0.0,-5.463772668358439,-12.719591136504109,-15.393228468915751,10,3.502699658899413,341.85914402343667,278.3024899849819,106.83931254576216,10,77.27106788607831,343.7408337910314,292.31894449744686,125.88271545899909,10,83.20092076797445,2696.264063611828,2282.180774271287,849.7531358923522,10,645.2958238678975,0.0,0.0,0.0,10,0.0,0.0,0.0,0.0,10,0.0,0.0,0.0,0.0,10,0.0,4965.291268955588,4111.562772802345,1480.7838455276587,10,1153.51704390113,0.0028901734104046,0.0006089644346073,0.0,10,0.0010158956823841,5.565421,-0.18130733,-5.3627687,1000,1.072235,1000,790.9182879377432,48,257,369.5592457572876,13708.69843006134,10638.910572546,461.3871974945069,257,5107.683761381177,187031.0,156.6491982936859,200000.0,473.0,13022.349323749542,94600000.0,1276.7381013022489,473000.0
2.522996e-08,1.7665948e-09,106.41603,-4.3542717e-05,2.518037e-10,0.008556826,10.455141,146.43047,146.41231,8.519346,1330.6655,436.82474,1330.4641,1.0,-0.15090208,-1.0,9954,0.87964106,0.305066757376926,0.2936065348530942,0.2842943231525984,10,0.0065521629636595,1000,995.4,954,10,13.8,13464.33369064331,13154.957487154006,12704.490970611572,10,258.234723836649,0.0,0.0,0.0,10,0.0,-2.203730692420464,-2.39269045989671,-2.644504935347518,10,0.1263603336906143,-810.3822749999999,-844.8636875,-858.1272875,10,13.19607389068336,356.7260590547292,337.75375671942214,309.30851455310267,10,12.596950798565706,453.3706647231216,436.7614132014352,419.4961331247845,10,9.799607694833512,0.0,0.0,0.0,10,0.0,0.0,0.0,0.0,10,0.0,0.0,0.0,0.0,10,0.0,0.0,0.0,0.0,10,0.0,-237.85112425390597,-245.8255991151766,-258.38600277249463,10,6.540406259132663,-18.698162325533563,-20.3271247379412,-24.37982764234184,10,1.6004097047562078,2616.063098213679,2548.044563055045,2481.8742734489715,10,39.95178421451798,2626.7531848580484,2563.2537214552794,2442.3438569522727,10,50.893377112729446,0.0,0.0,0.0,10,0.0,-13.577352716440812,-14.703562595057916,-15.80946544977483,10,0.7662473247801539,329.24948273083135,308.1867911100797,277.37077919783235,10,13.704583404460733,350.10549999661964,336.9818598235891,324.10906049534753,10,7.69041956230714,2763.79871420602,2673.97266747164,2572.223821816478,10,55.73914931932551,0.0,0.0,0.0,10,0.0,0.0,0.0,0.0,10,0.0,0.0,0.0,0.0,10,0.0,4985.419494796039,4848.082488169818,4496.562396055133,10,149.1503100451239,0.0010482180293501,0.000104821802935,0.0,10,0.000314465408805,5.9082704,-0.1774351,-5.6680574,1000,1.0734571,1000,762.3650190114068,44,263,385.1928802224271,13726.364866256714,10244.307022667655,378.7698140144348,263,5311.602442041095,187294.0,159.19397354125977,200000.0,474.0,13181.543301820757,94800000.0,1256.3289649162766,474000.0
2.522996e-08,1.7660176e-09,106.5958,-8.249451e-05,2.5238098e-10,0.008610157,10.441885,146.30989,146.29169,8.241022,1333.7106,404.40683,1333.5603,1.0,-0.14936604,-1.0,7887,0.8841025,0.3217170605151921,0.2990671039146891,0.2911589421644483,10,0.0082798203704982,1000,788.7,149,10,320.33265521953894,13406.305178642271,10209.133919334412,1099.8994727134705,10,4404.461208566625,0.0,0.0,0.0,10,0.0,-0.1854550095284078,-1.8144315604615573,-2.4335152122766623,10,0.7683372068281209,-117.201275,-665.4577075,-854.00215,10,272.2683043069034,353.6600240786792,264.908735052572,51.55220520977608,10,108.26382927897278,449.1969457296484,345.2200508601069,66.06822408803683,10,143.47136178385227,0.0,0.0,0.0,10,0.0,0.0,0.0,0.0,10,0.0,0.0,0.0,0.0,10,0.0,0.0,0.0,0.0,10,0.0,-42.05005416215776,-197.51948885529004,-252.7032465664057,10,78.25500733804829,-1.308640447437349,-14.899150681149871,-20.45935304588637,10,6.390323763050484,2633.393837126177,1992.9337007881527,276.2868399065326,10,859.0066565081879,2599.072604599325,1992.8355519866927,305.5364626675033,10,849.7569114908493,0.0,0.0,0.0,10,0.0,-1.5552127055321083,-11.266012190312887,-14.86286406167953,10,4.60722905175635,324.6761665770172,242.42456312682936,37.37094198316282,10,102.0865064667574,353.3170585036513,271.6864869604127,53.25472468195457,10,108.25982332535828,2690.450928009586,2065.789711045457,225.34422945251004,10,881.1511341239278,0.0,0.0,0.0,10,0.0,0.0,0.0,0.0,10,0.0,0.0,0.0,0.0,10,0.0,4961.666706843689,3739.655637622057,207.5174028261864,10,1649.381566598544,0.0067114093959731,0.0013738569495455,0.0,10,0.0021989058579548,5.478072,-0.17628175,-5.3275146,1000,1.074636,1000,736.4604316546763,41,278,402.581450111545,13745.799521446228,9900.321513886074,444.7672271728516,278,5549.431213513683,187572.0,156.03810024261475,200000.0,475.0,13337.581406354904,95000000.0,1281.7382401415514,475000.0
2.522996e-08,1.7648634e-09,106.67252,-1.3163467e-05,2.5353505e-10,0.008546965,10.435952,146.28503,146.26668,8.030907,1335.533,406.9497,1335.4255,1.0,-0.1563678,-1.0,9352,0.8803115,0.3027837809887413,0.2927157068877757,0.2832649787555252,10,0.0059115889458618,1000,935.2,352,10,194.4,13523.913416862488,12412.929167747498,4265.452339172363,10,2720.1620782630685,0.0,0.0,0.0,10,0.0,-0.8227563730565223,-2.227490300464921,-2.584263701897135,10,0.4767691215613492,-294.08875,-789.87303875,-857.515425,10,165.46631208065958,350.40239823020227,305.47886693479546,104.59538521729414,10,67.72287854120292,453.503089346207,417.3144593841745,143.58178006590532,10,91.39942058713592,0.0,0.0,0.0,10,0.0,0.0,0.0,0.0,10,0.0,0.0,0.0,0.0,10,0.0,0.0,0.0,0.0,10,0.0,-90.92369391880467,-229.719889008979,-253.38153375700543,10,46.50763465094317,-7.993234469946032,-18.357940852508136,-21.418014188774496,10,3.683146186752268,2686.5768407829696,2443.7913052612485,737.9796907051274,10,569.9137067639149,2651.4935714722496,2401.133469965327,800.5394061703473,10,534.8107690705043,0.0,0.0,0.0,10,0.0,-6.1118099771594245,-13.54729374205067,-14.98818533000632,10,2.549291440611942,339.98907818934026,295.98386472059656,98.97881076320816,10,66.69171911097123,355.57309089822314,323.7359293938584,122.21317730898431,10,67.33401049112295,2738.8283378064866,2488.4161543084447,831.073889054336,10,553.9441115589898,0.0,0.0,0.0,10,0.0,0.0,0.0,0.0,10,0.0,0.0,0.0,0.0,10,0.0,4976.737020562905,4576.5393076582695,1741.5736734799302,10,948.4162597369244,0.002840909090909,0.0002840909090909,0.0,10,0.0008522727272727,5.877972,-0.17810144,-5.3089123,1000,1.0718261,1000,779.5525291828794,48,257,371.6272532176161,13777.272953987122,10508.070222720098,501.5721921920776,257,5124.476667365698,187829.0,196.44489455223083,200000.0,476.0,13534.026305675508,95200000.0,1018.0972147729904,476000.0
2.522996e-08,1.7629587e-09,106.43893,4.457212e-05,2.5543992e-10,0.008470543,10.429841,146.25146,146.23311,7.6774654,1338.2512,373.58694,1338.2616,1.0,-0.16051266,-1.0,10000,0.87759614,0.3007574043099237,0.2890954425579434,0.279943889279677,10,0.0070219425307296,1000,1000.0,1000,10,0.0,13531.74393081665,13370.847882032394,12962.413237571716,10,160.4608454263552,0.0,0.0,0.0,10,0.0,-2.216187697574848,-2.4697999939488167,-2.654972388959456,10,0.1375946112324295,-835.6068,-846.8552012499998,-859.52865,10,6.782825402534254,345.0780375089957,335.1369563829525,321.9839653857007,10,6.7411990994961695,458.174710746104,446.40425095793887,434.7808412753412,10,7.2091726328642975,0.0,0.0,0.0,10,0.0,0.0,0.0,0.0,10,0.0,0.0,0.0,0.0,10,0.0,0.0,0.0,0.0,10,0.0,-233.0019696794783,-242.3820867298087,-253.79270078940536,10,7.079244312919906,-17.076735539170187,-19.565138356777208,-21.992418834646244,10,1.4539552409776164,2729.608845530268,2611.112337536279,2504.589101700666,10,63.322862803445815,2655.902217059628,2595.816203931004,2516.281234262393,10,41.97111064763767,0.0,0.0,0.0,10,0.0,-13.914499864878492,-15.150660077343522,-16.472889215919878,10,0.7198926684118022,337.6236568117139,319.4106515388697,307.867824355999,10,9.138869603346144,361.58888887084754,345.52724812024434,335.88407492229896,10,6.710412601485144,2787.163421572971,2691.1222913355487,2571.6097477465223,10,65.11408131949072,0.0,0.0,0.0,10,0.0,0.0,0.0,0.0,10,0.0,0.0,0.0,0.0,10,0.0,4986.5366473990125,4926.674900659566,4768.869633042885,10,67.20729460837816,0.0,0.0,0.0,10,0.0,5.179324,-0.17819782,-5.487428,1000,1.0718902,1000,795.4488188976378,40,254,363.0613754465279,13741.111060142515,10735.60892288422,441.7114334106445,254,5006.4835835665135,188083.0,159.27153062820437,200000.0,477.0,13693.297840833664,95400000.0,1255.7171969852552,477000.0
2.522996e-08,1.7623659e-09,106.2916,4.8163853e-05,2.5603253e-10,0.008455165,10.473989,146.69681,146.67845,7.9631968,1333.3236,513.52136,1332.9591,1.0,-0.14992194,-1.0,10000,0.8841668,0.3063988316425808,0.2965244671643561,0.2894266969090401,10,0.0054346433266139,1000,1000.0,1000,10,0.0,13433.497031211851,13205.678824472428,12987.84836769104,10,148.04915349439446,0.0,0.0,0.0,10,0.0,-2.034805852517943,-2.3017389309708056,-2.4527822158909443,10,0.1300109583163405,-835.2120499999999,-844.39196125,-855.5022,10,6.302944027504771,348.74172022154505,332.4671850679882,319.0489549360879,10,8.10771817618632,454.0755123293725,446.77698546913297,442.6995162884317,10,3.212054579790738,0.0,0.0,0.0,10,0.0,0.0,0.0,0.0,10,0.0,0.0,0.0,0.0,10,0.0,0.0,0.0,0.0,10,0.0,-243.3664500044666,-250.44915393399523,-260.0863893432873,10,5.577693672476123,-17.76784579544892,-19.10607308830713,-21.468900904110505,10,1.1746975457650164,2707.348203887792,2629.52533928369,2530.2957843096005,10,60.90116916154034,2675.345436910772,2619.2266202933083,2553.0045129980813,10,40.80132785310652,0.0,0.0,0.0,10,0.0,-13.668216318922388,-14.589734061351152,-15.185938073832428,10,0.4876406521032885,325.8448330261168,313.581759602294,294.30805400361925,10,8.94368206685592,362.1006038325676,345.3854901859365,332.749643189405,10,9.0520908187177,2685.0867728426538,2606.8046404901725,2522.55556132434,10,45.16603664294094,0.0,0.0,0.0,10,0.0,0.0,0.0,0.0,10,0.0,0.0,0.0,0.0,10,0.0,4934.98539902079,4809.159510662492,4613.423147144946,10,83.11729961201306,0.0,0.0,0.0,10,0.0,5.885854,-0.17519425,-5.396552,1000,1.0889237,1000,547.0969529085872,46,361,373.84730913132415,13751.979803085327,7262.504265166385,400.1581811904907,361,5127.333828260888,188444.0,159.05985188484192,200000.0,478.0,13852.35769701004,95600000.0,1257.3883203713683,478000.0
2.522996e-08,1.7650719e-09,106.172005,-5.348917e-05,2.533265e-10,0.008547251,10.517556,147.10854,147.09026,8.837083,1323.6858,618.4906,1323.0349,1.0,-0.15486291,-1.0,10000,0.8834381,0.3101353638827338,0.2944524953923652,0.2803936809305865,10,0.0082257725988011,1000,1000.0,1000,10,0.0,13552.02622795105,13327.623215579986,12912.918475151062,10,185.53149625531455,0.0,0.0,0.0,10,0.0,-2.0686491032149,-2.3206042433339,-2.561710390451573,10,0.1439509301879076,-832.2514249999999,-841.3938350000001,-854.0613625,10,6.314185122844932,338.8199919332819,325.165658256568,312.6469165921486,10,7.095923919202389,454.2952512516858,446.385926468608,438.0432893193616,10,4.862033201508622,0.0,0.0,0.0,10,0.0,0.0,0.0,0.0,10,0.0,0.0,0.0,0.0,10,0.0,0.0,0.0,0.0,10,0.0,-234.1334184196452,-248.45004937022676,-264.9511106162328,10,8.389985500930806,-17.025742546149377,-18.79365927928473,-20.816190963948017,10,1.164607213161541,2676.3960380534504,2634.6893371734272,2540.733394510184,10,39.56853106989658,2656.571732893647,2608.010974211953,2534.729977022856,10,39.9442853937336,0.0,0.0,0.0,10,0.0,-13.810368416815608,-14.522928891725371,-15.81164463240038,10,0.6401075022679027,328.5289583529093,317.43507630019417,309.8610492612979,10,4.936788709943658,359.5079185161607,347.68781459608715,328.12055065060457,10,9.05896166739413,2756.708508595256,2650.744063913181,2501.091745454466,10,64.52904268723822,0.0,0.0,0.0,10,0.0,0.0,0.0,0.0,10,0.0,0.0,0.0,0.0,10,0.0,4974.289244556443,4891.260018490811,4646.167438166271,10,110.6372733357955,0.0,0.0,0.0,10,0.0,5.2323027,-0.1809363,-5.598836,1000,1.0753202,1000,741.9191176470588,48,272,380.2593456164269,13736.150391578674,9998.112986706636,452.9950466156006,272,5254.275549348588,188716.0,158.83589124679563,200000.0,479.0,14011.193592309952,95800000.0,1259.161253984117,479000.0
2.522996e-08,1.7652682e-09,106.287865,-7.15978e-06,2.531303e-10,0.008510189,10.622476,148.10942,148.09114,10.114617,1305.2805,884.34515,1303.8822,1.0,-0.15400383,-1.0,8954,0.8852278,0.3083732437072917,0.2953269319130422,0.28792658763634,10,0.0065683038722142,1000,895.4,96,10,269.808895331492,13617.28643798828,11879.746275758744,1075.994235038757,10,3681.025948521103,0.0,0.0,0.0,10,0.0,-0.1722969260432918,-2.019802735553473,-2.455590584164671,10,0.6446661211303696,-70.3641875,-749.89670625,-850.0743875,10,229.6658294136911,333.70814283997703,291.9419010158616,31.694684643705493,10,88.15857247320798,455.5959167586348,400.0797468170307,36.76287266683048,10,123.1754130606468,0.0,0.0,0.0,10,0.0,0.0,0.0,0.0,10,0.0,0.0,0.0,0.0,10,0.0,0.0,0.0,0.0,10,0.0,-24.481140024952506,-223.974688394352,-263.0222272986225,10,67.35752072403794,-1.7483215024365917,-16.328404950458037,-19.704859617885376,10,5.087855007103849,2728.7198239493787,2348.240584997654,230.90873361338856,10,726.796663439918,2719.7826568728465,2376.096492718784,260.78789782385627,10,722.6276269735314,0.0,0.0,0.0,10,0.0,-1.6231647637024962,-13.30361861355474,-15.46875700790338,10,3.9767558057036334,327.8574639537036,279.90940396638433,32.39859692489801,10,83.91683336528256,360.16708895825,308.8318001256491,29.384709895045155,10,94.83238151492196,2751.736657516321,2352.138043198985,174.82078145971508,10,746.3345704976255,0.0,0.0,0.0,10,0.0,0.0,0.0,0.0,10,0.0,0.0,0.0,0.0,10,0.0,4964.373304254317,4319.253130094537,354.806353516694,10,1347.417615326002,0.0104166666666666,0.0011582167832167,0.0,10,0.0031056509179555,5.832467,-0.17265794,-5.811603,1000,1.0933598,1000,446.4437689969605,46,329,283.9912623860645,13683.307332992554,5848.707616993722,468.9163541793823,329,3881.097304564176,189045.0,157.60255432128906,200000.0,480.0,14168.7961499691,96000000.0,1269.0149652795562,480000.0
2.522996e-08,1.7685498e-09,106.30022,-2.8414164e-05,2.4984878e-10,0.008532431,10.668588,148.55801,148.5399,10.804095,1294.8297,954.1605,1293.2524,1.0,-0.14835095,-1.0,9540,0.88576704,0.3196643611041109,0.2988115811381902,0.2861585018255842,10,0.0094449166736737,1000,954.0,749,10,86.30527214486958,13560.181670188904,12427.028717422483,8687.991496562958,10,1638.6666103074674,0.0,0.0,0.0,10,0.0,-1.3966733121555173,-2.0880577519425394,-2.43834733487557,10,0.3343254271488884,-626.5077249999999,-799.250325,-848.4164375,10,75.04433910202981,342.1834961046156,306.98963125998205,247.77091398429368,10,26.99138605990532,452.48671697815087,426.2596394423734,332.8649279359409,10,41.74206501526839,0.0,0.0,0.0,10,0.0,0.0,0.0,0.0,10,0.0,0.0,0.0,0.0,10,0.0,0.0,0.0,0.0,10,0.0,-201.2692171767488,-240.92544632917148,-252.5584908244045,10,15.00713148232078,-12.284177141010517,-17.876073112732122,-21.44859441030733,10,2.771980099857592,2673.3433447415373,2456.848536657205,1777.9709127835968,10,272.3260592915599,2731.701647792597,2492.2598596968533,1802.6724951531285,10,282.4083713994503,0.0,0.0,0.0,10,0.0,-11.545025138167198,-13.887576889397687,-15.356433511589255,10,1.1559239752888475,327.24787462188715,302.8979543664902,264.6069235370215,10,20.71552495310933,355.1624801552688,326.13114436977173,228.3081926171968,10,42.54553360232008,2739.0966762039216,2458.845598626192,1703.004947364759,10,327.80776596515807,0.0,0.0,0.0,10,0.0,0.0,0.0,0.0,10,0.0,0.0,0.0,0.0,10,0.0,4974.043172359615,4506.643705204445,2998.8201473979843,10,723.4670493329442,0.0013351134846461,0.0003583650240877,0.0,10,0.0005516576690697,5.5102434,-0.1758661,-5.344006,1000,1.0920918,1000,613.6697247706422,48,436,377.2785286310093,13754.570085525513,8182.769360606003,482.4355063438416,436,5211.717362390893,189481.0,194.05577898025516,200000.0,481.0,14362.85193324089,96200000.0,1030.631507347945,481000.0
2.522996e-08,1.7700853e-09,106.306465,1.9172756e-05,2.4831326e-10,0.008485344,10.733115,149.18489,149.1668,11.834893,1282.7227,1088.3268,1280.7739,1.0,-0.13910072,-1.0,9030,0.8880302,0.3124823141060226,0.3018661356274962,0.2884106866601404,10,0.0060302817466028,1000,903.0,122,10,261.77433029233407,13438.494000434875,11661.958061122894,1323.0846571922302,10,3512.942393646951,0.0,0.0,0.0,10,0.0,-0.2713169119151984,-1.9326628223280171,-2.313451465450145,10,0.5797797791170942,-94.4044625,-760.48784875,-857.5351625000001,10,223.80568893217577,329.8714395066049,294.0484691830511,35.532646271967174,10,86.40118503361091,458.030447536736,404.64068692223606,49.5054768806493,10,119.7977344909952,0.0,0.0,0.0,10,0.0,0.0,0.0,0.0,10,0.0,0.0,0.0,0.0,10,0.0,0.0,0.0,0.0,10,0.0,-31.52433256769285,-231.7595066442521,-261.2954073854844,10,67.00592745555547,-2.0581757861374834,-15.46161730552214,-19.43451696775365,10,4.857215671489271,2652.5246084356545,2332.53466779284,303.50385102790347,10,685.7446096331381,2700.632790934216,2396.8400235277345,340.4650871936315,10,692.3523389424672,0.0,0.0,0.0,10,0.0,-1.983939324178782,-13.035941933409733,-15.543268627713047,10,3.727981068885292,334.32274932868177,282.4426666735287,35.04609308702899,10,83.9746534545396,355.7164031003645,304.714987001823,37.56957125883309,10,90.66967299495604,2683.6520590877094,2320.3722743451863,263.72838357967646,10,696.4973841910548,0.0,0.0,0.0,10,0.0,0.0,0.0,0.0,10,0.0,0.0,0.0,0.0,10,0.0,4934.283879123198,4133.762425280074,358.6666076053445,10,1305.439332323611,0.0081967213114754,0.0009298042897378,0.0,10,0.0024444588219363,5.3893485,-0.1763111,-5.6271486,1000,1.0751226,1000,744.1030534351145,47,262,386.179388256728,13788.404056549072,10013.748745444622,557.4320058822632,262,5326.253046349369,189743.0,158.3043076992035,200000.0,482.0,14521.15624499321,96400000.0,1263.389499040185,482000.0
2.522996e-08,1.7713954e-09,106.16422,1.62784e-07,2.4700308e-10,0.0084929755,10.699899,148.8593,148.84132,11.70912,1287.1,941.8255,1285.5323,1.0,-0.14151938,-1.0,9902,0.8875304,0.3164455510813355,0.3013688122516506,0.2887433836178127,10,0.0075707920429688,1000,990.2,902,10,29.4,13399.522180557253,12765.004730725288,10440.556131124496,10,845.8126266537088,0.0,0.0,0.0,10,0.0,-1.7424905264181616,-2.0766497643559374,-2.398560906842704,10,0.2029656665988915,-756.8541749999999,-831.4658725000002,-853.5679250000001,10,25.91382339560166,341.3761097177108,317.1729289803341,297.0002974638064,10,11.373773357435708,460.3974951096815,441.8928452105677,367.5824939648269,10,25.20322015849024,0.0,0.0,0.0,10,0.0,0.0,0.0,0.0,10,0.0,0.0,0.0,0.0,10,0.0,0.0,0.0,0.0,10,0.0,-242.67440289770173,-253.3157662130086,-264.98480659575387,10,6.781063345226221,-15.08097490608387,-17.88898062382553,-21.15412185714107,10,2.051281568268097,2692.0567485607835,2566.005365397461,2131.984094932355,10,153.9339150447385,2724.6290011770643,2594.6605874614984,2231.8020130769755,10,133.95360010348247,0.0,0.0,0.0,10,0.0,-13.176645726483684,-14.23825167429626,-14.93758416197172,10,0.5385543657845488,319.66161678356366,305.9663625495856,285.99089906224634,10,9.431565606104057,356.21443843743225,338.8947490254321,255.2338809370501,10,28.271345509706716,2701.88642862914,2521.064386258315,1978.6373497958757,10,198.180906735476,0.0,0.0,0.0,10,0.0,0.0,0.0,0.0,10,0.0,0.0,0.0,0.0,10,0.0,4924.199371618139,4563.205655362009,3698.213861031236,10,389.507818919846,0.0011086474501108,0.000110864745011,0.0,10,0.0003325942350332,5.4304805,-0.17532939,-5.3257756,1000,1.0753049,1000,742.8731343283582,44,268,387.0859062669093,13777.375903129578,10002.61670527218,431.23307609558105,268,5364.210032794169,190011.0,158.96729922294617,200000.0,483.0,14680.123548746107,96600000.0,1258.1203868822536,483000.0
2.522996e-08,1.7699932e-09,105.9438,6.4821725e-05,2.4840535e-10,0.008410683,10.739593,149.35088,149.33281,11.720599,1284.8707,959.5112,1283.0627,1.0,-0.1415542,-1.0,9601,0.8853674,0.3158093886869274,0.3006460422239111,0.2878177955899296,10,0.0087720615705309,1000,960.1,601,10,119.7,13397.185704231262,12389.853784775734,7134.172430276871,10,1809.8097221346004,0.0,0.0,0.0,10,0.0,-1.0401463365321963,-1.952058362835754,-2.3060565131220727,10,0.3460187515282013,-501.3325,-801.571455,-848.673025,10,100.51562557220258,329.8154859333745,303.5260112213417,184.89092612266137,10,40.22769249663763,459.4689323273601,431.2978650843091,248.87782111545835,10,60.96678319301186,0.0,0.0,0.0,10,0.0,0.0,0.0,0.0,10,0.0,0.0,0.0,0.0,10,0.0,0.0,0.0,0.0,10,0.0,-163.34711046056222,-244.7507613897145,-269.6353238442964,10,28.22367104470062,-8.150945186530766,-16.368054341904767,-20.629163676702632,10,3.4167438136845623,2654.47984634192,2468.315237839218,1464.8347152918243,10,338.88328918281564,2711.795241220892,2566.7596769543075,1510.0173157509548,10,353.1032055179247,0.0,0.0,0.0,10,0.0,-8.677188227226122,-13.550412362087512,-15.73329065374049,10,1.8041953655784977,312.76582985978337,292.9537662792473,196.87212282257752,10,33.680371775744725,364.6825708845233,331.7738236442631,170.90558308669156,10,54.19745859847264,2714.125470100201,2463.40937021499,1445.221863893644,10,347.0795574155,0.0,0.0,0.0,10,0.0,0.0,0.0,0.0,10,0.0,0.0,0.0,0.0,10,0.0,4934.310072576192,4382.995923996954,2443.520360628424,10,753.5644917610173,0.0016638935108153,0.0001663893510815,0.0,10,0.0004991680532445,5.371796,-0.17047483,-5.48427,1000,1.0879567,1000,484.4915824915825,34,297,361.6580887543769,13721.575805664062,6354.7869833194045,385.9036912918091,297,4933.27311611419,190308.0,158.7706868648529,200000.0,484.0,14838.894239664078,96800000.0,1259.6783697877547,484000.0
2.522996e-08,1.7701667e-09,105.57374,8.06668e-05,2.482318e-10,0.008365232,10.65897,148.6274,148.60944,11.113298,1297.9841,753.93494,1296.7664,1.0,-0.14197294,-1.0,8885,0.8868008,0.3136352951799595,0.3014223846248904,0.2913304558751249,10,0.0069539214795646,1000,888.5,582,10,171.2794500224706,13372.110045433044,11453.758150911332,6813.045826435089,10,2680.2957436339348,0.0,0.0,0.0,10,0.0,-1.0666534783827275,-1.8374232645228563,-2.26482212728149,10,0.432195717830692,-478.634375,-743.64386625,-854.1205749999999,10,148.9976413087273,319.821366934311,279.3254352609617,178.90216871431352,10,50.19163453827883,453.89229535645774,397.41413748029976,238.262883355932,10,83.11137302994744,0.0,0.0,0.0,10,0.0,0.0,0.0,0.0,10,0.0,0.0,0.0,0.0,10,0.0,0.0,0.0,0.0,10,0.0,-147.55440584531027,-226.92010715726076,-259.33967841004574,10,40.59155488417282,-8.603845575079443,-15.841042423224868,-19.42577831175806,10,3.728704267124512,2697.1579255348543,2303.505425863504,1382.095283935514,10,505.64033158186254,2695.4356879078896,2317.999173144999,1263.4393409728125,10,523.9043795763891,0.0,0.0,0.0,10,0.0,-9.33661648961932,-13.345988491370798,-15.439624591887677,10,2.368773798680275,315.1997065365978,277.0895654274953,179.0958050857618,10,48.73708704746614,357.26401032135345,300.33704465177925,191.2046607345064,10,66.7398508860195,2678.168641262467,2291.738274396779,1418.2463663109554,10,519.1691821072378,0.0,0.0,0.0,10,0.0,0.0,0.0,0.0,10,0.0,0.0,0.0,0.0,10,0.0,4908.501599047298,4077.6906501739927,1627.0361032763371,10,1099.165913992697,0.0017182130584192,0.0004788270689739,0.0,10,0.0007329710284268,5.2703366,-0.17543343,-5.213817,1000,1.0736294,1000,745.7703180212014,41,283,387.3898159576123,13773.493253707886,10038.531331112024,446.2698173522949,283,5351.870442827102,190591.0,157.38061594963074,200000.0,485.0,14996.274859666824,97000000.0,1270.804532014346,485000.0
2.522996e-08,1.769022e-09,105.17166,0.00013133099,2.4937644e-10,0.008282403,10.621403,148.31096,148.29298,10.633168,1306.2522,641.8513,1305.3478,1.0,-0.14569356,-1.0,10000,0.88048154,0.303763746249835,0.2956117581096505,0.2880740498982861,10,0.0052992312322694,1000,1000.0,1000,10,0.0,13571.94607448578,13234.415399026871,12759.043641090391,10,213.49243416641727,0.0,0.0,0.0,10,0.0,-2.019267296918212,-2.2457978875592124,-2.386864615992165,10,0.1329973926585252,-836.9686875,-845.593975,-855.5614125,10,6.930859027877598,340.675562994341,326.3693571054326,315.3217121953174,10,8.122647030453221,455.7725849914592,449.9270016516047,445.53531091497337,10,3.1237580857979976,0.0,0.0,0.0,10,0.0,0.0,0.0,0.0,10,0.0,0.0,0.0,0.0,10,0.0,0.0,0.0,0.0,10,0.0,-242.17847956007384,-249.40633524465295,-258.1872929461557,10,5.546889106120157,-16.306529874762713,-18.694449804721824,-21.26265979301492,10,1.5430006893415564,2750.131081252785,2637.7854933896774,2553.1006115962778,10,63.92550750937116,2697.422847456797,2641.164560387738,2547.950819314086,10,41.67614437649807,0.0,0.0,0.0,10,0.0,-13.79023894554335,-14.906428295900223,-15.708673066936807,10,0.6770860946627515,333.235081639721,315.37132262926474,300.4157465134957,10,10.650583635888252,342.8373107751576,335.88565907931866,322.2456617831665,10,6.921612203809956,2763.5875217939206,2645.46846804737,2567.9507466573323,10,54.11985003495704,0.0,0.0,0.0,10,0.0,0.0,0.0,0.0,10,0.0,0.0,0.0,0.0,10,0.0,4928.436941335784,4782.440453474976,4418.82452714985,10,156.79572624082329,0.0,0.0,0.0,10,0.0,5.354106,-0.17723344,-6.006613,1000,1.0722523,1000,731.830985915493,43,284,394.5140078883825,13813.864421844482,9855.899289176496,494.826961517334,284,5464.598148602191,190875.0,193.8884904384613,200000.0,486.0,15190.16335463524,97200000.0,1031.5207444635732,486000.0
2.522996e-08,1.7687698e-09,104.45909,0.0001650342,2.496287e-10,0.008191693,10.5665865,147.83205,147.81406,9.964161,1316.8234,595.892,1316.0875,1.0,-0.1498586,-1.0,9224,0.87552387,0.2993979789868435,0.2909730232877064,0.2848455448948858,10,0.003594529278956,1000,922.4,561,10,156.86694999266098,13636.804622650146,12314.505229949951,7338.509367465973,10,2151.978610839357,0.0,0.0,0.0,10,0.0,-1.411815754305128,-2.2119325665788323,-2.5550020220806715,10,0.3615372126379728,-476.3645625,-787.39006125,-862.805075,10,134.4931389752467,347.7120904975087,307.3953747840268,178.47615127003502,10,54.99932040198595,456.27067432312265,412.5221491224851,247.2869335413068,10,73.85216095685242,0.0,0.0,0.0,10,0.0,0.0,0.0,0.0,10,0.0,0.0,0.0,0.0,10,0.0,0.0,0.0,0.0,10,0.0,-135.94159752661363,-225.16670818134796,-253.720109050293,10,38.76500477891852,-12.556585626572687,-18.32483766419264,-23.879657800935167,10,3.4102216953359017,2735.3924674792,2443.3872121617046,1414.1950966807017,10,441.06284800382815,2672.217067019862,2391.844096421701,1358.5961058495395,10,452.8035866854144,0.0,0.0,0.0,10,0.0,-9.807593284669023,-14.623021096485644,-16.432335392257666,10,2.1153106388250813,333.6138506978864,291.67967387427825,173.44703474210473,10,49.03046628692442,353.3197012057899,312.0195570957809,183.08297449729116,10,54.13402150540555,2800.1466626089173,2494.7473832128453,1523.071572643737,10,421.74627326669247,0.0,0.0,0.0,10,0.0,0.0,0.0,0.0,10,0.0,0.0,0.0,0.0,10,0.0,4965.943882645479,4500.392885440455,2770.6886204521124,10,758.2484634684461,0.0017825311942959,0.0003290826820238,0.0,10,0.0006610158120495,5.748603,-0.17853987,-5.4942317,1000,1.0690138,1000,740.0284697508897,46,281,382.44793924890826,13797.626167297363,10000.23241643125,490.9002714157105,281,5305.900213621122,191156.0,158.0426483154297,200000.0,487.0,15348.20600748062,97400000.0,1265.4811984726405,487000.0
2.522996e-08,1.7665179e-09,104.06307,1.6477123e-05,2.5188057e-10,0.008308572,10.625324,148.3265,148.30821,10.592965,1309.425,779.8223,1308.1057,1.0,-0.15431666,-1.0,10000,0.8756542,0.2978299666727772,0.289861784540055,0.2850952401585504,10,0.003875324172959,1000,1000.0,1000,10,0.0,13568.41362953186,13383.293706560136,13037.41192150116,10,167.05025194263337,0.0,0.0,0.0,10,0.0,-2.2639704933014086,-2.428388220578505,-2.642440761990641,10,0.0910027489454762,-841.4293625,-851.4599600000001,-868.4499999999999,10,7.906955819831984,368.4166255652053,338.9431931562206,316.5112574599033,10,14.584896859917814,458.8043535759638,448.8196656094185,438.03927974185297,10,6.642761490163531,0.0,0.0,0.0,10,0.0,0.0,0.0,0.0,10,0.0,0.0,0.0,0.0,10,0.0,0.0,0.0,0.0,10,0.0,-238.15065216517613,-242.8971018803557,-250.14265551744,10,3.7647620543646703,-18.950103311846817,-20.31265129458629,-21.731466242616072,10,0.8496350943425968,2708.6740931047534,2625.3809920423887,2519.904355089505,10,65.62002122579335,2696.739719018551,2605.483674074372,2539.118901284125,10,53.55336481066045,0.0,0.0,0.0,10,0.0,-14.786277241712606,-15.613856309813375,-16.460887627685402,10,0.5864760368068495,330.89119362591214,319.7593051167215,310.02231359461337,10,6.647177955884498,351.7328739655426,337.41472004534063,320.255174314059,10,9.318378461869072,2740.302643069595,2682.566094046148,2588.459235638671,10,37.59121046745085,0.0,0.0,0.0,10,0.0,0.0,0.0,0.0,10,0.0,0.0,0.0,0.0,10,0.0,4974.63089057832,4933.099743469606,4805.010839794402,10,47.43452597269974,0.0,0.0,0.0,10,0.0,5.6001782,-0.17337345,-5.4597726,1000,1.0849097,1000,516.3070652173913,25,368,382.62400768173256,13821.252466201782,6861.556302165208,230.77335214614868,368,5307.895276057631,191524.0,158.9086344242096,200000.0,488.0,15507.11464691162,97600000.0,1258.5848511295883,488000.0
2.522996e-08,1.7675514e-09,103.91928,3.883103e-05,2.5084698e-10,0.008274712,10.546798,147.4777,147.45955,10.390749,1316.2273,672.6994,1315.3314,1.0,-0.14843787,-1.0,10000,0.8734491,0.2947204947176737,0.2902504149523001,0.2859605013142418,10,0.0028273886449784,1000,1000.0,1000,10,0.0,13499.482759475708,13366.186000156402,13214.135246276855,10,89.81015819562217,0.0,0.0,0.0,10,0.0,-2.3716338714315928,-2.4998360386057663,-2.6354824612013728,10,0.0639169783232308,-850.2322875,-860.78198125,-877.5489875000001,10,8.07473765392384,352.2264387456892,339.0037706317744,326.3621604068075,10,7.131672155195008,461.3946666633785,449.7610752321472,439.1389171815252,10,6.531146625209084,0.0,0.0,0.0,10,0.0,0.0,0.0,0.0,10,0.0,0.0,0.0,0.0,10,0.0,0.0,0.0,0.0,10,0.0,-239.07069897666804,-242.56823646315087,-246.55653009405765,10,2.516626049977717,-19.48038646364886,-20.7357804223709,-21.98185013783777,10,0.8514339399116101,2674.1267251899426,2606.5509707598367,2545.2316805391383,10,37.46531952840762,2633.7335223783466,2572.7825864935544,2489.770847729998,10,42.42563497853744,0.0,0.0,0.0,10,0.0,-14.406797787303098,-15.530316720461618,-16.717267824083223,10,0.6692623084798129,337.73609201282574,318.52256058155126,302.3318990903022,10,11.36446333470885,346.8500840902665,337.0202125911071,315.2281118390059,10,9.699679203954048,2766.8689836699778,2717.8335072905866,2655.8845058614006,10,32.46739406587736,0.0,0.0,0.0,10,0.0,0.0,0.0,0.0,10,0.0,0.0,0.0,0.0,10,0.0,4977.045740164055,4942.593197682138,4867.43407983346,10,28.36846197150033,0.0,0.0,0.0,10,0.0,5.152937,-0.1792943,-6.1183577,1000,1.0673066,1000,772.409594095941,44,271,362.0938877200076,13791.43349647522,10442.137511191331,500.5812683105469,271,5055.412777724998,191795.0,159.0982849597931,200000.0,489.0,15666.212938785551,97800000.0,1257.084575427972,489000.0
2.522996e-08,1.7668772e-09,103.784515,-3.9651036e-06,2.515212e-10,0.008306725,10.524308,147.12915,147.11105,10.123,1318.5161,639.77136,1317.6454,1.0,-0.14627084,-1.0,9798,0.87396955,0.2946067108408147,0.2913643545371393,0.2858083517973714,10,0.002301844753368,1000,979.8,798,10,60.6,13603.754528999329,13120.7101793766,10532.11868095398,10,869.9253751697876,0.0,0.0,0.0,10,0.0,-1.9146022981451616,-2.468818334778716,-2.619031139159506,10,0.1964193585167284,-671.3118499999999,-845.1400125,-874.9238999999999,10,58.444907184902576,349.90546347671204,325.75412780709087,247.11637539141827,10,27.82131494095036,461.0990032183137,441.9419010699268,351.2287522146176,10,30.820980094435694,0.0,0.0,0.0,10,0.0,0.0,0.0,0.0,10,0.0,0.0,0.0,0.0,10,0.0,0.0,0.0,0.0,10,0.0,-196.86202923509563,-238.70258202635787,-246.64204798854445,10,14.117129833272683,-16.349045745674395,-21.786345515277837,-24.63676885391828,10,2.0414442869412834,2711.599791193456,2583.492051647939,2079.3388029463645,10,172.67623938716596,2616.017123076148,2503.576524948169,1942.975351268976,10,190.5220869812901,0.0,0.0,0.0,10,0.0,-12.952533248859028,-15.454757621039008,-16.473634894639257,10,0.9145205438407176,320.4478473704765,306.4479990847463,259.145525301954,10,16.856005134018506,351.62982735603373,335.3987391773952,268.06187996233285,10,23.285383486405436,2782.952304222666,2687.052932994844,2144.3429067843595,10,183.87556482007497,0.0,0.0,0.0,10,0.0,0.0,0.0,0.0,10,0.0,0.0,0.0,0.0,10,0.0,4973.619899826708,4840.066960340385,3957.316497403916,10,295.32628606717446,0.0012531328320802,0.000125313283208,0.0,10,0.000375939849624,5.493569,-0.17758833,-5.404246,1000,1.0662334,1000,765.7286245353159,32,269,368.4040290032677,13839.60373878479,10355.497737020254,337.5441074371338,269,5156.214264780053,192064.0,158.82521224021912,200000.0,490.0,15825.038155078888,98000000.0,1259.2459168101414,490000.0
2.522996e-08,1.7658789e-09,103.72687,-2.2155533e-05,2.5251956e-10,0.008320305,10.507381,146.9198,146.90167,9.920128,1322.194,606.7859,1321.309,1.0,-0.14272746,-1.0,10000,0.8757147,0.2961154864196061,0.2934586952698084,0.2886219375038116,10,0.0025354974880078,1000,1000.0,1000,10,0.0,13491.528789520264,13270.7711186409,12775.804664611816,10,200.82000130915551,0.0,0.0,0.0,10,0.0,-2.3388571954282207,-2.4969633985185986,-2.683822290954035,10,0.1075944475721815,-853.3508125000001,-865.9433375000001,-874.4699375,10,5.51399483402231,350.5240132706224,330.0216113217163,312.0820815041781,10,11.455659519875562,455.21898263055584,443.7252813873728,420.1936333797406,10,10.72774780425172,0.0,0.0,0.0,10,0.0,0.0,0.0,0.0,10,0.0,0.0,0.0,0.0,10,0.0,0.0,0.0,0.0,10,0.0,-240.9384094678825,-245.64175817295356,-248.6776812837116,10,2.729869563260555,-19.70551951900516,-21.650827738371994,-24.45958877988283,10,1.4433147551392649,2687.010524406678,2621.251122971392,2441.573585771985,10,70.49227570861333,2649.4220861574067,2531.30401174778,2250.320147901543,10,110.9750889032843,0.0,0.0,0.0,10,0.0,-14.810273974334391,-15.868899287810464,-17.617432703272307,10,0.9238826983555756,323.3673921378163,308.6824228873001,292.95952541133784,10,9.2440639084552,348.6641218006689,338.04540214156776,323.70689143203924,10,7.953692552710648,2807.6186247393944,2721.397170973403,2643.98024228454,10,43.17109871578452,0.0,0.0,0.0,10,0.0,0.0,0.0,0.0,10,0.0,0.0,0.0,0.0,10,0.0,4967.282100589084,4901.015444874318,4715.05338003969,10,76.44572352748719,0.0,0.0,0.0,10,0.0,5.5352864,-0.17292877,-6.047566,1000,1.0661899,1000,774.9391634980989,43,263,370.6496661352123,13841.21973991394,10490.28284158362,464.27749729156494,263,5179.037538927542,192327.0,192.03141117095947,200000.0,491.0,16017.069570064545,98200000.0,1041.4962780331095,491000.0
2.522996e-08,1.767034e-09,103.66539,3.452086e-05,2.513647e-10,0.0082587125,10.49406,146.78914,146.77098,9.733423,1325.7482,589.2657,1324.8353,1.0,-0.1425896,-1.0,9104,0.8711857,0.3088293142744933,0.2924690247931375,0.2868269425643429,10,0.006438616596693,1000,910.4,104,10,268.8,13644.059679985046,12206.293111419678,1271.9689092636108,10,3646.468125710692,0.0,0.0,0.0,10,0.0,-0.244198651878807,-2.3595525952404737,-2.76662050509478,10,0.7152365927349992,-88.147675,-791.58625375,-880.4504,10,234.56987861056143,336.63774712393297,296.9655456722493,28.866764056343488,10,89.62700057260574,455.4565021427818,404.5794599840348,45.714667667862905,10,119.7288123670036,0.0,0.0,0.0,10,0.0,0.0,0.0,0.0,10,0.0,0.0,0.0,0.0,10,0.0,0.0,0.0,0.0,10,0.0,-27.539542824464043,-220.78067289712567,-250.9596574207137,10,64.52411272570426,-2.125261330589664,-20.551859714371574,-24.769409816230624,10,6.21690774253714,2708.50815348868,2419.234849571481,254.18261998195703,10,722.3374728781491,2722.0182022594254,2360.571942018506,211.2873131938492,10,718.3096930284134,0.0,0.0,0.0,10,0.0,-1.115552251733452,-14.497775732984085,-17.478989540779025,10,4.519986359364299,332.36038300016133,288.8468464289114,28.15717818300608,10,87.55357770353066,342.6770554555384,304.4371605747082,33.09600673101836,10,90.6667772844874,2777.239614919988,2498.4174994719174,279.7888890618994,10,739.8353626058754,0.0,0.0,0.0,10,0.0,0.0,0.0,0.0,10,0.0,0.0,0.0,0.0,10,0.0,4969.2989516178495,4479.09541843875,484.60593088467454,10,1332.0366464961928,0.0096153846153846,0.0009615384615384,0.0,10,0.0028846153846153,5.1434402,-0.17423826,-5.068921,1000,1.0631855,1000,789.1309523809524,36,252,370.6915388546899,13847.08704471588,10671.428037471716,379.9756565093994,252,5190.032147631257,192579.0,157.30106925964355,200000.0,492.0,16174.37064385414,98400000.0,1271.447174143978,492000.0
2.522996e-08,1.7650819e-09,103.46954,2.6876454e-05,2.5331667e-10,0.008250686,10.411379,146.0026,145.98438,8.470123,1339.2129,438.20914,1338.9623,1.0,-0.14832911,-1.0,9135,0.8709973,0.2936329465530363,0.2868085412307359,0.2669087329972093,10,0.0076144553234456,1000,913.5,135,10,259.5,13777.962447166445,12224.572682738304,1161.8785302639008,10,3690.876870105057,0.0,0.0,0.0,10,0.0,-0.3599623133347538,-2.425782116644408,-2.766213302064908,10,0.6917634075997273,-102.4178875,-793.250125,-882.7202125,10,230.41659196762467,349.99891018923813,303.1098122676256,33.79128832744399,10,90.15291445161294,457.6110964097858,408.7811419283074,54.986388767134514,10,118.06625690117512,0.0,0.0,0.0,10,0.0,0.0,0.0,0.0,10,0.0,0.0,0.0,0.0,10,0.0,0.0,0.0,0.0,10,0.0,-30.71321079093387,-219.60545228271596,-244.465145281425,10,63.05769883624232,-2.462310391524346,-20.08406300628111,-22.88409044026613,10,5.909025779072629,2786.115732335217,2437.8132647361062,223.84885611350575,10,739.4363610904978,2747.7776150247983,2368.572571050931,280.52500973928085,10,698.91856410544,0.0,0.0,0.0,10,0.0,-2.759959069044072,-15.046882501829325,-17.08332570675612,10,4.141574220373844,325.4286823048185,283.3945409453185,38.52000298842946,10,82.29614400520869,353.5808838133425,314.3829990582618,46.96943066481337,10,89.37845096604866,2794.055198484958,2463.418873218801,170.60871460298563,10,766.2450243147683,0.0,0.0,0.0,10,0.0,0.0,0.0,0.0,10,0.0,0.0,0.0,0.0,10,0.0,4986.323271064832,4492.863673003728,422.9866172875512,10,1356.826530110474,0.0074074074074074,0.0007407407407407,0.0,10,0.0022222222222222,5.0216184,-0.17405292,-5.342935,1000,1.0626436,1000,793.1843137254901,35,255,367.11039284969104,13808.975933074951,10739.225050262376,341.4356641769409,255,5099.331584474206,192834.0,157.40457010269165,200000.0,493.0,16331.775218486786,98600000.0,1270.6111383520747,493000.0
2.522996e-08,1.763486e-09,103.14559,6.496393e-05,2.5491256e-10,0.008186684,10.382498,145.7959,145.77773,7.7110176,1345.3615,374.17746,1345.3534,1.0,-0.14361575,-1.0,10000,0.8725334,0.2962325117264056,0.2914796195217644,0.2864594330346932,10,0.0030335830503723,1000,1000.0,1000,10,0.0,13476.070888519287,13332.7510055542,13129.901050567629,10,107.02957101623888,0.0,0.0,0.0,10,0.0,-2.4016821448885697,-2.5674697505550235,-2.697133243547579,10,0.0983490631329652,-859.568125,-867.5104950000001,-874.726525,10,5.707129439381068,339.3087795883555,322.77207248443904,302.9976192714678,10,11.150784365653456,453.5742980830281,443.5455213254501,428.8335433816608,10,7.863337302445215,0.0,0.0,0.0,10,0.0,0.0,0.0,0.0,10,0.0,0.0,0.0,0.0,10,0.0,0.0,0.0,0.0,10,0.0,-237.85102450493264,-243.23240813099105,-247.84058924763207,10,3.1093224310823206,-20.384463858606345,-22.09278337440709,-24.32976628260601,10,1.2029737754520815,2684.1003932779577,2637.8084317091625,2587.442050019757,10,34.47296446636918,2613.624943086578,2565.1627207754527,2431.4476511846965,10,51.26491862613258,0.0,0.0,0.0,10,0.0,-15.427336722455063,-16.279740027670588,-17.258849419003393,10,0.6128451393441883,328.38313729269595,314.61763525782857,292.1346143493081,10,10.910067235152448,354.1439195781695,335.61249069379284,319.8395810736389,10,8.543164169772652,2777.113062646433,2728.541256723293,2693.470989314692,10,27.177236693845035,0.0,0.0,0.0,10,0.0,0.0,0.0,0.0,10,0.0,0.0,0.0,0.0,10,0.0,4962.50256984364,4911.956409224295,4839.790674724171,10,39.22689268482926,0.0,0.0,0.0,10,0.0,5.437396,-0.17465082,-5.5808454,1000,1.0614051,1000,813.7448559670781,34,243,357.9509138306844,13864.576247215273,11013.815443046176,371.9337768554688,243,4996.75349340898,193077.0,159.12910723686218,200000.0,494.0,16490.904330015182,98800000.0,1256.8410862904036,494000.0
2.522996e-08,1.7606157e-09,102.765434,8.229077e-05,2.5778285e-10,0.0081389425,10.370879,145.72183,145.70366,7.037801,1348.7444,345.26373,1348.9291,1.0,-0.14491388,-1.0,10000,0.87179345,0.2947871876506573,0.2904213904922965,0.2881580688964653,10,0.0020860146759693,1000,1000.0,1000,10,0.0,13451.894147872925,13344.974410915374,13065.50545978546,10,108.55738491196044,0.0,0.0,0.0,10,0.0,-2.537679793549713,-2.62189008558826,-2.6992304047430777,10,0.0478458385291804,-860.3971,-869.3381875000001,-877.6476749999999,10,5.169861275335998,342.92864107421894,323.7855328501444,302.4154515539383,10,10.424280927687445,457.8292591792404,448.1235032077496,435.9025058128428,10,7.352685703383547,0.0,0.0,0.0,10,0.0,0.0,0.0,0.0,10,0.0,0.0,0.0,0.0,10,0.0,0.0,0.0,0.0,10,0.0,-240.32925957072305,-242.0918074611992,-246.2891969837441,10,1.9958497303952127,-20.93862731590579,-21.964289378106308,-23.222046315561904,10,0.7402953589458733,2718.2723339570616,2641.1161344050806,2534.901704456283,10,52.8997129483944,2632.315412097144,2584.398322646232,2540.322584858105,10,30.110472533165755,0.0,0.0,0.0,10,0.0,-16.03575727624998,-16.703003214314744,-17.34804997445073,10,0.3461093640839149,338.6941860502092,316.2210912914575,298.1944379598737,10,11.092348166173707,351.2450070446562,334.41056092258486,323.10674280445915,10,8.46865025848986,2779.20993418902,2713.2445680753417,2606.123454626953,10,55.25635026535034,0.0,0.0,0.0,10,0.0,0.0,0.0,0.0,10,0.0,0.0,0.0,0.0,10,0.0,4968.058222320123,4913.028878567682,4808.135528506743,10,47.414465392654776,0.0,0.0,0.0,10,0.0,5.2883797,-0.17246401,-5.5014195,1000,1.063843,1000,791.65234375,36,256,373.0394377326368,13790.31401348114,10706.77974012401,407.04523849487305,256,5192.935174537009,193333.0,158.7936441898346,200000.0,495.0,16649.69797873497,99000000.0,1259.4962538985758,495000.0
2.522996e-08,1.7594262e-09,102.53213,-9.080306e-06,2.589724e-10,0.00821165,10.3667555,145.67871,145.66025,6.841952,1350.494,364.95776,1350.6742,1.0,-0.13790117,-1.0,10000,0.87371486,0.2988701799346475,0.2940567010256371,0.2886183404115635,10,0.0033035061545487,1000,1000.0,1000,10,0.0,13613.623649597168,13336.73512392044,12987.274474143982,10,152.05941261941592,0.0,0.0,0.0,10,0.0,-2.461685947718936,-2.6049991630257567,-2.7222538740951165,10,0.0698710133918689,-862.68665,-873.54819625,-886.1348,10,7.491087501948246,339.2950899358857,326.3192112095555,312.12161698388195,10,9.305270039260536,457.2552277032336,446.3568666104351,427.8405315811811,10,7.320233847722684,0.0,0.0,0.0,10,0.0,0.0,0.0,0.0,10,0.0,0.0,0.0,0.0,10,0.0,0.0,0.0,0.0,10,0.0,-240.4811279759809,-245.4846642097542,-250.3039515299297,10,3.209077242630437,-19.51979521402241,-21.588956414552825,-23.085974636039115,10,1.1068432163172357,2718.4588000226777,2629.773705398348,2510.399210656373,10,54.00453547903375,2710.8407175763627,2599.977211124078,2560.420531070121,10,40.88963658068997,0.0,0.0,0.0,10,0.0,-16.123054378654487,-16.648857608703967,-17.74823573554349,10,0.4990168711707927,322.691552859462,315.0506027793928,305.1596804033402,10,5.932512741734414,340.1513506103373,330.4722732945749,321.1561551888807,10,5.428668746929255,2788.88705623342,2730.975502154249,2626.5700852572154,10,43.09579246801875,0.0,0.0,0.0,10,0.0,0.0,0.0,0.0,10,0.0,0.0,0.0,0.0,10,0.0,4952.784046392808,4891.190031823629,4804.216892755654,10,50.34878160581832,0.0,0.0,0.0,10,0.0,5.136517,-0.16980521,-5.436338,1000,1.067148,1000,746.978021978022,27,273,392.25467295456855,13822.93898677826,10091.068515688508,272.6393461227417,273,5455.428518652727,193606.0,192.15838193893435,200000.0,496.0,16841.856365442276,99200000.0,1040.8080978926937,496000.0
2.522996e-08,1.7566302e-09,102.39576,1.5447502e-05,2.6176838e-10,0.008176216,10.439637,146.37062,146.3521,7.4715295,1340.5898,603.7429,1340.144,1.0,-0.13004081,-1.0,10000,0.8756183,0.3027275443389043,0.2977094907306483,0.2940430127013791,10,0.0031333756502165,1000,1000.0,1000,10,0.0,13405.100066184998,13257.580864715575,13130.246953964232,10,82.54806503604226,0.0,0.0,0.0,10,0.0,-2.381096823367088,-2.5853817530235634,-2.8896392033724814,10,0.1369193563700073,-855.4824625,-878.8891637499999,-906.2867875,10,13.504735733395815,356.2672174334263,329.1746170396494,302.91337301125645,10,14.718339559625012,453.71056907275465,449.0608933001873,440.1805741199816,10,4.704826054811909,0.0,0.0,0.0,10,0.0,0.0,0.0,0.0,10,0.0,0.0,0.0,0.0,10,0.0,0.0,0.0,0.0,10,0.0,-245.4190259698853,-249.0318186913828,-253.53348131139745,10,2.655059706971179,-18.9764212093338,-21.244876404077125,-22.84429573900704,10,1.098691067173179,2704.359635622048,2583.731727849562,2447.222325758431,10,74.36537150564345,2635.0148664561266,2571.357964673637,2493.8160325775134,10,38.997654296121816,0.0,0.0,0.0,10,0.0,-15.689207170927215,-16.341585467586903,-17.72122901581452,10,0.6069197265957448,327.4962685814239,312.5473187446036,294.18996554019674,10,11.781012536237228,353.5947778229668,331.7765346458454,319.2417520912426,10,8.856777706654304,2814.8118265796334,2742.608998301953,2693.6367457342167,10,38.44050500603922,0.0,0.0,0.0,10,0.0,0.0,0.0,0.0,10,0.0,0.0,0.0,0.0,10,0.0,4927.790091604109,4875.647473478251,4764.488269771129,10,47.91523063085425,0.0,0.0,0.0,10,0.0,5.8424067,-0.16198088,-5.705449,1000,1.1017482,1000,416.2172413793104,23,580,392.8279008710237,13790.75707912445,5459.716815087225,167.16001844406128,580,5447.754147276267,194186.0,158.7656581401825,200000.0,497.0,17000.62202858925,99400000.0,1259.7182686913914,497000.0
2.522996e-08,1.7566802e-09,102.31481,3.2470478e-05,2.617183e-10,0.008152714,10.57564,147.66026,147.64172,9.136302,1316.411,919.4371,1315.4009,1.0,-0.1266509,-1.0,9062,0.8741436,0.3007443794772578,0.2946541002524123,0.2621062028739351,10,0.0110052849051883,1000,906.2,62,10,281.4,13410.325479507446,11943.899772500992,683.9575614929199,10,3755.672452661609,0.0,0.0,0.0,10,0.0,-0.1882673452669095,-2.4064807645820894,-2.8309399684346896,10,0.7452641617085387,-47.646325,-803.229405,-901.53005,10,251.9650750603573,344.4310615756678,304.4351952639415,22.82230244640059,10,94.07362688404822,457.8440027644192,406.3819755083232,23.10120489336068,10,127.87463793448156,0.0,0.0,0.0,10,0.0,0.0,0.0,0.0,10,0.0,0.0,0.0,0.0,10,0.0,0.0,0.0,0.0,10,0.0,-13.918071825800704,-225.53005158718125,-251.78378139362323,10,70.56101547632802,-0.9386304615986784,-19.638003444706317,-22.57843140806425,10,6.273088705857472,2645.819865750407,2311.7832966654314,94.20165934936172,10,741.0688075397022,2580.845606362084,2297.040231413675,144.52949955251856,10,718.0954571189102,0.0,0.0,0.0,10,0.0,-0.7669293791699526,-14.969723386183976,-17.64159132229939,10,4.76526213769155,316.2376870076106,276.72145688566945,20.272628715932203,10,85.82022369420831,347.47183901411785,301.233625149436,28.32928730419149,10,91.3987986054559,2834.220065628412,2497.516367959362,128.18788088083338,10,790.969364772303,0.0,0.0,0.0,10,0.0,0.0,0.0,0.0,10,0.0,0.0,0.0,0.0,10,0.0,4917.126118478544,4406.609285504101,273.12987028558825,10,1378.7604256460113,0.0161290322580645,0.0016129032258064,0.0,10,0.0048387096774193,5.550987,-0.16525628,-5.7037067,1000,1.0832264,1000,531.2458628841607,27,423,425.6243319397389,13857.520681381226,7085.674476668476,203.3679838180542,423,5915.314276297083,194609.0,156.89635562896729,200000.0,498.0,17157.518388032913,99600000.0,1274.7268679265271,498000.0
2.522996e-08,1.7587117e-09,102.28694,1.457204e-05,2.5968663e-10,0.0081683835,10.657425,148.44724,148.42867,10.135771,1301.8462,1046.7927,1300.4237,1.0,-0.13613203,-1.0,9114,0.8732837,0.2976165768565778,0.2943851065986282,0.2903237498784271,10,0.0027142543407732,1000,911.4,114,10,265.79999999999995,13631.751323699951,12205.345528507232,1444.5633335113523,10,3588.315280049701,0.0,0.0,0.0,10,0.0,-0.2847532865864866,-2.4673792296490817,-2.824301232460373,10,0.729413655198149,-92.2728125,-804.2833875,-891.2073375,10,237.3895680485877,340.9570658040749,304.70453002329526,39.33280853056138,10,88.68234555423265,456.9378344255482,404.68049215863374,48.83861288074984,10,118.918286266328,0.0,0.0,0.0,10,0.0,0.0,0.0,0.0,10,0.0,0.0,0.0,0.0,10,0.0,0.0,0.0,0.0,10,0.0,-29.098127607500828,-223.3789224691825,-248.53156873314904,10,64.80828893631201,-2.1578513322206607,-20.176089106971133,-23.486028597695647,10,6.046852105135127,2761.4176228669508,2410.2941577458287,302.3441092818095,10,704.6582457974482,2653.1266648909186,2370.901068605541,311.342983387128,10,687.255894670521,0.0,0.0,0.0,10,0.0,-2.212868416045461,-15.16850650673455,-17.14389508992514,10,4.329755620427546,346.9095710851491,293.3842546190903,28.87590972969028,10,88.80433545955064,342.0248346972161,300.690024189833,37.598520110311966,10,88.2062335613939,2823.2245196013705,2523.630020677049,275.7938529625954,10,749.8074466094462,0.0,0.0,0.0,10,0.0,0.0,0.0,0.0,10,0.0,0.0,0.0,0.0,10,0.0,4946.497709568734,4456.668878151244,499.6328641837121,10,1319.767702301412,0.0087719298245614,0.0008771929824561,0.0,10,0.0026315789473684,5.55444,-0.16933002,-5.4169755,1000,1.0658637,1000,748.8247011952192,40,251,386.79487077671246,13822.230185508728,10119.453289812303,384.9563903808594,251,5386.767836007765,194860.0,157.54207968711853,200000.0,499.0,17315.060472249985,99800000.0,1269.502093645099,499000.0
2.522996e-08,1.7589197e-09,102.10742,4.6212168e-05,2.5947863e-10,0.008122383,10.668492,148.53584,148.51717,10.469804,1297.6477,1067.2084,1296.1107,1.0,-0.13068703,-1.0,10000,0.87074727,0.2981077434917791,0.2945097010118679,0.2893136804037417,10,0.0028716782978373,1000,1000.0,1000,10,0.0,13427.484113693235,13321.65681257248,13125.96763420105,10,91.44328174452497,0.0,0.0,0.0,10,0.0,-2.628184659747608,-2.779163084028962,-2.907188691565539,10,0.0828935035970717,-883.9439375,-892.46461625,-899.8128875,10,4.431172491547283,340.73642958043524,326.9805280351345,315.20279989578006,10,8.08664797168994,452.6465026588956,444.0027264868184,436.91615369013823,10,4.801827278024762,0.0,0.0,0.0,10,0.0,0.0,0.0,0.0,10,0.0,0.0,0.0,0.0,10,0.0,0.0,0.0,0.0,10,0.0,-240.06050017342773,-244.72320420735892,-248.47806397037272,10,2.8867811708166804,-20.725031493503533,-23.50418337472788,-24.61577517759177,10,1.226075932324067,2644.3178785573264,2599.7512706044117,2532.982347710833,10,39.44731689974245,2591.557757298332,2527.768504171548,2467.873617178131,10,43.5136405083506,0.0,0.0,0.0,10,0.0,-16.556392738209787,-17.139503803782773,-17.641885876094072,10,0.3474353274834447,336.7727368791441,315.16645919318086,298.5479548221776,10,12.66038379515342,333.9483558330894,324.127478674274,313.6929136717416,10,5.865508288950519,2827.7212156834084,2802.656210220527,2754.6411728998764,10,22.249474766101805,0.0,0.0,0.0,10,0.0,0.0,0.0,0.0,10,0.0,0.0,0.0,0.0,10,0.0,4979.267595675222,4936.31048005775,4862.52123952016,10,33.96602794415017,0.0,0.0,0.0,10,0.0,5.433829,-0.17258622,-5.612343,1000,1.0649111,1000,751.456,44,250,380.8932659735533,13843.911799430847,10156.149181400777,524.0167102813721,250,5328.71802348342,195110.0,158.4675052165985,200000.0,500.0,17473.52798461914,100000000.0,1262.0883993007496,500000.0
